{"input":[[0.41639018058776855,0.02140180952847004,0.03922495245933533,0.06259413808584213,0.005861965473741293,0.08922278881072998,0.3138540983200073,0.02420787140727043,0.027242278680205345],[0.08138583600521088,0.15433287620544434,0.01911788620054722,0.2421829253435135,0.01347864419221878,0.06266415864229202,0.37535011768341064,0.04113803803920746,0.01034959964454174]],"label":[1,0,0,0,0,0,0,0,0]}