{"input":[[0.07489125430583954,0.0030370247550308704,0.38022270798683167,0.14855626225471497,0.06422493606805801,0.019124241545796394,0.057357557117938995,0.2005879431962967,0.05199811980128288],[0.204771488904953,0.01231205090880394,0.03767305985093117,0.5040999054908752,0.05768459662795067,0.013769624754786491,0.0909344032406807,0.03535865247249603,0.04339619725942612]],"label":[0,0,0,0,0,0,0,0,1]}