{"input":[[8.71988304425031e-05,0.00028102475334890187,0.0008882909314706922,0.8765835165977478,0.04911956563591957,0.0018831409979611635,0.026171717792749405,5.438455627881922e-05,0.04493115097284317],[0.06029259040951729,0.011271526105701923,0.0307935681194067,0.18110482394695282,0.20048382878303528,0.012458565644919872,0.029697932302951813,0.11137866973876953,0.3625185489654541]],"label":[0,0,0,1,0,0,0,0,0]}