{"input":[[0.07615042477846146,0.632463276386261,0.026695875450968742,0.002683843020349741,0.00449420977383852,0.0046360245905816555,0.0834667757153511,0.13505887985229492,0.03435074910521507],[0.16325823962688446,0.06585127860307693,0.06560587137937546,0.04680514708161354,0.035859569907188416,0.038669176399707794,0.1576402485370636,0.37804433703422546,0.048266131430864334]],"label":[1,0,0,0,0,0,0,0,0]}