{"input":[[0.0011117241811007261,0.0013460736954584718,0.001221961691044271,0.9304802417755127,0.014058290049433708,0.0035546855069696903,0.0412992425262928,0.0016605900600552559,0.005267174914479256],[0.0006443521124310791,5.741919085267e-05,0.0006668334826827049,0.9816299676895142,0.008454672992229462,0.00022966800315771252,0.0012065275805070996,0.0014602590817958117,0.005650390405207872]],"label":[0,0,0,1,0,0,0,0,0]}