{"input":[[0.03805892914533615,0.5225869417190552,0.006961020641028881,0.008454740978777409,0.0037131337448954582,0.04021928459405899,0.290332168340683,0.08291417360305786,0.006759637035429478],[0.006264527328312397,0.12037916481494904,0.02256203256547451,0.062055062502622604,0.014314341358840466,0.13528701663017273,0.568040132522583,0.0030842244159430265,0.06801345199346542]],"label":[0,0,0,0,0,0,0,0,1]}