{"input":[[0.0015076252166181803,0.5752936005592346,4.8642399633536115e-05,0.0004805525531992316,0.00019985134713351727,0.209436297416687,0.21161223948001862,5.698849054169841e-05,0.0013642358826473355],[0.005732424091547728,0.21165941655635834,0.001454144367016852,0.0046411785297095776,0.0008142181904986501,0.17685236036777496,0.5953063368797302,0.0014284094795584679,0.0021115154959261417]],"label":[0,0,0,0,0,1,0,0,0]}