{"input":[[0.010223113000392914,0.00017129245679825544,0.8215441107749939,2.6148325559915975e-05,0.15630966424942017,2.4058752387645654e-05,0.0014052410842850804,0.004435171373188496,0.0058610406704247],[0.11042215675115585,0.0377199649810791,0.12283730506896973,0.007923259399831295,0.0058201453648507595,0.036972153931856155,0.31042367219924927,0.16109433770179749,0.20678701996803284]],"label":[0,0,1,0,0,0,0,0,0]}