{"input":[[0.007497553713619709,0.00031342028523795307,0.017590399831533432,0.3085242807865143,0.4782731533050537,0.0004918518825434148,0.1685878038406372,0.004655463621020317,0.014065993949770927],[0.13349872827529907,0.002020718064159155,0.4941743314266205,0.014954820275306702,0.1835571825504303,0.0007770980009809136,0.004030629992485046,0.13243384659290314,0.03455265611410141]],"label":[0,0,0,0,0,0,0,0,1]}