{"input":[[0.7097700834274292,0.011665912345051765,0.13360846042633057,0.0024685293901711702,0.00886378064751625,0.0013115411857143044,0.01534989383071661,0.10298836976289749,0.013973365537822247],[0.16398248076438904,0.020457938313484192,0.35938334465026855,0.004611498676240444,0.018063591793179512,0.0043126619420945644,0.0489579401910305,0.2974344491958618,0.08279616385698318]],"label":[1,0,0,0,0,0,0,0,0]}