{"input":[[0.017098302021622658,0.6367042064666748,0.02842058055102825,0.0005033197230659425,0.0006822854629717767,0.2204527109861374,0.06228577718138695,0.012623895891010761,0.021228937432169914],[0.5508773326873779,0.0552779883146286,0.12199307233095169,0.0031392239034175873,0.022787638008594513,0.023466715589165688,0.10175837576389313,0.10960966348648071,0.011089911684393883]],"label":[0,0,0,0,0,0,0,1,0]}