{"input":[[0.0005163673195056617,0.00014960482076276094,0.004526981618255377,0.785755455493927,0.04840295389294624,0.0001511529553681612,0.15015989542007446,0.0015451720682904124,0.008792323991656303],[0.00673916470259428,0.0008192603709176183,0.057495225220918655,0.5091312527656555,0.3086980879306793,0.0012281349627301097,0.020871127024292946,0.009861248545348644,0.08515654504299164]],"label":[0,0,0,0,1,0,0,0,0]}