{"input":[[0.0037219899240881205,0.0013695851666852832,0.01608629710972309,0.09689566493034363,0.6646714806556702,0.001108210301026702,0.014797156676650047,0.13779594004154205,0.06355375796556473],[0.0004240384150762111,5.8819960031541996e-06,0.5157261490821838,0.02135518193244934,0.28768402338027954,7.64320939197205e-05,0.000379478617105633,0.13615548610687256,0.038193341344594955]],"label":[0,0,0,0,1,0,0,0,0]}