{"input":[[0.00829731859266758,0.005837881471961737,0.022988665848970413,0.15738177299499512,0.17470097541809082,0.014142826199531555,0.5544862747192383,0.022528180852532387,0.03963610902428627],[0.015268826857209206,0.025020552799105644,0.04223056137561798,0.4549773633480072,0.10276845097541809,0.017871567979454994,0.2718077003955841,0.006016656756401062,0.0640382319688797]],"label":[0,0,0,0,0,0,0,0,1]}