{"input":[[0.5986021757125854,0.018057476729154587,0.0043062507174909115,0.0008263949421234429,0.006283755414187908,0.05107893422245979,0.1568918079137802,0.003699456574395299,0.16025379300117493],[0.573710024356842,0.07269492000341415,0.0019967914558947086,0.0003475021221674979,0.00327237113378942,0.23406819999217987,0.088688924908638,0.0006735376664437354,0.02454778179526329]],"label":[1,0,0,0,0,0,0,0,0]}