{"input":[[0.005789564922451973,0.0010314142564311624,0.25697118043899536,0.15768270194530487,0.10252242535352707,0.0029871072620153427,0.05493102967739105,0.013585440814495087,0.4044990837574005],[0.19690871238708496,0.014987022615969181,0.10729838162660599,0.0013600497040897608,0.003638919908553362,0.033404432237148285,0.13843753933906555,0.3419198989868164,0.16204509139060974]],"label":[0,0,0,0,0,0,0,0,1]}