{"input":[[0.0007687458419241011,0.011369450949132442,0.0029844092205166817,0.07373262941837311,0.004175455309450626,0.09949791431427002,0.7575652599334717,0.02959442511200905,0.020311713218688965],[0.024718644097447395,0.0012826104648411274,0.08144543319940567,0.4762546718120575,0.0039192019030451775,0.07174886763095856,0.2961577773094177,0.026798220351338387,0.01767462119460106]],"label":[0,0,0,0,0,0,1,0,0]}