{"input":[[0.33852529525756836,0.03676707297563553,0.24654224514961243,0.010452824644744396,0.1269589215517044,0.0032694232650101185,0.07330137491226196,0.1352124959230423,0.0289702657610178],[0.0227266326546669,0.00029787563835270703,0.13582652807235718,0.48457619547843933,0.32245028018951416,0.0003096131840720773,0.010687942616641521,0.005546846427023411,0.017578057944774628]],"label":[0,0,1,0,0,0,0,0,0]}