{"input":[[0.004833329934626818,0.022687500342726707,0.3673701584339142,0.15643642842769623,0.13335548341274261,0.042905792593955994,0.15864130854606628,0.0008419944206252694,0.11292798072099686],[0.00734651368111372,0.0015685720136389136,0.013851553201675415,0.00010386826761532575,0.0006672883755527437,0.0009103930788114667,0.002524817595258355,0.9588432312011719,0.01418371219187975]],"label":[0,0,1,0,0,0,0,0,0]}