{"input":[[0.03918006271123886,0.041614238172769547,0.038564153015613556,0.06477094441652298,0.026865556836128235,0.018844274803996086,0.155950665473938,0.017631540074944496,0.5965785384178162],[0.0688529834151268,0.0459444597363472,0.2114650160074234,0.02628103643655777,0.017321692779660225,0.02102765068411827,0.16872385144233704,0.030024569481611252,0.41035884618759155]],"label":[0,0,0,0,0,0,0,0,1]}