{"input":[[0.04786229506134987,0.024268178269267082,0.01754014566540718,0.05139266699552536,0.06475035846233368,0.02441823109984398,0.12333251535892487,0.05810947343707085,0.5883261561393738],[0.046311840415000916,0.05115039646625519,0.02636376954615116,0.054510414600372314,0.023207059130072594,0.04403077811002731,0.32452547550201416,0.1832195669412613,0.24668067693710327]],"label":[0,0,0,0,0,0,0,0,1]}