{"input":[[0.09303352236747742,0.3035714626312256,0.010173763148486614,0.0009442016016691923,0.0011526234447956085,0.1946559101343155,0.34574297070503235,0.04873650148510933,0.001988963922485709],[0.03534865379333496,0.1843230426311493,0.28981372714042664,0.06523194909095764,0.011231711134314537,0.04170799255371094,0.16100959479808807,0.1487085521221161,0.06262475997209549]],"label":[0,0,0,0,0,0,0,1,0]}