{"input":[[0.7422280311584473,0.0004017396131530404,0.1261148452758789,1.934135980263818e-05,0.0005746655515395105,0.00019603055261541158,0.005264262203127146,0.12388961017131805,0.001311449334025383],[0.8592818975448608,0.00030432306812144816,0.027022680267691612,8.873637852957472e-05,0.00028386569465510547,3.355158696649596e-05,0.0005184175097383559,0.11209611594676971,0.0003704529954120517]],"label":[1,0,0,0,0,0,0,0,0]}