{"input":[[0.3473797142505646,0.0016970298020169139,0.42184534668922424,0.09513798356056213,0.0405583530664444,0.0007854409632273018,0.07957261800765991,0.00019392880494706333,0.012829598039388657],[0.14799045026302338,0.007623220328241587,0.5106285810470581,0.04258580505847931,0.08886265009641647,0.00758402282372117,0.034155551344156265,0.12775194644927979,0.03281775861978531]],"label":[0,0,1,0,0,0,0,0,0]}