{"input":[[0.0008909328025765717,0.0001278754643863067,0.1592579334974289,0.7056594491004944,0.08811923116445541,0.0009365321602672338,0.0351477786898613,0.00040906568756327033,0.009451232850551605],[0.03347655385732651,0.002478836104273796,0.052557360380887985,0.8317219018936157,0.04336956515908241,0.0009386875899508595,0.018999045714735985,0.0036228548269718885,0.012835264205932617]],"label":[0,0,1,0,0,0,0,0,0]}