{"input":[[0.003360531060025096,0.0024011076893657446,0.04880305752158165,0.45607879757881165,0.018080636858940125,0.001922671333886683,0.06918147206306458,0.2478260099887848,0.15234573185443878],[0.012575291097164154,0.0002201516181230545,0.024399032816290855,0.7732884287834167,0.0410039909183979,0.0005003023543395102,0.008397282101213932,0.005865586455911398,0.13375000655651093]],"label":[0,0,0,0,0,0,0,1,0]}