{"input":[[0.0003711639728862792,0.0004553593462333083,0.002319552469998598,0.041928984224796295,0.7801926732063293,1.3563529137172736e-05,0.17458179593086243,2.0831681467825547e-05,0.00011607582564465702],[0.0007193533820100129,0.0007524221437051892,0.016216779127717018,0.23935073614120483,0.734869658946991,0.00035103564732708037,0.006818955298513174,0.0003387319156900048,0.0005822788225486875]],"label":[0,0,0,0,1,0,0,0,0]}