{"input":[[0.0013948534615337849,0.004858683794736862,0.00021497553098015487,0.045826517045497894,0.000795539643149823,0.005957033019512892,0.9388443231582642,0.0010880090994760394,0.0010201014811173081],[0.09725052863359451,0.27631524205207825,0.1036449447274208,0.09422501176595688,0.01241488941013813,0.03625524789094925,0.19939957559108734,0.026691598817706108,0.15380293130874634]],"label":[0,0,0,0,0,0,1,0,0]}