{"input":[[0.0066093942150473595,0.5726979970932007,0.00038173593929968774,0.00013811478856950998,0.0009092013351619244,0.25393733382225037,0.13676764070987701,0.005753515753895044,0.02280508540570736],[0.09703372418880463,0.09012606739997864,0.16544312238693237,0.08669792115688324,0.03854608163237572,0.05662992596626282,0.1121734082698822,0.2794906795024872,0.07385913282632828]],"label":[0,1,0,0,0,0,0,0,0]}