{"input":[[0.00901159830391407,0.006830924656242132,0.0020110500045120716,0.20139870047569275,0.011775223538279533,0.01653468608856201,0.7340836524963379,0.013195487670600414,0.005158692132681608],[0.11493459343910217,0.008991232141852379,0.13936924934387207,0.2904658317565918,0.052697427570819855,0.022534562274813652,0.2990590035915375,0.014842460863292217,0.05710568279027939]],"label":[0,1,0,0,0,0,0,0,0]}