{"input":[[0.0014048847369849682,0.022155504673719406,0.001168290269561112,0.39203813672065735,0.004750579129904509,0.0845983698964119,0.4765235185623169,0.005634223576635122,0.01172639150172472],[0.03909977152943611,0.004059417638927698,0.0011767050018534064,0.00011375008762115613,0.000650322122965008,0.0022606358397752047,0.2133864015340805,0.7364305853843689,0.002822422655299306]],"label":[0,0,0,0,0,0,1,0,0]}