{"input":[[0.00010665337322279811,0.0011132769286632538,0.8650408387184143,1.703408452158328e-05,0.09030364453792572,1.6675550796207972e-05,0.006912622135132551,0.03411034867167473,0.0023789757397025824],[0.004977054428309202,0.04199685528874397,0.6155601739883423,0.0054137129336595535,0.05416073277592659,0.005291702225804329,0.011695805937051773,0.24017445743083954,0.02072950266301632]],"label":[0,0,1,0,0,0,0,0,0]}