{"input":[[0.003406597999855876,0.00042394117917865515,0.08416721224784851,0.23365120589733124,0.03478118032217026,0.0012484898325055838,0.6239510178565979,0.003971500787883997,0.014398865401744843],[0.007508483715355396,0.003042821539565921,0.4629593789577484,0.056862495839595795,0.019860100001096725,0.004474780522286892,0.2793339788913727,0.09039611369371414,0.0755617767572403]],"label":[0,0,0,1,0,0,0,0,0]}