{"input":[[0.033796388655900955,0.3917663097381592,0.12999415397644043,0.0025335936807096004,0.18412917852401733,0.03288421779870987,0.17594726383686066,0.03221028670668602,0.016738640144467354],[0.041509032249450684,0.04290269315242767,0.3858955502510071,0.10394188016653061,0.239933043718338,0.0038739999290555716,0.1728498935699463,0.0044536893256008625,0.004640191327780485]],"label":[0,0,1,0,0,0,0,0,0]}