{"input":[[0.0014031179016456008,0.0018210465786978602,0.007221258245408535,0.28666284680366516,0.00678677624091506,0.0033886535093188286,0.6515786647796631,0.0008194209658540785,0.040318239480257034],[0.04471730440855026,0.023641426116228104,0.0038929639849811792,0.00024080043658614159,0.0008439700468443334,0.005399343091994524,0.008258859626948833,0.903941810131073,0.009063574485480785]],"label":[0,0,0,0,0,0,1,0,0]}