{"input":[[0.0002539530105423182,2.6062892288791772e-08,0.9479795694351196,0.0025487912353128195,0.03148157522082329,2.1462716404130333e-07,1.2548150152724702e-05,0.014046871103346348,0.0036764179822057486],[0.042006440460681915,0.0005972078070044518,0.023463822901248932,0.49092745780944824,0.2541843056678772,0.003276130650192499,0.05378376692533493,0.06865210086107254,0.06310879439115524]],"label":[0,0,1,0,0,0,0,0,0]}