{"input":[[0.09033700078725815,3.5306620702613145e-05,0.06162353232502937,0.5829827189445496,0.17138944566249847,9.608040272723883e-05,0.01774786040186882,0.06550304591655731,0.010285033844411373],[0.0011766994139179587,9.603124340173963e-08,0.0709349662065506,0.45828285813331604,0.4672095775604248,9.257827514375094e-06,0.000608043628744781,0.00013388881052378565,0.0016445494256913662]],"label":[0,0,0,1,0,0,0,0,0]}