{"input":[[0.8437998294830322,0.0030441218987107277,0.009666300378739834,0.0017794271698221564,0.000839496438857168,0.006446206942200661,0.13064664602279663,0.0004942695377394557,0.003283730009570718],[0.27420341968536377,0.10507791489362717,0.030446024611592293,0.012558440677821636,0.012936925515532494,0.10251372307538986,0.4243243634700775,0.021565357223153114,0.01637384481728077]],"label":[1,0,0,0,0,0,0,0,0]}