{"input":[[0.017662102356553078,0.7840269207954407,0.0032373820431530476,0.00016777314885985106,0.007486536167562008,0.0033670624252408743,0.11596914380788803,0.04851995036005974,0.019563114270567894],[0.7843055725097656,0.003038726979866624,0.054371338337659836,0.0019337007543072104,0.01129355188459158,0.0013913732254877687,0.0452759824693203,0.09378201514482498,0.004607691895216703]],"label":[0,1,0,0,0,0,0,0,0]}