{"input":[[0.0016316036926582456,0.0016324067255482078,0.004989494103938341,0.2963849604129791,0.1735197901725769,0.0010419950122013688,0.45469361543655396,0.042348507791757584,0.023757614195346832],[0.02703879214823246,0.03168952465057373,0.039504390209913254,0.01600617915391922,0.0028591942973434925,0.01506262831389904,0.286894291639328,0.4949052929878235,0.086039699614048]],"label":[0,0,0,1,0,0,0,0,0]}