{"input":[[0.0009020777069963515,0.0019655106589198112,0.0011536555830389261,0.1825212836265564,0.5637903809547424,0.0015220878412947059,0.23959513008594513,0.00566298421472311,0.0028869169764220715],[0.021515998989343643,0.0034661246463656425,0.027374669909477234,0.4545799791812897,0.16064992547035217,0.004009951371699572,0.28758424520492554,0.01226611528545618,0.02855297178030014]],"label":[0,0,0,0,1,0,0,0,0]}