{"input":[[0.008993547409772873,2.7289426725474186e-05,0.0015529647935181856,0.9303257465362549,0.0275847427546978,0.0016271735075861216,0.021092427894473076,0.0002790956059470773,0.008516937494277954],[0.0800151377916336,0.002002188703045249,0.06919561326503754,0.09283915162086487,0.2369341254234314,0.001519682235084474,0.29704582691192627,0.19329674541950226,0.02715155854821205]],"label":[0,0,0,1,0,0,0,0,0]}