{"input":[[0.017972785979509354,0.001849693013355136,0.0625157505273819,0.21186991035938263,0.01656261272728443,0.06906574964523315,0.6134510636329651,0.002422356279566884,0.004290157929062843],[0.0012253914028406143,0.001617013942450285,0.6310607194900513,0.328043133020401,0.012484565377235413,0.0010467084357514977,0.014118528924882412,0.005426822230219841,0.0049771093763411045]],"label":[0,0,0,0,1,0,0,0,0]}