{"input":[[0.004962660372257233,0.01528053916990757,0.003973362967371941,0.2242119312286377,0.03178631141781807,0.008645640686154366,0.648739755153656,0.024896888062357903,0.0375029481947422],[0.004567206371575594,0.0014675304992124438,0.014977485872805119,0.848903238773346,0.04576796665787697,0.0027865865267813206,0.05910450965166092,0.007421460002660751,0.015004034154117107]],"label":[0,0,0,1,0,0,0,0,0]}