{"input":[[0.2699548900127411,0.0011342603247612715,0.5494561195373535,5.843654435011558e-05,0.0007589514134451747,0.0005203070468269289,0.0774754211306572,0.09538424760103226,0.005257356446236372],[0.11624413728713989,0.002363351173698902,0.825944185256958,0.0037418617866933346,0.0017391825094819069,0.000734763452783227,0.016996601596474648,0.019977057352662086,0.012258782982826233]],"label":[0,0,1,0,0,0,0,0,0]}