{"input":[[0.0029427490662783384,0.8921403288841248,0.0033473370131105185,7.455396553268656e-05,0.0008565782918594778,0.050378456711769104,0.0437595471739769,0.0050415582954883575,0.0014588851481676102],[0.04232007637619972,0.2137821465730667,0.1913190633058548,0.051682304590940475,0.007182404864579439,0.05357036739587784,0.20507821440696716,0.1595909297466278,0.07547449320554733]],"label":[0,1,0,0,0,0,0,0,0]}