{"input":[[8.954525401350111e-05,0.009929950349032879,0.9447113275527954,7.954488978612062e-07,0.0018432304495945573,1.3345078286874923e-06,0.024495696648955345,0.018848996609449387,7.90293634054251e-05],[0.03182888776063919,0.06368796527385712,0.1846543401479721,0.0075883385725319386,0.03601890429854393,0.09206362813711166,0.35251641273498535,0.21617086231708527,0.015470646321773529]],"label":[0,0,0,0,1,0,0,0,0]}