{"input":[[0.0007414184510707855,0.024176113307476044,0.0006247591809369624,0.04459545388817787,0.008717373013496399,0.6310271620750427,0.25396832823753357,0.0002904773864429444,0.03585891053080559],[0.0015777905937284231,0.00871765986084938,0.015263432636857033,0.023160342127084732,0.0031200030352920294,0.14849460124969482,0.7893710732460022,0.001463010674342513,0.008832041174173355]],"label":[0,1,0,0,0,0,0,0,0]}