{"input":[[0.19938412308692932,0.023238880559802055,0.21823468804359436,0.00567705137655139,0.06301478296518326,0.010303912684321404,0.04892139509320259,0.22391216456890106,0.2073129266500473],[0.028910009190440178,0.002877214690670371,0.8507791757583618,0.01646518148481846,0.07160825282335281,0.0015802157577127218,0.010007292963564396,0.0053796060383319855,0.012393075972795486]],"label":[0,0,0,0,1,0,0,0,0]}