{"input":[[0.5900498032569885,0.004007475916296244,0.060452982783317566,8.91030049388064e-06,0.002365014050155878,0.0005080692935734987,0.016726721078157425,0.3210839033126831,0.004797143861651421],[0.4213530421257019,0.0008638169965706766,0.4276611804962158,9.842066901910584e-06,0.0027894394006580114,0.00281071406789124,0.021692393347620964,0.12031916528940201,0.00250047305598855]],"label":[0,0,0,0,0,0,0,1,0]}