{"input":[[0.01213900838047266,0.003730687778443098,0.5010913610458374,0.0011672867694869637,0.004448816180229187,0.0011084481375291944,0.009410660713911057,0.45976099371910095,0.007142731919884682],[0.012808742001652718,0.0034842249006032944,0.05261614918708801,0.0006519838934764266,0.0017730172257870436,0.0007022229838185012,0.003437242703512311,0.9210946559906006,0.003431771183386445]],"label":[0,0,0,0,0,0,0,1,0]}