{"input":[[0.0004990398301742971,0.014354998245835304,0.0009000509744510055,0.029164886102080345,0.028805868700146675,0.004193793050944805,0.914980411529541,0.0018472550436854362,0.005253647454082966],[0.016063394024968147,0.027245501056313515,0.02139940671622753,0.42506739497184753,0.06313763558864594,0.03169089928269386,0.3425922095775604,0.03458797559142113,0.038215503096580505]],"label":[0,0,0,0,0,0,1,0,0]}