{"input":[[0.0003873951791319996,0.007945971563458443,0.033326562494039536,0.0017777953762561083,0.003268271451815963,0.007721275556832552,0.9437903761863708,0.0013979136710986495,0.0003843819140456617],[0.0016750312643125653,0.0758609026670456,0.7408925294876099,0.065676748752594,0.06737267971038818,0.004920531529933214,0.037078868597745895,0.0010944581590592861,0.005428242962807417]],"label":[0,0,0,0,0,0,1,0,0]}