{"input":[[7.516615005442873e-05,1.1408571864990336e-09,0.010657529346644878,0.0030444979202002287,0.9861975312232971,6.821325087003061e-07,8.373662240046542e-06,7.756175364193041e-06,8.47691080707591e-06],[0.00013650140317622572,7.659082967848008e-08,0.04096528887748718,0.0007734762039035559,0.9579029083251953,6.211899972186075e-07,1.3693394976144191e-05,0.00016287049220409244,4.455732414498925e-05]],"label":[0,0,0,0,1,0,0,0,0]}