{"input":[[0.1708548665046692,0.0038436432369053364,0.10366115719079971,0.0001965511473827064,0.0064888303168118,0.015009751543402672,0.14213986694812775,0.08681085705757141,0.4709944725036621],[0.5532550811767578,0.21864072978496552,0.01762831211090088,0.00041865379898808897,0.001813722075894475,0.08772478252649307,0.06096617877483368,0.009921805001795292,0.049630723893642426]],"label":[0,0,0,0,0,0,0,0,1]}