{"input":[[0.06084958463907242,0.0038662785664200783,0.5612598061561584,0.06381870061159134,0.03408406302332878,0.004065145272761583,0.033728327602148056,0.21259213984012604,0.025735866278409958],[0.6938011050224304,0.0001706202601781115,0.2114018350839615,0.002181941643357277,0.01368450652807951,9.84457801678218e-05,0.001239441684447229,0.07570544630289078,0.0017166532343253493]],"label":[0,0,1,0,0,0,0,0,0]}