{"input":[[0.0010652357013896108,2.648495183166233e-07,0.008862419985234737,1.9681542653415818e-06,0.000640877871774137,1.737565042958522e-07,1.4996778645581799e-06,0.9890228509902954,0.00040472467662766576],[0.021487895399332047,4.982185419066809e-05,0.004314609803259373,2.35528132179752e-05,0.0010978939244523644,0.00028274659416638315,0.0025667943991720676,0.9632524251937866,0.006924280896782875]],"label":[0,0,1,0,0,0,0,0,0]}