{"input":[[1.0060879503726028e-05,0.9715267419815063,3.896646376233548e-05,6.620095518883318e-06,2.5087554604397155e-05,0.021513834595680237,0.006778044160455465,1.4425941117224284e-05,8.615360275143757e-05],[0.02273227833211422,0.5861918926239014,0.023503821343183517,0.042480405420064926,0.04276864975690842,0.09926002472639084,0.05702342838048935,0.10597196221351624,0.02006750926375389]],"label":[0,1,0,0,0,0,0,0,0]}