{"input":[[0.0013566375710070133,0.5596126914024353,0.00019788049394264817,0.0010833251290023327,0.0004238451656419784,0.4293593466281891,0.006297310348600149,0.00012408992915879935,0.001544913393445313],[0.015460469760000706,0.03168179467320442,0.02871754765510559,0.015953831374645233,0.003831892739981413,0.2558843195438385,0.6138266921043396,0.020637843757867813,0.014005592092871666]],"label":[0,0,0,0,0,1,0,0,0]}