{"input":[[2.073778523481451e-05,0.001776429358869791,4.726497081719572e-06,6.93480105837807e-05,1.3856103578291368e-05,0.9964914917945862,0.0015674310270696878,7.990387530298904e-06,4.798646841663867e-05],[0.022109413519501686,0.08910871297121048,0.014774742536246777,0.05069966986775398,0.009995903819799423,0.3329050838947296,0.38474735617637634,0.019047122448682785,0.07661198824644089]],"label":[0,0,0,0,0,1,0,0,0]}