{"input":[[0.005456176120787859,0.03233307972550392,0.08039874583482742,0.06714553385972977,0.05365815758705139,0.03604462370276451,0.11550339311361313,0.32594358921051025,0.28351670503616333],[0.009634512476623058,0.0011291063856333494,0.006484719458967447,0.0002095155359711498,0.0014888811856508255,0.0015752571634948254,0.0026959050446748734,0.9664275050163269,0.010354629717767239]],"label":[0,0,0,0,0,0,0,0,1]}