{"input":[[0.0002462728298269212,0.1857917606830597,8.518772665411234e-05,0.0005167732597328722,0.00019119042553938925,0.7215005159378052,0.0738203302025795,0.009658228605985641,0.00818963535130024],[0.0034073973074555397,0.015788789838552475,0.004872522782534361,0.005704444833099842,0.009016945958137512,0.6865136623382568,0.13325580954551697,0.005287179723381996,0.1361531764268875]],"label":[0,0,0,0,0,0,1,0,0]}