{"input":[[0.022265369072556496,0.0012825425947085023,0.6768434047698975,0.007191115990281105,0.14649200439453125,0.0009370422922074795,0.06109374389052391,0.0071865227073431015,0.07670814543962479],[0.0066703991033136845,0.003948311787098646,0.03775060921907425,0.0003347113379277289,0.000733265420421958,0.01297451090067625,0.026068607345223427,0.9012318253517151,0.01028771698474884]],"label":[0,0,1,0,0,0,0,0,0]}