{"input":[[0.00019715508096851408,0.22813041508197784,7.216913945740089e-05,0.00025561670190654695,0.000605450477451086,0.05820069462060928,0.7063802480697632,0.00019763587624765933,0.005960621405392885],[0.040711939334869385,0.14998897910118103,0.0476631261408329,0.346230685710907,0.024013414978981018,0.07308019697666168,0.1934637874364853,0.05760177969932556,0.06724605709314346]],"label":[0,1,0,0,0,0,0,0,0]}