{"input":[[0.001998542109504342,0.0006091467221267521,0.027403945103287697,7.299867866095155e-05,0.0019502019276842475,0.0015631795395165682,0.001467267400585115,0.9605729579925537,0.0043617053888738155],[0.022012140601873398,0.0021647862158715725,0.05372583493590355,0.000480021903058514,0.0252586230635643,0.0011386389378458261,0.001948435790836811,0.8702250719070435,0.023046474903821945]],"label":[0,0,0,0,0,0,0,1,0]}