{"input":[[0.002361322520300746,4.0929531678557396e-05,0.0047272006049752235,0.8714797496795654,0.10290837287902832,0.00015157995221670717,0.006703758612275124,0.0095558762550354,0.0020712201949208975],[0.24706526100635529,0.00038158707320690155,0.4926897883415222,0.05947329103946686,0.17376089096069336,0.00021556226420216262,0.005254636984318495,0.016741106286644936,0.004417979158461094]],"label":[0,0,0,0,1,0,0,0,0]}