{"input":[[0.09175137430429459,0.016670146957039833,0.25459983944892883,3.958968591177836e-05,0.0009679708746261895,0.0012201176723465323,0.03172922134399414,0.600142776966095,0.0028789397329092026],[0.14916154742240906,0.001284106750972569,0.8366599082946777,1.0818894224939868e-05,0.00013651532935909927,0.00010880256741074845,0.0017201126320287585,0.009147764183580875,0.001770560396835208]],"label":[0,0,1,0,0,0,0,0,0]}