{"input":[[0.007075497414916754,0.00022921900381334126,0.0450054295361042,0.1015474796295166,0.45713484287261963,0.000635397678706795,0.05917668715119362,0.2902475893497467,0.038947854191064835],[0.002335259458050132,0.00014560559066012502,0.09985895454883575,0.348011314868927,0.5124169588088989,0.00034230895107612014,0.005669730715453625,0.0036169050727039576,0.027603019028902054]],"label":[0,0,0,1,0,0,0,0,0]}