{"input":[[0.0007583968690596521,0.39269599318504333,0.010793806053698063,0.006366129033267498,0.015590467490255833,0.02400285378098488,0.5486117005348206,8.72817836352624e-05,0.0010933367302641273],[0.002533975522965193,0.8492488265037537,0.0008795367903076112,0.0060635218396782875,0.002389306202530861,0.008528141304850578,0.13015523552894592,9.273083560401574e-05,0.00010862455383175984]],"label":[0,1,0,0,0,0,0,0,0]}