{"input":[[0.015700971707701683,0.0015515252016484737,0.021764561533927917,0.002302904613316059,0.0035369459073990583,0.013759155757725239,0.6375836133956909,0.0018876154208555818,0.30191272497177124],[0.011478008702397346,0.0132547402754426,0.014284653589129448,0.00047935149632394314,0.0027947889175266027,0.02617614157497883,0.08331289142370224,0.8399027585983276,0.00831660907715559]],"label":[0,0,0,0,0,0,1,0,0]}