{"input":[[6.785937148379162e-05,0.00033748854184523225,0.0006048246286809444,0.002902046777307987,0.9618573188781738,1.56489695655182e-05,0.034146375954151154,3.770890998566756e-06,6.472680252045393e-05],[0.03195900097489357,0.03662148863077164,0.03832953795790672,0.060052406042814255,0.7122613191604614,0.0008252848056145012,0.056191571056842804,0.0282402615994215,0.03551912680268288]],"label":[0,0,0,0,1,0,0,0,0]}