{"input":[[0.0064936187118291855,0.08296281844377518,0.0009178689797408879,0.00883606355637312,0.0021567116491496563,0.32080185413360596,0.5729820728302002,0.0007323502795770764,0.004116611555218697],[0.02802545204758644,0.283507376909256,0.056861355900764465,0.037834323942661285,0.018703101202845573,0.10509269684553146,0.29350560903549194,0.1402258574962616,0.036244239658117294]],"label":[0,1,0,0,0,0,0,0,0]}