{"input":[[0.2991039454936981,0.07557903975248337,0.19209444522857666,0.03350799158215523,0.02744089812040329,0.018359025940299034,0.2083761990070343,0.08174113929271698,0.06379728019237518],[0.3176831007003784,0.021687878295779228,0.16967158019542694,0.03171182796359062,0.05767381563782692,0.013673169538378716,0.1281711310148239,0.21123816072940826,0.04848932847380638]],"label":[0,0,1,0,0,0,0,0,0]}