{"input":[[0.0005011404282413423,0.5058022737503052,0.0005927928723394871,0.00020164866873528808,0.0015246061375364661,0.13375720381736755,0.35612812638282776,6.098523226683028e-05,0.001431312644854188],[0.13647429645061493,0.2176557183265686,0.06110411882400513,0.0018316739005967975,0.01493372768163681,0.10549002885818481,0.24496321380138397,0.12407071888446808,0.09347648173570633]],"label":[0,1,0,0,0,0,0,0,0]}