{"input":[[0.036178573966026306,0.01874512806534767,0.0825427919626236,0.01915215328335762,0.022464033216238022,0.0066056763753294945,0.12761631608009338,0.6042419075965881,0.0824533998966217],[0.005738640669733286,0.0032135858200490475,0.09970255941152573,0.0001347173674730584,0.0011311504058539867,0.0007158208172768354,0.040913935750722885,0.8388964533805847,0.009553101845085621]],"label":[0,0,0,0,0,0,0,1,0]}