{"input":[[0.5127004384994507,0.0028524426743388176,0.01699742116034031,0.015630992129445076,0.0007056393078528345,0.004364876076579094,0.04021390527486801,0.20730118453502655,0.19923315942287445],[0.05111488327383995,0.01342356763780117,0.27494382858276367,0.04185020551085472,0.014474160969257355,0.04229849949479103,0.19453340768814087,0.03280233219265938,0.33455923199653625]],"label":[0,1,0,0,0,0,0,0,0]}