{"input":[[0.049127060920000076,0.02474893257021904,0.3283008635044098,0.17632608115673065,0.10308198630809784,0.006239140406250954,0.1770969182252884,0.04282538220286369,0.09225359559059143],[0.10644116997718811,0.02281302958726883,0.34917452931404114,0.08844823390245438,0.024476991966366768,0.04656854644417763,0.2548234462738037,0.06608086824417114,0.04117328301072121]],"label":[0,0,0,0,0,0,1,0,0]}