{"input":[[0.005240679252892733,0.00727747892960906,0.01765432208776474,0.7691490650177002,0.0316237173974514,0.00471888342872262,0.1139124184846878,0.018935713917016983,0.03148779273033142],[0.009813706390559673,0.0005650735110975802,0.0076501634903252125,0.8587659001350403,0.09214799106121063,0.0006131198024377227,0.019375186413526535,0.006381093990057707,0.004687790293246508]],"label":[0,0,0,1,0,0,0,0,0]}