{"input":[[0.00044394537690095603,0.8379845023155212,8.70692019816488e-05,0.0004270738863851875,0.00018207835091743618,0.1327260434627533,0.027649519965052605,0.0003282264806330204,0.000171509527717717],[0.0033214983996003866,0.5915531516075134,0.02459637261927128,0.004887611139565706,0.0036504981108009815,0.11403869837522507,0.23813778162002563,0.00910170841962099,0.010712672956287861]],"label":[0,0,0,0,0,1,0,0,0]}