{"input":[[0.0003055025008507073,0.14641298353672028,0.0002967318578157574,0.0038016249891370535,0.0006846648757345974,0.022509507834911346,0.8164058923721313,9.636358299758285e-05,0.00948671717196703],[0.0399656817317009,0.2787471115589142,0.08276235312223434,0.11096243560314178,0.15647102892398834,0.03547424077987671,0.23807470500469208,0.012572036124765873,0.04497048258781433]],"label":[0,0,0,0,0,1,0,0,0]}