{"input":[[0.00024890314671210945,3.3272983728238614e-06,0.016544513404369354,0.01716000959277153,0.9461889863014221,1.1830726180050988e-05,0.00020666050841100514,0.013334444724023342,0.006301335524767637],[0.0002662239712662995,3.257970547565492e-06,0.07418891787528992,0.02660652995109558,0.761390745639801,3.2930281577137066e-06,0.00015516849816776812,0.128382608294487,0.009003219194710255]],"label":[0,0,0,0,1,0,0,0,0]}