{"input":[[0.016219686716794968,0.0052653769962489605,0.536469578742981,0.020497212186455727,0.01620563119649887,0.002922347281128168,0.1427900493144989,0.21787597239017487,0.04175419732928276],[0.004444251302629709,0.001487139263190329,0.06016027182340622,0.5953119397163391,0.052845727652311325,0.014117559418082237,0.1222485676407814,0.045431800186634064,0.10395273566246033]],"label":[0,0,0,0,0,0,1,0,0]}