{"input":[[0.011334807612001896,0.058580510318279266,0.007020753808319569,0.011660223826766014,0.0027481503784656525,0.019177233800292015,0.6400155425071716,0.014444396831095219,0.23501844704151154],[0.004048746544867754,0.006239080801606178,0.0029309785459190607,0.6107139587402344,0.013624312356114388,0.009138042107224464,0.3440692722797394,0.0045377337373793125,0.00469778198748827]],"label":[0,0,0,0,0,0,1,0,0]}