{"input":[[0.01712675578892231,0.016277167946100235,0.02066986635327339,0.7632526755332947,0.06258861720561981,0.01686238683760166,0.09796596318483353,0.000850772368721664,0.0044057187624275684],[0.011839237995445728,0.1500646024942398,0.22320601344108582,0.049809958785772324,0.04969301447272301,0.15588244795799255,0.17818130552768707,0.11842645704746246,0.0628969669342041]],"label":[0,0,1,0,0,0,0,0,0]}