{"input":[[0.005793122109025717,0.011999713256955147,0.16716119647026062,0.005378285422921181,0.015190664678812027,0.015205470845103264,0.462523877620697,0.2027716189622879,0.11397604644298553],[0.005478478968143463,0.004366631153970957,0.12051309645175934,0.0021980684250593185,0.026222258806228638,0.007327456958591938,0.10731565207242966,0.5805709958076477,0.14600734412670135]],"label":[0,0,0,0,0,0,0,1,0]}