{"input":[[0.031276967376470566,0.6476135849952698,0.021190131083130836,0.009543372318148613,0.02187303453683853,0.006814160849899054,0.2093597650527954,0.040251150727272034,0.012077881954610348],[0.24430513381958008,0.02298416756093502,0.6932184100151062,0.00012816103117074817,0.0018700086511671543,0.0029306362848728895,0.011084920726716518,0.016870204359292984,0.006608316674828529]],"label":[0,1,0,0,0,0,0,0,0]}