{"input":[[0.0009050031076185405,9.91720226011239e-05,0.0011169356293976307,0.9537390470504761,0.034752633422613144,0.00021253198792692274,0.0076730442233383656,0.00012415148376021534,0.0013774805702269077],[0.016705414280295372,0.0034925085492432117,0.04911579564213753,0.5519525408744812,0.2801834046840668,0.004095114767551422,0.05094205215573311,0.006483025383204222,0.03703025355935097]],"label":[0,0,0,0,1,0,0,0,0]}