{"input":[[0.0004970899899490178,0.0015339438105002046,0.0044184280559420586,0.09282945841550827,0.007605813909322023,0.010586569085717201,0.8742992877960205,0.004841331858187914,0.0033880912233144045],[0.02034711465239525,0.00581557909026742,0.09106206148862839,0.19551405310630798,0.06433187425136566,0.010164845734834671,0.35279303789138794,0.03677797317504883,0.2231934517621994]],"label":[0,0,0,0,0,0,1,0,0]}