{"input":[[0.00029788672691211104,0.009195876307785511,0.005752772092819214,0.0020710898097604513,0.0010297748958691955,0.028066495433449745,0.9513294100761414,7.906893733888865e-05,0.002177604241296649],[0.031254321336746216,0.021415984258055687,0.622168242931366,0.04851071909070015,0.00813856441527605,0.04595376178622246,0.17167621850967407,0.0412604846060276,0.009621748700737953]],"label":[0,1,0,0,0,0,0,0,0]}