{"input":[[0.01038153376430273,0.0002253579586977139,0.011701580137014389,0.8188483119010925,0.12523455917835236,0.00016167301509995013,0.009559659287333488,0.0020304881036281586,0.02185683697462082],[0.003640110371634364,0.0006794867804273963,0.026294317096471786,0.7430168986320496,0.1335541307926178,0.0014995350502431393,0.009158985689282417,0.007486786227673292,0.07466976344585419]],"label":[0,0,0,1,0,0,0,0,0]}