{"input":[[0.004272034391760826,0.0023571925703436136,0.40221917629241943,0.00014004595868755132,0.01107174064964056,0.0016448113601654768,0.4072815775871277,0.1700146347284317,0.000998788047581911],[0.0031104516237974167,0.0003349220787640661,0.0065910834819078445,5.504351747731562e-07,1.0884319635806605e-05,0.00026406129472889006,0.0006819370901212096,0.9884825348854065,0.0005235896096564829]],"label":[0,0,0,0,0,0,0,1,0]}