{"input":[[0.03176473081111908,0.003857741132378578,0.23111949861049652,5.8838279073825106e-05,0.0005244663916528225,0.0001438561303075403,0.0011690185638144612,0.7305858135223389,0.0007760097505524755],[0.026082659140229225,4.8304795200238004e-05,0.922457218170166,9.190939454128966e-05,0.002309845294803381,1.3817637409374584e-05,0.00018655715393833816,0.04704035818576813,0.0017692547990009189]],"label":[0,0,1,0,0,0,0,0,0]}