{"input":[[0.0014195004478096962,5.607747152680531e-05,0.13739727437496185,1.1309831279504579e-05,0.0009845005115494132,4.169518069829792e-05,0.00019962714577559382,0.8592789769172668,0.0006110845715738833],[0.0036429772153496742,2.8856725293735508e-06,0.18299628794193268,5.224480901233619e-06,0.0003600875206757337,1.0682128049666062e-05,0.0003299233503639698,0.8095431923866272,0.0031087093520909548]],"label":[0,0,1,0,0,0,0,0,0]}