{"input":[[0.001757206628099084,0.0018302769167348742,0.42473384737968445,0.148267924785614,0.388149231672287,0.0010402027983218431,0.0019068749388679862,0.007010346278548241,0.025304118171334267],[0.08574064821004868,0.003765251487493515,0.45038461685180664,0.13330897688865662,0.10040385276079178,0.014254048466682434,0.15138666331768036,0.039091140031814575,0.02166474051773548]],"label":[0,0,0,0,0,0,0,0,1]}