{"input":[[0.03415536507964134,0.004257455468177795,0.003503171494230628,0.03587914630770683,0.050871219485998154,0.08420683443546295,0.029371794313192368,0.7575677037239075,0.00018730785814113915],[0.36720821261405945,1.6046327800722793e-05,0.32695358991622925,0.0040888553485274315,0.2937958240509033,0.00015603555948473513,0.0034464646596461535,0.0041466341353952885,0.0001883794757304713]],"label":[1,0,0,0,0,0,0,0,0]}