{"input":[[0.049869026988744736,0.0002546235336922109,0.02098924294114113,3.8365713407984003e-05,0.008742832578718662,0.0002981902798637748,0.8467968106269836,0.06993989646434784,0.003071010811254382],[0.1267070323228836,0.06349053978919983,0.049716003239154816,0.026773786172270775,0.0381130687892437,0.016997169703245163,0.15584881603717804,0.4467715620994568,0.07558204978704453]],"label":[0,0,0,0,0,0,1,0,0]}