{"input":[[0.0037690578028559685,0.8257786631584167,0.005251092836260796,0.0128237996250391,0.0015458905836567283,0.022185740992426872,0.122565358877182,0.000514019513502717,0.005566289182752371],[0.031346820294857025,0.31134337186813354,0.07325012236833572,0.11151918023824692,0.017709124833345413,0.074406199157238,0.1007290780544281,0.22124019265174866,0.058455947786569595]],"label":[0,0,0,1,0,0,0,0,0]}