{"input":[[0.0017936553340405226,0.00034778923145495355,0.0015013909433037043,0.8756008148193359,0.07268933951854706,0.0010710022179409862,0.04383665323257446,0.0007458049221895635,0.0024135280400514603],[0.004577802959829569,0.00019147088460158557,0.02664003148674965,0.7306071519851685,0.2119135856628418,0.0013085290556773543,0.0053966534323990345,0.0056196595542132854,0.013745070435106754]],"label":[0,0,0,1,0,0,0,0,0]}