{"input":[[0.0002228225494036451,2.2252894268603995e-05,0.003706547897309065,0.24655096232891083,0.2771197259426117,0.0006142302881926298,0.4677586555480957,0.0005999976419843733,0.0034048911184072495],[0.004650975111871958,1.933066414494533e-05,0.6774163842201233,0.25558504462242126,0.05715417489409447,2.7404961656429805e-05,0.0012390038464218378,0.0029003825038671494,0.0010072765871882439]],"label":[0,0,0,1,0,0,0,0,0]}