{"input":[[0.01915999874472618,0.005053250584751368,0.003520708065479994,0.040935587137937546,0.0038345595821738243,0.1558980941772461,0.7539823651313782,0.004231640137732029,0.01338378805667162],[0.0024789993185549974,0.02417362853884697,0.0022780641447752714,0.05935713276267052,0.005013749003410339,0.4051132798194885,0.4579152464866638,0.017073696479201317,0.02659621089696884]],"label":[0,0,0,0,0,1,0,0,0]}