{"input":[[0.009159929119050503,0.01285641547292471,0.1598428636789322,0.0022932428400963545,0.11330795288085938,0.027901513502001762,0.274670273065567,0.2973368763923645,0.10263091325759888],[0.01018468476831913,0.0817585289478302,0.07769587635993958,0.0991571843624115,0.020615404471755028,0.0890418142080307,0.25495046377182007,0.13361011445522308,0.23298583924770355]],"label":[0,0,0,1,0,0,0,0,0]}