{"input":[[0.0019427173538133502,0.011171924881637096,0.0017413259483873844,0.010437891818583012,0.0005388782010413706,0.39569705724716187,0.5553574562072754,0.004082634579390287,0.019030040130019188],[0.015692146494984627,0.005635505076497793,0.003256420837715268,0.006764157209545374,0.0037092051934450865,0.45377570390701294,0.4965856671333313,0.0069550322368741035,0.007626255974173546]],"label":[0,0,0,0,0,1,0,0,0]}