{"input":[[0.09560807794332504,0.5146396160125732,0.0016552048036828637,0.040825121104717255,0.001272617606446147,0.08898907154798508,0.24627640843391418,0.005380155052989721,0.005353716667741537],[0.029679562896490097,0.11073042452335358,0.18755888938903809,0.2797851264476776,0.046290576457977295,0.07740020006895065,0.17157584428787231,0.058648090809583664,0.03833123669028282]],"label":[0,1,0,0,0,0,0,0,0]}