{"input":[[0.002704780548810959,2.0856430637650192e-05,0.05559847131371498,6.991664849920198e-05,0.0006009115604683757,0.00016412285913247615,9.51038600760512e-05,0.9369050860404968,0.0038407319225370884],[0.001598329865373671,2.888815652113408e-05,0.01027856208384037,2.1744797322753584e-06,0.00020225573098286986,3.312462013127515e-06,1.5875923054409213e-05,0.9878349900245667,3.5606211895355955e-05]],"label":[0,0,0,0,0,0,0,1,0]}