{"input":[[0.005930354818701744,0.006987552158534527,0.15213705599308014,0.20320475101470947,0.4277263283729553,0.0007732000085525215,0.11272429674863815,0.07996199280023575,0.010554426349699497],[0.003569808090105653,0.0003524727653712034,0.156907856464386,0.46965572237968445,0.3471735417842865,0.0006089596427045763,0.004791305400431156,0.0046656508930027485,0.012274704873561859]],"label":[0,0,0,0,1,0,0,0,0]}