{"input":[[0.6702766418457031,0.006034870631992817,0.024772392585873604,0.0029444375541061163,0.012866675853729248,0.0035029526334255934,0.03472769260406494,0.18454653024673462,0.060327861458063126],[0.16262422502040863,0.005225056782364845,0.518817663192749,0.01616823486983776,0.12115415185689926,0.0022281352430582047,0.010983305983245373,0.1563563197851181,0.006442845333367586]],"label":[0,0,1,0,0,0,0,0,0]}