{"input":[[0.0001523416576674208,0.001906184945255518,0.0009577160817570984,0.00020869492436759174,0.0002449134481139481,0.004354488104581833,0.7679854035377502,0.22115668654441833,0.0030334903858602047],[0.018526621162891388,0.027669843286275864,0.010592800565063953,0.03963948413729668,0.008226119913160801,0.045641109347343445,0.7238190770149231,0.08853472024202347,0.037350159138441086]],"label":[0,0,0,0,0,0,1,0,0]}