{"input":[[0.0031009619124233723,0.006029781885445118,0.15365488827228546,0.09208239614963531,0.2433937042951584,0.027757756412029266,0.017680631950497627,0.17894180119037628,0.2773580551147461],[0.013209570199251175,0.028835704550147057,0.024209152907133102,0.0048865461722016335,0.006004453171044588,0.02529323101043701,0.056542664766311646,0.7853564023971558,0.05566221475601196]],"label":[0,0,0,0,1,0,0,0,0]}