{"input":[[0.16394944489002228,0.026092268526554108,0.07379942387342453,0.15187929570674896,0.012257356196641922,0.013363438658416271,0.4404076337814331,0.09449651092290878,0.023754680529236794],[0.0024518698919564486,6.950326678634156e-07,0.9361629486083984,0.0014434743206948042,0.03719177469611168,1.3631556612381246e-05,0.00023380147467833012,0.021260695531964302,0.0012411047937348485]],"label":[0,0,0,0,1,0,0,0,0]}