{"input":[[0.5090160369873047,0.0335393063724041,0.081292524933815,0.010114364326000214,0.030014149844646454,0.014681261964142323,0.14380377531051636,0.06239119544625282,0.11514738202095032],[0.11493344604969025,0.0176832377910614,0.056554608047008514,0.0036055142991244793,0.01490264106541872,0.011061771772801876,0.028349168598651886,0.6612133979797363,0.09169617295265198]],"label":[1,0,0,0,0,0,0,0,0]}