{"input":[[0.0066714840941131115,0.0019867043010890484,0.06933756917715073,0.8565452694892883,0.04798641428351402,0.0002252080012112856,0.010129529051482677,0.0006530489190481603,0.0064646052196621895],[0.017128445208072662,0.0022211307659745216,0.8541197180747986,0.03898506239056587,0.01918106898665428,0.0014535128138959408,0.02319636195898056,0.03063783422112465,0.013076845556497574]],"label":[0,0,0,1,0,0,0,0,0]}