{"input":[[0.014162532053887844,0.022906385362148285,0.08359178155660629,0.20254133641719818,0.1869107186794281,0.005012620706111193,0.11064855754375458,0.14412207901477814,0.23010405898094177],[0.03058420680463314,0.08151283860206604,0.11420589685440063,0.04306046664714813,0.04400116205215454,0.1252601444721222,0.15248076617717743,0.38445478677749634,0.024439729750156403]],"label":[0,0,0,0,1,0,0,0,0]}