{"input":[[0.09233959764242172,0.00013903432409279048,0.3251276910305023,0.008028795011341572,0.01838388852775097,0.0020128958858549595,0.009310123510658741,0.4894060790538788,0.05525193735957146],[0.00913169514387846,8.774112939136103e-05,0.22204411029815674,2.264449358335696e-05,0.0009419647976756096,0.0003754087956622243,0.0024567805230617523,0.7593393921852112,0.00560032157227397]],"label":[0,0,0,0,0,0,0,1,0]}