{"input":[[0.519976019859314,0.039167582988739014,0.004463947843760252,0.00017968096653930843,0.006174019537866116,0.0008597947307862341,0.38331925868988037,0.04036277160048485,0.005496976897120476],[0.1695420891046524,0.04398103430867195,0.01956835761666298,4.0303395508090034e-05,0.002947197761386633,0.019657408818602562,0.10434182733297348,0.6251370906829834,0.014784693717956543]],"label":[0,0,0,0,0,1,0,0,0]}