{"input":[[0.0051207514479756355,0.002440802054479718,0.2261888086795807,0.3050631582736969,0.11241690814495087,0.010205481201410294,0.3184131681919098,0.0036809928715229034,0.016469893977046013],[0.015489616431295872,0.04036906361579895,0.4700688421726227,0.018038226291537285,0.005537845194339752,0.07419790327548981,0.22087053954601288,0.10568074136972427,0.049747154116630554]],"label":[0,0,1,0,0,0,0,0,0]}