{"input":[[0.036044057458639145,0.047913581132888794,0.09866638481616974,0.00041258594137616456,0.009923565201461315,0.003900314448401332,0.007470656652003527,0.7850741147994995,0.010594765655696392],[0.00293145515024662,0.010348346084356308,0.010346016846597195,2.2661613456875784e-06,0.0002341136132599786,0.0005609975196421146,9.786793089006096e-05,0.9732402563095093,0.002238678513094783]],"label":[0,0,0,0,0,0,0,1,0]}