{"input":[[0.2607766091823578,0.0199323408305645,0.40850281715393066,0.20021650195121765,0.029642600566148758,0.011712677776813507,0.052196867763996124,0.004324004054069519,0.012695453129708767],[0.2761514484882355,0.026122121140360832,0.3703303635120392,0.13162705302238464,0.07643964886665344,0.012968987226486206,0.029412340372800827,0.029504669830203056,0.04744330421090126]],"label":[1,0,0,0,0,0,0,0,0]}