{"input":[[0.0010336096165701747,0.01195311825722456,0.0009576407028362155,0.000800585316028446,0.00016041210619732738,0.0010274117812514305,0.9813829064369202,0.00046478022704832256,0.0022194781340658665],[0.012218987569212914,0.0574202798306942,0.12029045075178146,0.2015104740858078,0.04555942490696907,0.02129153162240982,0.42751893401145935,0.024259021505713463,0.08993099629878998]],"label":[0,0,0,0,0,0,1,0,0]}