{"input":[[0.01210066955536604,0.6741712689399719,0.002307856921106577,0.0013982582604512572,0.01564936712384224,0.15815377235412598,0.12933653593063354,0.0004855723527725786,0.006396704353392124],[0.021328764036297798,0.6090987324714661,0.039710354059934616,0.006024579983204603,0.007874712347984314,0.22895017266273499,0.08172748237848282,0.0022881331387907267,0.0029969699680805206]],"label":[0,1,0,0,0,0,0,0,0]}