{"input":[[0.0017075503710657358,0.3412680923938751,0.0029049236327409744,0.0027897667605429888,0.007607837673276663,0.07247036695480347,0.43980738520622253,0.12562930583953857,0.005814827978610992],[0.0356220081448555,0.006612035911530256,0.07229072600603104,0.33277627825737,0.12806269526481628,0.02591511607170105,0.3208601176738739,0.014330971986055374,0.06353010982275009]],"label":[0,0,0,0,0,1,0,0,0]}