{"input":[[0.26047033071517944,0.0010637713130563498,0.5397024750709534,1.0056744940811768e-05,0.0009665203397162259,0.00020205967302899808,0.016784342005848885,0.1751307249069214,0.005669782403856516],[0.8239701986312866,0.0002468465536367148,0.016078852117061615,1.5914099549263483e-06,0.00011714910942828283,0.0004346768546383828,0.0010098643833771348,0.15025918185710907,0.007881744764745235]],"label":[0,0,0,0,0,0,0,1,0]}