{"input":[[0.005191091448068619,0.034817419946193695,4.7993606131058186e-05,0.0009811071213334799,0.00023829526617191732,0.33417245745658875,0.6079868078231812,0.007159369066357613,0.009405523538589478],[0.03246534615755081,0.034712158143520355,0.0019494859734550118,0.0006983914645388722,0.0006917198770679533,0.8329315185546875,0.08370900899171829,0.00893938448280096,0.0039029992185533047]],"label":[0,0,0,0,0,1,0,0,0]}