{"input":[[0.04910372197628021,0.0028402763418853283,0.8584722876548767,0.0002535367966629565,0.0023509045131504536,0.0008214737172238529,0.019208496436476707,0.061857420951128006,0.005091970786452293],[0.022131869569420815,0.0030851305928081274,0.9028995037078857,0.0020790789276361465,0.017020925879478455,0.0025510480627417564,0.0020914352498948574,0.03544172644615173,0.012699292041361332]],"label":[0,0,1,0,0,0,0,0,0]}