{"input":[[0.0018156890291720629,0.0011599378194659948,0.014270704239606857,0.2204909771680832,0.06260469555854797,0.0030889990739524364,0.5461218357086182,0.010960370302200317,0.13948671519756317],[0.020192541182041168,0.011183884926140308,0.036870554089546204,0.12257014960050583,0.19910754263401031,0.006992308422923088,0.43334439396858215,0.0017617488047108054,0.16797688603401184]],"label":[0,0,0,0,0,0,0,0,1]}