{"input":[[0.0028762887232005596,0.025892894715070724,0.2768319249153137,0.026010913774371147,0.5182601809501648,0.0009778933599591255,0.11798669397830963,0.006327246781438589,0.024836018681526184],[0.0010004525538533926,6.506303907372057e-05,0.2923441529273987,0.00878246407955885,0.6853659152984619,1.1813960554718506e-05,0.004233141895383596,0.0006516929715871811,0.00754532590508461]],"label":[0,0,1,0,0,0,0,0,0]}