{"input":[[0.00045181807945482433,0.0005058489041402936,0.002879727864637971,0.6533004641532898,0.1722782999277115,0.004213460721075535,0.1579694151878357,0.0018710370641201735,0.006529897917062044],[0.08200901746749878,8.008907025214285e-05,0.7554444074630737,0.02938823401927948,0.07521658390760422,0.00016028640675358474,0.024952128529548645,0.026471447199583054,0.006277795415371656]],"label":[0,0,0,1,0,0,0,0,0]}