{"input":[[0.0035882052034139633,0.007628729101270437,0.013520479202270508,0.1583479791879654,0.07624605298042297,0.012989027425646782,0.6058443784713745,0.008190236985683441,0.11364486813545227],[0.004521426744759083,0.0016424915520474315,0.015246542170643806,0.8648553490638733,0.04494494944810867,0.0022196124773472548,0.03687272220849991,0.0027521918527781963,0.02694465033710003]],"label":[0,0,0,0,0,0,0,0,1]}