{"input":[[0.15565308928489685,0.002578128594905138,0.7652339935302734,0.0018332501640543342,0.01511791255325079,0.00014525857113767415,0.00560159282758832,0.023953380063176155,0.02988355979323387],[0.3777228593826294,0.003651352832093835,0.5222325325012207,0.006472764071077108,0.017024163156747818,0.001654291059821844,0.028979383409023285,0.031862325966358185,0.010400322265923023]],"label":[0,0,1,0,0,0,0,0,0]}