{"input":[[0.004229935351759195,0.0013607334112748504,0.014724118635058403,0.8167747855186462,0.11855083703994751,0.0011829733848571777,0.022809185087680817,0.005472533870488405,0.014894855208694935],[0.03836488351225853,9.378857794217765e-05,0.019971637055277824,0.7960146069526672,0.13119404017925262,0.00012329898891039193,0.0007407921948470175,0.002924011554569006,0.010572923347353935]],"label":[0,0,0,0,1,0,0,0,0]}