{"input":[[0.0008347311522811651,7.849897519918159e-05,0.9548819065093994,0.009956459514796734,0.03153527155518532,0.0001166422080132179,0.0002083415602101013,0.0005359987262636423,0.0018521510064601898],[0.03969400376081467,0.02899002656340599,0.11229609698057175,0.11985108256340027,0.07268708199262619,0.02673346735537052,0.2208617925643921,0.10012507438659668,0.2787612974643707]],"label":[0,0,1,0,0,0,0,0,0]}