{"input":[[2.2550146240973845e-05,0.00016030139522626996,0.001495559699833393,0.9922869205474854,0.0042840722016990185,0.00039793734322302043,0.0011905659921467304,2.3624035748071037e-05,0.00013837807637173682],[0.000242072346736677,0.00027814117493107915,0.06689940392971039,0.7446001768112183,0.1360292136669159,0.0007596679497510195,0.04744414985179901,0.001450235489755869,0.0022970305290073156]],"label":[0,0,0,1,0,0,0,0,0]}