{"input":[[0.0031028403900563717,0.0016372211975976825,0.007670278660953045,0.4316446781158447,0.29061466455459595,0.01794799230992794,0.21942639350891113,0.0010631951736286283,0.026892773807048798],[0.009849603287875652,0.0012538820737972856,0.04599705711007118,0.5197641849517822,0.09316758811473846,0.004787630867213011,0.02040763944387436,0.11053444445133209,0.19423796236515045]],"label":[0,0,0,0,1,0,0,0,0]}