{"input":[[0.0006889396463520825,0.08667450398206711,0.003978092689067125,0.006766989827156067,0.006134370807558298,0.020619090646505356,0.8616474270820618,0.0010224058059975505,0.01246815174818039],[0.004949577618390322,0.015139864757657051,0.09861485660076141,0.5478274822235107,0.07756157964468002,0.021251147612929344,0.16944973170757294,0.035928402096033096,0.02927733212709427]],"label":[0,1,0,0,0,0,0,0,0]}