{"input":[[0.0008610932854935527,0.015148798003792763,0.0006704481202177703,0.00015555016580037773,0.0006594375008717179,0.006744115613400936,0.9524379968643188,0.014813704416155815,0.008508807048201561],[0.009959835559129715,2.6718606022768654e-05,0.0019614463672041893,8.053947198050082e-08,9.418507033842616e-06,2.5216651920345612e-05,0.00014283304335549474,0.9877508878707886,0.00012356879597064108]],"label":[0,0,0,0,0,0,1,0,0]}