{"input":[[0.008912995457649231,0.641960084438324,0.0014627756318077445,0.02906523272395134,0.00137932354118675,0.12695151567459106,0.1615164577960968,0.003607073798775673,0.02514456957578659],[0.017237797379493713,0.07433135062456131,0.4781709313392639,0.09607820957899094,0.03491542115807533,0.008240512572228909,0.015039741061627865,0.2114887684583664,0.06449729204177856]],"label":[0,0,1,0,0,0,0,0,0]}