{"input":[[0.6328188180923462,0.0054304045625030994,0.2538580894470215,0.013396608643233776,0.006806899327784777,0.0016642507398501039,0.0026089779566973448,0.05022590607404709,0.03319006413221359],[0.5516877770423889,0.0024739603977650404,0.391950398683548,0.0027065700851380825,0.005201396532356739,0.00020810883142985404,0.0012873610248789191,0.037511344999074936,0.006973193027079105]],"label":[1,0,0,0,0,0,0,0,0]}