{"input":[[0.011058776639401913,0.12729287147521973,0.0064038424752652645,0.0008756057941354811,0.006701576057821512,0.1425059288740158,0.695928692817688,0.005893277004361153,0.003339404007419944],[0.0029210278298705816,0.6230669021606445,0.09649837017059326,0.0016535560134798288,0.04084991663694382,0.0521409697830677,0.13451004028320312,0.04477289691567421,0.003586277598515153]],"label":[0,1,0,0,0,0,0,0,0]}