{"input":[[0.016039162874221802,0.015405049547553062,0.027550414204597473,0.00666297972202301,0.007168329320847988,0.0015717217465862632,0.22312936186790466,0.6843545436859131,0.018118420615792274],[0.05053814873099327,0.02126784436404705,0.08274558186531067,0.024495135992765427,0.01821054518222809,0.01056417915970087,0.22022418677806854,0.5294893980026245,0.04246491938829422]],"label":[0,0,0,0,0,0,0,0,1]}