{"input":[[0.0007174963247962296,0.06154106184840202,0.002113319467753172,0.032328177243471146,0.0029057881329208612,0.19299903512001038,0.675312340259552,0.022913722321391106,0.009169140830636024],[0.007465916685760021,0.5365935564041138,0.019784247502684593,0.004863521084189415,0.0012957236031070352,0.12120049446821213,0.2735062539577484,0.03232170268893242,0.0029685641638934612]],"label":[0,0,0,0,0,0,1,0,0]}