{"input":[[0.00018625565280672163,0.0009001853177323937,7.350087253144011e-05,0.0006758205709047616,8.734331640880555e-05,0.03495251014828682,0.9621448516845703,4.643681677407585e-05,0.0009331274195574224],[0.004512032028287649,0.02188081666827202,0.037035021930933,0.4054946005344391,0.015675529837608337,0.09726101160049438,0.34269243478775024,0.04091363400220871,0.034534916281700134]],"label":[0,0,0,0,0,1,0,0,0]}