{"input":[[0.04906574636697769,0.0021126060746610165,0.71112459897995,4.36013906437438e-05,0.04503082111477852,0.00029191479552537203,0.006535788532346487,0.17732706665992737,0.008467886596918106],[0.004047028720378876,0.00034247906296513975,0.8416413068771362,0.0012727067805826664,0.0988917201757431,0.0006398961413651705,0.02545364573597908,0.025027647614479065,0.0026834451127797365]],"label":[0,0,1,0,0,0,0,0,0]}