{"input":[[0.0018915556138381362,0.0015297007048502564,0.06339162588119507,0.007462268695235252,0.03540555387735367,0.01944538950920105,0.38436785340309143,0.4794575273990631,0.007048517931252718],[0.046395301818847656,0.03938913345336914,0.08516068756580353,0.007172811776399612,0.014508801512420177,0.02478106878697872,0.1791742593050003,0.5772311091423035,0.026186872273683548]],"label":[0,0,0,0,0,0,0,1,0]}