{"input":[[0.11388488113880157,0.17462177574634552,0.005769703071564436,0.01548877451568842,0.006046651396900415,0.06916610151529312,0.43048229813575745,0.04453989118337631,0.13999992609024048],[0.1574825495481491,0.006886407732963562,0.5419880151748657,0.00027602483169175684,0.0030747943092137575,0.00121845374815166,0.08104711025953293,0.20281851291656494,0.0052081868052482605]],"label":[0,1,0,0,0,0,0,0,0]}