{"input":[[0.00787104107439518,0.007861239835619926,0.5200786590576172,0.19841642677783966,0.06390289962291718,0.005326323211193085,0.059282854199409485,0.1101018562912941,0.027158614248037338],[0.01187167502939701,0.01670510321855545,0.07860327512025833,0.04527755826711655,0.05573142692446709,0.08234301209449768,0.5503210425376892,0.07133683562278748,0.08781011402606964]],"label":[0,0,1,0,0,0,0,0,0]}