{"input":[[0.5519176721572876,0.00260182679630816,0.23578251898288727,0.004582190420478582,0.042411841452121735,0.0005463280249387026,0.12101278454065323,0.0289906058460474,0.012154188938438892],[0.07885245233774185,0.0026584139559417963,0.19740401208400726,0.024594612419605255,0.5254803895950317,0.001724117435514927,0.09238674491643906,0.03342186287045479,0.043477389961481094]],"label":[1,0,0,0,0,0,0,0,0]}