{"input":[[0.034764714539051056,0.0021915587130934,0.03130771964788437,0.17248578369617462,0.06396826356649399,0.03699347376823425,0.5053998827934265,0.03481180965900421,0.1180768832564354],[0.024783089756965637,0.06958764046430588,0.12783658504486084,0.20134642720222473,0.07445836812257767,0.0662592351436615,0.15815983712673187,0.02582385763525963,0.25174480676651]],"label":[0,0,0,0,0,0,1,0,0]}