{"input":[[0.04414911940693855,0.08684749901294708,0.028902944177389145,0.3111693561077118,0.07202046364545822,0.12414143234491348,0.2665920853614807,0.032316915690898895,0.03386019170284271],[0.022050989791750908,0.008998961187899113,0.0385049507021904,0.7651172280311584,0.036791302263736725,0.034050244837999344,0.07254897803068161,0.003304590005427599,0.018632784485816956]],"label":[0,0,0,0,0,1,0,0,0]}