{"input":[[0.08250505477190018,0.0006529726670123637,0.4186016321182251,0.004299114923924208,0.03228205442428589,0.0003839060082100332,0.06319738924503326,0.3920295238494873,0.006048416253179312],[0.014957951381802559,0.0023279960732907057,0.7352430820465088,0.0961550697684288,0.07787064462900162,0.0038228679914027452,0.039582349359989166,0.014103759080171585,0.01593635231256485]],"label":[0,0,1,0,0,0,0,0,0]}