{"input":[[0.00022527373221237212,0.7272515892982483,7.38422604626976e-05,0.0013121204683557153,0.0011714627034962177,0.0531998947262764,0.20761467516422272,0.0015748876612633467,0.007576251868158579],[0.07863195985555649,0.2592152953147888,0.041902441531419754,0.02871425449848175,0.11475442349910736,0.0565788708627224,0.3629801273345947,0.05012477561831474,0.007097982801496983]],"label":[0,0,0,0,0,1,0,0,0]}