{"input":[[0.008062336593866348,0.004402931779623032,0.8167354464530945,0.045560285449028015,0.07802755385637283,0.0015651605790480971,0.03217962384223938,0.002390880137681961,0.011075817048549652],[0.02905605360865593,0.02860541082918644,0.4172024726867676,0.29189208149909973,0.03989157825708389,0.018169404938817024,0.12072046846151352,0.016340741887688637,0.03812183812260628]],"label":[0,0,1,0,0,0,0,0,0]}