{"input":[[0.005911858752369881,0.1206258088350296,0.13944415748119354,0.0003499476588331163,0.455181360244751,0.0009393905638717115,0.09874896705150604,0.16091281175613403,0.017885830253362656],[0.006375868804752827,0.0025740370620042086,0.5991964936256409,0.11770207434892654,0.11992911994457245,0.00816248543560505,0.06269869208335876,0.033550526946783066,0.04981076717376709]],"label":[0,0,0,0,1,0,0,0,0]}