{"input":[[0.006219040602445602,0.036909833550453186,0.00885071326047182,0.20119696855545044,0.004521433264017105,0.01198848057538271,0.6504745483398438,0.06526166200637817,0.014577378518879414],[0.03929602727293968,0.024111200124025345,0.44539332389831543,0.06532520800828934,0.12877482175827026,0.019660942256450653,0.07332424074411392,0.04660369083285332,0.15751056373119354]],"label":[0,0,0,1,0,0,0,0,0]}