{"input":[[0.0011817888589575887,1.584552578037801e-08,3.4762790164677426e-05,2.6580586620639224e-08,4.362422623671591e-05,3.5872620429699964e-08,1.2373128583931248e-06,0.9987378716468811,6.776094778615516e-07],[0.0040262676775455475,4.258261469658464e-06,0.0020217851269990206,8.200118628565178e-08,6.360127008520067e-05,6.456662617893016e-07,1.2124539352953434e-05,0.9937804341316223,9.075956040760502e-05]],"label":[0,0,0,0,0,0,0,1,0]}