{"input":[[0.02575434185564518,0.0005282205529510975,0.21581602096557617,0.2870361804962158,0.32304608821868896,0.0008692405535839498,0.07497777789831161,0.014704606495797634,0.05726756528019905],[0.0014619897119700909,0.0040062605403363705,0.14427831768989563,0.4744702875614166,0.3099224269390106,0.0025917254388332367,0.043159063905477524,0.010955077596008778,0.009154723957180977]],"label":[0,0,0,0,1,0,0,0,0]}