{"input":[[0.5380632281303406,0.006923478562384844,0.07459414005279541,0.026435881853103638,0.018806608393788338,0.007382413372397423,0.048100169748067856,0.11476687341928482,0.16492708027362823],[0.029881572350859642,0.03684775531291962,0.6919931173324585,0.007261097431182861,0.08558332175016403,0.009155876003205776,0.03824920207262039,0.056142814457416534,0.04488517716526985]],"label":[0,0,1,0,0,0,0,0,0]}