{"input":[[0.06731774657964706,0.01747794635593891,0.017873315140604973,0.00015835935482755303,0.005014454480260611,0.0028662187978625298,0.665454089641571,0.2216254025697708,0.0022124936804175377],[0.08720892667770386,0.00456433929502964,0.09809205681085587,0.0020405154209583998,0.01429081242531538,0.0012360374676063657,0.022318080067634583,0.7549639940261841,0.015285217203199863]],"label":[0,0,0,0,0,1,0,0,0]}