{"input":[[0.04734556004405022,0.004706331063061953,0.6275987029075623,0.020468764007091522,0.17058630287647247,0.0032141022384166718,0.11557038128376007,0.007219860330224037,0.003289917716756463],[0.045113030821084976,0.005484684370458126,0.1283106654882431,0.19649142026901245,0.11211298406124115,0.022394077852368355,0.11804018169641495,0.030107492581009865,0.34194546937942505]],"label":[0,0,0,1,0,0,0,0,0]}