{"input":[[0.0013668371830135584,0.00030749861616641283,0.02025659568607807,0.763206422328949,0.18895837664604187,0.0005882484256289899,0.010242180898785591,0.0075077032670378685,0.007566045969724655],[0.002669865032657981,0.001611751620657742,0.3368989825248718,0.5292308330535889,0.036283161491155624,0.022625677287578583,0.057662926614284515,0.008613360114395618,0.004403410479426384]],"label":[0,0,0,0,1,0,0,0,0]}