{"input":[[0.00032000758801586926,0.00010240109986625612,0.0002157745329895988,0.9316047430038452,0.041298337280750275,0.0009486956405453384,0.02449953369796276,0.0005155630642548203,0.0004949563299305737],[9.9493823654484e-05,1.2623623661056627e-05,0.0020032047759741545,0.9080210328102112,0.08625824004411697,5.28855380252935e-05,0.0010123555548489094,0.00019604458066169173,0.00234413449652493]],"label":[0,0,0,1,0,0,0,0,0]}