{"input":[[0.002660332713276148,0.581261396408081,0.00028153148014098406,0.004520512651652098,0.0032489760778844357,0.1680574268102646,0.2376062572002411,0.0010571551974862814,0.001306394929997623],[0.03437964990735054,0.001517868833616376,0.5001327395439148,0.0004790747771039605,0.005142965819686651,0.0014345841482281685,0.00898013450205326,0.41363289952278137,0.034300148487091064]],"label":[0,0,0,0,0,1,0,0,0]}