{"input":[[0.003222909988835454,0.002794526517391205,0.0007027164101600647,0.004950495436787605,0.0005747625255025923,0.020431777462363243,0.6010301113128662,0.0029961199034005404,0.3632965683937073],[0.02238403633236885,0.011590393260121346,0.38227492570877075,0.10726986080408096,0.10448282957077026,0.06759316474199295,0.11044632643461227,0.03329603374004364,0.16066236793994904]],"label":[0,0,0,0,0,0,0,1,0]}