{"input":[[0.007269640453159809,0.004186166916042566,0.03261982277035713,0.6439363956451416,0.06837667524814606,0.011747574433684349,0.08204316347837448,0.03065684624016285,0.11916369944810867],[0.008478743024170399,0.0017613741802051663,0.011349896900355816,0.8120018243789673,0.09139630198478699,0.0035519558005034924,0.02127053774893284,0.006878810469061136,0.04331066459417343]],"label":[0,0,0,0,1,0,0,0,0]}