{"input":[[0.06970673054456711,0.07277336716651917,0.07175866514444351,0.056688714772462845,0.13323989510536194,0.011952383443713188,0.34883129596710205,0.17255482077598572,0.06249402463436127],[0.08439280837774277,0.0750313326716423,0.07387690246105194,0.07507968693971634,0.05766268074512482,0.034965429455041885,0.0964609906077385,0.3734021782875061,0.12912794947624207]],"label":[0,0,1,0,0,0,0,0,0]}