{"input":[[0.02957412600517273,0.5352746248245239,0.02302820049226284,0.03193436190485954,0.008744879625737667,0.19143643975257874,0.11318361759185791,0.01711796224117279,0.04970572888851166],[0.0026341816410422325,0.6630305051803589,0.006381705868989229,0.00013838731683790684,0.00029492570320144296,0.22188700735569,0.09827171266078949,0.0034922221675515175,0.0038693752139806747]],"label":[0,1,0,0,0,0,0,0,0]}