{"input":[[0.03554382175207138,0.002184484852477908,0.13904450833797455,0.23912711441516876,0.03684048354625702,0.014892085455358028,0.3256828784942627,0.04401563107967377,0.16266892850399017],[0.12804201245307922,0.11068499833345413,0.09404996782541275,0.1642734408378601,0.03365129977464676,0.03472824767231941,0.1855252981185913,0.12459962069988251,0.12444506585597992]],"label":[0,0,0,0,1,0,0,0,0]}