{"input":[[1.1892467227880843e-05,0.000798760331235826,3.5720830055652186e-05,0.004932448733597994,0.00011200353765161708,0.0012038472341373563,0.992554247379303,0.0001088140852516517,0.00024216054589487612],[0.056707073003053665,0.05934176594018936,0.06653185188770294,0.12056982517242432,0.012309150770306587,0.04847908765077591,0.38034799695014954,0.15621760487556458,0.09949570149183273]],"label":[0,0,0,0,0,0,1,0,0]}