{"input":[[0.10172924399375916,0.004266804549843073,0.04116303473711014,0.2215067595243454,0.25876161456108093,0.008619050495326519,0.19137966632843018,0.1295003592967987,0.04307349771261215],[0.028028912842273712,0.009266378358006477,0.16769729554653168,0.43968668580055237,0.1562499701976776,0.0075381300412118435,0.14686810970306396,0.009790989570319653,0.034873589873313904]],"label":[0,0,0,0,1,0,0,0,0]}