{"input":[[0.5637027621269226,0.022466668859124184,0.31512147188186646,0.012123621068894863,0.025134732946753502,0.0023172087967395782,0.007601477205753326,0.031030727550387383,0.020501311868429184],[0.5881891846656799,0.00409896532073617,0.14854639768600464,0.03310383856296539,0.007251111790537834,0.005924459081143141,0.10741473734378815,0.07355759292840958,0.03191376477479935]],"label":[0,0,1,0,0,0,0,0,0]}