{"input":[[0.000582280452363193,0.003466698108240962,0.000686806975863874,0.014291555620729923,0.0010910447454079986,0.002031755866482854,0.9739006161689758,0.00017905267304740846,0.003770271083340049],[0.015282418578863144,0.013399586081504822,0.06005024164915085,0.3943760097026825,0.044972144067287445,0.0607924684882164,0.332005113363266,0.007279047742486,0.07184287160634995]],"label":[0,0,0,0,0,0,1,0,0]}