{"input":[[0.668096125125885,0.0021301850210875273,0.18944989144802094,3.9665534131927416e-05,0.0009385466109961271,0.0011871136957779527,0.0514473058283329,0.08261597156524658,0.004095155745744705],[0.3688689172267914,0.0014111683703958988,0.3778385818004608,0.00043026075582019985,0.002781711518764496,0.00026870687725022435,0.07925721257925034,0.16402187943458557,0.005121576599776745]],"label":[1,0,0,0,0,0,0,0,0]}