{"input":[[0.010528228245675564,0.0005514753283932805,0.751074492931366,1.402146699547302e-05,0.007292537484318018,0.0002628236834425479,0.0003406167379580438,0.1927703619003296,0.03716547414660454],[0.0017392165027558804,0.00017248567019123584,0.6859571933746338,0.0010800586314871907,0.1908770501613617,0.0015091421082615852,0.0026107586454600096,0.1049954742193222,0.011058649979531765]],"label":[0,0,0,0,0,0,0,0,1]}