{"input":[[0.14560161530971527,6.865987234050408e-05,0.7460878491401672,0.000247121206484735,0.004956020042300224,0.00048477304517291486,0.017347365617752075,0.06752261519432068,0.017683954909443855],[0.14550572633743286,0.0009484916226938367,0.24711580574512482,0.0010343097383156419,0.002929503098130226,0.0016814275877550244,0.003852520603686571,0.5943685173988342,0.002563731512054801]],"label":[1,0,0,0,0,0,0,0,0]}