{"input":[[0.0004116114869248122,0.24049890041351318,0.002228638855740428,0.00910663977265358,0.002234767423942685,0.02223428338766098,0.7162562012672424,0.004651790950447321,0.002377105876803398],[0.0022725537419319153,0.07546088844537735,0.013109209947288036,0.00855198036879301,0.012025128118693829,0.025236206129193306,0.8624626994132996,0.00030472848447971046,0.0005765827372670174]],"label":[0,1,0,0,0,0,0,0,0]}