{"input":[[0.26348936557769775,0.005456964485347271,0.24179944396018982,0.0190323144197464,0.019305646419525146,0.0039785499684512615,0.027731310576200485,0.28603804111480713,0.13316835463047028],[0.003532698377966881,2.4974069674499333e-05,0.8945313096046448,2.8860538805020042e-05,0.0010207734303548932,3.6078338325751247e-06,5.075404260423966e-05,0.09970764815807343,0.0010993439937010407]],"label":[0,0,0,0,1,0,0,0,0]}