{"input":[[0.0019114777678623796,0.08892275393009186,0.0007242638384923339,1.1552160685823765e-05,1.3102403499942739e-05,0.0024843302089720964,0.02000311203300953,0.8843526840209961,0.001576715032570064],[0.005913761910051107,0.01682463102042675,0.0054728444665670395,2.1145067876204848e-05,0.0003357580571901053,0.005428040865808725,0.0022809042129665613,0.9397867321968079,0.023936213925480843]],"label":[0,0,0,0,0,0,0,1,0]}