{"input":[[0.0039272611029446125,8.592459198553115e-05,0.0032318448647856712,0.03838829696178436,0.006605490576475859,0.00015381377306766808,0.01465215440839529,0.04851781204342842,0.8844373822212219],[0.06477569788694382,0.10958165675401688,0.14433065056800842,0.07932945340871811,0.010687162168323994,0.020214738324284554,0.5114372968673706,0.03360036015510559,0.026042982935905457]],"label":[0,0,0,0,0,0,0,0,1]}