{"input":[[0.9422321319580078,1.599453571543563e-05,0.0002712403074838221,0.000282622582744807,0.025787128135561943,2.3791162675479427e-05,0.00012095061538275331,0.02663327567279339,0.0046328227035701275],[0.23354466259479523,0.0015944590559229255,0.17132502794265747,0.00466654310002923,0.01694648340344429,0.001050313701853156,0.003950806800276041,0.4990028738975525,0.06791885197162628]],"label":[1,0,0,0,0,0,0,0,0]}