{"input":[[0.021416980773210526,0.34007659554481506,0.08141832798719406,0.0007532937452197075,0.05295131355524063,0.04723716154694557,0.10258873552083969,0.21985813975334167,0.1336994618177414],[0.014058343134820461,0.023200886324048042,0.19886212050914764,0.07635274529457092,0.1352776736021042,0.24868588149547577,0.26942306756973267,0.006160615012049675,0.027978599071502686]],"label":[0,0,0,0,1,0,0,0,0]}