{"input":[[0.004585879854857922,0.004745193291455507,0.34837931394577026,0.0021515346597880125,0.1817597895860672,0.0009503491455689073,0.024789880961179733,0.4075683653354645,0.0250697024166584],[0.030917784199118614,0.07057695835828781,0.3009065091609955,0.008563398383557796,0.036160290241241455,0.07053837180137634,0.07837342470884323,0.3043624758720398,0.09960077702999115]],"label":[0,0,0,0,0,0,0,1,0]}