{"input":[[0.03127449005842209,0.0036241246853023767,0.606248676776886,0.12813617289066315,0.05275344103574753,0.010552640073001385,0.060242269188165665,0.09631329029798508,0.010854968801140785],[0.0028383280150592327,2.7986521672573872e-05,0.9402773380279541,0.012058586813509464,0.031081825494766235,4.193932545604184e-05,0.0005367440171539783,0.012832136824727058,0.00030499743297696114]],"label":[0,0,1,0,0,0,0,0,0]}