{"input":[[0.030691174790263176,0.0030873510986566544,0.3171692490577698,0.16282081604003906,0.15841993689537048,0.003043761942535639,0.2990567684173584,0.009278383105993271,0.01643260009586811],[0.01709323190152645,0.03476197272539139,0.3267253339290619,0.27239421010017395,0.16032668948173523,0.00864860974252224,0.1518786996603012,0.010816723108291626,0.017354480922222137]],"label":[1,0,0,0,0,0,0,0,0]}