{"input":[[0.0068169948644936085,0.01666835881769657,0.13002075254917145,0.418112188577652,0.2864389419555664,0.0019288687035441399,0.13189099729061127,0.0005835924530401826,0.007539330516010523],[0.022916382178664207,0.3214912712574005,0.09656990319490433,0.04474182426929474,0.013266077265143394,0.042141761630773544,0.3598547875881195,0.0899098813533783,0.009107978083193302]],"label":[0,0,0,0,1,0,0,0,0]}