{"input":[[0.004716440569609404,0.21839675307273865,0.003456246806308627,0.01776222698390484,0.0009341549593955278,0.2120254933834076,0.35652393102645874,0.012439213693141937,0.1737455427646637],[0.037241898477077484,0.11193187534809113,0.03683895617723465,0.0057459622621536255,0.00319344038143754,0.25936517119407654,0.4533292353153229,0.03388967365026474,0.05846386402845383]],"label":[0,0,0,0,0,0,1,0,0]}