{"input":[[0.26185116171836853,0.002407254884019494,0.05064848065376282,0.021139631047844887,0.06475155055522919,0.003037097165361047,0.032948803156614304,0.5324811339378357,0.03073490411043167],[0.07664429396390915,0.000773939595092088,0.029753034934401512,0.025850506499409676,0.5464820265769958,0.0016499519115313888,0.03701495751738548,0.11579453200101852,0.1660367250442505]],"label":[0,0,0,0,0,0,0,1,0]}