{"input":[[0.13217465579509735,0.13778622448444366,0.03722378984093666,0.00863624643534422,0.050158772617578506,0.05276263505220413,0.0757695659995079,0.33004230260849,0.17544573545455933],[0.008432826027274132,0.002483471529558301,0.9556993246078491,3.1050156394485384e-05,0.002862767316401005,0.0005039363750256598,0.0018898301059380174,0.020233070477843285,0.007863602600991726]],"label":[0,0,0,0,1,0,0,0,0]}