{"input":[[0.06867388635873795,0.010562829673290253,0.17705948650836945,0.0005887774168513715,0.00918895099312067,0.013840679079294205,0.7061036229133606,0.010194853879511356,0.0037869105581194162],[0.029825186356902122,0.33944645524024963,0.09548588842153549,0.09248082339763641,0.03069048747420311,0.05153411254286766,0.24646815657615662,0.02262149192392826,0.09144744277000427]],"label":[0,0,0,0,0,0,0,0,1]}