{"input":[[0.015468691475689411,0.00020383465744089335,0.018781514838337898,8.445727144135162e-05,0.009341469965875149,0.003691254183650017,0.013706128112971783,0.910673201084137,0.028049476444721222],[0.020442375913262367,0.0038567681331187487,0.20198950171470642,0.017787925899028778,0.06730503588914871,0.004211811348795891,0.06337487697601318,0.5996344685554504,0.021397273987531662]],"label":[0,0,0,0,0,0,0,0,1]}