{"input":[[0.00023186567705124617,3.6055773477983166e-08,0.6318960189819336,0.00010769344225991517,0.01570994220674038,1.992338184209075e-06,2.838838099705754e-06,0.343810111284256,0.008239557966589928],[0.010003919713199139,0.0014279341557994485,0.14772744476795197,0.04538606107234955,0.04880034551024437,0.0025919724721461535,0.012890323996543884,0.12170059233903885,0.6094714403152466]],"label":[0,0,1,0,0,0,0,0,0]}