{"input":[[0.021446289494633675,0.11413286626338959,0.08545646071434021,0.3384867012500763,0.2073902189731598,0.030032560229301453,0.15448272228240967,0.014736439101397991,0.03383570909500122],[0.049721989780664444,0.08883345872163773,0.04545293748378754,0.14370527863502502,0.03001772053539753,0.0641658753156662,0.21894066035747528,0.10397958010435104,0.2551824450492859]],"label":[0,0,0,0,0,1,0,0,0]}