{"input":[[0.0008431985625065863,0.11430608481168747,0.00014936945808585733,0.004739584866911173,0.004533310886472464,0.020149365067481995,0.8532506823539734,0.0005488467286340892,0.0014794686576351523],[0.005445078015327454,0.1850210279226303,0.004181887488812208,0.0005955584347248077,0.004085197113454342,0.0916847214102745,0.7056922912597656,0.0002254243881907314,0.0030688033439219]],"label":[0,1,0,0,0,0,0,0,0]}