{"input":[[0.01646694913506508,0.2549288272857666,0.08087225258350372,0.07762451469898224,0.05814583972096443,0.22286055982112885,0.15173660218715668,0.04289478808641434,0.09446970373392105],[0.03864967077970505,0.228580042719841,0.08266564458608627,0.27110210061073303,0.008701782673597336,0.055336929857730865,0.20964407920837402,0.05501246079802513,0.050307318568229675]],"label":[0,1,0,0,0,0,0,0,0]}