{"input":[[0.0020428323186933994,0.03693978115916252,0.0015857659745961428,0.002177618909627199,0.0611833781003952,0.023998940363526344,0.8654491305351257,0.0027923884335905313,0.003830177476629615],[0.12571091949939728,0.048057250678539276,0.25873762369155884,0.05592937394976616,0.07050136476755142,0.018140647560358047,0.08132365345954895,0.17183063924312592,0.16976851224899292]],"label":[0,0,0,0,0,0,1,0,0]}