{"input":[[5.0856080633820966e-05,0.7322220206260681,2.516102767913253e-06,4.705255832959665e-06,7.2363864092039876e-06,0.14645396173000336,0.12124422192573547,2.3803768272046e-06,1.209008496516617e-05],[0.09614342451095581,0.1746883988380432,0.3148204982280731,0.06511736661195755,0.017062466591596603,0.03362002596259117,0.1961032599210739,0.045418187975883484,0.057026445865631104]],"label":[0,0,0,0,0,0,1,0,0]}