{"input":[[0.03309100493788719,0.07024090737104416,0.01804523728787899,0.05012953281402588,0.005292360670864582,0.07852806895971298,0.1078852191567421,0.38698410987854004,0.2498035579919815],[0.015293339267373085,0.06927207112312317,0.023450618609786034,0.08511022478342056,0.024424990639090538,0.1900234967470169,0.26466190814971924,0.12026777118444443,0.20749561488628387]],"label":[0,0,0,0,0,0,0,0,1]}