{"input":[[0.000558484869543463,0.02251986786723137,0.30909693241119385,0.12878970801830292,0.46547257900238037,0.0023184434976428747,0.008966087363660336,0.015221372246742249,0.04705667868256569],[0.002655830467119813,0.004559744615107775,0.22418686747550964,0.25934362411499023,0.3366261124610901,0.00666434271261096,0.035805296152830124,0.006019193213433027,0.12413895130157471]],"label":[0,0,0,0,1,0,0,0,0]}