{"input":[[0.0006759159732609987,0.0009048870415426791,0.004734450951218605,0.05534866079688072,0.00995497778058052,0.0014838766073808074,0.9186552166938782,0.0026066028513014317,0.005635429639369249],[0.012301669456064701,0.0020485329441726208,0.19329331815242767,0.49854111671447754,0.2070159614086151,0.0036254609003663063,0.03392203152179718,0.02477865293622017,0.02447325736284256]],"label":[0,0,0,1,0,0,0,0,0]}