{"input":[[0.0008026206633076072,6.80486045894213e-05,0.9497116208076477,9.540177416056395e-06,0.0036519570276141167,5.93383374507539e-05,0.0001546737039461732,0.04113658517599106,0.004405636806041002],[0.00027962843887507915,4.7282621380873024e-05,0.9184315204620361,1.823785532906186e-05,0.003095615189522505,0.00047447404358536005,0.0003022423479706049,0.07260950654745102,0.004741395823657513]],"label":[0,0,1,0,0,0,0,0,0]}