{"input":[[0.006463338620960712,0.009649109095335007,0.06086769327521324,0.0165245421230793,0.45926374197006226,0.0026177994441241026,0.007069562096148729,0.2321528047323227,0.20539136230945587],[0.009753772057592869,5.3432548156706616e-05,0.013497971929609776,0.004528750199824572,0.2704089283943176,8.715908916201442e-05,0.0003531003894750029,0.6829644441604614,0.018352536484599113]],"label":[0,0,0,0,1,0,0,0,0]}