{"input":[[0.004984842613339424,0.06773339956998825,0.010181407444179058,0.04777507856488228,0.07620304077863693,0.4487917423248291,0.31637120246887207,0.0010389595991000533,0.026920299977064133],[0.0033997579012066126,0.08362961560487747,0.04871919006109238,0.04968101531267166,0.020262816920876503,0.1801963597536087,0.5042693018913269,0.009299811907112598,0.10054214298725128]],"label":[0,1,0,0,0,0,0,0,0]}