{"input":[[0.00013100735668558627,1.3406205425781081e-06,0.02103971131145954,1.0240607934974832e-06,7.836501026758924e-05,7.986753189470619e-06,2.41015586652793e-05,0.9784546494483948,0.0002617343852762133],[0.009235544130206108,9.88183674053289e-05,0.2871856093406677,0.0003629629500210285,0.0026275664567947388,0.0004102529783267528,0.0010242771822959185,0.6891008615493774,0.009954080916941166]],"label":[0,0,0,0,0,0,0,1,0]}