{"input":[[0.8428800702095032,0.010601137764751911,0.0781976580619812,8.786812031758018e-06,2.2464255380327813e-06,2.5552491933922283e-05,0.045219216495752335,0.022993244230747223,7.211499178083614e-05],[0.9734954237937927,4.1967294237110764e-05,0.002873862162232399,3.431250377161632e-07,1.6914858861127868e-05,6.344240318867378e-06,0.017579391598701477,0.005982495844364166,3.1616355045116507e-06]],"label":[1,0,0,0,0,0,0,0,0]}