{"input":[[0.0010022125206887722,0.0021678635384887457,0.0037450927775353193,0.008461706340312958,0.002229981357231736,0.002163639757782221,0.9755131006240845,0.004069427493959665,0.000646970234811306],[0.023500952869653702,0.05066848173737526,0.1989949494600296,0.3378901183605194,0.02971218153834343,0.037491075694561005,0.12632067501544952,0.1839001178741455,0.01152132824063301]],"label":[0,0,0,0,0,0,1,0,0]}