{"input":[[0.00023096414224710315,5.964851879980415e-05,1.8968801668961532e-05,0.0002538287953939289,0.00033591064857319,0.008998759090900421,0.9899972677230835,1.0789394764287863e-05,9.391755884280428e-05],[0.001802118495106697,0.0038814106956124306,0.0007117908680811524,0.29597207903862,0.01591041497886181,0.08069705963134766,0.5841333270072937,0.005333948414772749,0.011557848192751408]],"label":[0,0,0,0,0,0,1,0,0]}