{"input":[[0.0006845881580375135,7.165509032347472e-06,0.0009496696293354034,0.38234615325927734,0.4121658504009247,0.02559303306043148,0.165490061044693,0.0002732034772634506,0.012490222230553627],[0.006254883017390966,0.001053042709827423,0.005700425710529089,0.029444236308336258,0.002255258848890662,0.12978851795196533,0.8150506615638733,0.004278604872524738,0.006174387410283089]],"label":[0,0,0,0,0,0,1,0,0]}