{"input":[[0.0024062562733888626,1.7280408428632654e-06,0.02966591715812683,1.2391626569296932e-07,0.0001045935059664771,1.880284003163979e-06,9.21822211239487e-05,0.9671962261199951,0.0005310822743922472],[0.0009340627584606409,5.074707019048219e-07,0.03700074180960655,4.668106896588142e-07,9.145796502707526e-05,1.0746044836196234e-06,3.713071419042535e-05,0.9610868096351624,0.000847703660838306]],"label":[0,0,0,0,0,0,0,1,0]}