{"input":[[0.4545225501060486,0.015534351579844952,0.0452742762863636,0.02275492250919342,0.16539764404296875,0.001667618053033948,0.22716069221496582,0.017760727554559708,0.04992727190256119],[0.48091012239456177,0.059729840606451035,0.16642485558986664,0.11450332403182983,0.030403532087802887,0.009720662608742714,0.06747452914714813,0.034216031432151794,0.03661704435944557]],"label":[1,0,0,0,0,0,0,0,0]}