{"input":[[0.02640484645962715,0.0031740691047161818,0.08902733772993088,0.3193507790565491,0.07383564859628677,0.0019266405142843723,0.2550099790096283,0.16643720865249634,0.06483355909585953],[0.03714829683303833,0.0013291201321408153,0.20020417869091034,0.4998287558555603,0.016886558383703232,0.001063310308381915,0.06789548695087433,0.02956036478281021,0.14608396589756012]],"label":[0,0,0,0,1,0,0,0,0]}