{"input":[[0.0024183965288102627,2.3242722818395123e-05,0.11000729352235794,0.7330237030982971,0.07353173196315765,0.0007123830146156251,0.012161255814135075,0.00339695462025702,0.06472504884004593],[0.0042146723717451096,0.0019957947079092264,0.09472598135471344,0.7173182368278503,0.08950959146022797,0.0027429568581283092,0.034261997789144516,0.004074736498296261,0.05115601792931557]],"label":[0,0,0,1,0,0,0,0,0]}