{"input":[[0.020773625001311302,0.0001525227853562683,0.35999488830566406,0.1096988171339035,0.11852864921092987,0.015372234396636486,0.03292808681726456,0.006116020027548075,0.33643507957458496],[0.013611442409455776,0.0030969041399657726,0.3225735127925873,0.0212226714938879,0.012212556786835194,0.05306217446923256,0.30320850014686584,0.25116288661956787,0.019849378615617752]],"label":[0,0,1,0,0,0,0,0,0]}