{"input":[[0.007501183543354273,4.409921984915854e-06,0.10302387923002243,9.375969239044935e-05,0.007534097880125046,4.02255045628408e-06,2.738769217103254e-05,0.8796432614326477,0.0021679741330444813],[0.025996368378400803,3.596067108446732e-05,0.011705312877893448,1.9829165466944687e-05,9.816284000407904e-05,0.00027465232415124774,0.00045895332004874945,0.9515156745910645,0.009895039722323418]],"label":[0,0,1,0,0,0,0,0,0]}