{"input":[[0.14476612210273743,0.00018158326565753669,0.021897390484809875,0.004883469082415104,0.01740611344575882,0.00022267171880230308,0.03227987140417099,0.7539021968841553,0.024460580199956894],[0.31442931294441223,0.00022830402303952724,0.15666529536247253,0.002891486743465066,0.11652331054210663,9.45312058320269e-05,0.03514649718999863,0.36606788635253906,0.007953481748700142]],"label":[0,0,0,0,0,0,0,1,0]}