{"input":[[0.0004960043588653207,8.422746304859174e-07,0.0020069105084985495,2.9679653380298987e-05,0.003354224842041731,1.3315089972820715e-06,4.656517830881057e-06,0.9939208030700684,0.00018555640417616814],[0.04430317133665085,0.00017630445654504,0.013499194756150246,0.00029945699498057365,0.007178190164268017,0.00023801614588592201,0.0022412973921746016,0.9239345788955688,0.008129813708364964]],"label":[0,0,0,0,0,0,0,1,0]}