{"input":[[0.12797771394252777,0.08548615127801895,0.039266955107450485,0.0032071166206151247,0.0004410645633470267,0.00852788146585226,0.2918938398361206,0.424222856760025,0.01897648349404335],[0.04105890169739723,0.0215563103556633,0.03402459993958473,0.008060242049396038,0.0026306079234927893,0.009990466758608818,0.05972312018275261,0.7753482460975647,0.04760754480957985]],"label":[0,0,0,0,0,0,0,1,0]}