{"input":[[0.006388391833752394,0.00012228137347847223,0.00529704662039876,0.7975993752479553,0.17249801754951477,0.00023632384545635432,0.008468613028526306,0.0040679494850337505,0.005322012584656477],[0.3031180500984192,0.00022196357895154506,0.09420771896839142,0.25978800654411316,0.27901941537857056,0.00013583444524556398,0.00577061390504241,0.02060948684811592,0.03712873533368111]],"label":[0,0,0,0,1,0,0,0,0]}