{"input":[[0.055955518037080765,0.0008309433469548821,0.01851782388985157,1.3382062569178288e-08,0.0006302876863628626,4.8729038098827004e-05,0.00042973135714419186,0.9234172105789185,0.00016980488726403564],[0.0006264569237828255,1.4165994798531756e-05,0.4919898211956024,1.0043029760709032e-05,0.00037645097472704947,7.67891833675094e-06,6.850433419458568e-05,0.506784975528717,0.00012191516725579277]],"label":[0,0,0,0,0,0,0,1,0]}