{"input":[[0.000587618793360889,0.0001544455299153924,0.0006217972841113806,0.19562378525733948,0.006661349907517433,7.871892739785835e-05,0.7949526309967041,0.000389605964301154,0.0009301146492362022],[0.0375654473900795,0.03755585849285126,0.09952612221240997,0.31026482582092285,0.0286953654140234,0.02502259984612465,0.3251338005065918,0.014715401455760002,0.1215205118060112]],"label":[0,0,0,0,0,0,0,0,1]}