{"input":[[0.002410771092399955,0.005294907838106155,0.0010587648721411824,0.39422571659088135,0.08211173862218857,0.021599669009447098,0.4862271547317505,0.000793716695625335,0.006277597974985838],[0.008039824664592743,0.002405230887234211,0.14245669543743134,0.23462361097335815,0.2747008800506592,0.007111086510121822,0.2481965273618698,0.03102511167526245,0.0514410138130188]],"label":[0,0,0,0,0,0,0,0,1]}