{"input":[[0.10005003213882446,0.004406987689435482,0.04614073410630226,0.01257357094436884,0.010701639577746391,0.009180638007819653,0.04984130710363388,0.7451959848403931,0.021909110248088837],[0.0036305952817201614,0.000774037791416049,0.32689374685287476,0.008041377179324627,0.20439045131206512,0.00010101292718900368,0.0008290104451589286,0.45362579822540283,0.0017139564733952284]],"label":[0,0,0,0,1,0,0,0,0]}