{"input":[[0.0023276640567928553,0.0016384472837671638,0.0011536329984664917,0.0018707275157794356,0.0010805015917867422,0.009351818822324276,0.16299372911453247,0.8033440113067627,0.01623952016234398],[0.022568553686141968,0.0024390581529587507,0.0379301980137825,0.013132096268236637,0.006118502467870712,0.00244309613481164,0.007509536575525999,0.8920986652374268,0.01576029695570469]],"label":[1,0,0,0,0,0,0,0,0]}