{"input":[[0.00099675462115556,3.365250086062588e-05,0.009486771188676357,0.9279187321662903,0.046605080366134644,0.00016104071983136237,0.0025928402319550514,0.007164231967180967,0.005040962249040604],[0.027486221864819527,0.00025359337450936437,0.2928045094013214,0.164383664727211,0.3210292160511017,0.0004232408828102052,0.10452002286911011,0.04001995548605919,0.049079541116952896]],"label":[0,0,0,1,0,0,0,0,0]}