{"input":[[0.09228169173002243,0.05688970908522606,0.027791867032647133,0.027005264535546303,0.017128176987171173,0.11277776211500168,0.27882787585258484,0.17546012997627258,0.2118375599384308],[0.04180019348859787,0.017865372821688652,0.0005279193865135312,0.007819182239472866,0.002820954890921712,0.15056736767292023,0.7294157147407532,0.018095342442393303,0.03108794614672661]],"label":[1,0,0,0,0,0,0,0,0]}