{"input":[[0.06308700144290924,0.0010497684124857187,0.00553405424579978,0.00027099470025859773,0.009825022891163826,0.0007709370111115277,0.007849444635212421,0.9061289429664612,0.005483873654156923],[0.025937393307685852,0.21903873980045319,0.1490761637687683,0.07666537910699844,0.016999293118715286,0.043385520577430725,0.057080868631601334,0.3416898846626282,0.0701267197728157]],"label":[1,0,0,0,0,0,0,0,0]}