{"input":[[0.017163733020424843,0.05910928547382355,0.024392519146203995,0.09544327855110168,0.028307855129241943,0.03903186321258545,0.13122297823429108,0.46279290318489075,0.14253561198711395],[0.14908118546009064,0.02233290486037731,0.1774914264678955,0.06547307968139648,0.05465950444340706,0.015926148742437363,0.26618432998657227,0.13436709344387054,0.11448432505130768]],"label":[0,1,0,0,0,0,0,0,0]}