{"input":[[0.0631730929017067,3.2619127523503266e-06,0.00033609074307605624,3.007306625946171e-09,9.754585335031152e-06,1.0007954642787809e-06,2.3298782252823003e-05,0.9363529086112976,0.00010051303979707882],[0.013836040161550045,5.951977982476819e-06,0.00032334341085515916,1.0749180212599185e-08,3.348101381561719e-05,1.1347568943165243e-05,0.0001519120705779642,0.982490599155426,0.003147304058074951]],"label":[0,0,0,0,0,0,0,1,0]}