{"input":[[0.005900264251977205,0.08143366128206253,0.03724553808569908,0.17116689682006836,0.04333828389644623,0.025613758713006973,0.608427107334137,0.002049568574875593,0.024824906140565872],[0.012549874372780323,0.0008601293084211648,0.09336327016353607,0.4716559648513794,0.038703810423612595,0.019728727638721466,0.3200649321079254,0.016812970861792564,0.026260385289788246]],"label":[0,0,0,0,0,0,0,0,1]}