{"input":[[0.004220856819301844,4.152716064709239e-05,0.9813773036003113,0.0013743562158197165,0.0007018678006716073,0.0006540605099871755,0.007855728268623352,0.0025204967241734266,0.0012538312003016472],[0.0071947346441447735,0.0012230155989527702,0.0768112763762474,0.21069170534610748,0.004813834559172392,0.4713069200515747,0.11453455686569214,0.034296706318855286,0.07912725955247879]],"label":[0,0,1,0,0,0,0,0,0]}