{"input":[[0.11693547666072845,0.004095468204468489,0.22551991045475006,0.025523463264107704,0.44888725876808167,0.0012039230205118656,0.09157440066337585,0.04793654754757881,0.03832360729575157],[0.6547984480857849,0.008935792371630669,0.09506866335868835,0.044372010976076126,0.021256407722830772,0.005152587778866291,0.06489206105470657,0.06777090579271317,0.037753112614154816]],"label":[0,0,0,0,0,0,0,0,1]}