{"input":[[0.7089526653289795,0.033632874488830566,0.022959433495998383,0.009319322183728218,0.013362068682909012,0.0030402312986552715,0.1885891854763031,0.011125462129712105,0.009018776938319206],[0.17748719453811646,0.044515885412693024,0.33552584052085876,0.07833953946828842,0.04790304973721504,0.02234797179698944,0.12381578981876373,0.15179288387298584,0.018271813169121742]],"label":[0,0,0,0,0,0,0,1,0]}