{"input":[[5.030108877690509e-05,0.9041918516159058,9.914733527693897e-05,8.997763507068157e-05,0.0003086394281126559,0.02738802693784237,0.06622087210416794,0.00038475581095553935,0.0012664502719417214],[0.01435665413737297,0.00525581743568182,0.2844140827655792,0.020915789529681206,0.024583274498581886,0.04598916321992874,0.04264851659536362,0.4103654623031616,0.1514713317155838]],"label":[0,1,0,0,0,0,0,0,0]}