{"input":[[0.0011382556986063719,4.68104008177761e-05,0.0034771529026329517,0.02060653828084469,0.9291473627090454,6.551801925525069e-05,0.04411669075489044,0.0008447475265711546,0.0005568033084273338],[0.005396210588514805,0.000627308851107955,0.15382513403892517,0.19894476234912872,0.6095392107963562,0.0019505626987665892,0.010054751299321651,0.004299406427890062,0.015362650156021118]],"label":[0,0,0,0,1,0,0,0,0]}