{"input":[[0.001477983663789928,0.009677520953118801,0.00048101815627887845,0.0008571302751079202,0.0002698522002901882,0.0035719196312129498,0.9704594612121582,0.0005306863458827138,0.012674440629780293],[0.051187533885240555,0.04904946684837341,0.005094775930047035,0.0009092017426155508,0.0071348994970321655,0.040124159306287766,0.08669763058423996,0.7252498865127563,0.03455245867371559]],"label":[0,0,0,0,0,0,1,0,0]}