{"input":[[0.004046577028930187,0.005881051532924175,0.18344534933567047,0.007843212224543095,0.2112767994403839,0.0007161676767282188,0.03437529504299164,0.03903079405426979,0.5133846998214722],[0.007446479517966509,0.0003955287393182516,0.11645148694515228,0.23310035467147827,0.5521672368049622,0.000383115082513541,0.017533330246806145,0.044797349721193314,0.027725109830498695]],"label":[0,0,0,0,1,0,0,0,0]}