{"input":[[0.007433257531374693,0.00048565384349785745,0.01281034853309393,0.0019782832823693752,0.0012788503663614392,0.00010293766536051407,0.036347415298223495,0.9372938871383667,0.0022694100625813007],[0.010451673530042171,6.36620752629824e-05,0.00039383964031003416,0.0003808561305049807,0.0014652336249127984,1.842100346038933e-06,0.0008102170540951192,0.9863649606704712,6.766415026504546e-05]],"label":[0,0,0,0,0,0,0,1,0]}