{"input":[[0.02437010407447815,0.0012999839382246137,0.01641927659511566,0.0009787800954654813,0.002760143019258976,0.0017367477994412184,0.9209553003311157,0.021665887907147408,0.00981371570378542],[0.03321802616119385,0.011480504646897316,0.0973501205444336,0.0020804593805223703,0.007434997707605362,0.02761167287826538,0.6070389151573181,0.1465330272912979,0.06725230067968369]],"label":[0,0,0,0,0,0,0,1,0]}