{"input":[[0.08664582669734955,0.1874544769525528,0.030657846480607986,0.0005367813864722848,0.0005443325499072671,0.021944835782051086,0.599571943283081,0.06998252868652344,0.0026613895315676928],[0.1280594766139984,0.38457170128822327,0.054281070828437805,0.11605674028396606,0.019621053710579872,0.11497320979833603,0.0739099383354187,0.08131122589111328,0.027215590700507164]],"label":[0,0,0,0,0,0,1,0,0]}