{"input":[[0.006754420232027769,0.04291072487831116,0.006110761314630508,0.09774857014417648,0.013918464072048664,0.05259166657924652,0.7356182336807251,0.03177640959620476,0.012570681050419807],[0.006193581037223339,0.05557426065206528,0.027878213673830032,0.047757700085639954,0.005510539747774601,0.031127024441957474,0.747933030128479,0.05925640091300011,0.01876930333673954]],"label":[0,0,0,1,0,0,0,0,0]}