{"input":[[1.4442019164562225e-05,0.4674052596092224,0.00010708397894632071,0.0021793795749545097,0.0002923541469499469,0.4654558300971985,0.0634608194231987,0.00028399296570569277,0.0008007673895917833],[0.0023937514051795006,0.005680238362401724,0.000586728157941252,0.31074535846710205,0.015399555675685406,0.06351503729820251,0.5550536513328552,0.04286877065896988,0.003756860038265586]],"label":[0,0,0,0,0,1,0,0,0]}