{"input":[[0.005950718652456999,0.0003069428203161806,0.015256032347679138,0.5176746845245361,0.23048052191734314,0.0029350428376346827,0.20991285145282745,0.004398147575557232,0.013085034675896168],[0.03182855248451233,0.015319299884140491,0.05737171322107315,0.46189555525779724,0.08192213624715805,0.011624566279351711,0.04128022491931915,0.04500235989689827,0.2537555396556854]],"label":[0,0,0,1,0,0,0,0,0]}