{"input":[[0.005882549099624157,0.07190454751253128,0.12451913952827454,0.2004493623971939,0.10458977520465851,0.01760358363389969,0.07126866281032562,0.1137433722615242,0.2900390326976776],[0.03448694571852684,0.019004637375473976,0.1817193180322647,0.1347164511680603,0.17652182281017303,0.01680852845311165,0.06749419122934341,0.12670770287513733,0.2425404191017151]],"label":[0,0,0,0,0,0,0,0,1]}