{"input":[[0.11241061240434647,0.0003441286680754274,0.2754984498023987,0.07636988162994385,0.015257677063345909,5.278919343254529e-05,0.003154443809762597,0.004962496925145388,0.5119495987892151],[0.06305506080389023,0.00047549960436299443,0.17807166278362274,0.5467300415039062,0.024055514484643936,0.0017665884224697948,0.007214134093374014,0.01836918480694294,0.1602623462677002]],"label":[0,0,0,0,0,0,0,0,1]}