{"input":[[0.021573493257164955,3.216148616047576e-05,0.010721692815423012,0.7034597396850586,0.059850551187992096,0.0005627156351692975,0.03690088540315628,0.102671317756176,0.06422754377126694],[0.010088494047522545,0.0006904679466970265,0.09267950057983398,0.6238523125648499,0.2062566727399826,0.0006170887500047684,0.01351757813245058,0.008037605322897434,0.04426031932234764]],"label":[0,0,0,1,0,0,0,0,0]}