{"input":[[0.012091982178390026,0.0033219149336218834,0.2774953842163086,0.10702275484800339,0.4390591084957123,0.007429242599755526,0.10630574077367783,0.011279091238975525,0.03599479794502258],[0.002027602866292,0.0006576532032340765,0.0023086362052708864,0.8766010999679565,0.03654099628329277,0.002657064236700535,0.021099530160427094,0.0003605856327340007,0.0577467679977417]],"label":[0,0,0,0,1,0,0,0,0]}