{"input":[[0.00048431509640067816,0.005838917102664709,0.005855705123394728,0.12154626846313477,0.20930151641368866,0.016831740736961365,0.4075690805912018,0.022107774391770363,0.21046464145183563],[0.004438812378793955,0.0015396684175357223,0.002603447763249278,1.0376069440098945e-05,9.530251554679126e-05,0.004933483898639679,0.010533907450735569,0.9639557600021362,0.011889253742992878]],"label":[0,0,0,0,1,0,0,0,0]}