{"input":[[1.569024425407406e-05,4.825669819297218e-08,8.264827556558885e-06,4.1940245409932686e-07,4.047062986956007e-07,5.32283657150856e-08,3.3770311347325332e-06,0.9994992017745972,0.0004725338949356228],[0.006726027932018042,0.00012756400974467397,0.00255987630225718,1.308500850427663e-05,0.00017847405979409814,0.00020587228937074542,0.0005435349885374308,0.926642656326294,0.06300286948680878]],"label":[0,0,0,0,0,0,0,1,0]}