{"input":[[0.06672987341880798,0.538851797580719,0.005977468565106392,0.002222909824922681,0.021640045568346977,0.052691709250211716,0.04309644550085068,0.1779562532901764,0.09083347022533417],[0.21112054586410522,0.003183485008776188,0.001645861193537712,0.0001304982288274914,0.0002830779121723026,0.002013688674196601,0.006776030641049147,0.7648336887359619,0.010013130493462086]],"label":[0,0,0,0,0,1,0,0,0]}