{"input":[[7.980357622727752e-06,0.0009379104012623429,7.581787485833047e-06,5.255864380160347e-06,4.44262786913896e-06,0.001973856473341584,0.997017502784729,3.936494522349676e-06,4.1593986679799855e-05],[0.003394852625206113,0.010967569425702095,0.020665746182203293,0.06558943539857864,0.05921223759651184,0.027729803696274757,0.7631115913391113,0.01269831694662571,0.03663044795393944]],"label":[0,1,0,0,0,0,0,0,0]}