{"input":[[0.03521459549665451,0.7670115828514099,0.018597247079014778,0.004441302269697189,0.022077571600675583,0.053464628756046295,0.07462743669748306,0.0029717821162194014,0.021593809127807617],[0.02191932499408722,0.045881811529397964,0.22335301339626312,0.19105412065982819,0.09389439225196838,0.049668580293655396,0.1942119151353836,0.0961310938000679,0.08388574421405792]],"label":[0,0,1,0,0,0,0,0,0]}