{"input":[[0.003723813220858574,0.07292988151311874,0.0029401809442788363,0.0034814183600246906,0.7943568825721741,0.006488678511232138,0.022163456305861473,0.07098184525966644,0.022933807224035263],[0.01208590716123581,0.04969455674290657,0.02879871428012848,0.007355900947004557,0.04015500098466873,0.07908135652542114,0.0268779918551445,0.6901245713233948,0.06582595407962799]],"label":[0,0,0,0,1,0,0,0,0]}