{"input":[[0.0020108141470700502,0.00039415527135133743,0.0018864087760448456,0.4188678562641144,0.4741438329219818,0.0013426486402750015,0.09420187771320343,0.0021756188943982124,0.004976767580956221],[0.009567420929670334,0.002554729115217924,0.006959338206797838,0.5885363221168518,0.09568119049072266,0.006741450168192387,0.2538999617099762,0.031059224158525467,0.005000352393835783]],"label":[0,0,0,0,1,0,0,0,0]}