{"input":[[0.13642628490924835,0.0015181743074208498,0.8355273604393005,0.00472198985517025,0.013594240881502628,0.0007541426457464695,0.003385639749467373,0.0007825817447155714,0.0032896024640649557],[0.22490836679935455,0.0338115319609642,0.29774579405784607,0.0016082669608294964,0.004931425675749779,0.0751284584403038,0.04545142129063606,0.19875365495681763,0.11766114085912704]],"label":[0,0,1,0,0,0,0,0,0]}