{"input":[[0.03080408275127411,0.004050803370773792,0.014677523635327816,0.3884868323802948,0.07872846722602844,0.002365435939282179,0.42059326171875,0.008965407498180866,0.05132817104458809],[0.012627026066184044,0.005326485726982355,0.19299840927124023,0.3205043077468872,0.17888014018535614,0.0023947458248585463,0.06169702112674713,0.15158359706401825,0.07398823648691177]],"label":[0,0,0,0,1,0,0,0,0]}