{"input":[[0.515937328338623,0.13574063777923584,0.06939531862735748,0.01589915156364441,0.01837257482111454,0.007474479731172323,0.19665712118148804,0.023014215752482414,0.017509261146187782],[0.05504250153899193,0.0037581571377813816,0.0273149311542511,0.027637729421257973,0.01515261922031641,0.019604505971074104,0.4861501455307007,0.340667724609375,0.0246716421097517]],"label":[0,0,0,0,0,1,0,0,0]}