{"input":[[0.028322497382760048,0.015724197030067444,0.06938711553812027,0.20127737522125244,0.2122482806444168,0.00453432509675622,0.1914050579071045,0.03829726576805115,0.2388039231300354],[0.015663664788007736,0.0016640357207506895,0.023901479318737984,0.7840161323547363,0.09036987274885178,0.001891849678941071,0.04099127650260925,0.00603934982791543,0.03546229004859924]],"label":[0,0,0,0,1,0,0,0,0]}