{"input":[[0.0029307787772268057,0.26979660987854004,0.045233104377985,0.001923166448250413,0.014494743198156357,0.009266220033168793,0.6524562835693359,0.0033299936912953854,0.0005690387915819883],[0.025090547278523445,0.05036822706460953,0.7549540996551514,0.01055530272424221,0.013975498266518116,0.005336555652320385,0.05579336732625961,0.0827992856502533,0.0011271402472630143]],"label":[0,0,0,0,1,0,0,0,0]}