{"input":[[0.031116517260670662,0.0006518561276607215,0.35077348351478577,0.40216636657714844,0.07456637918949127,0.0021607610397040844,0.039233818650245667,0.03752662613987923,0.06180427595973015],[0.00420224666595459,0.0004768908547703177,0.05421685427427292,0.7406699657440186,0.16450472176074982,0.001036822097375989,0.009369887411594391,0.009223573841154575,0.016298938542604446]],"label":[0,0,0,0,1,0,0,0,0]}