{"input":[[0.005956197623163462,0.008733153343200684,0.00015472578525077552,0.0004657581739593297,0.00027696037432178855,0.010751944966614246,0.9733427166938782,3.760836989386007e-05,0.00028097600443288684],[0.0038896147161722183,0.07414485514163971,0.09192923456430435,0.00041464221430942416,0.0019216493237763643,0.011533855460584164,0.7905510067939758,0.015598178841173649,0.010016950778663158]],"label":[0,0,0,0,0,0,1,0,0]}