{"input":[[0.0030804588459432125,0.8040606379508972,0.0384959802031517,0.02815922535955906,0.00544683076441288,0.05223783850669861,0.04800718277692795,0.019563505426049232,0.0009482903988100588],[0.035811614245176315,0.5145773887634277,0.030072275549173355,0.026326075196266174,0.002862244378775358,0.05125633627176285,0.17100870609283447,0.1291206181049347,0.038964807987213135]],"label":[0,1,0,0,0,0,0,0,0]}