{"input":[[0.002036235760897398,0.024256521835923195,0.3173498213291168,0.095005564391613,0.01904653199017048,0.0471244715154171,0.4763435423374176,0.004502706229686737,0.014334579929709435],[0.0057440693490207195,0.00030447024619206786,0.9552520513534546,0.010320907458662987,0.012501471675932407,0.001814928138628602,0.0022323657758533955,0.00916112121194601,0.002668589586392045]],"label":[0,0,0,0,1,0,0,0,0]}