{"input":[[0.0003890709194820374,0.9628939628601074,0.0012056045234203339,8.231553692894522e-06,6.606368697248399e-05,0.021076437085866928,0.013694186694920063,0.00014239455049391836,0.0005239277379587293],[0.12756972014904022,0.4809831976890564,0.06118060648441315,0.007748986128717661,0.005983436945825815,0.08115527778863907,0.11946580559015274,0.0967601016163826,0.01915290206670761]],"label":[0,1,0,0,0,0,0,0,0]}