{"input":[[0.0011376907350495458,4.9619309550053003e-08,9.756785584613681e-05,3.095896659033315e-07,4.8007979785325006e-05,1.239246500972513e-07,7.223699327596478e-08,0.9986889958381653,2.719120129768271e-05],[0.1712741255760193,2.5919513063854538e-05,0.003151116892695427,4.521200025919825e-06,0.0008638408617116511,2.6557214368949644e-05,5.1650742534548044e-05,0.8240114450454712,0.0005907699232921004]],"label":[0,0,0,0,0,0,0,1,0]}