{"input":[[0.9766850471496582,1.052648076438345e-05,0.01825443096458912,2.607690475997515e-05,0.0003555485454853624,3.721251459865016e-06,0.0035966727882623672,0.0007305376930162311,0.0003375041706021875],[0.7577462196350098,0.0008218533475883305,0.15168732404708862,0.0017740210751071572,0.02545834891498089,0.0009533620323054492,0.003161931410431862,0.04652132838964462,0.01187575701624155]],"label":[1,0,0,0,0,0,0,0,0]}