{"input":[[0.011754539795219898,0.011171599850058556,0.8313155174255371,0.07895315438508987,0.027096383273601532,0.002954058116301894,0.030335165560245514,0.0013669909676536918,0.005052527878433466],[0.003639931557700038,0.0006398052209988236,0.20263385772705078,0.6933271884918213,0.08864626288414001,0.00023216017871163785,0.0016536656767129898,0.0019613527692854404,0.007265710737556219]],"label":[0,0,1,0,0,0,0,0,0]}