{"input":[[0.0040604667738080025,0.02148681879043579,0.06587362289428711,0.20206411182880402,0.12911492586135864,0.008600804954767227,0.2552493214607239,0.22203722596168518,0.09151271730661392],[0.01244213804602623,0.07651356607675552,0.141542449593544,0.0233687125146389,0.025022294372320175,0.012686570174992085,0.19637832045555115,0.4505694508552551,0.06147649139165878]],"label":[0,0,0,0,0,0,0,0,1]}