{"input":[[0.06556528061628342,7.265973545145243e-05,0.009916664101183414,0.06455961614847183,0.1935381144285202,0.0014258146984502673,0.011767348274588585,0.21749545633792877,0.4356590807437897],[0.16797251999378204,0.00011930710752494633,0.006787830963730812,0.22084060311317444,0.22061504423618317,0.0041960314847528934,0.0391787551343441,0.09654112160205841,0.2437487244606018]],"label":[0,0,0,0,0,0,0,1,0]}