{"input":[[0.003409357275813818,0.0002689488756004721,0.23713308572769165,0.012159731239080429,0.14308011531829834,0.0005529499030672014,0.00191681447904557,0.1839335560798645,0.41754552721977234],[0.004893342964351177,0.008594905957579613,0.06367231160402298,0.01969418115913868,0.006826633121818304,0.00902152992784977,0.3424881100654602,0.294467955827713,0.2503409683704376]],"label":[0,0,0,0,0,0,0,0,1]}