{"input":[[0.0011486078146845102,1.8453250731909066e-06,0.14691653847694397,0.0005611446686089039,0.07895200699567795,3.8101632071629865e-06,3.179434497724287e-05,0.7656206488609314,0.006763628218322992],[2.065764601866249e-05,6.949093300789855e-09,0.8756299018859863,0.0019109081476926804,0.011632251553237438,1.536189984108205e-07,1.6461954146507196e-05,0.10856752842664719,0.0022221107501536608]],"label":[0,0,1,0,0,0,0,0,0]}