{"input":[[0.0013932075817137957,0.0068970718421041965,0.0032312392722815275,0.7540399432182312,0.01701514795422554,0.015351014211773872,0.19462436437606812,0.003906192258000374,0.0035418064799159765],[0.060267698019742966,0.038857970386743546,0.07797228544950485,0.5051970481872559,0.045665446668863297,0.02320517785847187,0.1446194052696228,0.04068094119429588,0.06353399902582169]],"label":[0,0,0,0,0,0,1,0,0]}