{"input":[[0.010502425953745842,0.6145327687263489,0.0022494506556540728,0.0004450600245036185,0.0005447978619486094,0.19199085235595703,0.1606343537569046,0.00029423742671497166,0.018806133419275284],[0.03385208919644356,0.38849765062332153,0.10023929923772812,0.07598698139190674,0.013980990275740623,0.0245075486600399,0.18821273744106293,0.02158009260892868,0.15314263105392456]],"label":[0,1,0,0,0,0,0,0,0]}