{"input":[[0.0005187055794522166,0.036890909075737,0.0005442160181701183,0.013905037194490433,0.0009264041436836123,0.054319821298122406,0.8854673504829407,0.0018221132922917604,0.0056054191663861275],[0.004852647427469492,0.05148543044924736,0.013493210077285767,0.03390602767467499,0.005243391264230013,0.09654268622398376,0.6740955114364624,0.0877327099442482,0.032648324966430664]],"label":[0,0,0,0,0,0,1,0,0]}