{"input":[[0.007466518320143223,0.0021830126643180847,0.04527871310710907,0.01132659986615181,0.022995995357632637,0.006433374714106321,0.8983678817749023,0.00048758115735836327,0.005460280459374189],[0.014055567793548107,3.774393553612754e-05,0.02157091721892357,0.1162186712026596,0.6580615043640137,0.00029486973653547466,0.1857236623764038,0.00369051331654191,0.00034653014154173434]],"label":[1,0,0,0,0,0,0,0,0]}