{"input":[[0.06483249366283417,0.009284822270274162,0.08122918754816055,0.002016791608184576,0.03502278029918671,0.021817930042743683,0.35290226340293884,0.2890132665634155,0.1438804417848587],[0.17087356746196747,0.0323488786816597,0.44296228885650635,0.0009860721183940768,0.021254684776067734,0.023296061903238297,0.06280709058046341,0.21671344339847565,0.028757814317941666]],"label":[1,0,0,0,0,0,0,0,0]}