{"input":[[0.004666000138968229,0.024673784151673317,0.0020608296617865562,0.032304007560014725,0.13186568021774292,0.1349804699420929,0.6106753349304199,0.022083893418312073,0.03669000416994095],[0.0044320086017251015,0.006202920340001583,0.017770063132047653,0.2632712721824646,0.16485221683979034,0.03414963185787201,0.37661924958229065,0.027203654870390892,0.10549890995025635]],"label":[0,0,1,0,0,0,0,0,0]}