{"input":[[0.005740216933190823,0.02094830386340618,0.0005830995505675673,0.01089793723076582,0.0038902065716683865,0.04099171608686447,0.912847638130188,0.0003207879781257361,0.0037801016587764025],[0.04733457788825035,0.01356239803135395,0.006905282381922007,0.0038195298984646797,0.006063597276806831,0.08309557288885117,0.8040955662727356,0.033991388976573944,0.001132059609517455]],"label":[0,0,0,0,0,1,0,0,0]}