{"input":[[6.727929576300085e-05,1.720279033179395e-05,5.540427810046822e-05,0.03710951283574104,0.9483629465103149,1.4064202332519926e-05,0.014291159808635712,6.080030289012939e-06,7.637467933818698e-05],[0.011325455270707607,0.003700922941789031,0.09662185609340668,0.07418090850114822,0.7052198052406311,0.0006699489313177764,0.04821397364139557,0.020868897438049316,0.039198290556669235]],"label":[0,0,0,0,1,0,0,0,0]}