{"input":[[0.0015459753340110183,0.029222426936030388,0.0016605076380074024,0.39104536175727844,0.019113101065158844,0.12052205950021744,0.4169062376022339,0.0071150618605315685,0.012869264930486679],[0.007365570869296789,0.2800503373146057,0.006294353399425745,0.09730085730552673,0.006304656155407429,0.08432542532682419,0.48864293098449707,0.026786811649799347,0.0029290812090039253]],"label":[0,1,0,0,0,0,0,0,0]}