{"input":[[0.21801748871803284,0.003832733491435647,0.6164180636405945,0.0034678373485803604,0.00854678638279438,0.0008698595920577645,0.030954839661717415,0.10488073527812958,0.013011598028242588],[0.4386245906352997,0.0006798692047595978,0.06891635805368423,0.3383731544017792,0.11936049163341522,0.00034181895898655057,0.0028845006600022316,0.026640407741069794,0.004178743809461594]],"label":[0,0,1,0,0,0,0,0,0]}