{"input":[[0.0006947136716917157,0.0008429376175627112,0.1996556520462036,0.00974096730351448,0.1661197394132614,0.0007634700741618872,0.024362847208976746,0.1281720995903015,0.4696475565433502],[0.0262039415538311,0.01710609719157219,0.22449636459350586,0.014915196225047112,0.02012835443019867,0.013759339228272438,0.11600224673748016,0.36675697565078735,0.2006315141916275]],"label":[0,0,0,0,0,0,0,0,1]}