{"input":[[3.9697097236057743e-05,0.0021694134920835495,0.0008039440726861358,0.0007744516478851438,0.00031615092302672565,0.00019546043768059462,0.0034150390420109034,0.9906036257743835,0.0016822448233142495],[0.04161928594112396,0.014959877356886864,0.10749848932027817,0.0006218904163688421,0.05131933465600014,0.00046445633051916957,0.08037980645895004,0.6934226751327515,0.009714165702462196]],"label":[0,0,0,0,0,0,0,1,0]}