{"input":[[0.006180331576615572,0.0011932713678106666,0.09621928632259369,0.0022492092102766037,0.7003605365753174,0.003564188489690423,0.014645686373114586,0.15224121510982513,0.02334628254175186],[0.003687485819682479,0.004943084437400103,0.1815149337053299,0.004708274733275175,0.16258496046066284,0.007851720787584782,0.00940359104424715,0.24881647527217865,0.3764894902706146]],"label":[0,0,0,0,0,0,0,0,1]}