{"input":[[0.0011993723455816507,0.369694322347641,0.002119047101587057,0.0016228265594691038,0.0006539632449857891,0.08666808158159256,0.1456425040960312,0.3820972144603729,0.010302625596523285],[0.03691106289625168,0.01563538983464241,0.09448952972888947,0.2213679403066635,0.10335317999124527,0.013270791620016098,0.44109907746315,0.05054277554154396,0.02333025634288788]],"label":[0,0,0,0,0,0,0,1,0]}