{"input":[[0.0034064273349940777,0.0792551189661026,0.002634317148476839,0.12428829818964005,0.027907919138669968,0.0378882959485054,0.6287700533866882,0.02430705726146698,0.07154247164726257],[0.007102702744305134,0.04744179919362068,0.009081398136913776,0.2679525315761566,0.021957140415906906,0.08470224589109421,0.29611465334892273,0.08205357193946838,0.18359388411045074]],"label":[0,0,0,0,0,0,1,0,0]}