{"input":[[0.20374710857868195,0.034704890102148056,0.006953304633498192,0.07590437680482864,0.017077850177884102,0.013982577249407768,0.4259726107120514,0.09405039995908737,0.12760691344738007],[0.02498137392103672,0.017274387180805206,0.012990891933441162,0.45833006501197815,0.0508243665099144,0.004010760225355625,0.04691055417060852,0.03748094290494919,0.3471967279911041]],"label":[0,0,0,0,1,0,0,0,0]}