{"input":[[0.2897912859916687,0.006581577006727457,0.4633803963661194,0.0008975625969469547,0.05506870150566101,0.0013120328076183796,0.120626300573349,0.059264395385980606,0.0030776618514209986],[0.009175412356853485,0.004258694127202034,0.49796783924102783,0.0033970794174820185,0.10654763132333755,0.005687144119292498,0.03634454682469368,0.2137247622013092,0.12289691716432571]],"label":[1,0,0,0,0,0,0,0,0]}