{"input":[[0.0007434526341967285,2.2506124878418632e-05,0.8959448337554932,0.0009890807559713721,0.08700168877840042,6.926921923877671e-05,0.003707954892888665,0.004440199118107557,0.007080840412527323],[0.0033188702072948217,0.0002239710884168744,0.6558606624603271,0.07345964014530182,0.20913484692573547,0.0018913933308795094,0.04685423895716667,0.0029763528145849705,0.006280232686549425]],"label":[1,0,0,0,0,0,0,0,0]}