{"input":[[0.003520818892866373,0.040145840495824814,0.7011186480522156,0.05247707664966583,0.05712641030550003,0.007113694678992033,0.105516217648983,0.022570932283997536,0.010410334914922714],[0.021406514570116997,0.13259778916835785,0.0602874718606472,0.07615520060062408,0.03052101470530033,0.15776203572750092,0.20622731745243073,0.14030326902866364,0.17473943531513214]],"label":[0,1,0,0,0,0,0,0,0]}