{"input":[[0.003788559464737773,0.0696771889925003,0.01577453687787056,0.021443897858262062,0.009654263965785503,0.84162437915802,0.02113959565758705,0.003334304317831993,0.013563187792897224],[0.07368848472833633,0.09304312616586685,0.13561512529850006,0.19472277164459229,0.11339019238948822,0.16389942169189453,0.09912882000207901,0.06529626995325089,0.061215840280056]],"label":[0,0,0,0,0,1,0,0,0]}