{"input":[[0.8322557806968689,0.023800065740942955,0.037204332649707794,6.047037459211424e-05,0.0027167589869350195,0.0019531231373548508,0.07781042158603668,0.014634719118475914,0.009564291685819626],[0.06785685569047928,0.029493382200598717,0.7325745820999146,0.001085707568563521,0.013971966691315174,0.033977750688791275,0.048968516290187836,0.04508282616734505,0.026988491415977478]],"label":[1,0,0,0,0,0,0,0,0]}