{"input":[[0.07529959082603455,0.00640887999907136,0.4637487232685089,0.03710892051458359,0.13993923366069794,0.006593227386474609,0.1414729207754135,0.05838121101260185,0.07104716449975967],[0.057139474898576736,0.015529923141002655,0.06709472090005875,0.42953309416770935,0.12450085580348969,0.010044688358902931,0.11837296187877655,0.10111650079488754,0.07666770368814468]],"label":[0,0,0,0,0,0,0,0,1]}