{"input":[[0.0042190696112811565,0.004523300565779209,0.0007874922594055533,0.002697091782465577,0.0023502532858401537,0.07235103845596313,0.909527063369751,0.0006490287487395108,0.002895643934607506],[0.2732219099998474,0.0019561774097383022,0.03625410795211792,0.03606033697724342,0.009421943686902523,0.04601265490055084,0.5856954455375671,0.007968704216182232,0.003408698830753565]],"label":[0,0,1,0,0,0,0,0,0]}