{"input":[[0.002586123300716281,0.7463878989219666,0.0026864756364375353,0.05298159644007683,0.0013734233798459172,0.009135192260146141,0.180162250995636,0.0032701357267796993,0.0014169603819027543],[0.04001735895872116,0.2572215795516968,0.27567824721336365,0.15704095363616943,0.02073490060865879,0.051807254552841187,0.08989311754703522,0.03687561675906181,0.07073087245225906]],"label":[0,0,0,0,0,0,1,0,0]}