{"input":[[0.40871116518974304,0.006133405491709709,0.4635567367076874,0.0003236448101233691,0.02406131476163864,0.0048547652550041676,0.08431742340326309,0.0066364966332912445,0.00140500592533499],[0.18837134540081024,0.02881326712667942,0.29275035858154297,0.02034701220691204,0.020523881539702415,0.033137593418359756,0.08937228471040726,0.3132789433002472,0.013405324891209602]],"label":[0,0,1,0,0,0,0,0,0]}