{"input":[[5.1685551625269e-06,0.00197503250092268,2.2584084945265204e-05,0.001313136308453977,4.741967495647259e-05,0.01709267683327198,0.9786505699157715,0.00024083902826532722,0.0006526572979055345],[0.025201134383678436,0.00581718236207962,0.04825277253985405,0.5902292728424072,0.09475921094417572,0.017981640994548798,0.156436488032341,0.017745524644851685,0.04357687011361122]],"label":[0,0,0,0,0,0,1,0,0]}