{"input":[[0.0012364471331238747,0.8814854025840759,0.000712428183760494,0.0029459893703460693,0.001986450282856822,0.07253747433423996,0.03707103058695793,0.0011177908163517714,0.0009070932865142822],[0.0026336314622312784,0.1892269402742386,0.013251574710011482,0.03469548374414444,0.0029104016721248627,0.674247145652771,0.08168429136276245,0.0006409909692592919,0.0007094622706063092]],"label":[0,0,0,0,0,1,0,0,0]}