{"input":[[0.0052299196831882,0.0192873552441597,0.6343137621879578,0.0033494331873953342,0.029183242470026016,0.011388387531042099,0.019022764638066292,0.0409720279276371,0.23725317418575287],[0.006822187919169664,0.03695114329457283,0.722713828086853,0.0073514580726623535,0.04421726614236832,0.012697475962340832,0.008477226831018925,0.013507205061614513,0.14726221561431885]],"label":[0,0,0,0,0,0,0,0,1]}