{"input":[[0.05022934451699257,0.0007238329853862524,0.02507672645151615,0.5530566573143005,0.14860700070858002,0.003833574242889881,0.11416979879140854,0.025453124195337296,0.0788498967885971],[0.0848313495516777,0.007788735441863537,0.047910176217556,0.08996957540512085,0.0921117514371872,0.07024917751550674,0.2339574247598648,0.233104407787323,0.14007742702960968]],"label":[0,0,0,0,0,0,0,0,1]}