{"input":[[0.027832992374897003,0.0057122837752103806,0.008655206300318241,0.42526835203170776,0.06755704432725906,0.034431103616952896,0.3195640444755554,0.02806713804602623,0.0829119011759758],[0.414896696805954,0.0064619057811796665,0.07886379212141037,0.06861025840044022,0.06930388510227203,0.0046876878477633,0.019156834110617638,0.3281927704811096,0.00982622243463993]],"label":[1,0,0,0,0,0,0,0,0]}