{"input":[[0.002365460619330406,0.0025579435750842094,0.004665811080485582,0.7158445715904236,0.11333297193050385,0.0018041674047708511,0.13769930601119995,0.0016208188608288765,0.020108941942453384],[0.0071107372641563416,0.0016214133938774467,0.006845532916486263,0.8030507564544678,0.13602691888809204,0.001141081564128399,0.027306441217660904,0.002311019692569971,0.014586007222533226]],"label":[0,0,0,0,1,0,0,0,0]}