{"input":[[0.00016884294745977968,0.004330817610025406,0.8876022100448608,0.0407547764480114,0.06469487398862839,8.557392720831558e-05,0.001988049829378724,0.00027202264755032957,0.00010278267291141674],[0.3134779632091522,0.027030348777770996,0.12096273899078369,0.031069103628396988,0.16491730511188507,0.030164988711476326,0.28740033507347107,0.019464384764432907,0.005512839183211327]],"label":[0,0,0,0,1,0,0,0,0]}