{"input":[[0.00046705210115760565,2.5481299417151604e-06,0.1948881447315216,2.9627759431605227e-05,0.7895744442939758,2.2593368953494064e-07,2.6122728741029277e-05,0.014993291348218918,1.849004183895886e-05],[3.426574403420091e-05,2.938485863523965e-07,0.791460394859314,0.002546753967180848,0.20314331352710724,3.122367431274142e-08,0.00040070933755487204,0.00186215341091156,0.0005520941340364516]],"label":[0,0,0,0,1,0,0,0,0]}