{"input":[[0.08322063833475113,0.03528875857591629,0.031714022159576416,1.2575493428812479e-06,0.005210123956203461,0.03625049442052841,0.3758012354373932,0.42936813831329346,0.0031454272102564573],[0.04615595191717148,0.09759471565485,0.1388305127620697,0.02873586118221283,0.07056991010904312,0.042723555117845535,0.3942553997039795,0.10226594656705856,0.07886817306280136]],"label":[0,0,0,0,0,0,0,1,0]}