{"input":[[0.5045713782310486,6.38991768937558e-05,0.0009448785567656159,1.717606096462987e-06,0.0001381894835503772,7.749007636448368e-05,0.006521735806018114,0.4846169948577881,0.003063807263970375],[0.14200036227703094,4.7140456445049495e-06,0.00616739597171545,1.7217585579487604e-08,5.49981850781478e-05,6.884598406031728e-06,0.0033063916489481926,0.8483002781867981,0.00015896747936494648]],"label":[0,0,0,0,0,0,0,1,0]}