{"input":[[1.5826603885216173e-06,0.9665787220001221,3.6627097870223224e-06,3.749833240362932e-06,8.743770194996614e-06,0.0006322755943983793,0.03275863081216812,1.0397187907074112e-05,2.211861556133954e-06],[0.011341981589794159,0.3086935579776764,0.11472534388303757,0.009852562099695206,0.04476461559534073,0.09123028069734573,0.29998183250427246,0.059821005910634995,0.05958890914916992]],"label":[0,1,0,0,0,0,0,0,0]}