{"input":[[0.054579559713602066,0.017730165272951126,0.02511935494840145,0.12861210107803345,0.08167652040719986,0.013321632519364357,0.16187767684459686,0.35883551836013794,0.1582474559545517],[0.0023824949748814106,1.4795242577747558e-06,5.288342072162777e-05,3.3751617056765326e-09,2.5043951268344244e-07,3.411586476431694e-06,4.313558292778907e-06,0.9972067475318909,0.00034845553454943]],"label":[0,0,0,0,0,0,1,0,0]}