{"input":[[0.8942400813102722,0.0030086697079241276,0.014574181288480759,0.00012364034773781896,0.031366005539894104,0.0008151411893777549,0.003318550530821085,0.01787387765944004,0.034679919481277466],[0.5097256898880005,0.055210694670677185,0.043202921748161316,0.0010096236364915967,0.28327280282974243,0.006930861156433821,0.007301204837858677,0.035249270498752594,0.05809692293405533]],"label":[1,0,0,0,0,0,0,0,0]}