{"input":[[0.004325241316109896,0.016189875081181526,0.008452455513179302,0.14284099638462067,0.05547120422124863,0.05481912940740585,0.6269755363464355,0.07700920104980469,0.013916419818997383],[0.007913223467767239,0.007007308769971132,0.01008518971502781,0.7640269994735718,0.11729861795902252,0.0031194319017231464,0.02246115729212761,0.005393128842115402,0.06269503384828568]],"label":[0,0,0,1,0,0,0,0,0]}