{"input":[[0.8603776097297668,0.004115333780646324,0.059449203312397,0.0024237208999693394,0.006461865734308958,0.0007662736461497843,0.029459916055202484,0.024850625544786453,0.012095373123884201],[0.22116157412528992,0.03808547183871269,0.28987598419189453,0.001560287899337709,0.018523693084716797,0.009607133455574512,0.05136113613843918,0.34877920150756836,0.02104562520980835]],"label":[1,0,0,0,0,0,0,0,0]}