{"input":[[0.0031659805681556463,0.014213230460882187,0.7018371820449829,0.012800730764865875,0.10624087601900101,0.01402279268950224,0.009423570707440376,0.028814317658543587,0.10948126763105392],[0.0036109699867665768,0.055421262979507446,0.8443523049354553,0.000695220020134002,0.025725731626152992,0.020096734166145325,0.006390234921127558,0.02378152497112751,0.01992599293589592]],"label":[0,0,1,0,0,0,0,0,0]}