{"input":[[0.00023730310203973204,0.8719356656074524,0.00019502753275446594,0.00015387774328701198,0.000106590632640291,0.012552687898278236,0.11341814696788788,0.0006168039981275797,0.0007840130128897727],[0.028849849477410316,0.7216576933860779,0.06346693634986877,0.004647376947104931,0.021794483065605164,0.04959865286946297,0.09719745069742203,0.0026925401762127876,0.010095047764480114]],"label":[0,1,0,0,0,0,0,0,0]}