{"input":[[0.008087340742349625,0.1661556363105774,0.0021493956446647644,0.009363558143377304,0.003668556921184063,0.12314091622829437,0.6777639985084534,0.008006192743778229,0.001664352254010737],[0.02931300178170204,0.4888189733028412,0.023148594424128532,0.025173619389533997,0.009352759458124638,0.2523171305656433,0.09258709102869034,0.05990177392959595,0.0193871408700943]],"label":[0,1,0,0,0,0,0,0,0]}