{"input":[[0.0005222087493166327,0.3456242084503174,0.00233698938973248,0.004485534969717264,0.000965758808888495,0.1008639708161354,0.5120102167129517,0.024102572351694107,0.009088559076189995],[0.02394941821694374,0.13254329562187195,0.04331425949931145,0.1839165836572647,0.043892279267311096,0.15608111023902893,0.2975936233997345,0.053841590881347656,0.06486779451370239]],"label":[0,0,0,0,0,0,1,0,0]}