{"input":[[0.5134148597717285,0.03274605795741081,0.08003281056880951,0.018851522356271744,0.007113473955541849,0.004660590086132288,0.030874691903591156,0.20744718611240387,0.10485880821943283],[0.5081832408905029,0.007164002861827612,0.18444564938545227,0.0008776569738984108,0.0024006543681025505,0.0013042805949226022,0.0353030227124691,0.2003248631954193,0.05999653413891792]],"label":[0,0,1,0,0,0,0,0,0]}