{"input":[[0.5891973376274109,0.0013252098578959703,0.05452940613031387,5.71175514778588e-05,0.0029740529134869576,0.00011107968020951375,0.001625808421522379,0.34620678424835205,0.003973302431404591],[0.4406493306159973,0.00026218456332571805,0.3203011155128479,0.00033762407838366926,0.0017603783635422587,6.673370080534369e-05,0.0018553509144112468,0.22830143570899963,0.0064658354967832565]],"label":[0,0,0,0,0,0,0,1,0]}