{"input":[[8.802986849332228e-05,0.002235172316431999,0.0007989641162566841,0.7944222688674927,0.04506990686058998,0.0020633144304156303,0.15411648154258728,0.000501129194162786,0.0007047364488244057],[0.00504598394036293,0.06650026142597198,0.013342885300517082,0.39923614263534546,0.028261687606573105,0.030346704646945,0.4337080419063568,0.014426995068788528,0.009131237864494324]],"label":[0,0,0,1,0,0,0,0,0]}