{"input":[[0.0054725157096982,0.0019656175281852484,0.01071880478411913,0.6743713617324829,0.005824760068207979,0.0015189975965768099,0.07932750135660172,0.0005317256436683238,0.22026872634887695],[0.027406485751271248,0.000728245300706476,0.15369853377342224,0.22214367985725403,0.29745709896087646,0.0042227087542414665,0.06388731300830841,0.016605211421847343,0.2138507068157196]],"label":[0,0,0,0,1,0,0,0,0]}