{"input":[[0.6539715528488159,0.00022741936845704913,0.2712821960449219,1.6793834447526024e-06,0.00041017550393007696,0.00018935698608402163,0.002175669651478529,0.07053373008966446,0.0012081412132829428],[0.33794131875038147,0.0002763192751444876,0.2323884665966034,0.0005868092994205654,0.014872981235384941,0.00016224186401814222,0.003964800853282213,0.39853063225746155,0.011276385746896267]],"label":[1,0,0,0,0,0,0,0,0]}