{"input":[[0.007974588312208652,7.342374010477215e-05,0.9755088090896606,0.0011620298027992249,0.004979295656085014,1.4828572602709755e-05,0.00214377511292696,0.0015207021497189999,0.006622369401156902],[0.04318423196673393,0.006441063713282347,0.624786376953125,5.353486631065607e-05,0.0032609037589281797,7.744213507976383e-05,0.0003992276615463197,0.3213949203491211,0.0004023630463052541]],"label":[0,0,1,0,0,0,0,0,0]}