{"input":[[0.0034597127232700586,0.0472344234585762,0.02304580993950367,0.3546225428581238,0.25178131461143494,0.011940027587115765,0.2831192910671234,0.008508676663041115,0.0162881538271904],[0.002955012023448944,0.0017919045640155673,0.09652338176965714,0.6517063975334167,0.18903957307338715,0.0030327963177114725,0.0218970887362957,0.004817800596356392,0.02823597379028797]],"label":[0,0,0,1,0,0,0,0,0]}