{"input":[[0.020146852359175682,0.03737538680434227,0.01334021333605051,0.12990567088127136,0.005177781451493502,0.011240444146096706,0.7139955759048462,0.00998216774314642,0.05883583053946495],[0.08095292747020721,0.08215344697237015,0.3341350257396698,0.01399166788905859,0.07007186859846115,0.2591668665409088,0.016406966373324394,0.09134090691804886,0.0517803356051445]],"label":[0,1,0,0,0,0,0,0,0]}