{"input":[[0.010893318802118301,0.00016556806804146618,0.03329945355653763,0.11178727447986603,0.815314531326294,0.006966379936784506,0.019625766202807426,0.00014721463958267123,0.0018003646982833743],[0.0008962949505075812,8.06297393864952e-05,0.504294216632843,0.017628900706768036,0.4676079750061035,0.00034195263287983835,0.005779847502708435,0.002907718997448683,0.0004625317524187267]],"label":[0,0,0,0,1,0,0,0,0]}