{"input":[[0.016267972066998482,0.00027756643248721957,0.4520496726036072,0.35348713397979736,0.1342214047908783,0.0008792596054263413,0.03692439943552017,0.003115733154118061,0.0027768705040216446],[0.014965634793043137,0.002696493873372674,0.12001378834247589,0.3863324820995331,0.004429944325238466,0.016121013090014458,0.4139581620693207,0.02778041362762451,0.013702044263482094]],"label":[0,0,1,0,0,0,0,0,0]}