{"input":[[0.03463645651936531,0.0019617353100329638,0.06413587927818298,0.039470404386520386,0.3606938421726227,0.004165865946561098,0.09114942699670792,0.0415000356733799,0.3622862696647644],[0.00707499822601676,0.0012174234725534916,0.052504006773233414,0.2872186005115509,0.08253305405378342,0.004354031290858984,0.014315105974674225,0.43200504779815674,0.11877765506505966]],"label":[1,0,0,0,0,0,0,0,0]}