{"input":[[0.0047851246781647205,0.13063636422157288,0.03665384277701378,0.04799627885222435,0.01196927111595869,0.01929679699242115,0.7127763628959656,0.015049196779727936,0.020836764946579933],[0.007174395490437746,0.03085244633257389,0.0347217321395874,0.10941825062036514,0.027963900938630104,0.05219696834683418,0.7106927633285522,0.016447149217128754,0.010532330721616745]],"label":[0,1,0,0,0,0,0,0,0]}