{"input":[[0.031391266733407974,0.003449756186455488,0.4692123532295227,0.005728764925152063,0.15706069767475128,0.0003169122210238129,0.1991465836763382,0.07597558945417404,0.05771803855895996],[0.0042000627145171165,0.0004962972598150373,0.47666135430336,0.007730172015726566,0.4004291594028473,0.00017841978115029633,0.04146842658519745,0.06180845946073532,0.007027619984000921]],"label":[0,0,1,0,0,0,0,0,0]}