{"input":[[0.00033721121144481003,0.889910876750946,0.019481483846902847,5.037290611653589e-05,0.004755331669002771,0.0024554466363042593,0.07972706109285355,0.002884485526010394,0.00039776944322511554],[0.027739927172660828,0.4722382724285126,0.13019299507141113,0.011505665257573128,0.12459585070610046,0.012023299001157284,0.1787702739238739,0.025682589039206505,0.017251241952180862]],"label":[0,1,0,0,0,0,0,0,0]}