{"input":[[0.0012846217723563313,0.1868383139371872,0.0006886092596687376,0.0004827023658435792,4.851059929933399e-05,0.43915122747421265,0.34597426652908325,0.004809475503861904,0.02072223462164402],[0.05147717148065567,0.038420170545578,0.18990233540534973,0.34274351596832275,0.049649812281131744,0.01963322050869465,0.08934689313173294,0.15817183256149292,0.06065506115555763]],"label":[0,0,0,0,0,0,0,0,1]}