{"input":[[0.017160754650831223,0.04473230987787247,0.028987303376197815,0.00027620731270872056,0.0015824318397790194,0.0167661365121603,0.2805318832397461,0.5616143941879272,0.048348572105169296],[0.130910262465477,0.004031058866530657,0.038272637873888016,5.804834654554725e-05,0.000431441847467795,0.0013710279017686844,0.016353167593479156,0.8062414526939392,0.0023308261297643185]],"label":[0,0,0,0,0,0,0,1,0]}