{"input":[[0.00036189836100675166,0.0001348246878478676,0.021594664081931114,3.66498625226086e-07,0.0007506367983296514,3.850281245831866e-06,2.1766760255559348e-05,0.977024257183075,0.00010772271343739703],[0.0110324053093791,9.100154420593753e-05,0.5700598955154419,2.1421818985345453e-07,0.0011615334078669548,9.138375958173128e-07,0.00023385700478684157,0.4172079563140869,0.0002122767618857324]],"label":[0,0,1,0,0,0,0,0,0]}