{"input":[[0.002475586486980319,0.01768222637474537,0.00998533796519041,0.05595256760716438,0.0022858506999909878,0.35786956548690796,0.512101411819458,0.011292442679405212,0.030354924499988556],[0.02154599316418171,0.022637035697698593,0.18233327567577362,0.055773019790649414,0.011411898769438267,0.471636027097702,0.12930241227149963,0.08088131994009018,0.024478981271386147]],"label":[0,0,0,0,0,1,0,0,0]}