{"input":[[0.0010467608226463199,0.001019371673464775,0.0010806602658703923,0.8834720849990845,0.05312801152467728,0.010959810577332973,0.03830128163099289,0.002490350743755698,0.008501721546053886],[0.008410230278968811,0.0016506633255630732,0.004701385274529457,0.8595553636550903,0.05936531350016594,0.004472506698220968,0.050642985850572586,0.0013225749135017395,0.009879114106297493]],"label":[0,0,0,1,0,0,0,0,0]}