{"input":[[0.25544434785842896,0.25765320658683777,0.0775018185377121,0.005204745568335056,0.0009277400095015764,0.0017361424397677183,0.335471510887146,0.06297899037599564,0.003081513801589608],[0.02767845429480076,0.5860722661018372,0.015587969683110714,0.017010116949677467,0.0031412080861628056,0.06013498827815056,0.2318541705608368,0.04250273108482361,0.01601806841790676]],"label":[1,0,0,0,0,0,0,0,0]}