{"input":[[0.0006923748878762126,0.09329929202795029,0.0016909957630559802,0.018915444612503052,0.0037805000320076942,0.34226956963539124,0.35126811265945435,0.17668837308883667,0.011395411565899849],[0.007006650324910879,0.08017107844352722,0.0378262959420681,0.009674503467977047,0.005781669169664383,0.18569718301296234,0.4970535635948181,0.04404708370566368,0.1327420026063919]],"label":[0,0,0,0,0,1,0,0,0]}