{"input":[[1.3421742551145144e-05,4.5227890950627625e-05,1.1929123502341099e-05,0.00044363195775076747,1.547037209093105e-05,0.0004348565998952836,0.9989582300186157,1.69697141245706e-05,6.017979103489779e-05],[0.0037477295845746994,0.06353983283042908,0.19044692814350128,0.02744615264236927,0.08461117744445801,0.08702745288610458,0.5116625428199768,0.020923715084791183,0.010594467632472515]],"label":[0,0,0,0,0,0,1,0,0]}