{"input":[[0.02010497823357582,0.02383749559521675,0.07252488285303116,0.49946129322052,0.07654133439064026,0.05187768116593361,0.14638155698776245,0.05839370936155319,0.05087711662054062],[0.024695252999663353,0.02779521234333515,0.2051636129617691,0.22765208780765533,0.033599477261304855,0.027567220851778984,0.31274980306625366,0.08673658221960068,0.05404069647192955]],"label":[0,0,0,0,0,0,0,0,1]}