{"input":[[0.04804964363574982,0.0011747697135433555,0.41292858123779297,0.010069514624774456,0.16296757757663727,0.0034644606057554483,0.005849785637110472,0.3455487787723541,0.009946868754923344],[0.10563161969184875,0.011733455583453178,0.652653694152832,0.005767826922237873,0.023003289476037025,0.015620589256286621,0.09566615521907806,0.07444579899311066,0.015477457083761692]],"label":[0,0,0,0,0,0,0,1,0]}