{"input":[[0.006704337429255247,0.000395384879084304,0.008988728746771812,0.8923531174659729,0.07147379219532013,8.985184103948995e-05,0.006805162876844406,0.0031625148840248585,0.010027172975242138],[0.002428038977086544,8.374832395929843e-05,0.008180202916264534,0.9225403666496277,0.04943717271089554,3.638019188656472e-05,0.0010598195949569345,0.008388877846300602,0.007845370098948479]],"label":[0,0,0,1,0,0,0,0,0]}