{"input":[[0.03143348544836044,0.06568475067615509,0.1230686828494072,0.09888766705989838,0.04490073770284653,0.03260895237326622,0.2937782406806946,0.052999310195446014,0.2566380798816681],[0.006385221611708403,0.04271663725376129,0.007630293723195791,0.12100978195667267,0.013082021847367287,0.08930978924036026,0.6580591797828674,0.022203076630830765,0.039604030549526215]],"label":[0,0,0,0,0,0,0,0,1]}