{"input":[[0.31151282787323,9.643851080909371e-05,0.022399630397558212,0.10513865947723389,0.1150500699877739,0.00011928105232072994,0.012228447943925858,0.29359379410743713,0.13986092805862427],[0.05356140062212944,1.6758804122218862e-05,0.3467603623867035,0.004782426171004772,0.04568050429224968,7.093888416420668e-05,0.00014180870493873954,0.5408951640129089,0.008090577088296413]],"label":[1,0,0,0,0,0,0,0,0]}