{"input":[[0.009048421867191792,0.00010248551552649587,0.7156791090965271,0.00029433536110445857,0.01487879827618599,4.036509562865831e-05,0.00023999344557523727,0.251404345035553,0.00831220019608736],[0.0016684135189279914,7.539498710684711e-06,0.3985666334629059,8.996291398943868e-06,0.0022418296430259943,6.751508863089839e-06,6.875055260024965e-05,0.5962340831756592,0.0011969732586294413]],"label":[0,0,0,0,0,0,0,1,0]}