{"input":[[0.01844766177237034,0.00012857248657383025,0.6217135190963745,8.893250196706504e-05,0.00934248510748148,0.0001652245264267549,0.008579767309129238,0.33939307928085327,0.0021407105959951878],[0.07422925531864166,0.0001582672557560727,0.6858285665512085,0.011971885338425636,0.020305408164858818,0.0010229558683931828,0.0173211470246315,0.18354368209838867,0.005618820898234844]],"label":[0,0,1,0,0,0,0,0,0]}