{"input":[[0.005670996382832527,0.0004700463614426553,0.0032895789481699467,0.40368467569351196,0.1703214943408966,0.0033666978124529123,0.3794802725315094,0.02757117711007595,0.006145097780972719],[0.007292033638805151,0.00027841798146255314,0.22213488817214966,0.62321537733078,0.08509823679924011,0.001502388622611761,0.011340532451868057,0.03907935321331024,0.01005879882723093]],"label":[0,0,0,1,0,0,0,0,0]}