{"input":[[0.11261878162622452,0.013049101456999779,0.04688023030757904,0.002823109272867441,0.008384170942008495,0.010754995979368687,0.08625703305006027,0.49797701835632324,0.22125555574893951],[0.014786477200686932,0.0570659302175045,0.23474416136741638,0.0025106105022132397,0.01415742002427578,0.016113413497805595,0.0572173148393631,0.5020151734352112,0.10138950496912003]],"label":[0,0,0,0,0,0,0,1,0]}