{"input":[[0.0031277965754270554,0.0014338503824546933,0.00038062120438553393,0.7521175146102905,0.010094518773257732,0.015690673142671585,0.02542448416352272,0.15120021998882294,0.040530409663915634],[0.20276467502117157,0.03197149187326431,0.010696252807974815,0.3570878505706787,0.02250998467206955,0.07320758700370789,0.07593978196382523,0.1423424631357193,0.0834798514842987]],"label":[0,0,0,0,0,0,0,1,0]}