{"input":[[0.33925360441207886,0.007881974801421165,0.09370146691799164,0.007933780550956726,0.0548439659178257,0.005293905735015869,0.042176175862550735,0.3133752644062042,0.13553987443447113],[0.3889322578907013,0.012184439226984978,0.018648410215973854,0.03431009501218796,0.04557325690984726,0.014830079860985279,0.056387901306152344,0.2710096538066864,0.15812386572360992]],"label":[0,0,0,0,0,0,0,1,0]}