{"input":[[0.009166627191007137,0.6310022473335266,7.759923028061166e-05,0.014856693334877491,3.48326466337312e-05,0.03754469379782677,0.3070507347583771,0.00014020725211594254,0.00012638192856684327],[0.003527488559484482,0.7817555069923401,0.0044014411978423595,0.013944191858172417,0.00013259777915664017,0.032495152205228806,0.16115254163742065,0.0025462135672569275,4.48368264187593e-05]],"label":[0,1,0,0,0,0,0,0,0]}