{"input":[[0.016337422654032707,0.0010091197909787297,0.008868067525327206,0.00010345296323066577,0.0008988578338176012,0.0016424115747213364,0.028197890147566795,0.8815670013427734,0.06137579306960106],[0.5873693227767944,0.00016304875316563994,0.04731198027729988,7.57710004108958e-05,0.0004205621953587979,0.0003294888010714203,0.02036491222679615,0.19464723765850067,0.1493176966905594]],"label":[0,0,0,0,0,0,0,1,0]}