{"input":[[0.001772373216226697,0.009954887442290783,0.0007588088628835976,0.01518831867724657,0.004150192718952894,0.13883329927921295,0.605767011642456,0.004043105524033308,0.21953199803829193],[0.0018365408759564161,0.005179966799914837,0.004894124809652567,0.004925412125885487,0.0011128995101898909,0.6275365352630615,0.3194023370742798,0.0019448676612228155,0.03316734731197357]],"label":[0,0,0,0,0,1,0,0,0]}