{"input":[[0.0002185621706303209,0.00014638180437032133,0.00021115435811225325,0.6360085010528564,0.09558533132076263,0.0043727983720600605,0.2623808979988098,0.0005393069586716592,0.0005370878498069942],[0.07855638116598129,0.028110887855291367,0.05846681818366051,0.43434762954711914,0.10503863543272018,0.015662655234336853,0.12338704615831375,0.10826138406991959,0.04816856607794762]],"label":[0,0,0,1,0,0,0,0,0]}