{"input":[[0.004803809802979231,0.10818266123533249,0.6025941371917725,1.378398337692488e-05,0.05562637001276016,0.015142911113798618,0.08133852481842041,0.12056295573711395,0.01173490472137928],[0.0006914322730153799,0.025985797867178917,0.5857750177383423,0.00013351839152164757,0.015258732251822948,0.006097622215747833,0.3548371195793152,0.0008264568168669939,0.010394402779638767]],"label":[0,0,0,0,0,0,0,0,1]}