{"input":[[0.006897167302668095,0.004628991242498159,0.27527716755867004,0.5415586233139038,0.004803058225661516,0.008251593448221684,0.06328672915697098,0.08953721076250076,0.005759483203291893],[0.04735798016190529,0.010303273797035217,0.12275310605764389,0.0029216965194791555,0.006227747071534395,0.005016128532588482,0.11077217012643814,0.6858689188957214,0.008778984658420086]],"label":[0,0,1,0,0,0,0,0,0]}