{"input":[[0.07694967836141586,0.003911427687853575,0.05057839676737785,0.12195541709661484,0.7142246961593628,0.00273729651235044,0.013032138347625732,0.01175384409725666,0.004857055377215147],[0.06294161081314087,0.000650568981654942,0.015281427651643753,0.5441022515296936,0.3247421085834503,0.0032366521190851927,0.01599867083132267,0.004473886918276548,0.02857280895113945]],"label":[0,0,0,0,1,0,0,0,0]}