{"input":[[0.0017655458068475127,0.5508770942687988,0.02526194229722023,0.058530502021312714,0.013833626173436642,0.15135033428668976,0.1882023811340332,0.004630582872778177,0.00554792582988739],[0.0010557601926848292,0.1065511628985405,0.0016774804098531604,0.2057640105485916,0.0028282846324145794,0.25793370604515076,0.4190713167190552,0.0037645495031028986,0.001353726489469409]],"label":[0,1,0,0,0,0,0,0,0]}