{"input":[[0.003187706461176276,0.001595886773429811,0.0015042279846966267,0.7640865445137024,0.15139785408973694,0.0034103768412023783,0.052359048277139664,0.007596411742269993,0.014861900359392166],[0.006662874948233366,0.00018702351371757686,0.0024250317364931107,0.8008279800415039,0.16700543463230133,0.00043860424193553627,0.004301120527088642,0.004174553789198399,0.013977477326989174]],"label":[0,0,0,0,1,0,0,0,0]}