{"input":[[0.02513987571001053,0.08528020232915878,0.04022777080535889,0.0008528161561116576,0.005587675143033266,0.01798788458108902,0.4428884983062744,0.29213660955429077,0.08989871293306351],[0.07611459493637085,0.023012828081846237,0.38478660583496094,0.0018408835167065263,0.01710662804543972,0.004139235708862543,0.08342161029577255,0.32629454135894775,0.08328303694725037]],"label":[0,1,0,0,0,0,0,0,0]}