{"input":[[0.0008905993890948594,0.8630156517028809,0.0013463542563840747,0.00054954644292593,0.008433875627815723,0.019054947420954704,0.08908536285161972,0.0003470695810392499,0.017276430502533913],[0.009531092830002308,0.4034276604652405,0.4400998651981354,0.008590808138251305,0.017314070835709572,0.04744187742471695,0.06469590216875076,0.006092739291489124,0.0028059575706720352]],"label":[0,1,0,0,0,0,0,0,0]}