{"input":[[0.014079160057008266,0.013328799977898598,0.11229226738214493,0.061574291437864304,0.07295605540275574,0.019012000411748886,0.13346607983112335,0.48979613184928894,0.08349521458148956],[0.08620834350585938,0.015788765624165535,0.4035751521587372,0.04154486209154129,0.2686621844768524,0.013342700898647308,0.02917090244591236,0.051167864352464676,0.09053920954465866]],"label":[0,0,0,0,0,0,0,0,1]}