{"input":[[0.025039751082658768,0.014494522474706173,0.17137236893177032,0.14014281332492828,0.09854775667190552,0.008638709783554077,0.1678725928068161,0.1008448526263237,0.27304667234420776],[0.0630534365773201,0.07344184815883636,0.12632447481155396,0.06172671541571617,0.04810163751244545,0.07070071250200272,0.2899630665779114,0.1285490095615387,0.13813911378383636]],"label":[0,0,0,0,0,0,0,0,1]}