{"input":[[6.262573879212141e-05,1.0095865036419127e-05,0.00019745388999581337,0.9953845143318176,0.003025315934792161,5.2520892495522276e-05,0.001016829744912684,0.00011487097071949393,0.00013576632773038],[0.00024249286798294634,4.428358079167083e-05,0.001100971712730825,0.9869821667671204,0.0038101146928966045,0.00025898253079503775,0.005902853328734636,0.0003205671673640609,0.0013375908602029085]],"label":[0,0,0,1,0,0,0,0,0]}