{"input":[[0.37505462765693665,0.0035203169099986553,0.34385591745376587,0.0012061398010700941,0.0024500444997102022,0.0005719219916500151,0.0022526674438267946,0.17977625131607056,0.09131218492984772],[0.05887172371149063,0.010595937259495258,0.8598479628562927,0.0004866657545790076,0.0024213262367993593,0.0010387346846982837,0.002844171365723014,0.040984395891427994,0.02290899120271206]],"label":[1,0,0,0,0,0,0,0,0]}