{"input":[[0.0002814941690303385,0.05983467400074005,0.0023067237343639135,0.008837096393108368,0.0006481535383500159,0.07263217121362686,0.8418469429016113,0.0022172059398144484,0.011395568959414959],[0.020306991413235664,0.07543934136629105,0.03895518183708191,0.027152301743626595,0.008215975016355515,0.3264673352241516,0.44632405042648315,0.02258777618408203,0.03455115854740143]],"label":[0,0,0,0,0,0,1,0,0]}