{"input":[[0.06518743932247162,0.0001984527480090037,0.7783719301223755,1.1659266419883352e-05,0.0003607584803830832,9.15911587071605e-05,0.0026079006493091583,0.14920569956302643,0.003964479546993971],[0.043669309467077255,0.0009084931807592511,0.8202881813049316,3.71644418919459e-05,0.003992784768342972,0.001374422456137836,0.0018218491459265351,0.1268802285194397,0.0010275974636897445]],"label":[0,0,1,0,0,0,0,0,0]}