{"input":[[0.015197576954960823,0.005423376336693764,0.9224684238433838,6.253233732422814e-05,0.030760591849684715,0.0006281804526224732,0.007572333328425884,0.010155127383768559,0.007731867954134941],[0.0007159225060604513,0.001358505105599761,0.6478209495544434,0.10318707674741745,0.12420801818370819,0.008162256330251694,0.06204599514603615,0.050238266587257385,0.002262971829622984]],"label":[0,0,1,0,0,0,0,0,0]}