{"input":[[0.00029614384402520955,0.4432324171066284,0.0006775132496841252,0.00014418769569601864,0.0003589257539715618,0.030273867771029472,0.524897575378418,3.974312130594626e-05,7.960196671774611e-05],[0.040844425559043884,0.3571082651615143,0.0404287613928318,0.043913424015045166,0.006875704973936081,0.10579486936330795,0.268079936504364,0.10326534509658813,0.03368920460343361]],"label":[0,1,0,0,0,0,0,0,0]}