{"input":[[0.0002940489212051034,0.0002223425981355831,8.784042438492179e-05,3.4623926126187143e-07,1.247553063876694e-05,0.001999835716560483,0.9973243474960327,8.542568821212626e-07,5.784564564237371e-05],[0.003972074948251247,0.022401392459869385,0.0158236026763916,0.13918183743953705,0.0015790249453857541,0.1530129760503769,0.6508676409721375,0.0035208372864872217,0.009640578180551529]],"label":[0,0,0,0,0,1,0,0,0]}