{"input":[[0.12332019954919815,0.002012881450355053,0.7318906188011169,0.021283233538269997,0.05265248939394951,0.0008159928256645799,0.05685216560959816,0.006808136124163866,0.004364253953099251],[0.0017826483817771077,3.738262603292242e-05,0.23941093683242798,0.0007198540261015296,0.09558767825365067,6.760048563592136e-05,0.00022143078967928886,0.6598532199859619,0.002319171093404293]],"label":[0,0,0,0,1,0,0,0,0]}