{"input":[[0.055543527007102966,0.2548585832118988,0.20846639573574066,0.01769188977777958,0.13340671360492706,0.10738848894834518,0.1019512191414833,0.01967998780310154,0.10101322084665298],[0.02991531789302826,0.05779341608285904,0.09214179962873459,0.4008050858974457,0.04955193027853966,0.04426603764295578,0.11557214707136154,0.09836332499980927,0.11159096658229828]],"label":[0,0,1,0,0,0,0,0,0]}