{"input":[[0.00173524534329772,0.0020699859596788883,4.951231676386669e-05,0.000711559085175395,2.8882785045425408e-05,0.02081230841577053,0.9744880199432373,2.4568202206864953e-05,7.999601803021505e-05],[0.00511561892926693,0.668623685836792,0.002858347725123167,0.0504404753446579,0.009187614545226097,0.09156815707683563,0.13978949189186096,0.008310738019645214,0.024105969816446304]],"label":[0,0,0,0,0,0,1,0,0]}