{"input":[[0.6368124485015869,0.05138281360268593,0.08665024489164352,0.002779440488666296,0.010258305817842484,0.016230355948209763,0.14341427385807037,0.02271249331533909,0.029759617522358894],[0.18684440851211548,0.04733795300126076,0.006431147921830416,0.0021042395383119583,0.0008522726711817086,0.11502861976623535,0.5796735286712646,0.008371319621801376,0.053356464952230453]],"label":[1,0,0,0,0,0,0,0,0]}