{"input":[[0.008957263082265854,0.000423303252318874,0.0034902312327176332,0.022900575771927834,0.015994925051927567,0.0021672029979526997,0.9368714094161987,0.0005634306580759585,0.008631623350083828],[0.020918382331728935,0.00164544687140733,0.035417087376117706,0.13933144509792328,0.15804657340049744,0.007649674545973539,0.20575012266635895,0.1688709408044815,0.26237034797668457]],"label":[0,0,0,1,0,0,0,0,0]}