{"input":[[0.0010414073476567864,0.00181374023668468,0.002173500368371606,2.3856891857576557e-05,0.00023785684606991708,0.01065565925091505,0.015130093321204185,0.9597419500350952,0.009181912057101727],[0.011925216764211655,0.012510858476161957,0.010152033530175686,3.145807932014577e-05,7.477634062524885e-05,0.0018910722574219108,0.02721501886844635,0.9337354898452759,0.0024640029296278954]],"label":[0,0,1,0,0,0,0,0,0]}