{"input":[[0.002033854369074106,0.26142293214797974,0.0086209736764431,0.03292570263147354,0.02427717112004757,0.26563090085983276,0.3952605426311493,0.00034001696621999145,0.009487961418926716],[0.001424705609679222,0.01728876866400242,0.22471705079078674,0.21352072060108185,0.033339690417051315,0.00206927047111094,0.4578890800476074,0.012473569251596928,0.037277210503816605]],"label":[0,0,0,0,0,1,0,0,0]}