{"input":[[0.0001575603528181091,0.9641650319099426,0.0008176052942872047,0.0002453424094710499,8.40939101180993e-05,0.0019083303632214665,0.03237099573016167,5.509215043275617e-05,0.00019603074179030955],[0.01415074523538351,0.5653053522109985,0.021403780207037926,0.004830475430935621,0.003600358497351408,0.129663348197937,0.25555193424224854,0.0019854626152664423,0.0035085477866232395]],"label":[0,1,0,0,0,0,0,0,0]}