{"input":[[0.07375149428844452,0.0010144630214199424,0.8186514973640442,4.065554094268009e-05,0.004936867859214544,0.00035239814314991236,0.005219702608883381,0.09169915318489075,0.004333798307925463],[0.0893377959728241,0.002795178210362792,0.7565237283706665,4.670166617870564e-06,0.0064439112320542336,0.004482718650251627,0.026184823364019394,0.10887378454208374,0.005353384651243687]],"label":[0,0,1,0,0,0,0,0,0]}