{"input":[[0.00012261384108569473,0.001981200184673071,0.0017860304797068238,0.16471514105796814,0.6070281267166138,0.0476934090256691,0.17417365312576294,0.00039268602267839015,0.0021071110386401415],[0.010833622887730598,0.07248980551958084,0.0304945670068264,0.012878823094069958,0.056005753576755524,0.049328383058309555,0.7661132216453552,0.00015575025463476777,0.0017000994412228465]],"label":[0,0,0,0,0,1,0,0,0]}