{"input":[[0.004317686893045902,0.042127273976802826,0.005355108063668013,0.028761111199855804,0.016636794432997704,0.01956169493496418,0.6757945418357849,0.01685960590839386,0.19058622419834137],[0.033446479588747025,0.028827209025621414,0.08165950328111649,0.07103737443685532,0.02584400586783886,0.01254943199455738,0.6099217534065247,0.09723221510648727,0.03948207199573517]],"label":[0,0,0,0,0,0,1,0,0]}