{"input":[[0.09788016974925995,0.0019282700959593058,0.3248753845691681,0.2288610190153122,0.20398293435573578,0.0015131918480619788,0.12284711748361588,0.0028980406932532787,0.015213883481919765],[0.020373575389385223,0.2034987360239029,0.12611322104930878,0.11255134642124176,0.03877602145075798,0.05547477677464485,0.2679673135280609,0.07099214941263199,0.10425280779600143]],"label":[0,0,0,1,0,0,0,0,0]}