{"input":[[0.001036570523865521,0.0040558865293860435,0.0002588363422546536,9.673146450950298e-06,9.88991087069735e-06,0.006799554917961359,0.9878096580505371,8.958467333286535e-06,1.0926544746325817e-05],[0.009575010277330875,0.006659238133579493,0.34164074063301086,0.005930813029408455,0.009446533396840096,0.1832340806722641,0.40991559624671936,0.005696149077266455,0.02790180593729019]],"label":[0,0,0,0,0,0,0,0,1]}