{"input":[[0.9256117343902588,0.0006564116338267922,0.06057940050959587,0.0009277081699110568,0.003863149555400014,0.0002755708701442927,0.0013177711516618729,0.005247706081718206,0.0015205354429781437],[0.6920665502548218,0.0012609221739694476,0.25811368227005005,0.0008585398318246007,0.005437649320811033,0.0002567564370110631,0.0007096696645021439,0.02980770543217659,0.01148862112313509]],"label":[1,0,0,0,0,0,0,0,0]}