{"input":[[0.002993360860273242,0.014393264427781105,0.009201670996844769,0.2066444456577301,0.006426233798265457,0.02417074143886566,0.22621852159500122,0.0037011399399489164,0.5062506794929504],[0.058368876576423645,0.051337115466594696,0.1808251291513443,0.18901370465755463,0.05812227725982666,0.050104737281799316,0.20963533222675323,0.029272375628352165,0.1733204573392868]],"label":[0,0,0,0,0,0,0,0,1]}