{"input":[[0.0028833579272031784,0.001411049161106348,0.03896071016788483,0.0008815152104943991,0.0022743900772184134,0.002376551739871502,0.7817146182060242,0.13968394696712494,0.02981390990316868],[0.03952612355351448,0.01683712750673294,0.6549017429351807,0.050363603979349136,0.013318564742803574,0.001771076349541545,0.10686803609132767,0.09686194360256195,0.019551675766706467]],"label":[0,0,0,0,0,0,0,1,0]}