{"input":[[0.052722685039043427,0.03305841609835625,0.04910580813884735,0.008293576538562775,0.014518316835165024,0.03680190071463585,0.12598885595798492,0.5831076502799988,0.09640277922153473],[0.008406059816479683,0.004078690428286791,0.02050546184182167,0.0001590883475728333,0.0051902299746870995,0.0022065567318350077,0.007830334827303886,0.9466243982315063,0.00499909371137619]],"label":[0,0,0,0,0,0,0,1,0]}