{"input":[[0.8238340616226196,0.0029504753183573484,0.050450049340724945,0.011855055578052998,0.035633720457553864,0.0013304511085152626,0.04088493809103966,0.008130976930260658,0.024930132552981377],[0.2039937525987625,0.003824120620265603,0.1001376360654831,0.045708831399679184,0.050947483628988266,0.008972960524260998,0.27391743659973145,0.11470877379179001,0.1977889984846115]],"label":[1,0,0,0,0,0,0,0,0]}