{"input":[[0.08846628665924072,0.07526122033596039,0.29361188411712646,0.01580369472503662,0.04256819561123848,0.003215931123122573,0.023717619478702545,0.402566522359848,0.05478872358798981],[0.06679445505142212,0.05918210744857788,0.10514061152935028,0.14233334362506866,0.04443628340959549,0.026495983824133873,0.07956373691558838,0.4395398795604706,0.03651365265250206]],"label":[1,0,0,0,0,0,0,0,0]}