{"input":[[0.0004171704058535397,0.00028699851827695966,0.0010633107740432024,0.7004058361053467,0.03108297288417816,0.004712299909442663,0.2451687753200531,0.00010683100845199078,0.01675589755177498],[0.003517566714435816,0.0024691084399819374,0.014741956256330013,0.5017157196998596,0.026655007153749466,0.016980594024062157,0.3234807550907135,0.017472637817263603,0.09296660125255585]],"label":[0,0,0,0,1,0,0,0,0]}