{"input":[[0.002343252766877413,0.012145597487688065,0.037598226219415665,0.010110810399055481,0.001309112529270351,0.011207080446183681,0.3098692297935486,0.5991082787513733,0.01630837470293045],[0.01385786198079586,0.16783644258975983,0.2197076380252838,0.02044990286231041,0.03934674710035324,0.007922405377030373,0.24100591242313385,0.2807893455028534,0.009083658456802368]],"label":[0,0,0,0,0,0,0,1,0]}