{"input":[[0.00025509530678391457,0.7036434412002563,0.0003527081571519375,0.0006904159090481699,0.0003065326891373843,0.08072827011346817,0.20758651196956635,0.0024325945414602757,0.004004333633929491],[0.005488231778144836,0.7376063466072083,0.008388862013816833,0.0027359265368431807,0.0013822257751598954,0.06244217976927757,0.16970369219779968,0.006918010301887989,0.0053345076739788055]],"label":[0,1,0,0,0,0,0,0,0]}