{"input":[[0.003915527369827032,0.07705868035554886,0.014432940632104874,0.04533306881785393,0.0060089039616286755,0.05396483466029167,0.5620467066764832,0.20658688247203827,0.030652454122900963],[0.02116093598306179,0.013352394104003906,0.04751918464899063,0.12820379436016083,0.07792552560567856,0.02901826798915863,0.22413115203380585,0.38211074471473694,0.07657808065414429]],"label":[0,0,0,0,0,0,0,1,0]}