{"input":[[0.00482401205226779,0.0008087175083346665,0.0023041446693241596,0.6353939175605774,0.01721758022904396,0.03090839460492134,0.2912757396697998,0.0012153852730989456,0.016052115708589554],[0.028553128242492676,0.010356470942497253,0.062176413834095,0.35757893323898315,0.10627345740795135,0.0126745430752635,0.20809756219387054,0.1004781424999237,0.11381138116121292]],"label":[0,0,0,1,0,0,0,0,0]}