{"input":[[0.0003973218845203519,0.002571769757196307,0.0008324698428623378,0.5654104948043823,0.006217940244823694,0.013432493433356285,0.3929482698440552,0.005668203812092543,0.012521087191998959],[0.006579904351383448,0.0007918160408735275,0.014600272290408611,0.4004552662372589,0.1765460968017578,0.011185170151293278,0.0844167098402977,0.03205162286758423,0.2733731269836426]],"label":[0,0,0,1,0,0,0,0,0]}