{"input":[[0.6111342310905457,0.00857146643102169,0.08825612813234329,0.0032276299316436052,0.005518357269465923,0.0015051355585455894,0.02410951629281044,0.2390594482421875,0.01861814223229885],[0.015578384511172771,0.02580191195011139,0.20314936339855194,0.07290024310350418,0.09340053796768188,0.007822299376130104,0.0364946611225605,0.17735545337200165,0.3674970865249634]],"label":[1,0,0,0,0,0,0,0,0]}