{"input":[[0.01282755471765995,0.0030757503118366003,0.03213831037282944,0.48201748728752136,0.20985201001167297,0.013322204351425171,0.02188512682914734,0.0866825059056282,0.13819903135299683],[0.017098529264330864,0.002872737357392907,0.00931286346167326,0.6578627228736877,0.06802600622177124,0.005088672041893005,0.016740435734391212,0.032250430434942245,0.19074761867523193]],"label":[0,0,0,0,0,0,0,0,1]}