{"input":[[0.012219785712659359,0.02118886448442936,0.07149196416139603,0.20604896545410156,0.04997096583247185,0.00749296136200428,0.08995078504085541,0.4283532500267029,0.11328237503767014],[0.0184773076325655,0.01666579209268093,0.06568628549575806,0.4873187243938446,0.028216196224093437,0.014211651869118214,0.03464591130614281,0.12507547438144684,0.20970264077186584]],"label":[0,0,0,0,0,1,0,0,0]}