{"input":[[0.0004992182948626578,0.9713476896286011,0.0004157937364652753,0.00028832987300120294,0.001510015339590609,0.011627215892076492,0.013364400714635849,0.0003234023170080036,0.0006238369387574494],[0.003364314790815115,0.6903554797172546,0.03484587371349335,0.008250731974840164,0.005522652994841337,0.14237606525421143,0.0993996113538742,0.006985750049352646,0.008899440057575703]],"label":[0,1,0,0,0,0,0,0,0]}