{"input":[[0.0586199089884758,0.03510502353310585,0.042426981031894684,0.14628732204437256,0.2775394916534424,0.03233520686626434,0.16294562816619873,0.10235971212387085,0.14238077402114868],[0.037528663873672485,0.004517017863690853,0.15527474880218506,0.30820122361183167,0.18580901622772217,0.007889949716627598,0.21230539679527283,0.03139377385377884,0.0570802316069603]],"label":[0,0,0,0,1,0,0,0,0]}