{"input":[[0.11396759003400803,0.00018098094733431935,0.4341578185558319,0.0036973103415220976,0.2504977285861969,0.00017370226851198822,0.04276714101433754,0.06899301707744598,0.08556467294692993],[0.03659938648343086,0.0033383644185960293,0.37518110871315,0.00019499163317959756,0.012114062905311584,0.0003625082317739725,0.003117665182799101,0.5602149963378906,0.008876846171915531]],"label":[0,0,1,0,0,0,0,0,0]}