{"input":[[0.6578397154808044,0.04956134781241417,0.07928915321826935,0.00361864035949111,0.14524126052856445,0.02010919153690338,0.024107802659273148,0.0012458310229703784,0.018987055867910385],[0.014812108129262924,0.05079042166471481,0.11779387295246124,0.042993057519197464,0.015501365065574646,0.40025487542152405,0.2422322928905487,0.007250403054058552,0.10837157815694809]],"label":[0,0,0,0,0,0,1,0,0]}