{"input":[[0.05911565572023392,0.014119175262749195,0.011982285417616367,0.7772545218467712,0.05085285007953644,0.006116253323853016,0.01585417427122593,0.035924673080444336,0.028780497610569],[0.12672173976898193,0.006073540076613426,0.5502853393554688,0.0124896802008152,0.15973463654518127,0.0005736856255680323,0.026729324832558632,0.11206474155187607,0.005327265709638596]],"label":[0,0,0,0,1,0,0,0,0]}