{"input":[[0.0001766282512107864,0.017974697053432465,0.0026545643340796232,0.09168212115764618,0.0028630648739635944,0.02504073642194271,0.831689715385437,0.00035010138526558876,0.02756831794977188],[0.005976393818855286,0.17240983247756958,0.05925111472606659,0.015619360841810703,0.017831116914749146,0.1585744172334671,0.2584424912929535,0.09773141890764236,0.2141638696193695]],"label":[0,0,0,0,0,0,1,0,0]}