{"input":[[0.4789567291736603,0.00010151210153708234,0.17370179295539856,0.020143577829003334,0.13892443478107452,0.00045667466474696994,0.06637324392795563,0.11322648078203201,0.008115626871585846],[0.24287906289100647,0.016448719426989555,0.16955003142356873,0.056526340544223785,0.0595586858689785,0.009875308722257614,0.021124359220266342,0.3884870409965515,0.03555041551589966]],"label":[1,0,0,0,0,0,0,0,0]}