{"input":[[0.03730270639061928,5.15938299940899e-05,0.33203086256980896,0.40214815735816956,0.05108105391263962,0.013677401468157768,0.0639723390340805,0.003119021188467741,0.09661687910556793],[0.08100536465644836,0.009256234392523766,0.06054965779185295,0.25120675563812256,0.01533189881592989,0.01543926727026701,0.3836793005466461,0.08012279123067856,0.10340868681669235]],"label":[0,0,0,1,0,0,0,0,0]}