{"input":[[3.0240247724577785e-05,0.003270478919148445,0.002076635602861643,0.0010360160376876593,0.004049621522426605,0.004515802953392267,0.7282207608222961,0.24879246950149536,0.008007964119315147],[0.07041583955287933,0.005034834146499634,0.0620783232152462,0.002735005458816886,0.0003218687779735774,0.024495970457792282,0.6480123400688171,0.0779326781630516,0.10897314548492432]],"label":[0,0,0,0,0,0,1,0,0]}