{"input":[[0.10249683260917664,0.24422197043895721,0.15760086476802826,0.003253309056162834,0.00574935507029295,0.0030908938497304916,0.15629760921001434,0.3191937804222107,0.008095423690974712],[0.014849822968244553,0.1529531031847,0.019516991451382637,0.029813114553689957,0.013153202831745148,0.3414803445339203,0.054487038403749466,0.3547121286392212,0.019034260883927345]],"label":[0,0,0,0,0,0,0,0,1]}