{"input":[[0.0033382130786776543,0.007040439173579216,0.005863234866410494,0.837744951248169,0.029890358448028564,0.0051212129183113575,0.07361476868391037,0.010824994184076786,0.026561910286545753],[0.017735788598656654,0.039608441293239594,0.10308822989463806,0.2654571831226349,0.07796809822320938,0.022514542564749718,0.2048775553703308,0.16827458143234253,0.10047560185194016]],"label":[0,0,0,0,1,0,0,0,0]}