{"input":[[0.016474701464176178,0.04140679910778999,0.008409788832068443,0.6613108515739441,0.0005038253730162978,0.1706746220588684,0.062101833522319794,0.0008473197231069207,0.03827020153403282],[0.042597535997629166,0.07282804697751999,0.01809229701757431,0.07176007330417633,0.0011576126562431455,0.2874516248703003,0.33470600843429565,0.09356604516506195,0.07784068584442139]],"label":[0,0,0,0,0,0,0,0,1]}