{"input":[[0.000688400468789041,0.00021993966947775334,0.0032806172966957092,0.8959962725639343,0.07787831127643585,0.0007448723772540689,0.020106669515371323,0.00029590586200356483,0.000789069861639291],[0.001611989107914269,0.0006426264299079776,0.0009071763488464057,0.9295780658721924,0.03063538670539856,0.0002287638926645741,0.029068082571029663,0.00044219792471267283,0.006885869428515434]],"label":[0,0,0,1,0,0,0,0,0]}