{"input":[[0.04762222245335579,0.010181572288274765,0.024547940120100975,0.0014837004709988832,0.005098878405988216,0.0073350886814296246,0.060687318444252014,0.7546489834785461,0.08839431405067444],[0.08104367554187775,0.024613594636321068,0.48188307881355286,0.0012140495236963034,0.0018918667919933796,0.01577106863260269,0.06601788103580475,0.30069464445114136,0.02687009796500206]],"label":[0,0,0,0,0,0,0,0,1]}