{"input":[[0.013949512504041195,0.002173862187191844,0.019278546795248985,0.49616187810897827,0.4176987409591675,0.0004244927840773016,0.025408299639821053,0.004144852980971336,0.020759686827659607],[0.00020121414854656905,7.868477405281737e-05,0.31045201420783997,0.47880086302757263,0.16093049943447113,9.934979607351124e-05,0.026577379554510117,0.0015995107823982835,0.021260548382997513]],"label":[0,0,0,0,1,0,0,0,0]}