{"input":[[0.12864598631858826,0.019660964608192444,0.1557241678237915,0.08049683272838593,0.028407815843820572,0.010689674876630306,0.32164934277534485,0.2110031545162201,0.04372207820415497],[0.0432191900908947,0.009507928974926472,0.05849314481019974,0.0029831971041858196,0.006201169453561306,0.009884867817163467,0.01810646802186966,0.7565190196037292,0.09508498758077621]],"label":[1,0,0,0,0,0,0,0,0]}