{"input":[[0.008995979093015194,0.026982681825757027,0.025466034188866615,0.5937244892120361,0.06501875817775726,0.010662485845386982,0.17760887742042542,0.0028770253993570805,0.08866371959447861],[0.01894727349281311,0.10926321893930435,0.07671134918928146,0.045707620680332184,0.028133396059274673,0.08174503594636917,0.0809163823723793,0.2682262659072876,0.29034939408302307]],"label":[0,0,0,1,0,0,0,0,0]}