{"input":[[0.015886951237916946,0.019791802391409874,0.004949584603309631,0.041173890233039856,0.02103806659579277,0.7183753848075867,0.12357855588197708,0.03915668651461601,0.016049031168222427],[0.06901954114437103,0.004058825317770243,0.03322729468345642,0.022403791546821594,0.03821076825261116,0.010946294292807579,0.7084020376205444,0.07882063090801239,0.03491080179810524]],"label":[0,1,0,0,0,0,0,0,0]}