{"input":[[0.00996793620288372,0.020272113382816315,0.800783634185791,0.0017419264186173677,0.004357554018497467,0.006731761619448662,0.08601794391870499,0.003883169498294592,0.06624381244182587],[0.0006982019986025989,0.00016226492880377918,0.44222506880760193,0.038492750376462936,0.49355465173721313,0.001533807022497058,0.0029841347131878138,0.01622886210680008,0.004120262339711189]],"label":[0,0,0,0,1,0,0,0,0]}