{"input":[[0.041045621037483215,0.10577340424060822,0.004250647965818644,0.0033111374359577894,0.00018763879779726267,0.03856252506375313,0.6053782105445862,0.18851926922798157,0.012971529737114906],[0.10570748150348663,0.01946398988366127,0.12363342940807343,0.003710091346874833,0.002038735430687666,0.008225328288972378,0.7214970588684082,0.009590692818164825,0.006133130751550198]],"label":[0,0,0,0,0,0,0,1,0]}