{"input":[[0.0020372020080685616,0.08333269506692886,0.008485655300319195,0.02614196389913559,0.0017300493782386184,0.2698664665222168,0.571994423866272,0.016837825998663902,0.019573736935853958],[0.05544035881757736,0.10563429445028305,0.09706933796405792,0.14820249378681183,0.04844549670815468,0.07875636965036392,0.09556683152914047,0.1579427719116211,0.21294210851192474]],"label":[0,0,0,0,0,1,0,0,0]}