{"input":[[0.0007081080111674964,0.9775157570838928,0.0026058522053062916,6.505388682853663e-06,0.000339504360454157,0.0008784570964053273,0.017018668353557587,8.27040639705956e-05,0.0008443661499768496],[0.0064500137232244015,0.7551723122596741,0.1259862780570984,0.0005036426009610295,0.002275453181937337,0.01293240487575531,0.08715447038412094,0.007902386598289013,0.0016230455366894603]],"label":[0,1,0,0,0,0,0,0,0]}