{"input":[[0.010628054849803448,0.008495209738612175,0.014137513004243374,0.37541717290878296,0.029992030933499336,0.028013134375214577,0.33804672956466675,0.039123691618442535,0.15614640712738037],[0.01812771148979664,0.006992335431277752,0.030548984184861183,0.4198879599571228,0.07635458558797836,0.021815042942762375,0.2700424790382385,0.01659799925982952,0.13963298499584198]],"label":[1,0,0,0,0,0,0,0,0]}