{"input":[[0.001975319581106305,0.00428165215998888,0.000247817428316921,0.005316868424415588,0.00024234052398242056,0.8741307854652405,0.10376238822937012,0.0031422851607203484,0.006900621112436056],[0.020165609195828438,0.005354791413992643,0.01996499113738537,0.07272830605506897,0.015475330874323845,0.2891823947429657,0.5524299740791321,0.020031064748764038,0.004667573142796755]],"label":[0,0,0,0,0,1,0,0,0]}