{"input":[[0.26063379645347595,0.09962315112352371,0.1486341804265976,0.00010937121260212734,0.00022171245655044913,0.08873003721237183,0.266841322183609,0.026157531887292862,0.10904895514249802],[0.4677391052246094,0.013347562402486801,0.16253934800624847,0.0019023132044821978,0.000993531197309494,0.016920218244194984,0.30349910259246826,0.016443487256765366,0.016615374013781548]],"label":[0,0,0,0,0,0,0,0,1]}