{"input":[[0.7149613499641418,0.0033177516888827085,0.16354350745677948,0.00035651709185913205,0.0016921774949878454,0.0001945926051121205,0.011761004105210304,0.08237839490175247,0.02179477922618389],[0.02110510878264904,0.11853696405887604,0.08488277345895767,0.011486287228763103,0.012050889432430267,0.002700947457924485,0.13163484632968903,0.5989553928375244,0.018646813929080963]],"label":[0,0,1,0,0,0,0,0,0]}