{"input":[[0.01891540363430977,0.0003681386006064713,0.06747107207775116,0.30986109375953674,0.2766781747341156,0.0008086083689704537,0.0031359191052615643,0.1381339281797409,0.18462765216827393],[0.013231154531240463,0.00020744383800774813,0.102328822016716,0.548302412033081,0.22459962964057922,0.00041228230111300945,0.0033099898137152195,0.053757280111312866,0.05385098606348038]],"label":[0,0,0,0,1,0,0,0,0]}