{"input":[[0.0027364587876945734,0.000999700976535678,0.002215259475633502,0.8706597089767456,0.08641738444566727,0.0017753886058926582,0.014326038770377636,0.0029034502804279327,0.0179666168987751],[0.0043774256482720375,0.004709815140813589,0.07251535356044769,0.49916696548461914,0.23067721724510193,0.007509715389460325,0.04521261900663376,0.09668861329555511,0.039142221212387085]],"label":[0,0,0,1,0,0,0,0,0]}