{"input":[[0.0004164958081673831,0.006734924390912056,0.7573951482772827,0.0008664220804348588,0.062375131994485855,0.0008770528947934508,0.0195448100566864,0.10588940232992172,0.045900631695985794],[0.03414623811841011,0.2126295566558838,0.051456887274980545,0.13082394003868103,0.04688029736280441,0.1637727916240692,0.11890099197626114,0.16594935953617096,0.07544000446796417]],"label":[0,0,0,1,0,0,0,0,0]}