{"input":[[0.35971972346305847,2.5924396140908357e-06,0.194743812084198,7.898399871919537e-07,0.00218134350143373,9.904101716529112e-07,1.0065658898383845e-05,0.4427327513694763,0.0006078807055018842],[0.04507223889231682,2.468773800501367e-06,0.005690523888915777,1.2348338032097672e-06,0.012158066965639591,8.551946848456282e-06,0.0006925667403265834,0.9355490207672119,0.0008253190899267793]],"label":[0,0,0,0,0,0,0,1,0]}