{"input":[[0.05083254352211952,0.027894096449017525,0.04784325137734413,0.0001514605974080041,0.005845516454428434,0.002083489205688238,0.016663042828440666,0.8403515815734863,0.008334973827004433],[0.006849679630249739,0.015850720927119255,0.36421167850494385,8.825161785352975e-05,0.0037458143197000027,0.0011904394486919045,0.01636483706533909,0.584229588508606,0.0074689751490950584]],"label":[0,0,0,0,0,0,0,1,0]}