{"input":[[0.7929102182388306,7.251443457789719e-05,0.16474750638008118,0.00011130523489555344,0.010627907700836658,0.00016893557040020823,0.0027658268809318542,0.007955802604556084,0.02063998393714428],[0.4912577271461487,0.0003532491100486368,0.24100378155708313,0.00022288439504336566,0.052839793264865875,0.00024749976000748575,0.0007176058134064078,0.20026810467243195,0.013089378364384174]],"label":[1,0,0,0,0,0,0,0,0]}