{"input":[[0.01579018123447895,0.07521124184131622,0.03802599757909775,0.03405921533703804,0.014879408292472363,0.03376204892992973,0.09355797618627548,0.5759634375572205,0.11875055730342865],[0.0515708364546299,0.09747711569070816,0.07698926329612732,0.14646542072296143,0.042356718331575394,0.02757761999964714,0.2166074961423874,0.2324674129486084,0.108488067984581]],"label":[0,0,0,0,0,0,0,0,1]}