{"input":[[0.001767448615282774,0.0020189143251627684,0.02392030879855156,0.011348993517458439,0.015016201883554459,0.009216851554811,0.9344198703765869,0.000671621470246464,0.001619792077690363],[0.05441262573003769,0.003965958021581173,0.1652647852897644,0.06793215870857239,0.02308722212910652,0.020048312842845917,0.5646907687187195,0.010160407051444054,0.09043772518634796]],"label":[0,0,0,1,0,0,0,0,0]}