{"input":[[0.0038034163881093264,0.0028459676541388035,0.023808369413018227,0.6281823515892029,0.2749996781349182,0.0025708440225571394,0.016700658947229385,0.021358547732234,0.025730252265930176],[0.0038650583010166883,0.001321905292570591,0.00859407801181078,0.8751580715179443,0.057724617421627045,0.0031676371581852436,0.03086175210773945,0.008726043626666069,0.010580739937722683]],"label":[0,0,0,1,0,0,0,0,0]}