{"input":[[0.0003863210149575025,2.610960291349329e-05,0.0021605941001325846,0.47850286960601807,0.4873228967189789,0.00014974785153754056,0.0058160810731351376,0.004801732487976551,0.020833570510149002],[0.009321401827037334,0.000315877579851076,0.012595059350132942,0.8380711078643799,0.08745782822370529,0.0009244545362889767,0.008119585923850536,0.005226262845098972,0.03796844184398651]],"label":[0,0,0,0,1,0,0,0,0]}