{"input":[[0.0038511594757437706,0.8663135170936584,0.001136453473009169,0.004761137999594212,0.0008009594748727977,0.07184851169586182,0.04589146003127098,0.0031569115817546844,0.002239904133602977],[0.011688870377838612,0.3563545048236847,0.11014723032712936,0.14764995872974396,0.036135055124759674,0.07839521765708923,0.19446547329425812,0.016308803111314774,0.04885483905673027]],"label":[0,1,0,0,0,0,0,0,0]}