{"input":[[5.13502091052942e-05,3.109339013462886e-05,0.00010698659752961248,0.03783150017261505,0.9577017426490784,4.023590008728206e-06,0.004232213366776705,4.203264325042255e-06,3.6983452446293086e-05],[0.001582836383022368,0.0024311889428645372,0.0850333571434021,0.15492671728134155,0.5935328602790833,0.0007555579068139195,0.14172834157943726,0.017969101667404175,0.00204003369435668]],"label":[0,0,0,0,1,0,0,0,0]}