{"input":[[0.8271946907043457,0.00046735841897316277,0.012492259033024311,0.0031060378532856703,0.014219501055777073,0.0006027286872267723,0.12513570487499237,0.0023018077481538057,0.014480112120509148],[0.9164386987686157,0.002240716014057398,0.026012606918811798,0.000807005213573575,0.0023272112011909485,0.0018884167075157166,0.03719073534011841,0.002674384508281946,0.010420138947665691]],"label":[1,0,0,0,0,0,0,0,0]}