{"input":[[0.0016647586598992348,0.5743602514266968,0.00215681130066514,0.007668516132980585,0.012077339924871922,0.026637643575668335,0.3598434627056122,0.00033371083554811776,0.015257553197443485],[0.010528860613703728,0.04207327216863632,0.053792666643857956,0.0723230317234993,0.004909795243293047,0.41120895743370056,0.30904272198677063,0.05156002938747406,0.04456062242388725]],"label":[0,1,0,0,0,0,0,0,0]}