{"input":[[0.9944061040878296,8.799108854873339e-07,0.0008201723103411496,4.711703695647884e-06,0.000884067383594811,2.2115134470368503e-06,5.241601320449263e-05,0.0035792167764157057,0.0002501071721781045],[0.027062777429819107,0.001214160700328648,0.013102635741233826,0.00010478629701538011,0.0010215019574388862,0.0012204068480059505,0.0013950522989034653,0.9421800971031189,0.012698650360107422]],"label":[1,0,0,0,0,0,0,0,0]}