{"input":[[0.00063055579084903,0.00013647237210534513,0.006225986406207085,0.0002818081702571362,8.966578207036946e-06,0.00011149263445986435,0.0020683668553829193,0.9881142973899841,0.0024220976047217846],[0.1416545957326889,0.00901532918214798,0.005516589153558016,0.004410245921462774,0.00018119630112778395,0.0034870803356170654,0.016278952360153198,0.8022398352622986,0.017216185107827187]],"label":[0,0,0,0,0,0,0,0,1]}