{"input":[[0.0018896497786045074,0.010087728500366211,0.21712687611579895,0.11231256276369095,0.07058857381343842,0.004929324146360159,0.5631728172302246,0.0025652600452303886,0.017327219247817993],[0.12723439931869507,0.07997774332761765,0.35233601927757263,0.021645426750183105,0.00894887000322342,0.004819241352379322,0.29561761021614075,0.08163507282733917,0.027785684913396835]],"label":[0,0,1,0,0,0,0,0,0]}