{"input":[[0.005952605977654457,0.029099881649017334,0.053129520267248154,0.16170434653759003,0.015200911089777946,0.013134707696735859,0.6842133402824402,0.008394576609134674,0.029170088469982147],[0.0075833178125321865,0.039738092571496964,0.040108148008584976,0.5238097906112671,0.07887223362922668,0.027343275025486946,0.1809338927268982,0.057881683111190796,0.04372952878475189]],"label":[0,0,0,1,0,0,0,0,0]}