{"input":[[0.03421885892748833,0.015410508029162884,0.2480509877204895,0.0028286324813961983,0.008123520761728287,0.00928522553294897,0.16382341086864471,0.3775201439857483,0.14073868095874786],[0.0010604251874610782,0.005116589833050966,0.40072375535964966,0.0003001961449626833,0.004952235613018274,0.000959975179284811,0.02469286322593689,0.5515999794006348,0.010593987070024014]],"label":[0,0,0,0,0,0,0,0,1]}