{"input":[[0.020300088450312614,8.023738337215036e-05,0.02184389717876911,8.874763443600386e-05,0.02877170220017433,6.611127173528075e-05,0.018086353316903114,0.8820158839225769,0.02874700352549553],[0.08651501685380936,0.000963947968557477,0.33728691935539246,0.0068680765107274055,0.2073242962360382,0.0005803260137327015,0.03401768207550049,0.2959062457084656,0.03053743578493595]],"label":[0,0,0,0,0,0,0,1,0]}