{"input":[[0.40413063764572144,0.004885388538241386,0.3782661557197571,0.023894185200333595,0.0942944586277008,0.003952174913138151,0.034337591379880905,0.04419387876987457,0.012045449577271938],[0.03292061388492584,0.020516816526651382,0.3088027536869049,0.11986400187015533,0.0726950541138649,0.1455230861902237,0.15582923591136932,0.022611532360315323,0.12123691290616989]],"label":[0,0,1,0,0,0,0,0,0]}