{"input":[[0.0024228610564023256,0.0032739443704485893,9.210436110151932e-05,0.07835102826356888,0.008041085675358772,0.045309025794267654,0.853676974773407,0.001886041834950447,0.006946964655071497],[0.015497846528887749,0.05574480816721916,0.099125936627388,0.089619480073452,0.028810231015086174,0.05875400826334953,0.12885303795337677,0.328930139541626,0.1946645975112915]],"label":[0,0,0,1,0,0,0,0,0]}