{"input":[[0.007245415821671486,9.590458830643911e-06,0.041696228086948395,7.665513379606637e-08,0.00010230456246063113,6.174536792968865e-07,0.00012282367970328778,0.949459969997406,0.0013629620661959052],[0.008361960761249065,2.1103396647959016e-06,0.026275647804141045,9.130422995440313e-07,0.0002108312037307769,2.021400177909527e-06,0.00031811496592126787,0.9646714925765991,0.00015685585094615817]],"label":[0,0,0,0,0,0,0,1,0]}