{"input":[[0.0050034294836223125,0.03571145609021187,0.01670023798942566,0.02869575470685959,0.10695237666368484,0.014914300292730331,0.7744442820549011,0.0010040320921689272,0.01657421886920929],[0.08315760642290115,0.3782763183116913,0.19770558178424835,0.03513079509139061,0.03591582924127579,0.0171031691133976,0.08868653327226639,0.05456405133008957,0.10946010053157806]],"label":[0,0,1,0,0,0,0,0,0]}