{"input":[[0.0004860136250499636,0.0004854119033552706,0.543120265007019,0.009374807588756084,0.03779415041208267,0.004171598702669144,0.009220447391271591,0.36546921730041504,0.02987808920443058],[0.02417205646634102,0.036321695894002914,0.43446701765060425,0.005564935505390167,0.011558879166841507,0.014394095167517662,0.2652396559715271,0.1099047064781189,0.09837689995765686]],"label":[0,0,1,0,0,0,0,0,0]}