{"input":[[0.00407361751422286,7.637460657861084e-05,0.749990701675415,0.10005299001932144,0.08480275422334671,0.00012434426753316075,0.0186614990234375,0.013254228979349136,0.02896335907280445],[0.07161574810743332,0.04860220104455948,0.06583446264266968,0.3847291171550751,0.12536288797855377,0.02200547605752945,0.1505371481180191,0.07748347520828247,0.05382951349020004]],"label":[0,0,0,0,1,0,0,0,0]}