{"input":[[0.00011810283467639238,0.005403718911111355,0.00029893199098296463,0.009759871289134026,0.004942678846418858,0.13397008180618286,0.8382676243782043,6.430282519431785e-05,0.007174682803452015],[0.005736897699534893,0.05853433907032013,0.0038207140751183033,0.019893059507012367,0.00408126600086689,0.32748594880104065,0.5538970232009888,0.0038629984483122826,0.022687798365950584]],"label":[0,0,0,0,0,1,0,0,0]}