{"input":[[0.012038197368383408,0.01937284506857395,0.02760668471455574,0.002506406046450138,0.006134028546512127,0.05112743750214577,0.28960153460502625,0.5637699365615845,0.027842940762639046],[0.037954650819301605,0.07675100862979889,0.1392732411623001,0.03501661866903305,0.028021978214383125,0.1112106516957283,0.3278217315673828,0.1422061324119568,0.10174404084682465]],"label":[0,0,0,0,0,0,0,0,1]}