{"input":[[0.004147577099502087,0.676108717918396,0.01854657009243965,0.0065702698193490505,0.001972093479707837,0.06293857097625732,0.21081823110580444,0.0032988623715937138,0.015598966740071774],[0.019782427698373795,0.2160591185092926,0.516186535358429,0.019354157149791718,0.011849437840282917,0.0091220298781991,0.13898803293704987,0.03542231395840645,0.03323592245578766]],"label":[0,0,0,1,0,0,0,0,0]}