{"input":[[0.0017956680385395885,0.00012670741125475615,0.457810640335083,0.02405635267496109,0.43187329173088074,3.808835390373133e-05,0.0015211321879178286,0.019050709903240204,0.0637274906039238],[0.0380188524723053,0.0063951946794986725,0.08183905482292175,0.36699235439300537,0.06816739588975906,0.024088354781270027,0.21021530032157898,0.036344390362501144,0.16793911159038544]],"label":[0,0,0,1,0,0,0,0,0]}