{"input":[[0.00016275062807835639,0.9352818727493286,0.0001188851601909846,9.910550033964682e-06,1.5289771909010597e-05,0.04993376135826111,0.014059402048587799,0.0002515750238671899,0.00016665257862769067],[0.005285065155476332,0.8078954815864563,0.023874955251812935,7.306261250050738e-05,0.0007627925369888544,0.027255531400442123,0.12480009347200394,0.0068695698864758015,0.0031834030523896217]],"label":[0,1,0,0,0,0,0,0,0]}