{"input":[[0.0022669753525406122,2.128937740053516e-05,0.01960395835340023,0.03591480851173401,0.06028035655617714,2.097819378832355e-05,0.0014954156940802932,0.8541480302810669,0.026248229667544365],[0.012016931548714638,0.000879612285643816,0.04570183530449867,0.7640677690505981,0.07257155328989029,0.0006660253857262433,0.005490084644407034,0.01528115849941969,0.08332514762878418]],"label":[0,0,0,0,1,0,0,0,0]}