{"input":[[0.49071648716926575,0.0007829669630154967,0.10542847961187363,3.3890475606312975e-05,0.0018141070613637567,7.98515829956159e-05,0.32919546961784363,0.07120327651500702,0.0007454408914782107],[0.02565402165055275,0.00041570651228539646,0.03702531009912491,9.930309897754341e-05,0.003643826814368367,0.0006275346968322992,0.42859169840812683,0.49870580434799194,0.005236742552369833]],"label":[1,0,0,0,0,0,0,0,0]}