{"input":[[0.028666317462921143,0.060009151697158813,0.006727766711264849,0.027378279715776443,0.0011258171871304512,0.051016971468925476,0.3069208562374115,0.09190598875284195,0.42624878883361816],[0.08707016706466675,0.03387241065502167,0.05936351418495178,0.009950104169547558,0.0026321185287088156,0.09619566053152084,0.07459787279367447,0.5731616616249084,0.06315647810697556]],"label":[0,0,0,0,0,0,0,0,1]}