{"input":[[0.014556505717337132,0.03603161498904228,0.8149846196174622,0.026243148371577263,0.0426078662276268,0.0024450633209198713,0.04628235474228859,0.014772777445614338,0.002076054224744439],[0.017863677814602852,0.0007975109037943184,0.09282854944467545,0.4478306472301483,0.238361656665802,0.0016695578815415502,0.17141658067703247,0.014164848253130913,0.015066837891936302]],"label":[1,0,0,0,0,0,0,0,0]}