{"input":[[0.0014389744028449059,0.00018480108701623976,0.012662781402468681,0.7874922752380371,0.05567935109138489,0.001867498503997922,0.10516217350959778,0.01484820805490017,0.020664017647504807],[0.002162408083677292,0.0010605015559121966,0.061944521963596344,0.3975772559642792,0.1069682389497757,0.009180138818919659,0.16114765405654907,0.011855484917759895,0.2481037825345993]],"label":[0,0,0,1,0,0,0,0,0]}