{"input":[[0.07201247662305832,0.07238549739122391,0.02292480878531933,8.802542288322002e-05,0.0018377357628196478,0.4767822027206421,0.21315334737300873,0.07570033520460129,0.06511559337377548],[0.06161486357450485,0.030108807608485222,0.004144315142184496,0.004967362154275179,0.0034113526344299316,0.15764185786247253,0.43527722358703613,0.2193974256515503,0.08343680948019028]],"label":[0,0,0,0,0,0,0,0,1]}