{"input":[[0.35212185978889465,0.0014191098744049668,0.2523375153541565,0.12757551670074463,0.022744031623005867,0.0006483359029516578,0.11715395003557205,0.04541653022170067,0.08058316260576248],[0.44322288036346436,0.004948062356561422,0.16395463049411774,0.04240863770246506,0.02013552002608776,0.004394047427922487,0.022749101743102074,0.2751530110836029,0.023034198209643364]],"label":[0,0,0,0,1,0,0,0,0]}