{"input":[[0.004603181034326553,0.0010279840789735317,0.017468422651290894,0.5351053476333618,0.12331146746873856,0.0037488644011318684,0.024995064362883568,0.029005056247115135,0.2607347369194031],[0.03622014448046684,0.0009585658553987741,0.22762137651443481,0.46659189462661743,0.07692179828882217,0.0011998494155704975,0.05222285911440849,0.023053091019392014,0.11521042883396149]],"label":[0,0,0,0,0,0,0,0,1]}