{"input":[[0.01383959036320448,0.00027088719070889056,0.05199331045150757,0.0011424218537285924,0.1937655508518219,2.6585368686937727e-05,0.0006174899754114449,0.7162256240844727,0.02211850695312023],[0.027995727956295013,0.00017743984062690288,0.03370951861143112,0.0008048830786719918,0.2639622986316681,0.00010369041410740465,0.002478909445926547,0.6590409278869629,0.011726570315659046]],"label":[0,0,0,0,0,0,0,1,0]}