{"input":[[0.090476393699646,0.0712268054485321,0.004204713739454746,0.00034786586184054613,0.004121846053749323,0.004244223702698946,0.81179279088974,0.005618142895400524,0.007967131212353706],[0.8938326835632324,0.008917629718780518,0.00038083380786702037,0.001730451243929565,0.0348498672246933,0.0038955656345933676,0.048170726746320724,0.002694976981729269,0.005527213681489229]],"label":[1,0,0,0,0,0,0,0,0]}