{"input":[[0.0037220697849988937,0.006378678604960442,0.006755009759217501,0.7555992603302002,0.08310529589653015,0.005534513387829065,0.09244783967733383,0.01539338193833828,0.03106396272778511],[0.0073274848982691765,0.0030253289733082056,0.026566335931420326,0.7882036566734314,0.11009781062602997,0.0021888099145144224,0.03105284832417965,0.011782710440456867,0.019754944369196892]],"label":[0,0,0,1,0,0,0,0,0]}