{"input":[[6.858257984276861e-05,7.707013719482347e-05,0.9300335645675659,0.0006998806493356824,0.0008447173167951405,7.024467049632221e-05,0.00014293933054432273,0.05144185945391655,0.016621174290776253],[0.06283978372812271,0.029748566448688507,0.20774024724960327,0.0024512549862265587,0.02808481641113758,0.008124887943267822,0.06353821605443954,0.5350773334503174,0.06239497661590576]],"label":[0,0,0,0,1,0,0,0,0]}