{"input":[[0.0010269993217661977,1.8317008652957156e-05,0.005063291639089584,0.00010666415619198233,0.006473226938396692,7.66520679462701e-06,0.00047354507842101157,0.9864525198936462,0.0003777278179768473],[0.00018627980898600072,3.7728514143964276e-06,0.8035093545913696,0.0001540925877634436,0.02344716340303421,1.4694511264679022e-05,0.00014751468552276492,0.1706082671880722,0.0019287776667624712]],"label":[0,0,0,0,1,0,0,0,0]}