{"input":[[0.33347466588020325,0.009445893578231335,0.2537408173084259,0.015273618511855602,0.06661753356456757,0.036648958921432495,0.1691577136516571,0.0430443212389946,0.0725964680314064],[0.049408454447984695,0.050378963351249695,0.056990426033735275,0.036838024854660034,0.02347925677895546,0.053214214742183685,0.08287686109542847,0.43206658959388733,0.21474720537662506]],"label":[1,0,0,0,0,0,0,0,0]}