{"input":[[0.0018581885378807783,0.0072417305782437325,0.0002820557856466621,0.007814645767211914,0.0011203313479200006,0.9122632145881653,0.047203972935676575,0.003617341397330165,0.018598537892103195],[0.028425363823771477,0.04904594644904137,0.05966172367334366,0.10206381976604462,0.04079115390777588,0.3430877923965454,0.34069278836250305,0.015125974081456661,0.02110554650425911]],"label":[0,0,0,0,0,1,0,0,0]}