{"input":[[0.24553462862968445,0.006182468496263027,0.06358778476715088,0.0001352357357973233,0.018255110830068588,0.006462623830884695,0.02608145773410797,0.5405205488204956,0.09324007481336594],[0.04404103383421898,0.0026642337907105684,0.03434060513973236,0.003829269902780652,0.0432373508810997,0.006669063586741686,0.10228922963142395,0.7082111239433289,0.05471807345747948]],"label":[0,0,0,0,0,0,0,1,0]}