{"input":[[0.10701104253530502,0.025357887148857117,0.0416070930659771,0.08906100690364838,0.023515386506915092,0.02475462108850479,0.49481263756752014,0.02107817493379116,0.1728021502494812],[0.008731558918952942,0.004030237905681133,0.0015430214116349816,0.000856592960190028,0.005589945707470179,0.0016192082548514009,0.9723482728004456,0.002106232102960348,0.003174853278324008]],"label":[1,0,0,0,0,0,0,0,0]}