{"input":[[0.0002552936493884772,0.00022839635494165123,0.00629893783479929,0.9569602012634277,0.03265606239438057,0.00014493436901830137,0.0008079300168901682,0.0010595244821161032,0.0015887737972661853],[0.003976298961788416,0.00022835280105937272,0.03487828001379967,0.635383129119873,0.2949490249156952,0.0002747927501332015,0.0029710098169744015,0.005968331824988127,0.021370762959122658]],"label":[0,0,0,0,1,0,0,0,0]}