{"input":[[0.0005716935265809298,4.679415360442363e-05,0.00012192819121992216,0.9852094054222107,0.0053715780377388,0.0001877920440165326,0.007410384714603424,9.809312177821994e-05,0.0009823149302974343],[0.014249148778617382,2.9180026103858836e-05,0.009387480095028877,0.8718008399009705,0.09280484914779663,0.00022844101476948708,0.0047006141394376755,0.0009276046766899526,0.005871880333870649]],"label":[0,0,0,0,1,0,0,0,0]}