{"input":[[0.004586765542626381,4.091669325134717e-05,0.9462010860443115,1.8800616317093954e-06,5.8370042097521946e-05,3.256714262533933e-05,0.00015291952877305448,0.048349782824516296,0.0005757322069257498],[0.2536752223968506,0.0021866848692297935,0.4270196855068207,5.8886726037599146e-05,0.005823759827762842,0.002963281935080886,0.0023868237622082233,0.2995794415473938,0.006306238006800413]],"label":[0,0,0,0,0,0,0,1,0]}