{"input":[[0.1325102150440216,0.00023206941841635853,0.38683637976646423,0.00012415918172337115,0.03016742691397667,5.4027605074224994e-05,0.0007823220803402364,0.44593799114227295,0.003355400636792183],[0.19471947848796844,0.006391231436282396,0.3941158950328827,0.0038609285838901997,0.11846607178449631,0.0022363055031746626,0.006290437653660774,0.2358800619840622,0.03803953528404236]],"label":[1,0,0,0,0,0,0,0,0]}