{"input":[[0.002008965238928795,0.005606221035122871,4.4299758883425966e-05,0.23957017064094543,0.005931341554969549,0.0936351865530014,0.5925770998001099,1.9761015209951438e-05,0.06060692295432091],[0.006993192248046398,0.026245206594467163,0.00013082046643830836,0.04829844459891319,0.008301778696477413,0.45736274123191833,0.44253823161125183,6.0924834542674944e-05,0.010068665258586407]],"label":[0,0,0,0,0,1,0,0,0]}