{"input":[[0.032759495079517365,0.006570517551153898,0.08322049677371979,0.6238116025924683,0.038551945239305496,0.006321869790554047,0.0917036309838295,0.11171842366456985,0.005342075601220131],[0.03010120615363121,0.010657824575901031,0.182390034198761,0.21777376532554626,0.2733844816684723,0.010046690702438354,0.03451648727059364,0.10655535012483597,0.13457414507865906]],"label":[0,0,0,0,1,0,0,0,0]}