{"input":[[0.7743833065032959,0.000189046812010929,0.010400828905403614,3.682405804283917e-05,0.0010824096389114857,0.00021770487364847213,0.0032781229820102453,0.2008732408285141,0.009538590908050537],[0.16375114023685455,1.2240387832207489e-06,0.0017654196126386523,9.896552910504397e-08,9.334242349723354e-05,3.323689270473551e-06,0.00011262037878623232,0.8340013027191162,0.0002715586742851883]],"label":[1,0,0,0,0,0,0,0,0]}