{"input":[[0.00030337783391587436,0.00014122891298029572,0.014722868800163269,0.9040597677230835,0.020982062444090843,0.0002696567098610103,0.05895683169364929,0.00010493389709154144,0.000459213595604524],[0.004081131890416145,0.0008458684897050261,0.16213005781173706,0.044107962399721146,0.08662502467632294,0.0006422159494832158,0.6772258281707764,0.0024873788934201,0.021854596212506294]],"label":[1,0,0,0,0,0,0,0,0]}