{"input":[[0.4764605760574341,0.0033386715222150087,0.17186152935028076,0.003016124712303281,0.024037456139922142,0.0025458093732595444,0.31180572509765625,0.0011161419097334146,0.005818008910864592],[0.30280137062072754,0.000510366284288466,0.3367495536804199,0.0015942971222102642,0.008997772820293903,0.0010420024627819657,0.08237660676240921,0.2564592957496643,0.009468680247664452]],"label":[1,0,0,0,0,0,0,0,0]}