{"input":[[0.0021793951746076345,0.011792845092713833,0.0005785999237559736,0.0001645105512579903,0.0008032083860598505,0.2377847135066986,0.7447917461395264,0.0010983719257637858,0.0008065642905421555],[0.004763481207191944,0.025240473449230194,9.858886915026233e-05,2.5417652068426833e-05,0.0005169761134311557,0.4848001301288605,0.4752339720726013,0.0049167112447321415,0.004404340870678425]],"label":[0,0,0,0,0,0,0,0,1]}