{"input":[[0.014994957484304905,0.0020931961480528116,0.018547361716628075,0.015346834436058998,0.005788419395685196,0.0017176455585286021,0.00573635334149003,0.7281628847122192,0.2076123058795929],[0.009415683336555958,0.029103385284543037,0.08029210567474365,0.08472415804862976,0.02190382406115532,0.0628313198685646,0.14726415276527405,0.4351887106895447,0.12927666306495667]],"label":[0,0,0,0,0,0,0,0,1]}