{"input":[[0.0043922183103859425,0.0020783711224794388,0.48073381185531616,0.09018216282129288,0.2774534225463867,0.002844827948138118,0.025457609444856644,0.008775394409894943,0.108082115650177],[0.0013505601091310382,0.006446170154958963,0.3360642194747925,0.22162050008773804,0.24622905254364014,0.007685080170631409,0.026255076751112938,0.02331319823861122,0.131036177277565]],"label":[0,0,1,0,0,0,0,0,0]}