{"input":[[0.019174961373209953,0.011609022505581379,0.0012419092236086726,0.0027550491504371166,0.002871844219043851,0.006138976663351059,0.04749802500009537,0.9027327299118042,0.005977411288768053],[0.24791991710662842,0.010271149687469006,0.004485500510782003,0.0021312071476131678,0.012525709345936775,0.0065397354774177074,0.10548306256532669,0.5405699014663696,0.07007382065057755]],"label":[1,0,0,0,0,0,0,0,0]}