{"input":[[0.003520043333992362,0.7993992567062378,0.00012387461902108043,0.0004290593496989459,0.00018081135931424797,0.03881179541349411,0.155099555850029,0.0016670759068802,0.0007685141754336655],[0.008148625493049622,0.46097809076309204,0.013381082564592361,0.01718815602362156,0.0004434407746884972,0.35966429114341736,0.13338986039161682,0.002345586894080043,0.004460868891328573]],"label":[0,1,0,0,0,0,0,0,0]}