{"input":[[0.0017816158942878246,0.0301906019449234,0.19750645756721497,0.009876382537186146,0.04681659862399101,0.008670110255479813,0.13168786466121674,0.5362411737442017,0.037229157984256744],[0.004048132803291082,0.00993827823549509,0.6244413256645203,0.10302751511335373,0.08009249716997147,0.009475558996200562,0.13098660111427307,0.015400686301290989,0.022589456290006638]],"label":[0,0,1,0,0,0,0,0,0]}