{"input":[[0.028294481337070465,0.046549633145332336,0.01606360822916031,0.4845796823501587,0.010703655891120434,0.024102406576275826,0.36742836236953735,0.012091094627976418,0.010187103413045406],[0.002314837882295251,0.014876243658363819,0.16383087635040283,0.28995609283447266,0.4152495563030243,0.004674825817346573,0.06177712604403496,0.019169488921761513,0.0281510166823864]],"label":[0,0,0,1,0,0,0,0,0]}