{"input":[[0.024911796674132347,0.022786052897572517,0.32711562514305115,0.022051073610782623,0.010922810062766075,0.028237245976924896,0.32178249955177307,0.010395379737019539,0.23179757595062256],[0.010582617484033108,0.049167368561029434,0.06268955767154694,0.10692688077688217,0.06502539664506912,0.09716822952032089,0.4839669466018677,0.013600192964076996,0.110872782766819]],"label":[0,0,0,0,0,0,0,0,1]}