{"input":[[0.26256266236305237,0.003956357017159462,0.3191230595111847,0.005097886547446251,0.020593037828803062,0.0010209779720753431,0.0042844233103096485,0.35752221941947937,0.025839416310191154],[0.3715377449989319,0.00023039919324219227,0.12648576498031616,6.481166678895534e-07,0.0008081326959654689,9.215242607751861e-05,0.0004025847010780126,0.4987788200378418,0.001663755625486374]],"label":[0,0,0,0,0,0,0,1,0]}