{"input":[[0.0646330788731575,0.08405276387929916,0.0954604372382164,0.002121222671121359,0.036680977791547775,0.13504919409751892,0.24335017800331116,0.27989181876182556,0.05876034125685692],[0.006656190380454063,0.025376074016094208,0.3839096128940582,0.12415457516908646,0.07155241072177887,0.04882902279496193,0.09916476905345917,0.051297400146722794,0.18905997276306152]],"label":[0,0,0,0,0,0,0,0,1]}