{"input":[[0.0006652049487456679,0.011394177563488483,0.0009732795297168195,0.15060076117515564,0.008412103168666363,0.05288434401154518,0.6853302121162415,0.006183804012835026,0.08355611562728882],[0.0039060618728399277,0.01375274732708931,0.01908647082746029,0.07531925290822983,0.31139206886291504,0.009844597429037094,0.4213007390499115,0.0865006223320961,0.058897487819194794]],"label":[0,0,0,0,0,0,1,0,0]}