{"input":[[0.032159168273210526,0.03851259872317314,0.01809864677488804,0.19637387990951538,0.015617134049534798,0.034480493515729904,0.30946627259254456,0.3089754581451416,0.04631641134619713],[0.0909775123000145,0.2442494034767151,0.21857823431491852,0.07508569955825806,0.026118451729416847,0.06368180364370346,0.08419541269540787,0.08760201185941696,0.10951142013072968]],"label":[0,0,0,1,0,0,0,0,0]}