{"input":[[0.001172444550320506,0.010234901681542397,0.8875000476837158,0.015971222892403603,0.031111398711800575,0.00041489716386422515,0.036880433559417725,0.010867113247513771,0.005847557447850704],[0.010264309123158455,0.016299940645694733,0.3030683994293213,0.11947526037693024,0.24911215901374817,0.0073670390993356705,0.18894179165363312,0.040268898010253906,0.06520216912031174]],"label":[0,0,0,0,1,0,0,0,0]}