{"input":[[0.002604274544864893,0.0009621551726013422,0.010054084472358227,0.885982096195221,0.02133813314139843,0.0006911339587531984,0.0474352166056633,0.02270815707743168,0.008224661462008953],[0.07625390589237213,0.030472146347165108,0.03304846212267876,0.42819297313690186,0.08286609500646591,0.013537096790969372,0.22812579572200775,0.08885307610034943,0.018650468438863754]],"label":[0,0,0,1,0,0,0,0,0]}