{"input":[[0.00021133627160452306,5.9975936892442405e-05,0.005136708728969097,0.4706290662288666,0.07005050033330917,0.0077492003329098225,0.437892884016037,0.0017148623010143638,0.0065555269829928875],[0.015534158796072006,0.00024184482754208148,0.26242396235466003,0.23046094179153442,0.31574931740760803,0.002686790656298399,0.038604408502578735,0.003835077164694667,0.1304636150598526]],"label":[0,0,0,1,0,0,0,0,0]}