{"input":[[0.011153757572174072,0.08461593836545944,0.2631833553314209,0.037367500364780426,0.137057363986969,0.020441429689526558,0.06920667737722397,0.17632386088371277,0.20065011084079742],[0.037356141954660416,0.01383720152080059,0.0850050151348114,0.22783741354942322,0.0864550769329071,0.018015574663877487,0.21029643714427948,0.14919796586036682,0.17199917137622833]],"label":[0,0,0,1,0,0,0,0,0]}