{"input":[[0.032274384051561356,0.05760311335325241,0.592810332775116,0.007847147062420845,0.019699089229106903,0.0016374156111851335,0.09314922243356705,0.08044587820768356,0.11453337967395782],[0.021926632151007652,0.039067622274160385,0.10405159741640091,0.11471057683229446,0.022061416879296303,0.009728800505399704,0.3305515944957733,0.13461117446422577,0.2232905626296997]],"label":[0,0,1,0,0,0,0,0,0]}