{"input":[[0.0030086610931903124,0.02807312086224556,0.10162515193223953,0.021944722160696983,0.041385430842638016,0.006384737323969603,0.5234119892120361,0.2623293697834015,0.011836822144687176],[0.006541725248098373,0.04187962785363197,0.1141994446516037,0.006693757604807615,0.03227348253130913,0.029185406863689423,0.1347208470106125,0.5664143562316895,0.06809128075838089]],"label":[0,0,1,0,0,0,0,0,0]}