{"input":[[0.00024387789017055184,0.0007518611964769661,2.7108244466944598e-05,1.5064013496157713e-05,0.000543277186807245,0.010501519776880741,0.9878443479537964,1.0947572263830807e-05,6.206506077433005e-05],[0.0030758045613765717,0.0024455355014652014,0.018308138474822044,0.6151882410049438,0.04877358302474022,0.037632886320352554,0.23734396696090698,0.0039200615137815475,0.033311761915683746]],"label":[0,0,0,0,0,1,0,0,0]}