{"input":[[0.09787323325872421,0.0024776768404990435,0.6994118094444275,0.0003451327502261847,0.03522265702486038,9.403065632795915e-05,0.006945007015019655,0.15721753239631653,0.0004129996814299375],[0.013730324804782867,0.00561094656586647,0.26161620020866394,0.0027551923412829638,0.015556938014924526,0.0015638706972822547,0.03807702660560608,0.5294680595397949,0.13162143528461456]],"label":[1,0,0,0,0,0,0,0,0]}