{"input":[[0.004235909786075354,0.008427102118730545,0.163923442363739,0.4639226794242859,0.08738300204277039,0.03192900866270065,0.17846177518367767,0.0038056860212236643,0.05791154131293297],[0.029001273214817047,0.06359028816223145,0.2012423723936081,0.1614101678133011,0.06087736040353775,0.038956474512815475,0.10356844216585159,0.24155263602733612,0.0998009741306305]],"label":[0,0,1,0,0,0,0,0,0]}