{"input":[[0.026035359129309654,0.056226614862680435,0.06440173089504242,0.06110062077641487,0.015504144132137299,0.022111637517809868,0.43420037627220154,0.04760604724287987,0.27281343936920166],[0.04066655784845352,0.015794940292835236,0.47294881939888,0.06559120118618011,0.08878421038389206,0.014963015913963318,0.06353616714477539,0.17523978650569916,0.06247531250119209]],"label":[0,1,0,0,0,0,0,0,0]}