{"input":[[0.92244553565979,0.0006091524846851826,0.006840396672487259,8.177218114724383e-05,0.00035168000613339245,7.633958011865616e-05,0.05630975216627121,0.013140778057277203,0.00014447799185290933],[0.9437291026115417,0.001401452929712832,0.03230969235301018,0.000608188915066421,0.0004742496821563691,0.0007980837835930288,0.006152574438601732,0.00895838625729084,0.005568203050643206]],"label":[1,0,0,0,0,0,0,0,0]}