{"input":[[0.005069797858595848,0.00010345118789700791,0.5252759456634521,5.8289019762014505e-06,0.0030465570744127035,3.356630986672826e-05,0.00017967514577321708,0.4643889367580414,0.0018962923204526305],[0.004332831595093012,5.9237579989712685e-05,0.877260684967041,0.0037283599376678467,0.01344732940196991,0.0005154101527296007,0.016360584646463394,0.05446219444274902,0.029833337292075157]],"label":[0,0,1,0,0,0,0,0,0]}