{"input":[[0.0006618095212616026,0.00015197612810879946,0.0007276885444298387,0.9697961807250977,0.015175099484622478,0.001166926696896553,0.011625907383859158,0.00015501822053920478,0.0005392447346821427],[0.0020416141487658024,0.00020787357061635703,0.0044085364788770676,0.9447212219238281,0.026395581662654877,0.000564289977774024,0.01954646036028862,0.001822007237933576,0.00029244646430015564]],"label":[0,0,0,1,0,0,0,0,0]}