{"input":[[0.3530356287956238,0.016311315819621086,0.29220762848854065,0.0006003668531775475,0.017081409692764282,0.0008474583155475557,0.08650517463684082,0.22536228597164154,0.008048604242503643],[0.06911526620388031,2.5676219593151473e-05,0.9282920956611633,1.124944560615404e-06,0.00106557656545192,4.440316843101755e-07,7.395346619887277e-05,0.0014059717068448663,2.003854388021864e-05]],"label":[0,0,1,0,0,0,0,0,0]}