{"input":[[0.0009616863681003451,1.0182935739067034e-06,0.03679284453392029,1.446278901084952e-07,0.0002126402541762218,3.3187259305123007e-06,3.8238995330175385e-05,0.9616339206695557,0.0003561117046047002],[0.11740457266569138,6.136907177278772e-05,0.48518067598342896,2.478880787748494e-06,0.004552440717816353,0.0008005917770788074,0.0005153057281859219,0.354636013507843,0.03684650734066963]],"label":[0,0,0,0,0,0,0,1,0]}