{"input":[[0.017389843240380287,0.0599653460085392,0.6511551141738892,0.034719157963991165,0.04055134207010269,0.020660825073719025,0.08805067837238312,0.022060507908463478,0.06544715911149979],[0.11842750012874603,0.06643039733171463,0.16486158967018127,0.08658707141876221,0.04614835977554321,0.03018602356314659,0.2406475991010666,0.19736719131469727,0.049344345927238464]],"label":[0,0,1,0,0,0,0,0,0]}