{"input":[[0.043633051216602325,0.004296102561056614,0.03113352693617344,0.6709818840026855,0.05637042596936226,0.018615923821926117,0.13339412212371826,0.02854478359222412,0.01303023099899292],[0.19472700357437134,0.0019068067194893956,0.17825321853160858,0.15768417716026306,0.3366798162460327,0.002080305479466915,0.01665636897087097,0.08779125660657883,0.024221021682024002]],"label":[0,0,0,1,0,0,0,0,0]}