{"input":[[0.028300033882260323,0.001728850300423801,0.007256878074258566,0.41805657744407654,0.08531507849693298,0.010957276448607445,0.34183308482170105,0.052541449666023254,0.054010774940252304],[0.0573943555355072,0.008445977233350277,0.03570627048611641,0.3198082447052002,0.11101827025413513,0.01754850335419178,0.39174866676330566,0.019315281882882118,0.03901452198624611]],"label":[0,0,0,0,0,0,0,0,1]}