{"input":[[0.0014148700283840299,0.08173607289791107,0.3220294117927551,0.09278848022222519,0.02148633822798729,0.02677290514111519,0.40776219964027405,0.005827298853546381,0.040182534605264664],[0.019705969840288162,0.09035409986972809,0.2990531623363495,0.11608120799064636,0.023357728496193886,0.020887713879346848,0.3009662628173828,0.0733184739947319,0.05627535283565521]],"label":[0,0,1,0,0,0,0,0,0]}