{"input":[[0.08978956937789917,0.24717959761619568,0.006454979535192251,0.00018010214262176305,0.01444756519049406,0.007194597274065018,0.6298293471336365,0.0006898331339471042,0.004234389401972294],[0.6380355358123779,0.0015752706676721573,0.0248104277998209,0.00026305639767087996,0.004832005128264427,0.0016758869169279933,0.009347944520413876,0.3103604018688202,0.00909939594566822]],"label":[0,1,0,0,0,0,0,0,0]}