{"input":[[0.0001561238314025104,0.004352262709289789,8.472808985970914e-05,0.061859264969825745,0.0019037931924685836,0.10975644737482071,0.8200545907020569,0.001036285888403654,0.0007964824908412993],[0.0045153615064918995,0.01989113911986351,0.0055861566215753555,0.0960703119635582,0.009082606062293053,0.042361654341220856,0.7610673308372498,0.029382573440670967,0.0320429652929306]],"label":[0,0,0,0,0,0,1,0,0]}