{"input":[[0.0012710577575489879,0.024155268445611,0.025180071592330933,0.016611119732260704,0.012926486320793629,0.015068533830344677,0.14045663177967072,0.5814829468727112,0.18284790217876434],[0.010347926057875156,0.05020584166049957,0.09085452556610107,0.12275998294353485,0.062280550599098206,0.07644172757863998,0.2726866602897644,0.20798201858997345,0.10644076019525528]],"label":[0,0,0,0,0,0,0,1,0]}