{"input":[[0.00065930763958022,0.013533108867704868,0.0007544641848653555,0.02694622427225113,0.003300953656435013,0.024230726063251495,0.8481930494308472,0.07113601267337799,0.01124617550522089],[0.12433847784996033,0.05910218507051468,0.059350013732910156,0.08747230470180511,0.03066718950867653,0.09647568315267563,0.22987836599349976,0.14454752206802368,0.16816824674606323]],"label":[0,0,0,0,0,0,1,0,0]}