{"input":[[0.01672825962305069,0.05376557260751724,0.4743589162826538,0.018186654895544052,0.10607949644327164,0.018725786358118057,0.048234231770038605,0.10606502741575241,0.15785597264766693],[0.026792125776410103,0.07142946869134903,0.5249261856079102,0.02181682176887989,0.03918977826833725,0.020226601511240005,0.1663939505815506,0.04436807706952095,0.08485693484544754]],"label":[0,0,1,0,0,0,0,0,0]}