{"input":[[0.06110510975122452,9.764492006070213e-07,0.0828753188252449,2.426068768102141e-08,0.00039622964686714113,6.857106882307562e-07,3.919033406418748e-05,0.8555321097373962,5.03247938468121e-05],[0.0003622258664108813,3.2410486028311425e-07,0.00302432500757277,1.7659607109976605e-08,0.0013932427391409874,1.947142749259001e-07,8.346355571120512e-06,0.995202898979187,8.423360668530222e-06]],"label":[0,0,0,0,0,0,0,1,0]}