{"input":[[0.0024729743599891663,0.012536542490124702,0.015778064727783203,0.10565925389528275,0.03056303784251213,0.001454387791454792,0.8302287459373474,0.0009788627503439784,0.0003282183315604925],[0.1263567954301834,0.08128885924816132,0.030374571681022644,0.20145277678966522,0.07320603728294373,0.006165796425193548,0.08403906226158142,0.37491661310195923,0.022199466824531555]],"label":[0,0,0,0,0,0,1,0,0]}