{"input":[[0.00025725815794430673,1.3602201534013147e-06,0.98564213514328,0.001017749891616404,0.0035404623486101627,9.833055401031743e-07,2.6992105631507002e-05,0.008831809274852276,0.0006812887149862945],[0.0069605628959834576,1.1954388128287974e-06,0.8784758448600769,0.027660228312015533,0.032778549939394,8.159900608006865e-05,0.0014123289147391915,0.05142867565155029,0.0012010142672806978]],"label":[0,0,1,0,0,0,0,0,0]}