{"input":[[0.0068930210545659065,0.05254022032022476,0.03281935676932335,0.08434326201677322,0.01457785815000534,0.14759932458400726,0.6176708340644836,0.014646942727267742,0.028909077867865562],[0.004913500044494867,0.06829732656478882,0.02760322205722332,0.09539265930652618,0.027959199622273445,0.23459146916866302,0.45737630128860474,0.03928033635020256,0.04458591714501381]],"label":[0,0,0,0,0,0,1,0,0]}