{"input":[[0.12265969812870026,0.0128548638895154,0.058843713253736496,0.16371259093284607,0.25491923093795776,0.014880486764013767,0.19075316190719604,0.06932325661182404,0.11205288022756577],[0.04377249628305435,0.0777759775519371,0.2121957391500473,0.14011619985103607,0.04557650536298752,0.04794939607381821,0.2342236191034317,0.09892676025629044,0.09946326166391373]],"label":[0,0,0,0,0,0,0,0,1]}