{"input":[[0.05376354604959488,0.2881316542625427,0.240793377161026,0.02755940705537796,0.12116556614637375,0.020262040197849274,0.20175090432167053,0.03948324918746948,0.0070903245359659195],[0.0031389305368065834,0.22513587772846222,0.030664997175335884,0.15740829706192017,0.01646062172949314,0.11971782892942429,0.4404183328151703,0.001300922129303217,0.005754335783421993]],"label":[0,0,0,0,0,0,1,0,0]}