{"input":[[0.0038727179635316133,0.7579636573791504,0.00014403568638954312,0.0041479808278381824,0.00014757082681171596,0.15250705182552338,0.047868020832538605,0.0002611932868603617,0.033087678253650665],[0.1078357920050621,0.12847717106342316,0.22651724517345428,0.04224845767021179,0.04660899192094803,0.0421699620783329,0.1327795386314392,0.10704633593559265,0.16631647944450378]],"label":[0,0,0,0,0,1,0,0,0]}