{"input":[[0.034502677619457245,0.01940803974866867,0.04368806630373001,0.11287441849708557,0.0274009071290493,0.008054186590015888,0.32683151960372925,0.41726362705230713,0.009976556524634361],[0.01947045512497425,0.12277591228485107,0.024983124807476997,0.17868492007255554,0.013684695586562157,0.06256482005119324,0.33471283316612244,0.1758805513381958,0.06724271178245544]],"label":[0,0,0,0,0,0,0,1,0]}