{"input":[[0.1703532189130783,6.048698560334742e-05,0.09552452713251114,2.6327661544200964e-05,0.01650906540453434,1.6467387467855588e-05,0.0001562707038829103,0.6856025457382202,0.0317511148750782],[0.0008307064417749643,2.673785093065817e-05,0.022592036053538322,1.3465872143569868e-05,0.003945274278521538,2.883751039917115e-05,0.0003304299898445606,0.9712042808532715,0.0010282091097906232]],"label":[1,0,0,0,0,0,0,0,0]}