{"input":[[0.005056625232100487,1.3374012723943451e-06,0.0042085410095751286,0.00020910792227368802,0.027299579232931137,3.936255961889401e-05,0.00028565587126649916,0.9624283313751221,0.0004715253016911447],[0.0038144211284816265,1.531553061795421e-05,0.07871940732002258,0.00015259407518897206,0.0011224333429709077,7.428689423250034e-05,0.010385757312178612,0.904678225517273,0.0010375363053753972]],"label":[0,0,0,0,0,0,0,1,0]}