{"input":[[0.006151319015771151,0.16777554154396057,0.0037801198195666075,0.31802791357040405,0.008147413842380047,0.28776755928993225,0.16405802965164185,0.007707458920776844,0.036584705114364624],[0.005169977899640799,0.6154851317405701,0.21727199852466583,0.012554405257105827,0.03507370129227638,0.03478280454874039,0.02248520962893963,0.044775500893592834,0.012401292100548744]],"label":[0,1,0,0,0,0,0,0,0]}