{"input":[[0.002555796643719077,0.0002916053927037865,0.056449346244335175,0.038094524294137955,0.8568565845489502,0.0007701011491008103,0.02858315221965313,0.003662277013063431,0.012736654840409756],[0.039441775530576706,0.002218394773080945,0.1772514134645462,0.08488358557224274,0.08674042671918869,0.010980390012264252,0.1973932385444641,0.28299686312675476,0.11809394508600235]],"label":[0,0,0,0,1,0,0,0,0]}