{"input":[[0.003958610352128744,0.0006951583782210946,0.015245212242007256,0.16671881079673767,0.08200041949748993,0.00518069788813591,0.2768396735191345,0.2656703293323517,0.1836910992860794],[0.020053591579198837,0.006031435448676348,0.08078514784574509,0.5419008135795593,0.03954791650176048,0.013534437865018845,0.09570683538913727,0.13768114149570465,0.06475862115621567]],"label":[0,0,0,1,0,0,0,0,0]}