{"input":[[0.09320162236690521,0.03445446863770485,0.08209124207496643,0.0018419231055304408,0.0111460592597723,0.07225409150123596,0.4961884617805481,0.03994164615869522,0.168880432844162],[0.08485355973243713,0.34733662009239197,0.09567128866910934,0.06627386063337326,0.04172836244106293,0.0863434299826622,0.10072340816259384,0.0741819515824318,0.10288747400045395]],"label":[0,0,0,0,0,0,0,0,1]}