{"input":[[0.0018512336537241936,0.5758349895477295,0.003819395089522004,0.0007702406728640199,0.0023101987317204475,0.04807249456644058,0.3669726252555847,0.00024296093033626676,0.00012586533557623625],[0.0005944411386735737,0.7117105722427368,0.0013538252096623182,0.0018438255647197366,0.0005130006466060877,0.02106655016541481,0.2524223327636719,0.009978707879781723,0.0005167035269550979]],"label":[0,1,0,0,0,0,0,0,0]}