{"input":[[0.013099774718284607,0.0027069624047726393,0.03570682555437088,0.3702540099620819,0.3553915321826935,0.0010616106446832418,0.11818261444568634,0.06849787384271622,0.035098765045404434],[0.006835984997451305,0.009468870237469673,0.015439833514392376,0.11770154535770416,0.016773564741015434,0.009213503450155258,0.6757261753082275,0.013901941478252411,0.13493859767913818]],"label":[0,0,0,0,1,0,0,0,0]}