{"input":[[0.01688113994896412,0.1393536776304245,0.010529237799346447,0.07491370290517807,0.01439079362899065,0.08719811588525772,0.37547892332077026,0.07959933578968048,0.2016550898551941],[0.00953697133809328,0.24218623340129852,0.005915363784879446,0.028986163437366486,0.009238680824637413,0.16363529860973358,0.18562453985214233,0.24627819657325745,0.10859854519367218]],"label":[0,0,0,0,0,0,0,0,1]}