{"input":[[0.00018056374392472208,0.004607514012604952,0.00018828285101335496,0.00223167915828526,0.0018381493864580989,0.029987283051013947,0.9580762386322021,0.0015198185574263334,0.0013704291777685285],[0.0017207976197823882,0.0036959266290068626,0.001545523526147008,0.009450417011976242,0.005296132527291775,0.00697815278545022,0.9677707552909851,0.0006559272878803313,0.002886272734031081]],"label":[0,0,0,0,0,1,0,0,0]}