{"input":[[0.0041806334629654884,0.13907915353775024,0.005244571715593338,0.04824133962392807,0.005771433934569359,0.08099613338708878,0.5859330296516418,0.03022739104926586,0.10032639652490616],[0.008832963183522224,0.15723101794719696,0.019180279225111008,0.12728077173233032,0.020531056448817253,0.15402071177959442,0.38603121042251587,0.10128754377365112,0.025604434311389923]],"label":[0,1,0,0,0,0,0,0,0]}