{"input":[[0.002831895835697651,0.15682333707809448,0.016201497986912727,0.001847705221734941,0.0037133374717086554,0.2266319841146469,0.534382164478302,0.010146110318601131,0.047422029078006744],[0.013429412618279457,0.04224047064781189,0.030031006783246994,0.005186991300433874,0.005726673174649477,0.18874411284923553,0.6204747557640076,0.0022160117514431477,0.09195054322481155]],"label":[0,0,0,0,0,1,0,0,0]}