{"input":[[0.032198257744312286,0.0002750467974692583,0.01693904399871826,0.21099244058132172,0.030952146276831627,0.0033227181993424892,0.677936315536499,0.014724469743669033,0.012659527361392975],[0.04891117662191391,0.03934179246425629,0.21947027742862701,0.08430669456720352,0.039426300674676895,0.033333759754896164,0.15839095413684845,0.12697814404964447,0.24984093010425568]],"label":[0,0,0,1,0,0,0,0,0]}