{"input":[[0.12518207728862762,0.0006411083159036934,0.8237636089324951,0.00011251850082771853,0.003596851136535406,0.0002906281442847103,0.004591597709804773,0.022578762844204903,0.019242731854319572],[0.012981702573597431,0.0005150539218448102,0.880526602268219,0.0005013325717300177,0.00578033784404397,0.0010466794483363628,0.04033368080854416,0.04536852240562439,0.012946058996021748]],"label":[1,0,0,0,0,0,0,0,0]}