{"input":[[0.0010453856084495783,0.03404314070940018,9.875731484498829e-05,0.0021256443578749895,0.0005351276486180723,0.8766556978225708,0.07445895671844482,0.0006827450124546885,0.010354610159993172],[0.0015579549362882972,0.0011407311540096998,0.001962237758561969,0.05759322643280029,0.0033057278487831354,0.09274740517139435,0.8339431285858154,0.0015580210601910949,0.0061916084960103035]],"label":[0,0,0,0,0,1,0,0,0]}