{"input":[[0.057772889733314514,0.014460419304668903,0.0489598885178566,0.0196684617549181,0.0341942235827446,0.012230733409523964,0.10792823135852814,0.22923196852207184,0.4755533039569855],[0.06646962463855743,0.001789858448319137,0.005239429883658886,6.889645737828687e-05,0.00040487523074261844,0.0044875009916722775,0.027910061180591583,0.8196339011192322,0.07399583607912064]],"label":[0,0,1,0,0,0,0,0,0]}