{"input":[[0.0007246573222801089,1.5670377706555882e-06,5.996472464175895e-05,1.8603550699936022e-08,1.904010900943831e-06,8.146798791131005e-07,3.350375482114032e-05,0.997771143913269,0.0014064671704545617],[0.17358079552650452,4.876429557043593e-06,0.03274419903755188,2.166625199606642e-05,0.009292901493608952,1.8887119949795306e-05,0.0003881928860209882,0.7777834534645081,0.006164984777569771]],"label":[0,0,0,0,0,0,0,1,0]}