{"input":[[0.0007335350965149701,0.0567779615521431,0.0010242704302072525,0.011326286941766739,0.0014151865616440773,0.04703364148736,0.798915684223175,0.06731205433607101,0.01546136848628521],[0.026367049664258957,0.034244105219841,0.07586457580327988,0.297181099653244,0.03731871023774147,0.012149124406278133,0.13589489459991455,0.11896904557943344,0.2620113790035248]],"label":[0,0,0,0,0,0,1,0,0]}