{"input":[[0.009973375126719475,0.04602622613310814,0.013215082697570324,0.016944754868745804,0.08008060604333878,0.1767064481973648,0.3873770236968994,0.02381899766623974,0.24585743248462677],[0.12424705922603607,0.3479534983634949,0.06487154960632324,0.01864003948867321,0.0029132161289453506,0.2533014416694641,0.11975380033254623,0.025593869388103485,0.04272555932402611]],"label":[0,1,0,0,0,0,0,0,0]}