{"input":[[0.0032697101123631,0.42439913749694824,0.00012922484893351793,0.0017288997769355774,0.001725059119053185,0.42100510001182556,0.11814951151609421,0.0023113556671887636,0.02728201262652874],[0.06535838544368744,0.029050927609205246,0.07165069133043289,0.05432238429784775,0.25846222043037415,0.03185359016060829,0.11408346146345139,0.20868340134620667,0.166534885764122]],"label":[0,0,0,0,0,1,0,0,0]}