{"input":[[0.0019518652698025107,7.369402737822384e-05,0.017111074179410934,0.4996855854988098,0.07716640084981918,0.06325578689575195,0.10482148826122284,0.002421756973490119,0.23351231217384338],[0.0004559407534543425,7.812186595401727e-06,0.9359903931617737,0.014078300446271896,0.02497241087257862,0.0002541853755246848,0.0167720764875412,0.0016024552751332521,0.005866378080099821]],"label":[0,0,0,0,1,0,0,0,0]}