{"input":[[0.05217060446739197,0.07605773955583572,0.014365248382091522,0.016551993787288666,0.0034201412927359343,0.08646876364946365,0.3678164780139923,0.13122813403606415,0.2519208490848541],[0.0871836245059967,0.07865229994058609,0.010936720296740532,0.013203587383031845,0.005700469482690096,0.18021082878112793,0.16756872832775116,0.4435957968235016,0.01294794213026762]],"label":[0,0,0,0,0,1,0,0,0]}