{"input":[[0.7955007553100586,0.031200150027871132,0.0138932466506958,0.0012809504987671971,0.041673291474580765,0.0013461341150105,0.08532502502202988,0.019708286970853806,0.01007210835814476],[0.01108445506542921,0.22169458866119385,0.2549302577972412,0.048526324331760406,0.01851942203938961,0.016810517758131027,0.10244350135326385,0.23362916707992554,0.09236174076795578]],"label":[0,0,0,0,1,0,0,0,0]}