{"input":[[0.008178599178791046,0.0386640764772892,0.007295410614460707,0.005425605922937393,0.0020028322469443083,0.012466974556446075,0.7356097102165222,0.007009276654571295,0.18334752321243286],[0.01258539967238903,0.011419747956097126,0.07375314831733704,0.016044624149799347,0.013213098049163818,0.014617903158068657,0.594281792640686,0.018554147332906723,0.24553018808364868]],"label":[0,0,0,0,0,0,0,0,1]}