{"input":[[0.0008571551879867911,0.0049996827729046345,0.002896058140322566,0.001280802651308477,0.007832265459001064,0.014742033556103706,0.9669458270072937,0.00010881128400797024,0.00033736112527549267],[0.0053072101436555386,0.0010354273254051805,0.012020054273307323,0.0022008875384926796,0.007567961700260639,0.008270852267742157,0.04982864111661911,0.7537603378295898,0.16000860929489136]],"label":[0,1,0,0,0,0,0,0,0]}