{"input":[[0.016647905111312866,0.021137991920113564,0.3090263605117798,0.012102336622774601,0.1774938553571701,0.0009734604973345995,0.32157570123672485,0.07605190575122833,0.06499043107032776],[0.026386117562651634,0.05004092678427696,0.2048318088054657,0.03874171897768974,0.149082750082016,0.023700926452875137,0.17660197615623474,0.18654195964336395,0.14407169818878174]],"label":[0,0,0,0,1,0,0,0,0]}