{"input":[[0.0018683829111978412,0.0007157402578741312,0.05220061168074608,0.002954480703920126,0.002684978535398841,0.0004307312483433634,0.0012375530786812305,0.9358163475990295,0.0020911770407110453],[0.002242805901914835,9.758460510056466e-05,0.01885564811527729,0.0015234100865200162,0.006390399299561977,2.286401104356628e-05,6.449801003327593e-05,0.9697232842445374,0.001079477253369987]],"label":[0,0,0,0,0,0,0,1,0]}