{"input":[[0.017166269943118095,0.006931165233254433,0.020290439948439598,0.018206428736448288,0.031342074275016785,0.011332694441080093,0.8453083038330078,0.030487174168229103,0.01893545500934124],[0.00643081683665514,0.0036804417613893747,0.00046985477092675865,2.8045917133567855e-05,7.883823127485812e-05,0.001232461421750486,0.007183000911027193,0.9584302306175232,0.02246624045073986]],"label":[0,1,0,0,0,0,0,0,0]}