{"input":[[0.06417971849441528,0.08359122276306152,0.09047824889421463,3.35795666615013e-05,0.00020497229706961662,0.00878889113664627,0.7395989894866943,0.006818522699177265,0.006305862218141556],[0.0004541523812804371,0.7172210812568665,0.09357207268476486,0.004187122918665409,0.005453639663755894,0.08245626837015152,0.05655423179268837,0.020839115604758263,0.019262144342064857]],"label":[0,0,1,0,0,0,0,0,0]}