{"input":[[0.058203622698783875,0.02870927006006241,0.16089409589767456,0.2761930227279663,0.06022288277745247,0.005072056315839291,0.09409713745117188,0.12416102737188339,0.19244696199893951],[0.07461144775152206,0.03524351492524147,0.16225942969322205,0.5283710360527039,0.050927359610795975,0.01066102646291256,0.06077300384640694,0.046814221888780594,0.030338985845446587]],"label":[0,0,0,0,0,0,0,1,0]}