{"input":[[0.04772461950778961,0.010075806640088558,0.06928825378417969,0.0001560211239848286,0.04240906238555908,0.0017049249727278948,0.0017818835331127048,0.8158122897148132,0.011047128587961197],[0.014816191047430038,0.005874165333807468,0.2765519320964813,1.5698537026764825e-05,0.01727203279733658,0.0009711724705994129,0.0011693463893607259,0.6719265580177307,0.011402852833271027]],"label":[0,0,0,0,0,0,0,1,0]}