{"input":[[0.07215482741594315,0.0054331268183887005,0.30481821298599243,0.017652176320552826,0.4159710109233856,0.0009732127073220909,0.03371720016002655,0.09658700972795486,0.05269322916865349],[0.034533508121967316,0.0022147123236209154,0.29269301891326904,0.15421441197395325,0.09168467670679092,0.0031841378659009933,0.05329303443431854,0.3180629312992096,0.050119590014219284]],"label":[0,0,1,0,0,0,0,0,0]}