{"input":[[0.00014052330516278744,4.709670974989422e-05,0.36582303047180176,0.025388643145561218,0.6060985326766968,3.888527862727642e-05,0.0012218182673677802,0.0008415713673457503,0.00039998869760893285],[0.004521504510194063,0.0003650665166787803,0.7491720914840698,0.003918811213225126,0.050310004502534866,0.00022256429656408727,0.0026414566673338413,0.18515545129776,0.003692981321364641]],"label":[0,0,1,0,0,0,0,0,0]}