{"input":[[0.36789435148239136,0.0072249434888362885,0.010309377685189247,0.2283955067396164,0.07914714515209198,0.016033144667744637,0.13217683136463165,0.019558202475309372,0.1392604559659958],[0.4534514844417572,0.004423626698553562,0.04476696252822876,0.02596176415681839,0.08038776367902756,0.039350319653749466,0.017979951575398445,0.10955344140529633,0.2241247296333313]],"label":[1,0,0,0,0,0,0,0,0]}