{"input":[[0.009047494269907475,0.05253550037741661,0.004706811159849167,0.1121603325009346,0.0038478279020637274,0.06846535205841064,0.7356448173522949,0.004815618507564068,0.008776201866567135],[0.013743654824793339,0.026200879365205765,0.021374203264713287,0.15971975028514862,0.014876925386488438,0.06342896074056625,0.6074005365371704,0.03736032173037529,0.05589478090405464]],"label":[0,0,0,0,0,0,1,0,0]}