{"input":[[0.002641820814460516,0.5237297415733337,0.004434862639755011,0.003576705465093255,0.0011461736867204309,0.0448884516954422,0.31022635102272034,0.10133964568376541,0.008016323670744896],[0.021175188943743706,0.30014461278915405,0.050884757190942764,0.04721266031265259,0.009826972149312496,0.14401736855506897,0.16882698237895966,0.1526474952697754,0.10526399314403534]],"label":[0,0,0,0,0,0,0,0,1]}