{"input":[[0.002083812141790986,0.11669915914535522,0.005915349815040827,0.0024032979272305965,0.003136973362416029,0.041730668395757675,0.8028863668441772,0.006528098601847887,0.018616247922182083],[0.011086744256317616,0.33310991525650024,0.02948213368654251,0.015073499642312527,0.0037165277171880007,0.14384356141090393,0.44270846247673035,0.007244504056870937,0.01373467966914177]],"label":[0,0,0,0,0,1,0,0,0]}