{"input":[[2.340813443879597e-05,7.074676886986708e-06,0.866732120513916,0.0322239063680172,0.0980338379740715,1.95043976418674e-05,0.0005714613362215459,4.8584908654447645e-05,0.002340005710721016],[0.022331174463033676,0.00021142356854397804,0.8882703185081482,0.012417351827025414,0.020139068365097046,0.0002551909419707954,0.036397479474544525,0.006929786875844002,0.013048374094069004]],"label":[0,0,0,0,1,0,0,0,0]}