{"input":[[0.005771948490291834,0.00860954076051712,0.01113763265311718,0.002825844567269087,0.001392334932461381,0.3486677408218384,0.5810055732727051,0.010205511003732681,0.03038387931883335],[0.0034513850696384907,0.005521942395716906,0.028590213507413864,0.017530329525470734,0.0024596841540187597,0.3061487078666687,0.5478907227516174,0.043073516339063644,0.04533346742391586]],"label":[0,0,0,0,0,1,0,0,0]}