{"input":[[0.9154481291770935,0.000591890187934041,0.06511712819337845,2.5564850147929974e-05,0.0011919236276298761,0.00020369650155771524,0.015570051968097687,0.0004730598593596369,0.0013785272603854537],[0.20665565133094788,0.003686394076794386,0.585288405418396,0.01089782826602459,0.03819497302174568,0.0014153437223285437,0.0694262683391571,0.05429470166563988,0.030140545219182968]],"label":[1,0,0,0,0,0,0,0,0]}