{"input":[[0.0013286828761920333,0.005213742610067129,0.07378499954938889,0.40575772523880005,0.216292142868042,0.07908038794994354,0.162115216255188,0.006630660966038704,0.04979650676250458],[0.02096378244459629,0.01675429195165634,0.049390412867069244,0.2634762227535248,0.020420460030436516,0.02279876172542572,0.27772989869117737,0.07572239637374878,0.2527438998222351]],"label":[0,0,0,1,0,0,0,0,0]}