{"input":[[0.3398623466491699,0.01333202887326479,0.03834281116724014,0.027382653206586838,0.034313105046749115,0.008685254491865635,0.09671194851398468,0.4093360900878906,0.03203368932008743],[0.0569346621632576,0.04243697598576546,0.034526459872722626,0.005730773322284222,0.01202790904790163,0.009600232355296612,0.13517417013645172,0.6686965227127075,0.034872185438871384]],"label":[1,0,0,0,0,0,0,0,0]}