{"input":[[0.006688333582133055,0.0005243911291472614,0.007492679171264172,0.6161222457885742,0.1839032769203186,0.0013444751966744661,0.12691819667816162,0.0005983682349324226,0.056408029049634933],[0.02472466230392456,0.0025028386153280735,0.3072096109390259,0.07007205486297607,0.4721945524215698,0.003372395411133766,0.028696486726403236,0.03368843346834183,0.05753899738192558]],"label":[0,0,0,0,1,0,0,0,0]}