{"input":[[0.00025768711930140853,0.0014774524606764317,0.006544533185660839,0.7048155069351196,0.20285749435424805,0.000845236296299845,0.0654677152633667,0.0032288581132888794,0.014505591243505478],[0.0066633098758757114,0.03692755103111267,0.09000296145677567,0.41116493940353394,0.0607013963162899,0.022153032943606377,0.17629191279411316,0.09710630029439926,0.0989886224269867]],"label":[0,0,0,1,0,0,0,0,0]}