{"input":[[0.004408251028507948,0.44761186838150024,0.0007299715070985258,4.620212348527275e-05,0.0004951973096467555,0.1404217779636383,0.403907835483551,0.0016419801395386457,0.0007370281964540482],[0.09394768625497818,0.015500788576900959,0.010885649360716343,0.001914854976348579,0.003628399223089218,0.0802496001124382,0.1697627454996109,0.6154598593711853,0.008650436997413635]],"label":[0,0,0,0,0,1,0,0,0]}