{"input":[[0.0008923286222852767,0.06077283248305321,0.004588075913488865,0.0005792193696834147,0.0005980689893476665,0.03998962417244911,0.8851360082626343,0.00582465436309576,0.0016192399198189378],[0.007011637091636658,0.04441952705383301,0.7253690958023071,0.004080587066709995,0.004166064318269491,0.08919724076986313,0.06609904766082764,0.03571859374642372,0.023938177153468132]],"label":[0,0,0,0,0,0,1,0,0]}