{"input":[[1.0982635103573557e-05,0.06910295784473419,0.00018515797273721546,6.859533459646627e-05,2.524969204387162e-05,0.022185752168297768,0.9078813791275024,0.0003933556145057082,0.00014653991092927754],[0.0013289471389725804,0.014293232001364231,0.41502147912979126,0.45555564761161804,0.06856038421392441,0.008844338357448578,0.026350660249590874,0.0011106050806120038,0.008934718556702137]],"label":[0,1,0,0,0,0,0,0,0]}