{"input":[[0.05480711907148361,0.002302892506122589,0.06001270189881325,0.0009507212671451271,0.007634424138814211,0.0009012178052216768,0.009321699850261211,0.845779299736023,0.018289972096681595],[0.2654418647289276,0.0012405733577907085,0.07504621893167496,0.0004403884813655168,0.0038543210830539465,0.0011254334822297096,0.008661358617246151,0.6355479955673218,0.00864191073924303]],"label":[0,0,0,0,0,0,0,0,1]}