{"input":[[0.03027884103357792,0.01463489979505539,0.13270431756973267,0.026237530633807182,0.00893400702625513,0.024979520589113235,0.6862322688102722,0.010563871823251247,0.0654347687959671],[0.024814030155539513,0.001826671650633216,0.00791087280958891,0.4355769455432892,0.08825530856847763,0.007049220148473978,0.40568119287490845,0.007004666142165661,0.02188112400472164]],"label":[0,0,0,1,0,0,0,0,0]}