{"input":[[0.011091233231127262,0.014623334631323814,0.021767010912299156,0.017762599512934685,0.045210883021354675,0.6768581867218018,0.14076896011829376,0.00037720476393587887,0.07154059410095215],[0.0022818725556135178,0.028149278834462166,0.511881411075592,0.038014646619558334,0.013747029937803745,0.011556950397789478,0.3680497109889984,0.007628609426319599,0.01869049482047558]],"label":[0,0,0,0,0,1,0,0,0]}