{"input":[[0.00020332017447799444,0.9907009601593018,0.0009008221095427871,1.239161520061316e-05,1.7850699805421755e-05,0.0015126313082873821,0.0063762366771698,0.00023369825794361532,4.2034105717903e-05],[0.04729998856782913,0.41088929772377014,0.0666690468788147,0.041006799787282944,0.01207177247852087,0.1583065539598465,0.1709434986114502,0.05154236778616905,0.04127072915434837]],"label":[0,1,0,0,0,0,0,0,0]}