{"input":[[0.0007081731455400586,0.00354828592389822,0.0036764496471732855,0.7089967727661133,0.022556940093636513,0.003812219016253948,0.06420255452394485,0.005590180400758982,0.18690848350524902],[0.05891194939613342,0.005185725167393684,0.18827952444553375,0.060422707349061966,0.2031644582748413,0.0012512612156569958,0.329826682806015,0.0412636324763298,0.11169400066137314]],"label":[0,0,0,0,0,1,0,0,0]}