{"input":[[0.0009852646617218852,0.7419517040252686,0.003047199221327901,0.003282546531409025,0.0025294460356235504,0.02780519425868988,0.21836131811141968,0.0005164675530977547,0.001520904479548335],[0.055591024458408356,0.393557071685791,0.13182297348976135,0.0376381017267704,0.0037940589245408773,0.12785373628139496,0.1268213987350464,0.09142642468214035,0.03149516507983208]],"label":[0,0,0,1,0,0,0,0,0]}