{"input":[[0.09481428563594818,0.05083282291889191,0.8356090784072876,0.0007026487146504223,0.001666370895691216,0.0002701756311580539,0.005235061980783939,0.009655838832259178,0.001213741023093462],[0.07517042011022568,0.0026753079146146774,0.1687617152929306,0.0006102485349401832,0.004696247633546591,0.00026157169486396015,0.0024898876436054707,0.7433764934539795,0.0019580840598791838]],"label":[0,0,1,0,0,0,0,0,0]}