{"input":[[0.050698086619377136,0.002832930302247405,0.08025623857975006,0.06777084618806839,0.4482358694076538,0.006008342374116182,0.20211948454380035,0.008276131004095078,0.13380205631256104],[0.07604292780160904,0.004437931813299656,0.11512300372123718,0.06327660381793976,0.5830914974212646,0.008948883041739464,0.0459132194519043,0.009538044221699238,0.09362795203924179]],"label":[0,0,1,0,0,0,0,0,0]}