{"input":[[0.010654866695404053,0.3661012053489685,0.11249683797359467,0.0005470303003676236,0.29657435417175293,0.004839946981519461,0.10836847871541977,0.09307258576154709,0.007344590965658426],[0.0031486747320741415,0.0002028868766501546,0.36393389105796814,0.005094578955322504,0.36429691314697266,0.0007101598312146962,0.2323520928621292,0.006099230144172907,0.024161547422409058]],"label":[0,0,1,0,0,0,0,0,0]}