{"input":[[0.02153252810239792,0.02166980877518654,0.17092466354370117,0.15255188941955566,0.01947673223912716,0.018692513927817345,0.5617144703865051,0.008600727654993534,0.024836670607328415],[0.008956199511885643,0.0055529833771288395,0.0905304029583931,0.08885595202445984,0.003897354705259204,0.007167501840740442,0.15434466302394867,0.5741558074951172,0.06653912365436554]],"label":[0,0,0,1,0,0,0,0,0]}