{"input":[[0.012446624226868153,0.03896402567625046,0.007371582556515932,0.12482345849275589,0.012933656573295593,0.017322981730103493,0.5269555449485779,0.024715827777981758,0.2344662994146347],[0.06839971244335175,0.031531814485788345,0.005320063792169094,0.13282722234725952,0.004303469322621822,0.06639780849218369,0.46787163615226746,0.20364633202552795,0.019702034071087837]],"label":[0,0,0,0,0,0,0,0,1]}