{"input":[[0.002721017925068736,0.00010090547584695742,0.2008565068244934,0.07969703525304794,0.6349059343338013,0.00043012044625356793,0.020976750180125237,0.007447495125234127,0.05286426469683647],[0.0077589284628629684,0.0007699998095631599,0.08738348633050919,0.5005248785018921,0.3449844419956207,0.002422790741547942,0.01359398104250431,0.0035648292396217585,0.038996703922748566]],"label":[0,0,0,0,0,0,0,0,1]}