{"input":[[0.007674789521843195,0.0035995105281472206,0.44912734627723694,0.007448457181453705,0.4261396527290344,0.003600116353482008,0.061849456280469894,0.027537712827324867,0.013022919185459614],[0.05833013355731964,0.0226585753262043,0.26483651995658875,0.006089529953896999,0.52944016456604,0.0030203459318727255,0.036461081355810165,0.03104967251420021,0.04811407998204231]],"label":[0,0,1,0,0,0,0,0,0]}