{"input":[[0.4350527822971344,0.012720261700451374,0.06510815769433975,0.0034358350094407797,0.007876293733716011,0.02420433983206749,0.21137860417366028,0.0753864049911499,0.16483725607395172],[0.12908081710338593,0.08369942754507065,0.057162895798683167,0.42307835817337036,0.0621039941906929,0.02007964625954628,0.14192555844783783,0.04335394129157066,0.039515420794487]],"label":[0,0,0,0,0,0,1,0,0]}