{"input":[[0.03005199320614338,0.15361665189266205,0.004799946676939726,0.002012760378420353,0.0011877823853865266,0.22407039999961853,0.5219821333885193,0.021432330831885338,0.04084601253271103],[0.003540020203217864,0.013353265821933746,0.04607626050710678,0.5779114365577698,0.15819717943668365,0.011498277075588703,0.16604427993297577,0.010880791582167149,0.012498426251113415]],"label":[0,0,0,0,0,0,1,0,0]}