{"input":[[0.016503052785992622,6.551029855472734e-06,0.027292955666780472,0.9068566560745239,0.04388315603137016,8.331099525094032e-05,0.0012973168632015586,0.001816186006180942,0.0022609105799347162],[0.001993919024243951,8.407201676163822e-05,0.7986977696418762,0.00054784188978374,0.009501389227807522,1.5598086974932812e-05,8.518569666193798e-05,0.18878446519374847,0.00028965220553800464]],"label":[0,0,0,0,1,0,0,0,0]}