{"input":[[0.3748778998851776,0.0015846926253288984,0.31641629338264465,0.0021296811755746603,0.0832107737660408,0.0002383273240411654,0.1312870979309082,0.0836123526096344,0.006642800290137529],[0.01094764657318592,0.0011242963373661041,0.6239283084869385,0.03667121380567551,0.22295911610126495,0.000355277385096997,0.05011396110057831,0.05040563642978668,0.003494562581181526]],"label":[0,0,0,0,0,0,0,0,1]}