{"input":[[0.012043657712638378,0.14659549295902252,0.005380545277148485,0.08283788710832596,0.002422602381557226,0.42983368039131165,0.18411760032176971,0.04195299372076988,0.09481555223464966],[0.03020780347287655,0.005990082863718271,0.00679158978164196,0.0015242747031152248,0.001986401155591011,0.8717440962791443,0.025719065219163895,0.042577777057886124,0.013458850793540478]],"label":[0,0,0,0,0,1,0,0,0]}