{"input":[[0.0299990177154541,0.014348065480589867,0.023148858919739723,0.0009758269879966974,0.0009115367429330945,0.018059922382235527,0.8361993432044983,0.055288638919591904,0.021068740636110306],[0.3262321352958679,0.07565652579069138,0.19112010300159454,0.010449121706187725,0.0233322586864233,0.013402819633483887,0.07272151112556458,0.25317952036857605,0.0339060053229332]],"label":[0,1,0,0,0,0,0,0,0]}