{"input":[[0.00010118097270606086,0.0006024852627888322,8.553076622774825e-05,0.6817969083786011,0.007141226902604103,0.004337230231612921,0.3048934042453766,0.0006653810269199312,0.00037663825787603855],[0.0020500621758401394,0.012270848266780376,0.001475177239626646,0.6364534497261047,0.021316969767212868,0.03700082004070282,0.25923052430152893,0.011530792340636253,0.018671290948987007]],"label":[0,0,0,0,0,0,1,0,0]}