{"input":[[0.4012231230735779,3.631228901213035e-05,0.0033521591685712337,0.00022056813759263605,0.0050701554864645,4.0811508370097727e-05,0.0001587405422469601,0.587226390838623,0.002671698806807399],[0.13192665576934814,0.0005392349557951093,0.5258845686912537,0.0012817508541047573,0.058695483952760696,0.00039787395508028567,0.0013620888348668814,0.2706717252731323,0.009240565821528435]],"label":[1,0,0,0,0,0,0,0,0]}