{"input":[[0.07776273787021637,0.007171125616878271,0.3311173915863037,0.011699080467224121,0.053376782685518265,0.004845562856644392,0.013518383726477623,0.40393364429473877,0.09657526761293411],[0.22160355746746063,0.01636405661702156,0.3709699511528015,0.08892716467380524,0.04894047975540161,0.009122342802584171,0.05856525897979736,0.03549842908978462,0.15000882744789124]],"label":[0,0,0,0,0,0,0,1,0]}