{"input":[[0.0038197538815438747,0.00017290217510890216,0.0008867213036864996,0.000817039399407804,9.435305400984362e-05,0.02934804931282997,0.9627652168273926,0.0006444823811762035,0.0014515056973323226],[0.059473998844623566,0.029402965679764748,0.003912158776074648,0.0005044491845183074,0.007263455539941788,0.03065178170800209,0.016424037516117096,0.8351365923881531,0.01723054051399231]],"label":[0,0,0,0,0,1,0,0,0]}