{"input":[[0.0006461652810685337,0.000123605685075745,0.0032188782934099436,0.7247318029403687,0.0036496573593467474,0.001878810697235167,0.22909791767597198,0.0037713912315666676,0.032881736755371094],[0.025337666273117065,0.054298028349876404,0.042971909046173096,0.24725651741027832,0.02332829311490059,0.027851199731230736,0.48407894372940063,0.03739423677325249,0.057483136653900146]],"label":[0,0,0,0,1,0,0,0,0]}