{"input":[[0.003352830419316888,0.025637658312916756,0.004795442335307598,0.22387759387493134,0.177827388048172,0.09531649947166443,0.13592137396335602,0.04909060150384903,0.2841807007789612],[0.008069713599979877,0.014419684186577797,0.028046052902936935,0.39068466424942017,0.045800015330314636,0.012885451316833496,0.3817302882671356,0.03255537524819374,0.08580882847309113]],"label":[0,0,0,0,0,0,0,0,1]}