{"input":[[0.00015520757006015629,0.7557754516601562,0.0002455610374454409,0.0010283950250595808,0.00020250336092431098,0.06492286175489426,0.17616350948810577,0.0008033562335185707,0.0007030515698716044],[0.01710033230483532,0.28231871128082275,0.2768167555332184,0.12473735958337784,0.03745708987116814,0.03506326675415039,0.19565649330615997,0.006816256791353226,0.024033714085817337]],"label":[0,1,0,0,0,0,0,0,0]}