{"input":[[0.0012194622540846467,8.152060217980761e-07,0.002156405011191964,0.9231165051460266,0.0709938108921051,4.315661044529406e-06,0.00017610532813705504,0.0020217793062329292,0.00031088959076441824],[0.0018425793386995792,9.374788305649417e-07,0.9198175072669983,0.00448297755792737,0.007134831510484219,2.7039652650273638e-06,1.5144491953833494e-05,0.06639751046895981,0.00030577066354453564]],"label":[0,0,0,0,1,0,0,0,0]}