{"input":[[6.214626046130434e-05,0.00016789670917205513,8.082791464403272e-05,0.942316472530365,0.015870118513703346,0.004119164310395718,0.03458761051297188,0.0001560526725370437,0.002639656187966466],[0.004787251818925142,0.003000852419063449,0.008853347040712833,0.6048352122306824,0.07557116448879242,0.014490334317088127,0.2578730583190918,0.004173777531832457,0.02641497179865837]],"label":[0,0,0,1,0,0,0,0,0]}