{"input":[[0.8622519969940186,4.3865107727469876e-05,0.10487255454063416,1.4498308701149654e-05,0.009834148921072483,6.18390113231726e-05,0.0007057547336444259,0.0029988442547619343,0.019216429442167282],[0.0848732441663742,0.007928826846182346,0.4418734610080719,0.02933269552886486,0.02587006986141205,0.002266515977680683,0.045344028621912,0.3502258062362671,0.01228543184697628]],"label":[0,0,0,0,0,0,0,1,0]}