{"input":[[0.05000295490026474,0.2602997422218323,0.005433196667581797,0.024256257340312004,0.03927911818027496,0.044655054807662964,0.5526695251464844,0.01510098110884428,0.008303092792630196],[0.10600096732378006,0.1000918298959732,0.0044769300147891045,0.007973184809088707,0.01276817824691534,0.11489009857177734,0.587368905544281,0.05321408808231354,0.013215738348662853]],"label":[0,0,0,0,0,0,1,0,0]}