{"input":[[0.008969016373157501,0.017541442066431046,0.016467293724417686,0.004037296865135431,0.0007042335928417742,0.004090212285518646,0.7721720337867737,0.01761462353169918,0.15840387344360352],[0.10165251046419144,0.012983875349164009,0.46234598755836487,0.03469192609190941,0.017403464764356613,0.006731842178851366,0.04785804823040962,0.10407382249832153,0.2122585028409958]],"label":[0,0,1,0,0,0,0,0,0]}