{"input":[[0.0029721178580075502,0.005590735003352165,0.001629291451536119,0.16935232281684875,0.0038090264424681664,0.7265794277191162,0.06665795296430588,0.0027767380233854055,0.020632406696677208],[0.005724068731069565,0.018093185499310493,0.006424597930163145,0.08720480650663376,0.006014407612383366,0.6587699055671692,0.18288962543010712,0.011056181974709034,0.023823155090212822]],"label":[0,0,0,0,0,1,0,0,0]}