{"input":[[0.012048901990056038,0.012098736129701138,0.022797545418143272,0.016322845593094826,0.0035864177625626326,0.04629339277744293,0.18955963850021362,0.47602787613868713,0.22126463055610657],[0.010092477314174175,0.022890351712703705,0.013221543282270432,0.03503694385290146,0.005326160695403814,0.18535466492176056,0.6300565004348755,0.009005915373563766,0.08901551365852356]],"label":[0,0,0,0,0,0,1,0,0]}