{"input":[[0.00011128337064292282,0.01096313539892435,0.001325466437265277,0.0390344113111496,0.0021482694428414106,0.06822503358125687,0.8128624558448792,0.004758017137646675,0.06057193502783775],[0.0032834294252097607,0.10540648549795151,0.053779058158397675,0.07175252586603165,0.00989059079438448,0.023495305329561234,0.7056304216384888,0.012265138328075409,0.014497031457722187]],"label":[0,0,0,0,0,0,1,0,0]}