{"input":[[0.05886964499950409,0.0009315687348134816,0.32270199060440063,0.06912556290626526,0.4669201970100403,0.0010232101194560528,0.019324440509080887,0.018832968547940254,0.04227042198181152],[0.0018586156656965613,7.657823880435899e-05,0.14941969513893127,0.13699735701084137,0.7072753310203552,1.2990797586098779e-05,0.0016442578053101897,0.0007935585454106331,0.0019215962383896112]],"label":[0,0,0,0,1,0,0,0,0]}