{"input":[[0.0004865917144343257,0.2500290274620056,0.00028271719929762185,0.00016107250121422112,0.00024723977549001575,0.09499138593673706,0.652375340461731,0.000564389512874186,0.0008623049943707883],[0.05426980182528496,0.24009256064891815,0.005071337800472975,0.01060933992266655,0.0021568648517131805,0.10532509535551071,0.5342258810997009,0.0013702161377295852,0.046878889203071594]],"label":[0,1,0,0,0,0,0,0,0]}