{"input":[[0.5518930554389954,0.00232832133769989,0.018641196191310883,0.07870733737945557,0.020215528085827827,0.036198053508996964,0.15606161952018738,0.0693223625421524,0.06663250178098679],[0.1427631974220276,0.03840973973274231,0.05009451135993004,0.10128326714038849,0.03749712184071541,0.19340397417545319,0.1436329036951065,0.18191120028495789,0.1110040545463562]],"label":[1,0,0,0,0,0,0,0,0]}