{"input":[[0.05447610095143318,0.010892877355217934,0.016011347994208336,0.3384922742843628,0.3663935363292694,0.0038270156364887953,0.1926385462284088,0.0033999476581811905,0.013868379406630993],[0.07920732349157333,0.006345096975564957,0.061761513352394104,0.37584131956100464,0.06366758048534393,0.01916288211941719,0.2524535655975342,0.01505292858928442,0.1265077441930771]],"label":[0,0,0,1,0,0,0,0,0]}