{"input":[[0.4483177065849304,0.0009252841118723154,0.4060641825199127,1.8535238268668763e-05,0.004311967175453901,0.0001436747406842187,0.018327703699469566,0.11989978700876236,0.001991122728213668],[0.25248345732688904,2.555263927206397e-05,0.7468409538269043,1.3204945616962505e-06,0.00018614271539263427,1.0587512406345922e-05,0.0001994309714064002,0.00022025368525646627,3.2211242796620354e-05]],"label":[0,0,1,0,0,0,0,0,0]}