{"input":[[0.0017535086954012513,0.0036893782671540976,0.002387177897617221,0.8604840636253357,0.005746345967054367,0.004905549809336662,0.11289775371551514,0.0028904899954795837,0.005245699547231197],[0.0032204764429479837,0.002919507212936878,0.0066193449310958385,0.8945924639701843,0.03368551284074783,0.003008190542459488,0.031953681260347366,0.0035017787013202906,0.020499058067798615]],"label":[0,0,0,1,0,0,0,0,0]}