{"input":[[0.021707158535718918,0.0038562000263482332,0.13554321229457855,0.04597403481602669,0.07681921869516373,0.06474202871322632,0.033948883414268494,0.46737080812454224,0.15003852546215057],[0.016688240692019463,0.020071184262633324,0.1919683814048767,0.137760728597641,0.05746493861079216,0.02226940356194973,0.15392905473709106,0.11522459983825684,0.2846233546733856]],"label":[0,0,1,0,0,0,0,0,0]}