{"input":[[0.0004198002570774406,0.001250640256330371,0.005646259058266878,0.10724852979183197,0.003710374468937516,0.09425418078899384,0.7442669868469238,0.012214490212500095,0.03098876215517521],[0.027093004435300827,0.06262871623039246,0.086329884827137,0.008640180341899395,0.004425614140927792,0.03181426599621773,0.059360187500715256,0.7018462419509888,0.017861956730484962]],"label":[0,0,0,0,0,0,1,0,0]}