{"input":[[0.0014814226888120174,0.10935868322849274,0.00039620129973627627,9.089693776331842e-05,0.0004052045405842364,0.14291547238826752,0.7325262427330017,0.00808411743491888,0.004741800483316183],[0.1072550043463707,0.0200422964990139,0.5975570678710938,0.025045406073331833,0.008229203522205353,0.03226926550269127,0.17925669252872467,0.014410397969186306,0.015934664756059647]],"label":[0,0,0,0,0,1,0,0,0]}