{"input":[[0.08747968822717667,0.008019749075174332,0.741475522518158,0.00012210482964292169,0.004400186240673065,0.0029765258077532053,0.09400735795497894,0.04243585467338562,0.019082916900515556],[0.11534499377012253,0.10339108109474182,0.18970799446105957,0.0008629775256849825,0.006915460806339979,0.009354525245726109,0.1392964869737625,0.4040243923664093,0.031102128326892853]],"label":[1,0,0,0,0,0,0,0,0]}