{"input":[[0.00017495597421657294,0.13929076492786407,2.8061245757271536e-05,0.00011436072963988408,1.072947088687215e-05,0.4039825201034546,0.45092377066612244,0.004682830534875393,0.0007919561467133462],[0.005640287883579731,0.43794167041778564,0.11435817927122116,0.02382838726043701,0.010801116935908794,0.11090953648090363,0.15161189436912537,0.05956300348043442,0.08534605801105499]],"label":[0,1,0,0,0,0,0,0,0]}