{"input":[[0.0005813036696054041,0.03635696694254875,0.00011143502342747524,0.007679061498492956,0.0024465934839099646,0.06600914150476456,0.871407151222229,0.009742220863699913,0.005666079465299845],[0.15764962136745453,0.06833674758672714,0.048437654972076416,0.35424429178237915,0.11507157981395721,0.020698053762316704,0.12379845976829529,0.06869141012430191,0.043072182685136795]],"label":[0,0,0,0,0,1,0,0,0]}