{"input":[[0.006998683325946331,3.658135392470285e-05,0.0053312527015805244,6.257343443394348e-07,0.00010508512059459463,3.243052196921781e-05,0.0005516225937753916,0.9853803515434265,0.001563318190164864],[0.11171546578407288,0.0009784922003746033,0.06127475947141647,0.0017163216834887862,0.035285864025354385,0.003066480625420809,0.024126242846250534,0.5904462337493896,0.17139019072055817]],"label":[0,0,0,0,0,0,0,1,0]}