{"input":[[0.3223433792591095,4.120153789699543e-06,0.007192443124949932,4.4932644414075185e-06,0.0005292310379445553,1.5788982636877336e-05,0.0003755803045351058,0.6687548756599426,0.0007800650782883167],[0.023699434474110603,0.0018909694626927376,0.001952584832906723,1.1674966117425356e-05,0.0001454422454116866,0.002430811058729887,0.021614303812384605,0.941309928894043,0.006944828201085329]],"label":[1,0,0,0,0,0,0,0,0]}