{"input":[[0.022868450731039047,0.00505785271525383,0.04325950890779495,0.22373066842556,0.13269120454788208,0.001991820754483342,0.5020060539245605,0.008457507006824017,0.05993688851594925],[0.04041796922683716,0.003277699463069439,0.09271063655614853,0.24995502829551697,0.1317402422428131,0.014379722997546196,0.24835805594921112,0.03522342070937157,0.1839371621608734]],"label":[0,0,0,1,0,0,0,0,0]}