{"input":[[0.5200470685958862,0.000677216739859432,0.40928906202316284,3.6307577829575166e-05,0.006015970837324858,0.00029505568090826273,0.004949284717440605,0.056603118777275085,0.0020869176369160414],[0.1263120025396347,0.0002671153633855283,0.12116192281246185,0.0026079853996634483,0.11539117246866226,0.00029954127967357635,0.0035249514039605856,0.6242069005966187,0.006228344049304724]],"label":[1,0,0,0,0,0,0,0,0]}