{"input":[[0.0003366142336744815,0.9719213843345642,8.472025365335867e-05,0.0005981536814942956,3.703261609189212e-05,0.005105756223201752,0.021113548427820206,0.00016198707453440875,0.0006406661123037338],[0.05204333737492561,0.25976794958114624,0.024373577907681465,0.04901748150587082,0.004535146523267031,0.09512047469615936,0.3304540514945984,0.17297524213790894,0.01171274483203888]],"label":[0,1,0,0,0,0,0,0,0]}