{"input":[[0.010660776868462563,0.002346958499401808,0.07949458807706833,0.2127917855978012,0.06299185752868652,0.08481399714946747,0.3964833617210388,0.0942344069480896,0.05618226155638695],[0.011597216129302979,0.02630426175892353,0.26963043212890625,0.1334667205810547,0.22618259489536285,0.04078452289104462,0.2239924967288971,0.012136543169617653,0.05590521916747093]],"label":[0,0,0,1,0,0,0,0,0]}