{"input":[[0.005956723354756832,0.01267226506024599,0.08024848997592926,0.33290261030197144,0.013381988741457462,0.005771287716925144,0.5308476090431213,0.00836168508976698,0.009857289493083954],[0.03694554418325424,0.11530984938144684,0.05350492149591446,0.22775693237781525,0.0279636662453413,0.13205449283123016,0.28977566957473755,0.07895377278327942,0.037735167890787125]],"label":[0,0,0,0,0,0,1,0,0]}