{"input":[[7.164689122873824e-06,9.102272451855242e-05,0.0015852624783292413,0.000536622479557991,0.001724996604025364,0.001654679188504815,0.9902348518371582,0.0008652643882669508,0.0033001494593918324],[0.002781870774924755,0.003914989996701479,0.17079275846481323,0.10742828994989395,0.28176066279411316,0.030642764642834663,0.0622512586414814,0.2154812067747116,0.12494612485170364]],"label":[0,0,0,0,0,0,1,0,0]}