{"input":[[0.022649630904197693,0.1736377775669098,0.05007416382431984,0.025754261761903763,0.004246452357620001,0.4731976091861725,0.21593613922595978,0.006464315578341484,0.02803967520594597],[0.01837027072906494,0.6890041828155518,0.03512955456972122,0.010427345521748066,0.009962466545403004,0.10762794315814972,0.09344601631164551,0.018348217010498047,0.01768394559621811]],"label":[0,0,0,0,1,0,0,0,0]}