{"input":[[0.00029725386411882937,0.00935443677008152,0.00045362385571934283,0.004370149224996567,0.0003990584518760443,0.0014873924665153027,0.9825797080993652,0.0007143212133087218,0.0003441667358856648],[0.018521899357438087,0.03126359358429909,0.03210736811161041,0.08508016169071198,0.017109442502260208,0.05893861502408981,0.6741359829902649,0.05536511912941933,0.027477795258164406]],"label":[0,0,0,0,0,0,1,0,0]}