{"input":[[0.016306042671203613,0.052168574184179306,0.00435621989890933,0.01462906040251255,0.007054772228002548,0.07077115774154663,0.7738831043243408,0.02168411947786808,0.039146941155195236],[0.20057784020900726,0.03754498064517975,0.15016315877437592,0.030372219160199165,0.050820864737033844,0.006728122476488352,0.06788721680641174,0.36278969049453735,0.09311593323945999]],"label":[0,1,0,0,0,0,0,0,0]}