{"input":[[0.009289972484111786,0.38327136635780334,0.0062010218389332294,0.0009671039879322052,0.0012737479992210865,0.0493931919336319,0.33312803506851196,0.18169964849948883,0.03477596491575241],[0.6862844824790955,0.006902494002133608,0.01679014414548874,0.0015875219833105803,0.0035860210191458464,0.006105445791035891,0.043375127017498016,0.11593196541070938,0.11943669617176056]],"label":[0,0,0,0,0,0,0,0,1]}