{"input":[[0.0005150821525603533,0.0014065457507967949,0.7993423342704773,0.003286016872152686,0.016355467960238457,0.001294778659939766,0.05993281677365303,0.0293772853910923,0.08848955482244492],[0.022831857204437256,0.013517217710614204,0.41556867957115173,0.0034237131476402283,0.004600740969181061,0.019262630492448807,0.09590722620487213,0.3851006329059601,0.03978733345866203]],"label":[0,0,1,0,0,0,0,0,0]}