{"input":[[0.0023126136511564255,0.0012366853188723326,0.14817862212657928,0.05755116790533066,0.7409499287605286,7.548913708887994e-05,0.0010211060289293528,0.046522106975317,0.002152260160073638],[0.012429958209395409,0.0002986766630783677,0.009739160537719727,0.5347720980644226,0.378878653049469,0.0011274557327851653,0.007692163344472647,0.00576837407425046,0.049293406307697296]],"label":[0,0,0,0,1,0,0,0,0]}