{"input":[[0.013657381758093834,0.04749713093042374,0.05275391787290573,0.0008110086200758815,0.0008037328952923417,0.004184538498520851,0.6592267155647278,0.21161945164203644,0.009446109645068645],[0.03267043083906174,0.00032623016159050167,0.06554814428091049,1.5412262655445375e-05,0.0005357950576581061,0.0002767924452200532,0.035104747861623764,0.7904544472694397,0.07506799697875977]],"label":[0,0,0,0,0,0,0,1,0]}