{"input":[[0.003596971044316888,0.4132060408592224,0.01858052983880043,0.017883220687508583,0.01268190611153841,0.02392401546239853,0.4670504331588745,0.0032251221127808094,0.03985175862908363],[0.019958505406975746,0.21364232897758484,0.07141901552677155,0.09358610212802887,0.020771875977516174,0.09860726445913315,0.26325148344039917,0.0744750052690506,0.14428839087486267]],"label":[0,0,0,1,0,0,0,0,0]}