{"input":[[0.10560742020606995,0.029999475926160812,0.03131570667028427,0.006357886828482151,0.005566392559558153,0.013623416423797607,0.3853088319301605,0.41005241870880127,0.012168512679636478],[0.031069882214069366,0.07418212294578552,0.09595146030187607,0.03507842868566513,0.01766609400510788,0.021591097116470337,0.09400665760040283,0.5558834075927734,0.07457078993320465]],"label":[0,0,0,0,0,0,0,1,0]}