{"input":[[0.7879635691642761,0.0008652973920106888,0.10110198706388474,0.00036615278804674745,0.012498658150434494,7.715890387771651e-05,0.0020817751064896584,0.09153427928686142,0.0035111536271870136],[0.33760303258895874,0.0009348875610157847,0.43910250067710876,6.527821096824482e-05,0.0024588678497821093,0.0004805190837942064,0.032061994075775146,0.16288422048091888,0.02440875582396984]],"label":[1,0,0,0,0,0,0,0,0]}