{"input":[[0.004194018896669149,0.0005151177756488323,0.002802052069455385,0.09069037437438965,0.002666269661858678,0.007177293300628662,0.8702362179756165,0.0008833485189825296,0.020835325121879578],[0.006124313920736313,0.0082729272544384,0.04668664187192917,0.2511973977088928,0.0864243432879448,0.01722211204469204,0.3879849910736084,0.08669073134660721,0.10939665138721466]],"label":[1,0,0,0,0,0,0,0,0]}