{"input":[[0.08018241077661514,0.0005183183820918202,0.14922846853733063,0.24239271879196167,0.46829932928085327,0.00021463546727318317,0.0057602738961577415,0.024446437135338783,0.0289574284106493],[0.09445983916521072,0.0010602361289784312,0.2266799956560135,0.12464252859354019,0.4675922691822052,0.0006798815447837114,0.01785089634358883,0.030549444258213043,0.03648481145501137]],"label":[1,0,0,0,0,0,0,0,0]}