{"input":[[0.005741489585489035,0.6433392763137817,0.00030134638654999435,0.006813140586018562,0.0001005461163003929,0.16600503027439117,0.17469599843025208,0.00031772899092175066,0.00268539204262197],[0.01102195680141449,0.18129150569438934,0.0010917925974354148,0.0637981966137886,0.0019216135842725635,0.15630748867988586,0.5800195336341858,0.002306203590705991,0.0022416512947529554]],"label":[0,0,0,0,0,1,0,0,0]}