{"input":[[0.0034458106383681297,0.028426319360733032,0.00988015066832304,0.0006293923943303525,0.008279998786747456,0.165315642952919,0.5694734454154968,0.11155124753713608,0.10299801826477051],[0.06295804679393768,0.0019365879707038403,0.009088302962481976,0.00020060637325514108,0.0005601352313533425,0.0015287301503121853,0.00935945101082325,0.9112160801887512,0.0031520831398665905]],"label":[0,1,0,0,0,0,0,0,0]}