{"input":[[0.07382765412330627,0.03756896033883095,0.09803744405508041,0.09042991697788239,0.08763039857149124,0.013102023862302303,0.07910673320293427,0.15669837594032288,0.3635983169078827],[0.03973010554909706,0.07302486151456833,0.16524600982666016,0.29220205545425415,0.07725967466831207,0.033627405762672424,0.14661432802677155,0.08969666808843613,0.08259885758161545]],"label":[0,1,0,0,0,0,0,0,0]}