{"input":[[0.0042677586898207664,0.00011350897693773732,0.47081300616264343,0.07687695324420929,0.42199450731277466,0.00011869121954077855,0.008352009579539299,0.01564962789416313,0.0018139556050300598],[0.002735415007919073,0.0003041243180632591,0.4696846902370453,0.13934268057346344,0.3722730576992035,0.0006838511326350272,0.005655978340655565,0.007765157613903284,0.0015551286051049829]],"label":[0,0,0,0,1,0,0,0,0]}