{"input":[[0.05652836337685585,0.3395523130893707,0.1533300280570984,0.00855801347643137,0.20844900608062744,0.004630536772310734,0.048551045358181,0.17956200242042542,0.0008386981789954007],[0.010057705454528332,0.06035076454281807,0.2226349264383316,0.0006872220546938479,0.6565061807632446,0.0005144817405380309,0.0022918349131941795,0.04618529975414276,0.0007715651299804449]],"label":[0,0,1,0,0,0,0,0,0]}