{"input":[[0.04902450740337372,0.01967223733663559,0.05560845509171486,0.001511843060143292,0.015032141469419003,0.04283586144447327,0.040125343948602676,0.7480427026748657,0.02814692258834839],[0.10543252527713776,0.011119182221591473,0.10650905221700668,0.026719804853200912,0.013531037606298923,0.013247651048004627,0.22518359124660492,0.47628045082092285,0.021976716816425323]],"label":[0,1,0,0,0,0,0,0,0]}