{"input":[[0.8815587759017944,0.0017891970928758383,0.016218680888414383,0.00035924167605116963,0.012021069414913654,0.0004719380522146821,0.06569637358188629,0.016253473237156868,0.005631446372717619],[0.834810733795166,0.0017569485353305936,0.013302874751389027,0.0007522137020714581,0.027006912976503372,0.0009678204078227282,0.0034001485910266638,0.09050368517637253,0.027498722076416016]],"label":[1,0,0,0,0,0,0,0,0]}