{"input":[[0.07637574523687363,0.0076570063829422,0.09603670984506607,0.04393628239631653,0.05639354884624481,0.029289234429597855,0.2970903813838959,0.030046913772821426,0.3631741404533386],[0.11013693362474442,0.013491993770003319,0.02722550742328167,0.000629610032774508,0.0013918085023760796,0.026244500651955605,0.09471534937620163,0.6005027294158936,0.12566156685352325]],"label":[0,0,1,0,0,0,0,0,0]}