{"input":[[0.0001742426393320784,0.010084881447255611,0.013432865031063557,0.00015912354865577072,0.005831738468259573,0.07044588029384613,0.7095156908035278,0.0024603973142802715,0.187895268201828],[0.08065799623727798,0.04406922683119774,0.29642239212989807,0.05635747313499451,0.2712530791759491,0.02923690900206566,0.0444989837706089,0.09330523014068604,0.08419860154390335]],"label":[0,0,0,0,0,0,0,0,1]}