{"input":[[0.003000184427946806,0.0003025869664270431,0.22388234734535217,0.3493933379650116,0.3668842911720276,0.0004650484770536423,0.0291336327791214,0.0018961766036227345,0.025042377412319183],[0.003347395919263363,0.0018640856724232435,0.8017776012420654,0.03262298181653023,0.13020414113998413,0.0007737037958577275,0.01916521228849888,0.003977063111960888,0.006267906632274389]],"label":[1,0,0,0,0,0,0,0,0]}