{"input":[[0.344795823097229,0.0029592434875667095,0.019916711375117302,0.00018325648852624,0.07417476922273636,0.0007158596999943256,0.10687471181154251,0.31780698895454407,0.13257263600826263],[0.03481574356555939,0.0064240493811666965,0.45111122727394104,0.0014237778959795833,0.006769426632672548,0.0003450271033216268,0.01923055574297905,0.4390496015548706,0.04083053022623062]],"label":[1,0,0,0,0,0,0,0,0]}