{"input":[[0.00035157823003828526,0.011322923004627228,0.0021275009494274855,0.02012941986322403,0.002016567625105381,0.042987074702978134,0.8810127973556519,0.017927609384059906,0.022124510258436203],[0.006149271968752146,0.011875763535499573,0.014630365185439587,0.09061809629201889,0.00784112885594368,0.02762235328555107,0.5340002179145813,0.22188958525657654,0.0853731706738472]],"label":[0,0,0,0,0,0,1,0,0]}