{"input":[[0.004374942742288113,0.000141208030981943,0.03456752002239227,0.8939083814620972,0.029276717454195023,0.00012335697829257697,0.002915344899520278,0.01496133953332901,0.019731249660253525],[0.004627978429198265,3.6502871807897463e-05,0.009992130100727081,0.8231635093688965,0.12311018258333206,0.0001389358367305249,0.00030306464759632945,0.017222678288817406,0.021405141800642014]],"label":[0,0,0,1,0,0,0,0,0]}