{"input":[[0.059147801250219345,0.048601701855659485,0.012901614420115948,0.025422926992177963,0.005099284462630749,0.05554691702127457,0.6721825003623962,0.09904903918504715,0.022048182785511017],[0.1146545559167862,0.02580779418349266,0.24606117606163025,0.14105752110481262,0.09130315482616425,0.012011597864329815,0.08312073349952698,0.1920987069606781,0.09388474375009537]],"label":[0,0,1,0,0,0,0,0,0]}