{"input":[[0.0010556434281170368,0.0003595369344111532,0.0043427059426903725,0.8690934181213379,0.03921372443437576,0.0009497720166109502,0.07476706057786942,0.0060812486335635185,0.004136907402426004],[0.003020789474248886,0.00044978284859098494,0.013577734120190144,0.9008476734161377,0.03674187883734703,0.002178625203669071,0.017296114936470985,0.02131357043981552,0.00457382295280695]],"label":[0,0,0,1,0,0,0,0,0]}