{"input":[[0.07944469898939133,0.0013405535137280822,0.007445282768458128,0.2882198989391327,0.033778320997953415,0.007312315981835127,0.43349143862724304,0.09100519865751266,0.0579623319208622],[0.030897431075572968,0.015841782093048096,0.2542855143547058,0.30821311473846436,0.0981021374464035,0.012096451595425606,0.04074971750378609,0.139229416847229,0.10058443993330002]],"label":[0,0,0,0,1,0,0,0,0]}