{"input":[[0.01149016059935093,0.0841469094157219,0.17869539558887482,0.3863118290901184,0.19387021660804749,0.01552849356085062,0.11562515050172806,0.006302795838564634,0.008029112592339516],[0.0052204495295882225,0.058993615210056305,0.5210458040237427,0.09804066270589828,0.022868026047945023,0.042920853942632675,0.19632647931575775,0.03600265830755234,0.018581442534923553]],"label":[0,0,1,0,0,0,0,0,0]}