{"input":[[0.003098274813964963,0.0001816546282498166,0.0004563087713904679,0.01433506514877081,0.0005451684119179845,0.00298748048953712,0.7797864079475403,0.1971217393875122,0.0014878534711897373],[0.012709196656942368,0.013545569032430649,0.03459303826093674,0.03223126754164696,0.0050630769692361355,0.02672307938337326,0.27090832591056824,0.5427606105804443,0.06146586686372757]],"label":[0,0,0,0,0,0,0,1,0]}