{"input":[[0.0010309318313375115,0.6856366395950317,0.003408334916457534,0.009819711558520794,0.0028292867355048656,0.01434826385229826,0.2808346152305603,0.0006069234805181623,0.0014852180611342192],[0.011075996793806553,0.6744250655174255,0.08469392359256744,0.02634040266275406,0.0009050027001649141,0.01667945832014084,0.11190257221460342,0.018962305039167404,0.05501531809568405]],"label":[0,1,0,0,0,0,0,0,0]}