{"input":[[0.0005569466738961637,9.515929559711367e-05,0.0016405526548624039,0.9538299441337585,0.012189343571662903,0.0007274848758243024,0.027416596189141273,0.0011774913873523474,0.0023664275649935007],[0.0559019111096859,0.005232539027929306,0.02280057780444622,0.3246047794818878,0.055553048849105835,0.015448560938239098,0.26267385482788086,0.053166989237070084,0.2046176791191101]],"label":[0,0,0,1,0,0,0,0,0]}