{"input":[[0.0021151453256607056,0.004067528527230024,0.005249197594821453,0.035562675446271896,0.008721933700144291,0.13559256494045258,0.6829274296760559,0.11121810227632523,0.014545424841344357],[0.0027481713332235813,0.0061506237834692,0.005110238213092089,0.14477019011974335,0.011976898647844791,0.09522643685340881,0.7157959938049316,0.006666561122983694,0.011554861441254616]],"label":[0,0,0,0,0,1,0,0,0]}