{"input":[[0.0032011487055569887,0.02017618902027607,0.002135468414053321,0.11265132576227188,0.008674299344420433,0.10692617297172546,0.38603973388671875,0.308074414730072,0.05212125927209854],[0.11909947544336319,0.07137259095907211,0.265464186668396,0.04003087058663368,0.27026230096817017,0.04057188332080841,0.06707025319337845,0.08998721092939377,0.03614122420549393]],"label":[0,0,0,0,0,0,1,0,0]}