{"input":[[0.0006687989225611091,0.00016177896759472787,0.004031302873045206,0.8529470562934875,0.06601795554161072,0.0070080505684018135,0.025034336373209953,0.005177692510187626,0.038953036069869995],[0.06813564896583557,0.017147045582532883,0.23825834691524506,0.2715342342853546,0.07916609197854996,0.043557748198509216,0.13020998239517212,0.08090623468160629,0.07108466327190399]],"label":[0,0,0,0,0,0,0,0,1]}