{"input":[[0.0035147902090102434,0.016787279397249222,0.6038224101066589,0.01586669124662876,0.049097973853349686,0.002369944006204605,0.02843433804810047,0.07521385699510574,0.20489276945590973],[0.027124162763357162,0.04941698536276817,0.0460912249982357,0.1815025359392166,0.049565862864255905,0.12814383208751678,0.1095530241727829,0.1368059664964676,0.2717963755130768]],"label":[0,0,1,0,0,0,0,0,0]}