{"input":[[0.003305344842374325,0.0703234151005745,0.005259507801383734,0.0006893093232065439,0.0031166276894509792,0.024505749344825745,0.8881235718727112,0.001608159625902772,0.003068257588893175],[0.007774163968861103,0.004395830910652876,0.4520663917064667,0.1104593351483345,0.1582162231206894,0.001750634633935988,0.0862448588013649,0.036767855286598206,0.14232471585273743]],"label":[0,0,0,0,0,0,1,0,0]}