{"input":[[1.893581429612823e-05,0.04579084366559982,2.945177402580157e-05,0.005110118538141251,0.0014444892294704914,0.03168334439396858,0.8998046517372131,0.011960194446146488,0.0041580465622246265],[0.007037851493805647,0.10549061000347137,0.0535767637193203,0.05236386880278587,0.023377390578389168,0.0560762882232666,0.06140516698360443,0.4173348844051361,0.22333720326423645]],"label":[0,1,0,0,0,0,0,0,0]}