{"input":[[0.006022733170539141,0.003180397441610694,0.06543001532554626,0.01696762815117836,0.025554005056619644,0.007583997678011656,0.07290726155042648,0.4702095687389374,0.3321443498134613],[0.06533140689134598,0.014186404645442963,0.08019556850194931,0.05553240701556206,0.049395039677619934,0.061531174927949905,0.35883215069770813,0.14731180667877197,0.167683944106102]],"label":[0,0,0,0,0,0,0,1,0]}