{"input":[[0.029156731441617012,0.0020630734506994486,0.3344513773918152,0.18594153225421906,0.25763940811157227,0.001224418985657394,0.11142069101333618,0.016738975420594215,0.06136370822787285],[0.02206733450293541,0.00014484883286058903,0.950002133846283,0.02088015526533127,0.0023248710203915834,0.0001363737537758425,0.0004734572721645236,0.002935100346803665,0.001035703462548554]],"label":[1,0,0,0,0,0,0,0,0]}