{"input":[[0.006092576775699854,0.17135173082351685,0.02715917117893696,0.03294418379664421,0.0893334299325943,0.024082962423563004,0.017050981521606445,0.015743253752589226,0.6162417531013489],[0.009277595207095146,0.03507765009999275,0.3144974708557129,0.11258846521377563,0.05209987610578537,0.04388837516307831,0.21741245687007904,0.04501001909375191,0.17014817893505096]],"label":[0,0,0,0,1,0,0,0,0]}