{"input":[[0.035539060831069946,0.002042256761342287,0.004360141698271036,0.00018750231538433582,0.0013419919414445758,0.010846550576388836,0.8879221677780151,0.0006394684896804392,0.057120975106954575],[0.03849094361066818,0.08230526745319366,0.44083350896835327,0.07121368497610092,0.07016516476869583,0.029372984543442726,0.06032068654894829,0.14793671667575836,0.05936109647154808]],"label":[0,0,0,0,0,0,1,0,0]}