{"input":[[0.001723935827612877,0.0903654545545578,0.014365323819220066,4.69481892650947e-05,0.002153929555788636,0.00597869697958231,0.03359005227684975,0.8439569473266602,0.007818648591637611],[0.006318479310721159,0.08830499649047852,0.05474422499537468,0.0009076055721379817,0.021120965480804443,0.0036321694497019053,0.007251689210534096,0.8067653179168701,0.010954529047012329]],"label":[0,0,0,0,0,0,0,1,0]}