{"input":[[0.00819297507405281,6.156926247058436e-05,0.0003078052250202745,0.0037057932931929827,0.0149972103536129,0.00022813121904619038,0.0008190349908545613,0.9583308100700378,0.01335662230849266],[0.18922729790210724,0.00045501228305511177,0.06182088702917099,0.17082855105400085,0.27185770869255066,0.001183033804409206,0.0142892524600029,0.2648642063140869,0.02547411061823368]],"label":[0,0,1,0,0,0,0,0,0]}