{"input":[[0.023205582052469254,0.003826512023806572,0.3186270594596863,0.2018584907054901,0.12672173976898193,0.010079915635287762,0.04446316882967949,0.2642775774002075,0.006939965300261974],[0.009186939336359501,0.0029457786586135626,0.08628208190202713,0.748287558555603,0.10404504835605621,0.003911019302904606,0.008952024392783642,0.0013394270790740848,0.03505011275410652]],"label":[0,0,0,1,0,0,0,0,0]}