{"input":[[0.0018990921089425683,0.0025019377935677767,0.012051200494170189,0.8071652054786682,0.02788616344332695,0.0006290674209594727,0.10879015177488327,0.0019155984045937657,0.037161584943532944],[0.034103117883205414,0.006519236136227846,0.20784702897071838,0.3312111794948578,0.12261755764484406,0.013307176530361176,0.20861321687698364,0.03648948296904564,0.03929198905825615]],"label":[0,0,0,0,0,0,1,0,0]}