{"input":[[6.203002703841776e-05,0.8983981013298035,2.6983740099240094e-05,1.4562495380232576e-05,2.8185168048366904e-06,0.005776218604296446,0.09560853987932205,1.153286484623095e-05,9.92798013612628e-05],[0.012663807719945908,0.26619085669517517,0.16885676980018616,0.02433529682457447,0.018359988927841187,0.2597862184047699,0.11995339393615723,0.1004219576716423,0.02943178452551365]],"label":[0,1,0,0,0,0,0,0,0]}