{"input":[[0.01076546311378479,0.0012940713204443455,0.010460752993822098,0.739642322063446,0.1244233176112175,0.006330451928079128,0.08472617715597153,0.0024159448221325874,0.019941523671150208],[0.11480499804019928,0.002804758958518505,0.029360031709074974,0.21787892282009125,0.35227054357528687,0.002521754242479801,0.01624264195561409,0.0915602520108223,0.1725560873746872]],"label":[0,0,0,0,1,0,0,0,0]}