{"input":[[0.7221282720565796,0.001953916857019067,0.05069783329963684,0.0019854626152664423,0.0030190441757440567,0.062409259378910065,0.10567157715559006,0.030404554679989815,0.021730056032538414],[0.805931031703949,0.013523071072995663,0.093775175511837,0.00012467223859857768,0.0006438456475734711,0.016658617183566093,0.05544653162360191,0.008965540677309036,0.004931423347443342]],"label":[1,0,0,0,0,0,0,0,0]}