{"input":[[0.03893006965517998,0.015052332542836666,0.0813298225402832,0.0862685889005661,0.2639429271221161,0.02070751041173935,0.05713578313589096,0.20552444458007812,0.23110856115818024],[0.029919255524873734,0.01757183112204075,0.43668898940086365,0.15373754501342773,0.18227170407772064,0.007593927439302206,0.1096673309803009,0.015888381749391556,0.046661026775836945]],"label":[0,0,0,0,1,0,0,0,0]}