{"input":[[0.07449667155742645,0.06043197214603424,0.5548272728919983,0.0757119208574295,0.049379862844944,0.01137438602745533,0.022432290017604828,0.12515778839588165,0.026187820360064507],[0.1758708357810974,0.0029638188425451517,0.6174556016921997,0.0046462444588541985,0.026208002120256424,0.0023953740019351244,0.0026925955899059772,0.12557180225849152,0.04219567030668259]],"label":[1,0,0,0,0,0,0,0,0]}