{"input":[[0.9510181546211243,2.2967083168623503e-06,0.04392089694738388,3.742282933671959e-05,0.00029808649560436606,2.442060349494568e-06,0.004408644046634436,0.00010264474985888228,0.00020950374891981483],[0.5162579417228699,0.010816765017807484,0.25345829129219055,0.021924743428826332,0.002905776957049966,0.007082893513143063,0.05521717295050621,0.10713823139667511,0.02519814297556877]],"label":[1,0,0,0,0,0,0,0,0]}