{"input":[[0.021017225459218025,0.13448962569236755,0.009694203734397888,0.006110271438956261,0.001728766248561442,0.09103483706712723,0.6751365065574646,0.012388083152472973,0.04840049520134926],[0.002691876608878374,0.003002789104357362,0.0150404442101717,0.8464072942733765,0.047097232192754745,0.0036821847315877676,0.059419646859169006,0.0014443796826526523,0.021214138716459274]],"label":[0,0,0,0,0,0,1,0,0]}