{"input":[[0.13582506775856018,0.0029060139786452055,0.02703172154724598,0.7125223278999329,0.027957720682024956,0.0023439277429133654,0.043352577835321426,0.034820325672626495,0.013240331783890724],[0.0692715048789978,0.0004743697645608336,0.012836984358727932,0.8832874894142151,0.013247632421553135,0.0007454767473973334,0.009593538008630276,0.005388784687966108,0.005154295824468136]],"label":[0,0,0,1,0,0,0,0,0]}