{"input":[[0.0002334574528504163,0.005403765477240086,0.000434777612099424,0.9110963344573975,0.0018561729229986668,0.0010860570473596454,0.07974067330360413,2.65569869952742e-05,0.00012212300498504192],[0.07502487301826477,0.02836308255791664,0.12155881524085999,0.16965609788894653,0.2606469392776489,0.01885812170803547,0.08339300006628036,0.05019095540046692,0.19230809807777405]],"label":[0,0,0,1,0,0,0,0,0]}