{"input":[[0.00011888810695381835,0.9138310551643372,0.0001521043013781309,0.00020980526460334659,0.00013118426431901753,0.018354330211877823,0.06258741021156311,0.0014145050663501024,0.0032008038833737373],[0.0013922718353569508,0.8171147108078003,0.011355332098901272,0.010316705331206322,0.00278570968657732,0.03223998099565506,0.11477308720350266,0.0044751777313649654,0.005547052714973688]],"label":[0,1,0,0,0,0,0,0,0]}