{"input":[[0.708521842956543,0.003970758523792028,0.21118035912513733,0.0011838226346299052,0.00490117771551013,0.0016368207288905978,0.024179555475711823,0.029770199209451675,0.014655529521405697],[0.15480095148086548,0.021541642025113106,0.5900659561157227,0.007902959361672401,0.04427529498934746,0.011679193004965782,0.07825645059347153,0.0630226731300354,0.028454845771193504]],"label":[0,0,0,0,0,0,0,1,0]}