{"input":[[0.0004894031444564462,0.023360000923275948,0.00046386115718632936,0.00556382117792964,0.0004062362713739276,0.5690677165985107,0.3835202157497406,0.0022819105070084333,0.01484679989516735],[0.0005464953137561679,0.01247433666139841,0.3546978831291199,0.04039505869150162,0.018957290798425674,0.49018657207489014,0.03321145474910736,0.0001465137756895274,0.04938438534736633]],"label":[0,0,0,0,0,1,0,0,0]}