{"input":[[0.007199055515229702,0.7238233089447021,3.519504389259964e-05,0.0014326898381114006,0.00020826031686738133,0.026368452236056328,0.23885953426361084,0.0014375554164871573,0.0006360145634971559],[0.025231195613741875,0.5951805114746094,0.009794450365006924,0.005292804911732674,0.00034011848038062453,0.04856235533952713,0.06429032236337662,0.24343998730182648,0.007868167012929916]],"label":[0,1,0,0,0,0,0,0,0]}