{"input":[[0.007931435480713844,0.000410847133025527,0.14934784173965454,0.13436594605445862,0.10796668380498886,0.03294873982667923,0.47191882133483887,0.0832018256187439,0.011907857842743397],[0.030782947316765785,0.04145582392811775,0.059294331818819046,0.1634601503610611,0.01581669971346855,0.05272248387336731,0.3113851845264435,0.21870456635951996,0.1063777431845665]],"label":[0,0,0,0,0,0,0,0,1]}