{"input":[[0.023075774312019348,0.6633864045143127,0.00048575992695987225,8.960205741459504e-05,0.00010417092562420294,0.11877796798944473,0.1915518343448639,0.002175923902541399,0.00035261514130979776],[0.07970703393220901,0.42828401923179626,0.026561422273516655,0.0620097778737545,0.006806055549532175,0.12909245491027832,0.19299492239952087,0.056241121143102646,0.018303144723176956]],"label":[0,0,0,0,0,1,0,0,0]}