{"input":[[0.00831613689661026,0.7209464907646179,0.008270690217614174,0.002558151027187705,0.0004311921657063067,0.08788920193910599,0.05580855906009674,0.08414983749389648,0.03162982687354088],[0.04614988714456558,0.1859247386455536,0.1724032461643219,0.08083052188158035,0.05091206356883049,0.07140268385410309,0.2215721309185028,0.12362328916788101,0.047181423753499985]],"label":[0,0,0,1,0,0,0,0,0]}