{"input":[[0.0002434178168186918,0.8737179636955261,9.69764732872136e-05,0.00031033300911076367,0.00022799787984695286,0.003044679295271635,0.10260608047246933,0.017247844487428665,0.0025046856608241796],[0.014611074700951576,0.11141808331012726,0.03695923462510109,0.0343925841152668,0.026952873915433884,0.06078323349356651,0.5241690874099731,0.09226056933403015,0.09845325350761414]],"label":[0,0,0,0,0,1,0,0,0]}