{"input":[[0.017945194616913795,3.763283893931657e-05,0.01251589972525835,0.8400100469589233,0.09403149783611298,0.00014447550347540528,0.003985391464084387,0.000511973281390965,0.03081786446273327],[0.0283448975533247,1.9918717953260057e-05,0.012194749899208546,0.0030594393610954285,0.5750904083251953,0.00017116492381319404,0.000765094009693712,0.16249485313892365,0.2178594470024109]],"label":[0,0,0,0,1,0,0,0,0]}