{"input":[[0.17510567605495453,0.07442283630371094,0.028240302577614784,0.1845361590385437,0.17405183613300323,0.005062253680080175,0.12633495032787323,0.10835811495780945,0.12388786673545837],[0.03659670054912567,0.055013351142406464,0.12377233803272247,0.3288758099079132,0.07199539244174957,0.03869000822305679,0.09359179437160492,0.08434616029262543,0.1671185940504074]],"label":[0,0,0,1,0,0,0,0,0]}