{"input":[[0.0015113393310457468,5.8644953242037445e-05,1.3131687410350423e-05,0.0029251857195049524,0.0002618844446260482,0.02635536715388298,0.9681881666183472,2.1317364371498115e-06,0.000684149912558496],[0.011632561683654785,0.011928834021091461,0.012245976366102695,0.006914791185408831,0.031806908547878265,0.10061139613389969,0.616618812084198,0.1536160409450531,0.05462464317679405]],"label":[0,0,0,0,0,0,1,0,0]}