{"input":[[0.012068675830960274,0.08094152063131332,0.6471241116523743,0.040668826550245285,0.04875166714191437,0.001531821908429265,0.15673762559890747,0.008147390559315681,0.00402830308303237],[0.010796749964356422,0.017768707126379013,0.5870275497436523,0.11102171242237091,0.16547514498233795,0.0007318224525079131,0.09403819590806961,0.008499670773744583,0.0046404460445046425]],"label":[0,0,1,0,0,0,0,0,0]}