{"input":[[0.043418385088443756,0.03985986486077309,0.028299925848841667,0.32377058267593384,0.018698349595069885,0.02149229682981968,0.3589624762535095,0.07504525035619736,0.09045294672250748],[0.33889997005462646,0.007675210479646921,0.4574013948440552,0.008436763659119606,0.040909379720687866,0.010616966523230076,0.015798013657331467,0.062347255647182465,0.0579151026904583]],"label":[0,0,0,0,1,0,0,0,0]}