{"input":[[0.003740880638360977,0.7191666960716248,0.024547940120100975,0.004793889820575714,0.0047628930769860744,0.053250476717948914,0.17128324508666992,0.00020088684686925262,0.018253004178404808],[0.026757724583148956,0.18654756247997284,0.054446615278720856,0.0416119247674942,0.007779262959957123,0.1426771730184555,0.20861129462718964,0.20222793519496918,0.12934048473834991]],"label":[0,1,0,0,0,0,0,0,0]}