{"input":[[0.022895673289895058,0.0009895714465528727,0.002324500819668174,0.1343475878238678,0.013845174573361874,0.006352313794195652,0.7842544317245483,0.01514066569507122,0.019850069656968117],[0.04140892252326012,0.028580930083990097,0.134895920753479,0.4921621084213257,0.06515096873044968,0.017925839871168137,0.11621451377868652,0.0719817653298378,0.03167911618947983]],"label":[0,0,0,1,0,0,0,0,0]}