{"input":[[0.0009740334935486317,0.08320146799087524,0.00036734004970639944,0.01773015595972538,0.003695725928992033,0.06530318409204483,0.8164471983909607,0.004869663622230291,0.007411254104226828],[0.012149663642048836,0.13480502367019653,0.013710376806557178,0.032978497445583344,0.028108227998018265,0.09666407108306885,0.45926621556282043,0.2057519406080246,0.01656600832939148]],"label":[0,0,0,0,0,0,0,0,1]}