{"input":[[0.00025164918042719364,0.0023709917441010475,0.00013001574552617967,0.0007412218837998807,0.0003844044404104352,0.9585625529289246,0.031813424080610275,0.0001049044803949073,0.0056408606469631195],[0.006369183771312237,0.00336543470621109,0.10990874469280243,0.2217540591955185,0.007249469868838787,0.2658050060272217,0.31196266412734985,0.007745059207081795,0.06584034860134125]],"label":[0,0,0,0,0,0,1,0,0]}