{"input":[[0.04852542281150818,0.06865604221820831,0.20515291392803192,0.06915423274040222,0.02280113846063614,0.11510955542325974,0.3938167989253998,0.06423954665660858,0.012544382363557816],[0.0036947813350707293,0.015215269289910793,0.05954087898135185,0.0003668198187369853,0.001115363440476358,0.006514307577162981,0.903125524520874,0.009539777413010597,0.0008873722399584949]],"label":[0,1,0,0,0,0,0,0,0]}