{"input":[[0.012148858048021793,0.029145777225494385,0.015351526439189911,0.1412535160779953,0.035235799849033356,0.09243880212306976,0.345401406288147,0.018218908458948135,0.3108053207397461],[0.040017567574977875,0.008034945465624332,0.026362814009189606,0.06457821279764175,0.028998514637351036,0.028551440685987473,0.49691352248191833,0.04729795828461647,0.25924497842788696]],"label":[0,0,0,0,0,0,0,0,1]}