{"input":[[0.0009759694221429527,0.00015167206584010273,0.0010864237556234002,0.8850562572479248,0.09943810105323792,0.0011948816245421767,0.010524403303861618,0.0004634709330275655,0.0011089022736996412],[0.015428868122398853,0.00010150078014703467,0.007787951733916998,0.8662051558494568,0.07798256725072861,0.0007876916788518429,0.02775978110730648,0.0012781200930476189,0.0026683376636356115]],"label":[0,0,0,1,0,0,0,0,0]}