{"input":[[0.006628330796957016,0.006372088100761175,0.819035530090332,0.007841603830456734,0.09235472232103348,0.00020500826940406114,0.025513699278235435,0.02939583733677864,0.012653136625885963],[0.010182538069784641,0.00044007046381011605,0.911820113658905,0.00011618281132541597,0.011927435174584389,2.877377664844971e-05,0.00044392651761882007,0.06212232634425163,0.002918546786531806]],"label":[0,0,0,0,0,0,0,1,0]}