{"input":[[0.972022533416748,0.00017076203948818147,0.021525690332055092,7.628840990037133e-07,4.283941234461963e-05,1.5791649275342934e-05,0.0006927900249138474,0.005012986715883017,0.0005157300038263202],[0.4616991877555847,0.0007630220497958362,0.14478576183319092,0.0032144500873982906,0.017382491379976273,0.00026123091811314225,0.00048516454990021884,0.3471030294895172,0.024305758997797966]],"label":[1,0,0,0,0,0,0,0,0]}