{"input":[[0.06701552122831345,0.002071649767458439,0.013916227035224438,0.47996848821640015,0.12570662796497345,0.01873702183365822,0.046780023723840714,0.024167785421013832,0.22163669764995575],[0.007171258796006441,0.006509019993245602,0.005188433453440666,0.7375763058662415,0.017216922715306282,0.012947374023497105,0.19024670124053955,0.004291235934942961,0.018852785229682922]],"label":[0,0,0,1,0,0,0,0,0]}