{"input":[[0.013185115531086922,0.004309802781790495,0.1562478393316269,0.4053457975387573,0.17459076642990112,0.0031972252763807774,0.05045938119292259,0.025751935318112373,0.16691221296787262],[0.012187832035124302,0.003163394285365939,0.08637161552906036,0.5696070194244385,0.08899512141942978,0.007472202647477388,0.09208608418703079,0.03322335705161095,0.10689336806535721]],"label":[0,0,0,1,0,0,0,0,0]}