{"input":[[0.00011606741463765502,0.0001167624068330042,7.010633271420375e-05,0.9394316673278809,0.01626814343035221,0.0030806749127805233,0.039020996540784836,0.0006884473841637373,0.0012071311939507723],[0.03153214603662491,0.0018728866707533598,0.00853585172444582,0.6348252296447754,0.19415035843849182,0.0027913087978959084,0.03393086418509483,0.0349702388048172,0.05739116668701172]],"label":[0,0,0,1,0,0,0,0,0]}