{"input":[[0.0001558346557430923,0.0003701628593262285,0.0016085568349808455,0.560610830783844,0.017445864155888557,0.002291652373969555,0.4158789813518524,0.0007401288021355867,0.0008980022976174951],[0.003897549817338586,0.000987652805633843,0.008488921448588371,0.7573603391647339,0.05287395790219307,0.0027489312924444675,0.1427096575498581,0.010338461957871914,0.020594550296664238]],"label":[0,0,0,1,0,0,0,0,0]}