{"input":[[0.023418035358190536,0.0007825728389434516,0.40543001890182495,0.0726112499833107,0.31015297770500183,0.0012791139306500554,0.003708326257765293,0.11092551052570343,0.07169222831726074],[0.06578081846237183,0.0008421450038440526,0.521276593208313,0.12209494411945343,0.11796005815267563,0.0033880379050970078,0.014551647938787937,0.068330779671669,0.08577501773834229]],"label":[0,0,0,0,0,0,0,1,0]}