{"input":[[3.526993896230124e-05,0.4385548233985901,0.000588375551160425,0.00011027244909200817,0.00016728282207623124,0.0013051963178440928,0.5589923858642578,1.9042770873056725e-05,0.0002272977289976552],[0.0022538688499480486,0.18513721227645874,0.523720920085907,0.05363822728395462,0.019850509241223335,0.02345731295645237,0.15662582218647003,0.013489967212080956,0.02182619273662567]],"label":[0,1,0,0,0,0,0,0,0]}