{"input":[[0.0053094299510121346,0.004190370906144381,0.03403213620185852,0.3038782775402069,0.1338174045085907,0.0037774727679789066,0.495315819978714,0.0024565416388213634,0.017222531139850616],[0.006593167781829834,0.028814557939767838,0.20709000527858734,0.2907363474369049,0.07606691867113113,0.04067974537611008,0.31860730051994324,0.017935210838913918,0.013476735912263393]],"label":[0,0,0,1,0,0,0,0,0]}