{"input":[[0.019519193097949028,7.794077100697905e-05,0.02807937189936638,0.4012896716594696,0.04577929526567459,0.0012202841462567449,0.02584010548889637,0.403039813041687,0.07515429705381393],[0.02153521403670311,0.006537050940096378,0.039360564202070236,0.029126111418008804,0.08342799544334412,0.010400010272860527,0.4129219651222229,0.3627319037914276,0.033959124237298965]],"label":[1,0,0,0,0,0,0,0,0]}