{"input":[[0.02375129982829094,0.04505058005452156,0.015781141817569733,0.49596211314201355,0.04405160993337631,0.009836123324930668,0.27833929657936096,0.038433417677879333,0.048794377595186234],[0.5200998187065125,0.056435056030750275,0.08573224395513535,0.017325682565569878,0.0030489100608974695,0.013926874846220016,0.005999822169542313,0.29402172565460205,0.0034100026823580265]],"label":[0,0,0,0,0,0,0,0,1]}