{"input":[[0.030391240492463112,0.006141310092061758,0.36320433020591736,0.21163910627365112,0.18817958235740662,0.001995969796553254,0.12982244789600372,0.04036344215273857,0.028262583538889885],[0.04879465699195862,0.10077140480279922,0.16683845221996307,0.06468207389116287,0.10269518941640854,0.052043016999959946,0.29974809288978577,0.1056312695145607,0.058795880526304245]],"label":[0,0,0,0,1,0,0,0,0]}