{"input":[[0.02403208613395691,0.016194839030504227,0.04877316206693649,0.06031450256705284,0.6874450445175171,0.04835762083530426,0.02751528099179268,0.013146794401109219,0.07422062009572983],[0.02261475659906864,0.03839845955371857,0.36483582854270935,0.14873546361923218,0.0727376714348793,0.05441008508205414,0.07292257994413376,0.08734024316072464,0.13800488412380219]],"label":[0,0,0,0,0,0,1,0,0]}