{"input":[[0.02698042429983616,0.020627222955226898,0.008929135277867317,0.0010278919944539666,0.0028006108477711678,0.004357476718723774,0.5759298801422119,0.3538167476654053,0.005530609283596277],[0.003620345611125231,2.0361889255582355e-05,9.485892951488495e-05,1.3971370549370477e-07,5.447980697681487e-07,2.3601728571520653e-06,9.2918417067267e-05,0.995764970779419,0.0004034983576275408]],"label":[0,0,0,0,0,0,0,1,0]}