{"input":[[0.27797648310661316,0.11080579459667206,0.03303723409771919,0.00024276660406030715,0.0043369983322918415,0.008934535086154938,0.20609740912914276,0.35018593072891235,0.00838284008204937],[0.17144815623760223,0.10120610147714615,0.041914209723472595,0.00038611271884292364,0.006076590158045292,0.0050987545400857925,0.031447023153305054,0.6358231902122498,0.006599848624318838]],"label":[0,0,0,0,0,0,0,1,0]}