{"input":[[0.001833830727264285,0.00010705661406973377,0.912341833114624,0.002297032857313752,0.07350485771894455,0.0001267228799406439,0.0016949643613770604,0.004016122315078974,0.004077544901520014],[0.002713957102969289,0.00025442958576604724,0.8754402995109558,0.0003682848473545164,0.05049542710185051,0.00010411292896606028,0.0010267789475619793,0.06769465655088425,0.0019019703613594174]],"label":[1,0,0,0,0,0,0,0,0]}