{"input":[[0.05074044689536095,0.0003201898362021893,0.03864474222064018,0.3241995573043823,0.524854302406311,0.002414196729660034,0.023655351251363754,0.006088025867938995,0.02908330410718918],[0.10444703698158264,0.010691347531974316,0.024431945756077766,0.5386178493499756,0.08762221038341522,0.012967200949788094,0.027217557653784752,0.03649454563856125,0.15751026570796967]],"label":[1,0,0,0,0,0,0,0,0]}