{"input":[[0.0004247702017892152,0.940292477607727,0.00022187913418747485,0.0006171364220790565,0.00016337967826984823,0.01676321029663086,0.040803663432598114,0.00048371110460720956,0.00022968706616666168],[0.0016689242329448462,0.8677169680595398,0.019519109278917313,0.00039880393887870014,0.004525365307927132,0.06472928076982498,0.035897593945264816,0.004758489318192005,0.0007854521973058581]],"label":[0,1,0,0,0,0,0,0,0]}