{"input":[[0.0015578168677166104,0.0005104446318000555,0.07778007537126541,2.576995257186354e-07,0.0007417122833430767,1.2889763638668228e-05,0.005256521515548229,0.890085756778717,0.02405453473329544],[0.029922308400273323,0.0052528781816363335,0.10963559150695801,7.781573913234752e-06,0.0008591422811150551,0.0007829404785297811,0.04980867728590965,0.6864787340164185,0.11725200712680817]],"label":[0,0,0,0,0,0,0,1,0]}