{"input":[[0.002604541601613164,0.000813896011095494,0.4096866250038147,0.00726768234744668,0.14318205416202545,0.0005935534718446434,0.0016596528002992272,0.41202038526535034,0.022171607241034508],[0.0036851356271654367,0.0005782016669400036,0.7228121757507324,0.03466005623340607,0.03448530286550522,0.0010943548986688256,0.0049108886159956455,0.1918262094259262,0.005947703495621681]],"label":[0,0,0,0,0,0,0,1,0]}