{"input":[[0.0009985370561480522,0.16987916827201843,0.00018580484902486205,0.00040289139724336565,0.00029852346051484346,0.7780824899673462,0.026253461837768555,0.0002634420234244317,0.02363569475710392],[0.0008312092977575958,0.33860668540000916,0.00044680130667984486,0.0009004639578051865,0.0006047386559657753,0.6390706300735474,0.01357583049684763,0.00040412048110738397,0.0055594188161194324]],"label":[0,1,0,0,0,0,0,0,0]}