{"input":[[0.05849554389715195,0.12265326082706451,0.14965496957302094,0.1596650332212448,0.16055622696876526,0.012264939956367016,0.20166362822055817,0.04525803402066231,0.08978841453790665],[0.02712094970047474,0.03539301082491875,0.12389019876718521,0.24086928367614746,0.1149103194475174,0.014363227412104607,0.07750201970338821,0.2750171720981598,0.09093392640352249]],"label":[0,0,0,1,0,0,0,0,0]}