{"input":[[0.003258065553382039,0.016897480934858322,0.0019958640914410353,0.1460975855588913,0.017965905368328094,0.015302508138120174,0.769311785697937,0.015431884676218033,0.013738904148340225],[0.035274602472782135,0.05084950104355812,0.15408635139465332,0.18156206607818604,0.17667709290981293,0.03835580125451088,0.059594832360744476,0.12640617787837982,0.17719358205795288]],"label":[0,0,0,0,0,0,1,0,0]}