{"input":[[0.02148810587823391,9.791152842808515e-05,0.5810999274253845,0.018615487962961197,0.1127636507153511,0.0006207035621628165,0.025808285921812057,0.2239038050174713,0.015602083876729012],[0.016807198524475098,4.7204990551108494e-05,0.7199889421463013,0.012761573307216167,0.040976382791996,0.00021255246247164905,0.004230465739965439,0.1967204362154007,0.008255308493971825]],"label":[0,0,1,0,0,0,0,0,0]}