{"input":[[0.009911690838634968,0.03223739191889763,0.1639464944601059,0.014266417361795902,0.06386948376893997,0.025597823783755302,0.08883880078792572,0.5283971428871155,0.07293480634689331],[0.06798645853996277,0.02856508456170559,0.08054018020629883,0.10669555515050888,0.11986234784126282,0.040214113891124725,0.1100529357790947,0.09120990335941315,0.3548734784126282]],"label":[0,1,0,0,0,0,0,0,0]}