{"input":[[0.049244340509176254,0.0049261427484452724,0.001767348381690681,0.002457404974848032,0.00950600765645504,0.014457061886787415,0.9076909422874451,0.00147468491923064,0.008476062677800655],[0.15186262130737305,9.303324623033404e-05,0.01524724718183279,5.464103196572978e-06,0.0025189733132719994,4.404489664011635e-05,0.00042121406295336783,0.8289413452148438,0.0008660672465339303]],"label":[1,0,0,0,0,0,0,0,0]}