{"input":[[0.24406765401363373,0.008208706974983215,0.5836179256439209,0.00046473057591356337,0.005763188935816288,0.002324985107406974,0.03403723984956741,0.112517811357975,0.008997716940939426],[0.2438579797744751,0.0028654576744884253,0.25900205969810486,5.567329208133742e-05,0.0014782981015741825,0.0009247151319868863,0.012173648923635483,0.47550633549690247,0.004135860130190849]],"label":[0,0,0,0,0,0,0,1,0]}