{"input":[[0.012043485417962074,0.7814103960990906,0.02116423472762108,0.0067084720358252525,0.005532465875148773,0.11672069877386093,0.04867517575621605,0.0036581475287675858,0.004086906090378761],[0.022937985137104988,0.2763420045375824,0.03688745200634003,0.02619102969765663,0.006411532871425152,0.24540658295154572,0.379325270652771,0.001529696281068027,0.00496843783184886]],"label":[0,0,0,0,0,1,0,0,0]}