{"input":[[0.12725409865379333,0.0017632843228057027,0.005826545879244804,1.683071968727745e-05,0.0008064450812526047,0.00036930356873199344,0.862460732460022,0.0008081893320195377,0.0006945672794245183],[0.2686946988105774,0.008277231827378273,0.0737176388502121,0.0022645811550319195,0.006869894452393055,0.009308685548603535,0.2568995952606201,0.3499828577041626,0.02398482896387577]],"label":[1,0,0,0,0,0,0,0,0]}