{"input":[[0.03663837909698486,0.010850709863007069,0.17212265729904175,0.12851159274578094,0.4765929579734802,0.015275752171874046,0.1351248174905777,0.0018636963795870543,0.023019401356577873],[0.7429686784744263,0.00769948773086071,0.07784200459718704,0.014340397901833057,0.04727550223469734,0.0035968837328255177,0.08936704695224762,0.00785460788756609,0.009055345319211483]],"label":[0,0,0,0,1,0,0,0,0]}