{"input":[[0.012447752058506012,0.13615772128105164,0.027605684474110603,0.013733003288507462,0.005709827411919832,0.26658597588539124,0.5110676884651184,0.007161735091358423,0.01953054778277874],[0.02152862213551998,0.011234121397137642,0.08686362951993942,0.04904161021113396,0.0031787706539034843,0.14649978280067444,0.6298048496246338,0.027805354446172714,0.02404327318072319]],"label":[0,0,0,0,0,1,0,0,0]}