{"input":[[0.07977195829153061,0.005529970861971378,0.049991510808467865,0.08668620139360428,0.1497446596622467,0.005159762222319841,0.04637519642710686,0.5507698059082031,0.02597087062895298],[0.01231261994689703,0.0026279499288648367,0.7070314884185791,0.00744193559512496,0.06302718073129654,0.0006702825194224715,0.00952328834682703,0.18540698289871216,0.011958261020481586]],"label":[0,0,1,0,0,0,0,0,0]}