{"input":[[0.010715493001043797,0.0019028665265068412,0.02693154104053974,0.5212185382843018,0.013692894019186497,0.0026463824324309826,0.41235655546188354,0.007656487636268139,0.002879324136301875],[0.004389716312289238,0.0006649366696365178,0.004131279420107603,0.8554739952087402,0.0572483167052269,0.0031534978188574314,0.06337249279022217,0.002370774745941162,0.00919491145759821]],"label":[0,0,0,1,0,0,0,0,0]}