{"input":[[0.0010391637915745378,0.0005071224295534194,3.5040116927120835e-05,0.09485254436731339,0.0011340829078108072,0.32129204273223877,0.5785764455795288,4.443863144842908e-05,0.0025192208122462034],[0.09883859008550644,0.10698188841342926,0.22498339414596558,0.21434590220451355,0.0788022130727768,0.02030150219798088,0.13736127316951752,0.05949794128537178,0.058887235820293427]],"label":[0,0,0,0,0,1,0,0,0]}