{"input":[[0.00011447377619333565,0.6942934989929199,0.0005009189480915666,0.00028339721029624343,3.5982182453153655e-05,0.03566918149590492,0.2681407630443573,0.00027864190633408725,0.0006831478094682097],[0.0011363944504410028,0.6042080521583557,0.0019307432230561972,0.0017329012043774128,0.0014856118941679597,0.006668096873909235,0.3823637366294861,0.00023710222740191966,0.0002373594616074115]],"label":[0,1,0,0,0,0,0,0,0]}