{"input":[[0.025400806218385696,0.06059175357222557,0.035309504717588425,0.0036197362933307886,0.028617968782782555,0.008037382736802101,0.8255120515823364,0.003732155542820692,0.009178616106510162],[0.29268118739128113,0.09186655282974243,0.1928742378950119,0.00539762619882822,0.018139444291591644,0.026872117072343826,0.3529983162879944,0.006644267123192549,0.012526145204901695]],"label":[0,0,0,0,0,0,0,0,1]}