{"input":[[0.1733231395483017,0.010603190399706364,0.08332226425409317,0.5816472172737122,0.01824359782040119,0.013189134187996387,0.012945817783474922,0.0829252302646637,0.023800378665328026],[0.47154784202575684,0.006319732870906591,0.03913372755050659,0.020415451377630234,0.008685536682605743,0.039630014449357986,0.03268977627158165,0.3744202256202698,0.007157768122851849]],"label":[1,0,0,0,0,0,0,0,0]}