{"input":[[0.0021501972805708647,0.011709852144122124,0.00880449078977108,0.17939333617687225,0.01025875099003315,0.022842267528176308,0.7370526790618896,0.000562973553314805,0.02722553350031376],[0.013249918818473816,0.23583199083805084,0.059839438647031784,0.051096972078084946,0.026598164811730385,0.12604857981204987,0.14391936361789703,0.2640203535556793,0.07939518243074417]],"label":[0,0,0,1,0,0,0,0,0]}