{"input":[[0.000552107288967818,0.8361204862594604,0.0001024461307679303,0.0004716847324743867,0.0009951427346095443,0.008132602088153362,0.14327757060527802,0.0001738966820994392,0.010174006223678589],[0.017942875623703003,0.42041343450546265,0.05961103364825249,0.06895735114812851,0.009982452727854252,0.10683432966470718,0.2108292132616043,0.05585380643606186,0.04957551881670952]],"label":[0,1,0,0,0,0,0,0,0]}