{"input":[[0.006484166253358126,0.01159471645951271,0.02662556804716587,0.07192002981901169,0.02636747807264328,0.014032083563506603,0.6534743309020996,0.168520987033844,0.020980672910809517],[0.01144720334559679,0.023435018956661224,0.09726205468177795,0.07526044547557831,0.12073379009962082,0.022204086184501648,0.2194145768880844,0.285923570394516,0.14431926608085632]],"label":[0,0,0,0,0,1,0,0,0]}