{"input":[[0.001891399617306888,0.005234523210674524,0.01018100418150425,0.45560014247894287,0.006353119853883982,0.0022474853321909904,0.5045751929283142,0.003354477696120739,0.010562662966549397],[0.002062732120975852,0.006773930974304676,0.5391793251037598,0.13250930607318878,0.05104948207736015,0.0015449620550498366,0.2635287344455719,0.001210488728247583,0.002141068922355771]],"label":[0,0,0,0,0,0,1,0,0]}