{"input":[[0.012310841120779514,0.038097869604825974,0.23218727111816406,0.2912665605545044,0.21858680248260498,0.034055836498737335,0.03088133968412876,0.08559518307447433,0.05701836943626404],[0.033855751156806946,0.0071792034432291985,0.10421580076217651,0.45656293630599976,0.05851262807846069,0.028325961902737617,0.20292240381240845,0.011445009149610996,0.09698022902011871]],"label":[0,0,0,1,0,0,0,0,0]}