{"input":[[0.005131418351083994,0.0154793169349432,0.037866558879613876,0.003025856800377369,0.02846532315015793,0.020939450711011887,0.01940079964697361,0.6832165718078613,0.1864747852087021],[0.00764529500156641,0.062222667038440704,0.1585649698972702,0.005699376575648785,0.026712823659181595,0.17939411103725433,0.1149812713265419,0.38655731081962585,0.05822223424911499]],"label":[0,0,0,0,0,0,0,1,0]}