{"input":[[0.005025877617299557,0.0006599216139875352,0.5653797388076782,0.14525318145751953,0.2619798183441162,0.0020094127394258976,0.011537458747625351,0.00018165046640206128,0.00797288864850998],[0.0035581025294959545,0.0023610792122781277,0.28422239422798157,0.22359848022460938,0.20420511066913605,0.008934454061090946,0.19074825942516327,0.047567687928676605,0.034804340451955795]],"label":[0,0,1,0,0,0,0,0,0]}