{"input":[[0.01307640876621008,0.013878745958209038,0.32502397894859314,0.06963271647691727,0.14880552887916565,0.009125622920691967,0.020519929006695747,0.04828163608908653,0.3516554534435272],[0.06839803606271744,0.023197660222649574,0.26957693696022034,0.11089803278446198,0.11037283390760422,0.027624797075986862,0.06894155591726303,0.07337567210197449,0.24761448800563812]],"label":[0,0,0,0,1,0,0,0,0]}