{"input":[[0.011946707963943481,0.0003215104516129941,0.058559369295835495,0.01583213172852993,0.2772561311721802,0.005402441136538982,0.006559391971677542,0.4309954047203064,0.19312694668769836],[0.0204033050686121,0.006309227552264929,0.03754645586013794,0.10382749885320663,0.12380152940750122,0.005801423452794552,0.027452755719423294,0.4728047549724579,0.20205308496952057]],"label":[0,0,0,0,0,0,0,1,0]}