{"input":[[0.006681627128273249,0.10427383333444595,0.001105307717807591,0.01409936137497425,0.049353908747434616,0.6152529716491699,0.1927846372127533,0.0013636837247759104,0.015084680169820786],[0.06064235046505928,0.06998924911022186,0.03458431363105774,0.05128081887960434,0.11724451184272766,0.09617511183023453,0.5254338979721069,0.028340667486190796,0.016309114173054695]],"label":[0,0,0,0,0,1,0,0,0]}