{"input":[[0.09802762418985367,0.0034642410464584827,0.004816881846636534,4.2115923861274496e-05,0.0018501640297472477,0.0004575133789330721,0.012073574587702751,0.8788774013519287,0.0003904786135535687],[0.047485094517469406,0.0061073326505720615,0.04131839796900749,9.832839714363217e-05,0.0027139894664287567,0.00039843612466938794,0.007294840179383755,0.8878639936447144,0.006719654891639948]],"label":[0,0,0,0,0,0,0,1,0]}