{"input":[[0.054807811975479126,0.025868115946650505,0.005094117484986782,0.12204179912805557,0.12454592436552048,0.10035247355699539,0.5590307712554932,0.0007456175517290831,0.0075133973732590675],[0.07555884122848511,0.028456704691052437,0.1983965039253235,0.12698423862457275,0.05596504360437393,0.08518534153699875,0.25830957293510437,0.1369713395833969,0.034172363579273224]],"label":[1,0,0,0,0,0,0,0,0]}