{"input":[[0.0008551764185540378,0.8246275782585144,0.020137334242463112,0.0014737745514139533,0.0018572477856650949,0.06935395300388336,0.07128100097179413,0.0021930495277047157,0.008220936171710491],[0.002243837108835578,0.8434139490127563,0.005268023815006018,0.0013674976071342826,0.0015296817291527987,0.01579335145652294,0.12920130789279938,0.00022352681844495237,0.0009588341927155852]],"label":[0,1,0,0,0,0,0,0,0]}