{"input":[[0.003332211170345545,5.110608253744431e-05,0.00015952970716170967,0.9297640323638916,0.04431123286485672,0.00032874461612664163,0.015166368335485458,0.0015731696039438248,0.005313705652952194],[0.00442394707351923,0.00011378035560483113,0.019614720717072487,0.35800933837890625,0.5723655223846436,0.00016472091374453157,0.037195444107055664,0.0016744763124734163,0.006438082084059715]],"label":[0,0,0,1,0,0,0,0,0]}