{"input":[[0.0060113659128546715,0.2725881338119507,0.010024452582001686,0.5832952260971069,0.012374168261885643,0.03136015683412552,0.043873026967048645,0.0042921407148242,0.03618130832910538],[0.0018623425858095288,0.16786302626132965,0.021489176899194717,0.48846444487571716,0.014717323705554008,0.07117016613483429,0.1301107108592987,0.030326148495078087,0.0739966481924057]],"label":[0,0,0,0,0,0,0,0,1]}