{"input":[[0.00037277801311574876,0.7269459962844849,0.0008811911684460938,0.00383442803286016,0.0007868038956075907,0.010699436068534851,0.2552291452884674,0.00038190107443369925,0.000868306786287576],[0.056389689445495605,0.27027779817581177,0.034626301378011703,0.0079580033197999,0.008466311730444431,0.042858466506004333,0.033171333372592926,0.4796571433544159,0.06659500300884247]],"label":[0,0,0,0,0,0,1,0,0]}