{"input":[[0.9982435703277588,6.854580078652361e-06,9.421296272194013e-05,1.455817653095437e-07,0.00017985737940762192,2.8724452931783162e-05,0.0006346909212879837,0.0008066004957072437,5.377112756832503e-06],[0.08856724947690964,0.00030401209369301796,0.015716079622507095,3.6997434449403954e-08,3.0348734071594663e-05,0.00048141489969566464,0.00291103171184659,0.8918326497077942,0.00015721257659606636]],"label":[1,0,0,0,0,0,0,0,0]}