{"input":[[0.04667365550994873,0.058023128658533096,0.06217401102185249,0.04646777734160423,0.02425985410809517,0.016500353813171387,0.1030745655298233,0.47641995549201965,0.16640667617321014],[0.07606811076402664,0.037237901240587234,0.1835428774356842,0.12050424516201019,0.01919536106288433,0.08643806725740433,0.08367004245519638,0.2786397337913513,0.11470368504524231]],"label":[0,0,1,0,0,0,0,0,0]}