{"input":[[0.09127669036388397,0.0019583930261433125,0.15788350999355316,0.38780999183654785,0.1609610766172409,0.0036566895432770252,0.031798169016838074,0.06644251197576523,0.09821285307407379],[0.017568228766322136,0.001017482136376202,0.45567262172698975,0.21477016806602478,0.20935732126235962,0.004997022915631533,0.03959498554468155,0.007242545485496521,0.04977956786751747]],"label":[0,0,1,0,0,0,0,0,0]}