{"input":[[0.007480826694518328,1.081618120224448e-05,0.639142632484436,0.00011364729289198294,0.27549809217453003,1.6912334785956773e-06,0.000545871036592871,0.07569250464439392,0.0015138896415010095],[0.07183223962783813,1.259658830576882e-07,0.9106258749961853,3.022621967829764e-06,0.005536424461752176,4.583000290381278e-08,3.3004936994984746e-05,0.011939276941120625,3.0037641408853233e-05]],"label":[0,0,1,0,0,0,0,0,0]}