{"input":[[7.990535959834233e-05,4.887237992079463e-07,0.0010636129882186651,1.7569357169122668e-07,7.563422514067497e-06,1.7669572116574273e-07,2.2143731257529e-06,0.9988359808921814,9.9455446616048e-06],[6.624667747701096e-08,1.4422670956831807e-12,2.3328105669406796e-07,5.0239658624679634e-15,2.5489512722742802e-08,5.440464485167995e-12,1.2458265322146111e-11,0.9999996423721313,2.876045235300495e-10]],"label":[0,0,0,0,0,0,0,1,0]}