{"input":[[0.6362364888191223,0.0002530372585169971,0.03176318481564522,8.648502262076363e-05,0.020539943128824234,0.0002768843260128051,0.016583522781729698,0.2591141164302826,0.03514638543128967],[0.3082441985607147,0.00010114575707120821,0.14491423964500427,0.00019015975703950971,0.004619965795427561,2.5357558115501888e-05,9.59114040597342e-05,0.5340620279312134,0.00774700241163373]],"label":[1,0,0,0,0,0,0,0,0]}