{"input":[[0.0005433157784864306,0.0028960099443793297,0.0027918892446905375,0.22404539585113525,0.02403302676975727,0.011058364994823933,0.7261427044868469,0.001347450539469719,0.007141798734664917],[0.005525479558855295,0.043227095156908035,0.024408580735325813,0.09736007452011108,0.004418341442942619,0.09965098649263382,0.6935610175132751,0.015454786829650402,0.016393624246120453]],"label":[0,1,0,0,0,0,0,0,0]}