{"input":[[0.007431740406900644,0.3680453300476074,0.06630560010671616,0.011467516422271729,0.030860472470521927,0.05520215258002281,0.44592803716659546,0.008829745464026928,0.005929421633481979],[0.16834980249404907,0.03588001802563667,0.15390966832637787,0.05659773200750351,0.2496231347322464,0.09698478132486343,0.16943860054016113,0.042455486953258514,0.026760760694742203]],"label":[0,1,0,0,0,0,0,0,0]}