{"input":[[0.002870914526283741,0.320932537317276,0.0016534188762307167,0.0001781346509233117,0.0011119176633656025,0.005559795536100864,0.662013053894043,0.0017678330186754465,0.003912382759153843],[0.015703240409493446,0.17413733899593353,0.18376408517360687,0.06672722101211548,0.026861196383833885,0.08809437602758408,0.3074967861175537,0.04561058431863785,0.09160518646240234]],"label":[0,0,0,0,0,0,1,0,0]}