{"input":[[0.004619945771992207,0.21655650436878204,0.007670106831938028,0.01626184582710266,0.007407017983496189,0.4727579653263092,0.027890997007489204,0.1528603583574295,0.09397519379854202],[0.0116655845195055,0.05737777426838875,0.06968729197978973,0.10488498210906982,0.028583437204360962,0.04549461603164673,0.07041649520397186,0.4823727011680603,0.1295170933008194]],"label":[0,0,0,0,0,0,0,0,1]}