{"input":[[0.023926977068185806,0.00802107248455286,0.433987557888031,0.1881854385137558,0.18772146105766296,0.014774404466152191,0.1245880052447319,0.004904240369796753,0.013890835456550121],[0.009072200395166874,0.007017369847744703,0.2672523856163025,0.23982533812522888,0.09710419923067093,0.030594773590564728,0.07132016867399216,0.1562327891588211,0.12158070504665375]],"label":[0,0,1,0,0,0,0,0,0]}