{"input":[[0.002970064990222454,0.0020455734338611364,0.002807354787364602,0.7591309547424316,0.04565601795911789,0.0039957198314368725,0.1590840220451355,0.0017838149797171354,0.022526342421770096],[0.003263834398239851,0.001515597221441567,0.003655148670077324,0.9071151614189148,0.014211523346602917,0.00390995480120182,0.046640049666166306,0.0023804667871445417,0.017308134585618973]],"label":[0,0,0,0,1,0,0,0,0]}