{"input":[[0.0774000883102417,0.012815095484256744,0.02188161388039589,0.37402161955833435,0.29844990372657776,0.012601246125996113,0.18852660059928894,0.0021762829273939133,0.012127546593546867],[0.008536429144442081,0.06056353077292442,0.007789756637066603,0.08474495261907578,0.05749360844492912,0.022561710327863693,0.5249009728431702,0.013435062021017075,0.21997404098510742]],"label":[0,0,0,1,0,0,0,0,0]}