{"input":[[0.0004793562984559685,0.007028213236480951,0.015670903027057648,0.7506327629089355,0.02677273377776146,0.013781599700450897,0.14264734089374542,0.0003058858565054834,0.04268110916018486],[0.01897960528731346,0.05958237498998642,0.058955058455467224,0.1591542661190033,0.0656532347202301,0.16216368973255157,0.15637575089931488,0.14000877737998962,0.17912718653678894]],"label":[0,0,0,1,0,0,0,0,0]}