{"input":[[0.002133881440386176,0.15855063498020172,0.016123972833156586,0.008006410673260689,0.0009074541158042848,0.36688607931137085,0.3865339756011963,0.005128057207912207,0.05572952702641487],[0.0663621574640274,0.0791814923286438,0.14068463444709778,0.3058888614177704,0.04846256226301193,0.04242200404405594,0.09611997753381729,0.12704065442085266,0.0938376858830452]],"label":[0,0,0,0,0,1,0,0,0]}