{"input":[[0.0009700441150926054,7.130184712877963e-06,0.9431436061859131,0.01500596571713686,0.0019307275069877505,4.2381441744510084e-05,0.03360943868756294,0.0033008370082825422,0.001989769283682108],[0.002434114459902048,0.007238347083330154,0.7142923474311829,0.003399626584723592,0.0703534483909607,0.007826347835361958,0.027720270678400993,0.16002731025218964,0.00670825457200408]],"label":[1,0,0,0,0,0,0,0,0]}