{"input":[[0.07065477967262268,0.023152297362685204,0.054318420588970184,0.11120261996984482,0.038460999727249146,0.008392054587602615,0.09416574984788895,0.036869172006845474,0.5627838969230652],[0.03866862133145332,0.14052428305149078,0.030301373451948166,0.04888308048248291,0.03338415548205376,0.07545433938503265,0.20509973168373108,0.09026123583316803,0.337423175573349]],"label":[0,0,0,0,0,0,0,0,1]}