{"input":[[0.00020388307166285813,0.6162711977958679,6.230529834283516e-05,0.00044672974036075175,2.993657653860282e-05,0.13785289227962494,0.24394217133522034,9.415466774953529e-05,0.0010966564295813441],[0.12550021708011627,0.47557955980300903,0.05453520268201828,0.04374284669756889,0.0027450972702354193,0.08862282335758209,0.19148482382297516,0.003948968835175037,0.013840488158166409]],"label":[0,1,0,0,0,0,0,0,0]}