{"input":[[0.5081180334091187,0.01546214334666729,0.03678533807396889,0.008760906755924225,0.02203349396586418,0.004545258823782206,0.12800194323062897,0.2316400408744812,0.04465283825993538],[0.6051815748214722,0.015114834532141685,0.17614932358264923,0.026567654684185982,0.017138829454779625,0.00995051208883524,0.06320393085479736,0.04443839192390442,0.04225499555468559]],"label":[0,0,0,0,0,0,0,0,1]}