{"input":[[0.001403793809004128,0.0010231544729322195,0.002738585229963064,0.7622687816619873,0.06969159841537476,0.013605044223368168,0.14582408964633942,0.0002605968911666423,0.0031842654570937157],[0.010793342255055904,0.0031191641464829445,0.014419127255678177,0.5776490569114685,0.2332083135843277,0.002263844944536686,0.13425011932849884,0.0016490567941218615,0.02264794521033764]],"label":[0,0,0,1,0,0,0,0,0]}