{"input":[[0.004596688784658909,0.022395683452486992,0.007328561507165432,0.001723198569379747,0.0005282263155095279,0.7887210845947266,0.16202566027641296,0.0013718773843720555,0.011309023015201092],[0.005363515578210354,0.04503961652517319,0.05476108938455582,0.0007994938641786575,0.0003772031341213733,0.44493842124938965,0.4329596757888794,0.010039626620709896,0.0057212659157812595]],"label":[0,0,0,0,0,1,0,0,0]}