{"input":[[0.0012980748433619738,0.7209581732749939,0.0004755315894726664,0.0029686647467315197,0.0030598288867622614,0.18919599056243896,0.07844588160514832,0.0008848704164847732,0.002713079797104001],[0.005744175985455513,0.47410261631011963,0.003286601509898901,0.021822601556777954,0.0014970852062106133,0.2377108335494995,0.24545049667358398,0.001311411731876433,0.009074108675122261]],"label":[0,1,0,0,0,0,0,0,0]}