{"input":[[0.0019085496896877885,0.891725480556488,0.0014558976981788874,0.00474122166633606,0.0043390048667788506,0.012441527098417282,0.07030859589576721,0.0022345317993313074,0.01084525790065527],[0.00975081417709589,0.9158725738525391,0.004035632126033306,0.001257393043488264,0.0030827363952994347,0.01428313460201025,0.037156108766794205,0.0015997495502233505,0.012961909174919128]],"label":[0,0,0,0,0,1,0,0,0]}