{"input":[[0.08083511143922806,0.00026400512433610857,0.015434187836945057,0.0006608949624933302,0.004731654655188322,7.061226642690599e-05,0.00029899756191298366,0.8880782127380371,0.009626374579966068],[0.40737566351890564,0.0010194829665124416,0.1110013797879219,0.008561748079955578,0.125014990568161,0.003057176014408469,0.00502752186730504,0.3049226999282837,0.0340193435549736]],"label":[1,0,0,0,0,0,0,0,0]}