{"input":[[0.027418211102485657,0.36674028635025024,0.008018143475055695,0.0009849283378571272,0.0089484304189682,0.13097907602787018,0.42446139454841614,0.0004981036181561649,0.03195151686668396],[0.02948898822069168,0.048701584339141846,0.08946015685796738,0.24838675558567047,0.096791572868824,0.12236013263463974,0.24070540070533752,0.040333911776542664,0.08377149701118469]],"label":[0,0,0,0,0,1,0,0,0]}