{"input":[[0.0012955518905073404,0.05428337678313255,0.006130698136985302,0.016549626365303993,0.0031422311440110207,0.12030906975269318,0.7095652222633362,0.011918548494577408,0.07680568844079971],[0.0277395099401474,0.12754176557064056,0.0318334698677063,0.16977164149284363,0.029160061851143837,0.21885056793689728,0.3539524972438812,0.015799369663000107,0.025351068004965782]],"label":[0,0,0,0,0,1,0,0,0]}