{"input":[[0.004437743686139584,0.16616949439048767,0.004398317541927099,3.263189864810556e-05,0.0002129245549440384,0.0007813300471752882,0.8233002424240112,0.00032190163619816303,0.00034534314181655645],[0.04900360107421875,0.4107228219509125,0.17421413958072662,0.0013934274902567267,0.00340782618150115,0.009095361456274986,0.3481321930885315,0.0004956627381034195,0.003534926101565361]],"label":[0,0,1,0,0,0,0,0,0]}