{"input":[[0.003455198835581541,0.545622706413269,0.011342393234372139,0.005752569064497948,0.006514257751405239,0.026381060481071472,0.3946729898452759,0.0013020863989368081,0.004956717137247324],[0.07658520340919495,0.42064931988716125,0.0688997209072113,0.022396478801965714,0.016607658937573433,0.13802829384803772,0.1906929612159729,0.04021051153540611,0.02592979557812214]],"label":[0,1,0,0,0,0,0,0,0]}