{"input":[[0.02032109536230564,0.07435624301433563,0.06859999150037766,0.00554465688765049,0.0011083942372351885,0.006004249677062035,0.7849332094192505,0.017584245651960373,0.02154795452952385],[0.022607285529375076,0.022141633555293083,0.34721383452415466,0.08913831412792206,0.014512489549815655,0.05258524790406227,0.32277873158454895,0.06214641407132149,0.06687600910663605]],"label":[0,0,0,0,1,0,0,0,0]}