{"input":[[0.31084463000297546,0.020503204315900803,0.06934520602226257,0.12144169956445694,0.0258176289498806,0.030507147312164307,0.3472966253757477,0.05203872174024582,0.02220512554049492],[0.04933315888047218,0.026858730241656303,0.12269534915685654,0.40648865699768066,0.08134093135595322,0.02721891924738884,0.24376967549324036,0.02242201194167137,0.0198726374655962]],"label":[0,0,0,0,0,0,1,0,0]}