{"input":[[0.3357069790363312,0.007128981873393059,0.0018676810432225466,0.0005693123675882816,0.004638662561774254,0.010821809992194176,0.6328506469726562,0.0019868870731443167,0.004429084714502096],[0.053524941205978394,0.00029313532286323607,0.3695294260978699,0.0010388813680037856,0.3490822911262512,3.931330138584599e-05,0.21262815594673157,0.004575138445943594,0.009288710542023182]],"label":[1,0,0,0,0,0,0,0,0]}