{"input":[[0.03596723452210426,0.002872549695894122,0.03170711174607277,0.5884486436843872,0.02258305996656418,0.008193658664822578,0.04566732794046402,0.10341174155473709,0.16114869713783264],[0.14246073365211487,0.08612033724784851,0.06698531657457352,0.13627761602401733,0.04580041021108627,0.023393258452415466,0.0673142820596695,0.30116820335388184,0.13047994673252106]],"label":[1,0,0,0,0,0,0,0,0]}