{"input":[[0.001717488281428814,0.001749284565448761,0.008407499641180038,0.48693716526031494,0.47597742080688477,0.0013316767290234566,0.021579131484031677,0.00021353521151468158,0.002086706692352891],[0.02570079267024994,0.03324684128165245,0.16371048986911774,0.046825215220451355,0.4029744565486908,0.012315808795392513,0.1980246901512146,0.0856027901172638,0.03159887716174126]],"label":[0,0,0,0,0,0,0,0,1]}