{"input":[[0.006635585334151983,0.15049923956394196,0.02118750475347042,0.033468183130025864,0.01621825620532036,0.05889810249209404,0.6945242881774902,0.006244869902729988,0.012323933653533459],[0.028383871540427208,0.01943114772439003,0.04286808520555496,0.007759017404168844,0.007662104908376932,0.013857346959412098,0.07926695048809052,0.6474440097808838,0.15332745015621185]],"label":[0,0,0,0,0,0,1,0,0]}