{"input":[[0.3456919193267822,0.0037883047480136156,0.28311941027641296,0.0036319789942353964,0.014837450347840786,0.0013186365831643343,0.0750945433974266,0.2294984757900238,0.04301920533180237],[0.1850135773420334,0.005043371580541134,0.1709449738264084,0.002192041603848338,0.009739764034748077,0.0049600983038544655,0.018833789974451065,0.5758864879608154,0.027385840192437172]],"label":[1,0,0,0,0,0,0,0,0]}