{"input":[[0.00029799810727126896,0.10541272163391113,0.00013728588237427175,0.0010331099620088935,2.633901203807909e-05,0.019183233380317688,0.8737279772758484,7.915445166872814e-06,0.0001734430406941101],[0.003148372983559966,0.06041674315929413,0.03158007934689522,0.28278133273124695,0.0343816876411438,0.3238196074962616,0.14971545338630676,0.06758418679237366,0.04657239839434624]],"label":[0,1,0,0,0,0,0,0,0]}