{"input":[[0.6399803161621094,0.007283700164407492,0.04693034291267395,0.001986897550523281,0.005020682234317064,0.06507353484630585,0.04528103396296501,0.17889803647994995,0.00954559724777937],[0.5726707577705383,0.025961127132177353,0.2732661962509155,0.0009685151744633913,0.005517715122550726,0.0050071547739207745,0.027126478031277657,0.06420997530221939,0.02527199499309063]],"label":[1,0,0,0,0,0,0,0,0]}