{"input":[[0.0004218156391289085,0.004423666745424271,0.000653084134683013,0.309634804725647,0.01343107782304287,0.24389387667179108,0.41557103395462036,0.007706903852522373,0.004263694863766432],[0.00439164275303483,0.0022363578900694847,0.0016830527456477284,0.7395985722541809,0.033891692757606506,0.02408594824373722,0.1704716682434082,0.006175759714096785,0.01746539957821369]],"label":[0,0,0,0,0,1,0,0,0]}