{"input":[[5.7481978728901595e-05,2.690834151053423e-07,0.00022347737103700638,0.978285551071167,0.017957614734768867,0.00011482025729492307,0.002918119542300701,2.0774959921254776e-05,0.00042186412611044943],[0.0022856066934764385,0.00030597863951697946,0.03008968196809292,0.7976747751235962,0.0395393930375576,0.0019022778142243624,0.11708138138055801,0.005780927836894989,0.005340033210813999]],"label":[0,0,0,1,0,0,0,0,0]}