{"input":[[0.042209967970848083,0.012546428479254246,0.5912328958511353,0.0075830211862921715,0.3139163553714752,0.004494046792387962,0.005786520894616842,0.0190861988812685,0.0031445904169231653],[0.22545945644378662,0.00014829471183475107,0.08207233995199203,0.053009506314992905,0.5820476412773132,0.00018546264618635178,0.009830792434513569,0.011046565137803555,0.0361999087035656]],"label":[0,0,0,0,1,0,0,0,0]}