{"input":[[0.10078709572553635,0.0007546156994067132,0.08890163898468018,0.40079760551452637,0.3872750699520111,0.0008366833790205419,0.00471910648047924,0.0046648564748466015,0.011263279244303703],[0.0017372637521475554,2.656468677741941e-05,0.11660979688167572,0.08970385789871216,0.7883113026618958,1.5328023437177762e-05,0.0004953258321620524,0.001792389084585011,0.0013082458171993494]],"label":[0,0,0,0,1,0,0,0,0]}