{"input":[[0.005785373039543629,0.0034277872182428837,0.004673287738114595,0.8221887946128845,0.05422348529100418,0.008739210665225983,0.0463460236787796,0.014505695551633835,0.040110405534505844],[0.09179653227329254,0.006391203962266445,0.3010309934616089,0.15543021261692047,0.21950580179691315,0.010598509572446346,0.09183932840824127,0.0932883694767952,0.0301190372556448]],"label":[0,0,0,1,0,0,0,0,0]}