{"input":[[0.1592007875442505,0.0005866310675628483,0.2636454403400421,0.02676205523312092,0.20751149952411652,0.0043724775314331055,0.05858556553721428,0.17832250893115997,0.10101300477981567],[0.5240064263343811,0.0006062128231860697,0.05066772177815437,0.01103629358112812,0.3973546326160431,0.0021144384518265724,0.003140590852126479,0.00828846450895071,0.0027852181810885668]],"label":[0,0,0,0,0,0,0,0,1]}