{"input":[[0.0013649548636749387,0.0032511146273463964,0.0018686814000830054,0.23323670029640198,0.02423178404569626,0.0015619508922100067,0.7310143113136292,0.0008673972333781421,0.0026030591689050198],[0.003965184558182955,0.0045367213897407055,0.008522942662239075,0.5920653939247131,0.11067681759595871,0.03195595368742943,0.2136823683977127,0.014282780699431896,0.02031182497739792]],"label":[0,0,0,1,0,0,0,0,0]}