{"input":[[0.025927724316716194,0.016252078115940094,0.005539577454328537,0.0445227324962616,0.005463121458888054,0.047694478183984756,0.16948208212852478,0.2674013078212738,0.4177168905735016],[0.018033847212791443,0.06003107503056526,0.017126811668276787,0.14419420063495636,0.074497751891613,0.04132596403360367,0.5375100374221802,0.06806435436010361,0.03921588137745857]],"label":[1,0,0,0,0,0,0,0,0]}