{"input":[[0.005812582094222307,2.5163872123812325e-05,0.00156951614189893,3.1920715173328063e-06,5.6165354180848226e-05,2.7440188205218874e-05,1.7478545487392694e-05,0.9905656576156616,0.0019227896118536592],[0.027262303978204727,4.3988562538288534e-05,0.002739878371357918,1.0472100257175043e-05,0.00014413338794838637,3.7365589378168806e-05,0.00010323761671315879,0.9686523675918579,0.0010062003275379539]],"label":[0,0,0,0,0,0,0,1,0]}