{"input":[[0.0015936281997710466,0.00012182370119262487,0.33877646923065186,0.034758150577545166,0.2590678632259369,0.00017721390759106725,0.35189288854599,0.005303774960339069,0.008308063261210918],[0.005718467757105827,3.485248453216627e-05,0.31785500049591064,0.23877206444740295,0.384462833404541,8.911027543945238e-05,0.002216167049482465,0.040746141225099564,0.010105402208864689]],"label":[0,0,1,0,0,0,0,0,0]}