{"input":[[0.01837799698114395,0.005510623566806316,0.21630863845348358,0.22405244410037994,0.2826613187789917,0.004095721989870071,0.13320381939411163,0.03073076531291008,0.08505857735872269],[0.011287209577858448,0.03065876103937626,0.08027409017086029,0.20244081318378448,0.059681784361600876,0.09247174113988876,0.2920723855495453,0.046444594860076904,0.18466858565807343]],"label":[0,0,0,0,0,0,0,0,1]}