{"input":[[0.0004003197536803782,0.0013935843016952276,0.04027785733342171,0.46515417098999023,0.2981100380420685,0.0004378200101200491,0.1877080798149109,0.00192017643712461,0.0045980652794241905],[0.00904829241335392,0.00015171054110396653,0.015992112457752228,0.8228915929794312,0.1293850541114807,0.0009975590510293841,0.007165765855461359,0.0027568561490625143,0.01161109283566475]],"label":[0,0,0,1,0,0,0,0,0]}