{"input":[[0.007167095318436623,0.003091747174039483,0.03465842828154564,0.050603967159986496,0.01404037605971098,0.012821842916309834,0.7674825191497803,0.031455427408218384,0.07867859303951263],[0.13964183628559113,0.028567563742399216,0.04620525613427162,0.017399083822965622,0.01934913732111454,0.01003749668598175,0.10119111835956573,0.5903881192207336,0.04722031578421593]],"label":[0,0,0,0,0,0,0,0,1]}