{"input":[[0.008004692383110523,0.04534972831606865,0.016827799379825592,0.016657982021570206,0.004773288033902645,0.05776429548859596,0.6101648807525635,0.08076868206262589,0.15968863666057587],[0.030568422749638557,0.02328772097826004,0.2630399465560913,0.09532670676708221,0.07646600157022476,0.019599953666329384,0.3092269003391266,0.0699353739619255,0.11254899203777313]],"label":[1,0,0,0,0,0,0,0,0]}