{"input":[[0.08343128114938736,0.009805086068809032,0.8718955516815186,0.011817787773907185,0.013583056628704071,0.0011112837819382548,0.002764588687568903,0.0020323051139712334,0.0035592021886259317],[0.18603162467479706,0.02930823527276516,0.4001554548740387,0.04906351491808891,0.1107238233089447,0.002525924239307642,0.044302571564912796,0.0860888659954071,0.09179986268281937]],"label":[0,0,1,0,0,0,0,0,0]}