{"input":[[0.8185213804244995,0.0003761705302167684,0.05981450527906418,7.412490958813578e-05,5.5174543376779184e-05,7.041569915600121e-05,0.0010920253116637468,0.11935645341873169,0.0006396612152457237],[0.326070100069046,0.0216512531042099,0.37681064009666443,0.0031690665055066347,0.0016270733904093504,0.002195226727053523,0.1562308967113495,0.11159655451774597,0.000649212917778641]],"label":[1,0,0,0,0,0,0,0,0]}