{"input":[[0.5206285715103149,0.00010761397425085306,0.13242433965206146,0.00522046210244298,0.30444657802581787,0.0004534491163212806,0.01195166539400816,0.017338136211037636,0.007429182529449463],[0.0227269995957613,0.026460537686944008,0.3464173376560211,0.027803802862763405,0.08489621430635452,0.019640369340777397,0.18661585450172424,0.14371997117996216,0.14171892404556274]],"label":[0,0,1,0,0,0,0,0,0]}