{"input":[[0.04255867376923561,0.11494525521993637,0.0048677390441298485,0.03990288823843002,0.005084131844341755,0.10271230340003967,0.5334810614585876,0.0010029004188254476,0.15544506907463074],[0.016581663861870766,0.0679604634642601,0.14651022851467133,0.4792225658893585,0.021978462114930153,0.0896386057138443,0.11323825269937515,0.017617832869291306,0.04725176841020584]],"label":[0,0,0,0,0,0,1,0,0]}