{"input":[[0.48451265692710876,0.054954320192337036,0.008490568958222866,0.0023075146600604057,0.0001374997227685526,0.09536446630954742,0.17383605241775513,0.1757231056690216,0.004673880524933338],[0.18984182178974152,0.02915584109723568,0.0589166022837162,0.00042455230141058564,0.0004928496782667935,0.006385002285242081,0.16282539069652557,0.5471497774124146,0.004808159079402685]],"label":[0,0,1,0,0,0,0,0,0]}