{"input":[[0.010287025012075901,0.08484761416912079,0.031129630282521248,0.0019474949222058058,0.004608717747032642,0.1236797422170639,0.5890894532203674,0.1226731464266777,0.031737204641103745],[0.013924850150942802,0.03429270163178444,0.28149834275245667,0.0011970788473263383,0.01990099996328354,0.0439634770154953,0.40044263005256653,0.10839664191007614,0.09638314694166183]],"label":[0,0,0,0,0,0,0,1,0]}