{"input":[[8.801026524452027e-06,1.5403145425807452e-06,0.0007432402926497161,1.0858487939913175e-06,0.0012392797507345676,3.445961169745715e-07,7.094060492818244e-06,0.9976733326911926,0.00032529907184652984],[0.014453181065618992,0.0006337582599371672,0.030619731172919273,0.011675790883600712,0.037189025431871414,0.008223872631788254,0.006884146016091108,0.7598865032196045,0.13043400645256042]],"label":[0,0,0,0,0,0,0,1,0]}