{"input":[[0.005717161577194929,0.004524064250290394,0.6852898597717285,0.003288040403276682,0.014265567064285278,0.0007728126365691423,0.25150084495544434,0.010952763259410858,0.02368893288075924],[0.005610588006675243,0.02349800616502762,0.296751469373703,0.005717213731259108,0.11160040646791458,0.0007920954958535731,0.518478274345398,0.031180785968899727,0.0063711064867675304]],"label":[0,0,1,0,0,0,0,0,0]}