{"input":[[0.10900481790304184,0.018151219934225082,0.04531508684158325,0.055951766669750214,0.5123177766799927,0.019369158893823624,0.19531911611557007,0.010866698808968067,0.033704373985528946],[0.01749996282160282,0.003682379610836506,0.5314036011695862,0.2523965835571289,0.07661275565624237,0.003857538802549243,0.06629016995429993,0.012400825507938862,0.03585612401366234]],"label":[0,0,0,0,1,0,0,0,0]}