{"input":[[0.003751659533008933,0.15266606211662292,0.00012241532385814935,0.00043079390889033675,0.000401591561967507,0.647110104560852,0.1936706304550171,0.000323168293107301,0.0015236323233693838],[0.05276944115757942,0.034569013863801956,0.11293568462133408,0.3631671369075775,0.02055623196065426,0.03621372953057289,0.168467715382576,0.07347333431243896,0.13784773647785187]],"label":[0,0,0,0,0,1,0,0,0]}