{"input":[[0.0008918305393308401,3.700153229146963e-06,0.0058541386388242245,0.6880282759666443,0.3015519082546234,4.468102633836679e-05,0.001381533918902278,0.0008357061306014657,0.001408246229402721],[0.0024344674311578274,4.318920036894269e-05,0.28844982385635376,0.2421988546848297,0.44619131088256836,0.00029144357540644705,0.006751825101673603,0.003554999129846692,0.010083982720971107]],"label":[0,0,0,0,1,0,0,0,0]}