{"input":[[0.7969580888748169,0.00014758139150217175,0.0315622016787529,0.005828538443893194,0.04515108838677406,0.0010259151458740234,0.005422274582087994,0.10933294892311096,0.004571291618049145],[0.15105140209197998,0.0005827679415233433,0.4516927897930145,0.01924719288945198,0.3051692545413971,0.004777803551405668,0.0060410029254853725,0.046066198498010635,0.015371588990092278]],"label":[1,0,0,0,0,0,0,0,0]}