{"input":[[0.002603082684800029,0.00017500270041637123,0.16817617416381836,0.660804271697998,0.10432441532611847,0.00038819084875285625,0.009058191440999508,0.007335934787988663,0.04713468626141548],[0.002187388949096203,8.202312892535701e-05,0.6547420024871826,0.20051126182079315,0.09446699917316437,0.0002826169366016984,0.003605153178796172,0.016500746831297874,0.027621740475296974]],"label":[0,0,1,0,0,0,0,0,0]}