{"input":[[0.013194543309509754,0.014331599697470665,0.0009862554725259542,0.016167156398296356,0.0013873386196792126,0.08434656262397766,0.8423066139221191,0.0054369340650737286,0.021842969581484795],[0.21689558029174805,0.015248715877532959,0.0355827733874321,0.05278771370649338,0.04411179944872856,0.1924893707036972,0.2454843521118164,0.0972338393330574,0.10016590356826782]],"label":[0,0,0,0,0,0,1,0,0]}