{"input":[[0.002516445005312562,0.0011784855742007494,0.0037765633314847946,0.013854863122105598,0.15182021260261536,0.006545672193169594,0.7466281056404114,0.052352145314216614,0.02132750302553177],[0.01362188346683979,0.0742609053850174,0.03177712857723236,0.19421623647212982,0.02934134751558304,0.10151895880699158,0.3844424784183502,0.10802209377288818,0.06279894709587097]],"label":[0,0,0,0,0,0,1,0,0]}