{"input":[[0.00010363940236857161,2.1847139578312635e-05,2.4950359147624113e-05,0.9851153492927551,0.002861627610400319,0.0003053347172681242,0.010332735255360603,0.0002956099924631417,0.0009388478356413543],[0.023621520027518272,0.002350249793380499,0.01800030842423439,0.503704845905304,0.20804236829280853,0.004067159723490477,0.1723949909210205,0.055969711393117905,0.011848906986415386]],"label":[0,0,0,1,0,0,0,0,0]}