{"input":[[0.001419191830791533,6.483182369265705e-05,0.02263735979795456,0.6172007322311401,0.07994210720062256,0.007301834877580404,0.17426349222660065,0.012469293549656868,0.08470124006271362],[0.05712665617465973,0.000900209357496351,0.505652129650116,0.30007490515708923,0.05560069903731346,0.007409423589706421,0.043762948364019394,0.006302585359662771,0.023170409724116325]],"label":[0,0,0,1,0,0,0,0,0]}