{"input":[[0.007302409503608942,0.0003678988723549992,0.007401069160550833,0.5444080233573914,0.097041055560112,0.0023190670181065798,0.2689489722251892,0.008987391367554665,0.06322414427995682],[2.6952877306030132e-05,4.680859092331957e-06,0.00018200022168457508,0.9884823560714722,0.006919376086443663,2.0816449250560254e-05,0.002562988316640258,1.4778891454625409e-05,0.0017861258238554]],"label":[0,0,0,1,0,0,0,0,0]}