{"input":[[8.89720322447829e-05,0.006382533349096775,0.0061774118803441525,2.031466101470869e-05,0.0002398948126938194,0.00797452311962843,0.0011321405181661248,0.9615314602851868,0.016452742740511894],[0.2648637592792511,0.10309634357690811,0.010934368707239628,0.0004490354040171951,0.012327347882091999,0.008037497289478779,0.012797477655112743,0.5822349190711975,0.0052592093124985695]],"label":[0,0,0,0,0,0,0,1,0]}