{"input":[[0.004938431084156036,0.8520200252532959,0.008315034210681915,0.00021669879788532853,0.0003570400585886091,0.010120491497218609,0.09535752981901169,0.028070028871297836,0.0006046490161679685],[0.01982021890580654,0.019135279580950737,0.5150417685508728,0.006658228114247322,0.33727630972862244,0.0033275666646659374,0.09126657247543335,0.004832470323890448,0.00264152092859149]],"label":[0,1,0,0,0,0,0,0,0]}