{"input":[[0.0001732618547976017,0.9398741722106934,0.00010748833301477134,5.0795926654245704e-05,0.00025898203602992,0.04265596345067024,0.013508892618119717,0.0003499743470456451,0.003020582254976034],[0.0009710331214591861,0.7195292115211487,0.12275056540966034,0.002686762483790517,0.0045885988511145115,0.04331166669726372,0.10100510716438293,0.0011218468425795436,0.004035133868455887]],"label":[0,1,0,0,0,0,0,0,0]}