{"input":[[2.560659959272016e-05,0.001117034233175218,0.0006879282300360501,0.013898580335080624,0.0004431004635989666,0.008423229679465294,0.9620096683502197,0.0005918720853514969,0.012803038582205772],[0.0018064581090584397,0.019260389730334282,0.0011810514843091369,0.003031497821211815,0.0005392017774283886,0.15926170349121094,0.7985814809799194,0.002428965410217643,0.013909261673688889]],"label":[0,0,0,0,0,1,0,0,0]}