{"input":[[0.04896014556288719,0.015529056079685688,0.014688040129840374,0.003132977755740285,0.0004149656160734594,0.03387810289859772,0.792309045791626,0.06595123559236526,0.02513638138771057],[0.18137657642364502,0.02259542979300022,0.008434221148490906,0.001550063956528902,0.0011575204553082585,0.007491439115256071,0.6201995611190796,0.13891053199768066,0.018284616991877556]],"label":[1,0,0,0,0,0,0,0,0]}