{"input":[[0.016412170603871346,4.174957575742155e-05,0.002371110487729311,0.9049780368804932,0.06613735854625702,9.397391113452613e-05,0.006797039415687323,0.0007114891777746379,0.0024570359382778406],[0.00272595277056098,1.3305169886734802e-05,0.0005657677538692951,0.9544126987457275,0.03729197382926941,2.2937545509194024e-05,0.001254380214959383,0.00029365855152718723,0.0034193259198218584]],"label":[0,0,0,1,0,0,0,0,0]}