{"input":[[0.18051335215568542,0.025459477677941322,0.033863261342048645,0.08746108412742615,0.06834318488836288,0.01960955373942852,0.4089348614215851,0.060909777879714966,0.11490543931722641],[0.11972051113843918,0.0007338572759181261,0.16851548850536346,0.26556432247161865,0.23751527070999146,0.0013515250757336617,0.0055395751260221004,0.05842509865760803,0.1426343321800232]],"label":[1,0,0,0,0,0,0,0,0]}