{"input":[[0.000939302786719054,0.002690375316888094,0.0001816885924199596,0.2465232014656067,0.02589469775557518,0.5334667563438416,0.18268676102161407,0.00039174716221168637,0.00722543615847826],[0.017996128648519516,0.02361483685672283,0.03434569016098976,0.16934418678283691,0.014896254055202007,0.05912149325013161,0.5717600584030151,0.07835432887077332,0.030567068606615067]],"label":[0,0,0,0,0,0,1,0,0]}