{"input":[[0.1515159010887146,0.001410737750120461,0.03534553572535515,0.520979106426239,0.09813044220209122,0.001897944137454033,0.17630557715892792,0.0026505067944526672,0.01176427397876978],[0.009880946949124336,0.0054812305606901646,0.12768369913101196,0.383994460105896,0.23882544040679932,0.010923289693892002,0.05235365778207779,0.05202974006533623,0.11882747709751129]],"label":[0,0,0,1,0,0,0,0,0]}