{"input":[[0.004623007029294968,0.38712531328201294,0.021037403494119644,0.013683272525668144,0.0027022757567465305,0.016968008130788803,0.333830326795578,0.17267954349517822,0.04735080897808075],[0.015674130991101265,0.6047226190567017,0.012943503446877003,0.0034900864120572805,0.00492448452860117,0.012262459844350815,0.2584962248802185,0.08541782200336456,0.0020685987547039986]],"label":[0,0,0,0,0,0,0,1,0]}