{"input":[[0.007024835795164108,0.6979494690895081,0.002080928534269333,0.014152263291180134,0.02749183215200901,0.041163425892591476,0.18279175460338593,0.012160182930529118,0.015185262076556683],[0.053640108555555344,0.020534448325634003,0.04074587672948837,0.1595093309879303,0.3299480080604553,0.01964527741074562,0.11302734911441803,0.21419565379619598,0.04875395819544792]],"label":[0,0,0,0,0,0,1,0,0]}