{"input":[[0.00035084705450572073,0.0011678017908707261,0.0005221716710366309,0.09244810789823532,0.008695920929312706,0.4130379855632782,0.3339528739452362,0.03377799689769745,0.11604628711938858],[0.04951338469982147,0.016576360911130905,0.3371815085411072,0.03050639107823372,0.038515619933605194,0.08531725406646729,0.17840780317783356,0.17585298418998718,0.08812868595123291]],"label":[0,0,0,0,0,0,1,0,0]}