{"input":[[0.011782491579651833,0.01939304918050766,0.005392488557845354,0.06105268374085426,0.16084612905979156,0.006811941973865032,0.6219055652618408,0.0339183509349823,0.07889730483293533],[0.06321493536233902,0.036071937531232834,0.37043794989585876,0.09434071183204651,0.05872219055891037,0.0367460697889328,0.19676293432712555,0.05017593875527382,0.09352735430002213]],"label":[0,0,0,0,0,0,0,0,1]}