{"input":[[0.6486557126045227,9.098574810195714e-05,0.07032463699579239,0.053766801953315735,0.09139026701450348,0.0003879038558807224,0.005568510852754116,0.09587647765874863,0.03393871337175369],[0.11352549493312836,0.0014939033426344395,0.17409616708755493,0.07193084806203842,0.5403704047203064,0.0020108111202716827,0.014684181660413742,0.056162428110837936,0.025725793093442917]],"label":[1,0,0,0,0,0,0,0,0]}