{"input":[[0.0001376850123051554,0.0024747238494455814,0.0006291790632531047,0.009530792944133282,0.001474545686505735,0.007763050962239504,0.975387454032898,0.0005117318942211568,0.002090869937092066],[0.015392478555440903,0.01115325279533863,0.11844274401664734,0.5589078068733215,0.09618538618087769,0.024420583620667458,0.13725142180919647,0.025542408227920532,0.012703949585556984]],"label":[0,0,0,0,0,0,1,0,0]}