{"input":[[0.3589301109313965,0.013894240371882915,0.27385494112968445,0.030563410371541977,0.03191347420215607,0.004822236485779285,0.023951580747961998,0.21718338131904602,0.04488660767674446],[0.8687341213226318,0.00039817762444727123,0.10257025063037872,0.0007179056410677731,0.0020325882360339165,0.00022379237634595484,0.0012719581136479974,0.016915926709771156,0.00713526364415884]],"label":[0,0,0,0,1,0,0,0,0]}