{"input":[[0.0311428289860487,0.018961582332849503,0.04690469428896904,0.041021768003702164,0.0728725790977478,0.07148998230695724,0.43757134675979614,0.1322604864835739,0.14777466654777527],[0.026148203760385513,0.14791029691696167,0.13773642480373383,0.04949351027607918,0.02754509262740612,0.12093375623226166,0.26955172419548035,0.0630415752530098,0.1576394885778427]],"label":[0,0,0,0,0,0,0,0,1]}