{"input":[[0.010026809759438038,0.18574345111846924,0.017924105748534203,0.08871108293533325,0.024899208918213844,0.08393047004938126,0.33732104301452637,0.07516481727361679,0.17627906799316406],[0.027263954281806946,0.018883658573031425,0.07278860360383987,0.21759934723377228,0.03404153510928154,0.04201247915625572,0.4713701605796814,0.015408399514853954,0.10063178837299347]],"label":[0,0,0,0,0,0,0,0,1]}