{"input":[[0.008771833963692188,0.014728248119354248,0.009151184000074863,0.504612922668457,0.0101598696783185,0.011944252997636795,0.38832980394363403,0.0042965225875377655,0.048005398362874985],[0.007635410875082016,0.004949801601469517,0.17861047387123108,0.4878195822238922,0.04164830967783928,0.008600584231317043,0.2413581758737564,0.01842508278787136,0.010952627286314964]],"label":[0,0,0,0,0,0,1,0,0]}