{"input":[[0.0008268584497272968,0.05516234412789345,0.0015231274301186204,0.18030665814876556,0.007737370673567057,0.09356234222650528,0.34172916412353516,0.07131542265415192,0.24783673882484436],[0.012223544530570507,0.04245436191558838,0.08066045492887497,0.3847291171550751,0.06324034929275513,0.032394275069236755,0.24807269871234894,0.05827018618583679,0.07795500010251999]],"label":[0,0,0,0,0,0,1,0,0]}