{"input":[[0.0017893592594191432,0.6823216080665588,0.001710842247121036,0.012636368162930012,0.0072386786341667175,0.08747024089097977,0.20384187996387482,0.0010838903253898025,0.0019070631824433804],[0.004274958744645119,0.3657400608062744,0.0339927114546299,0.020174404606223106,0.012393890880048275,0.051319800317287445,0.46847212314605713,0.0051358710043132305,0.03849624842405319]],"label":[0,1,0,0,0,0,0,0,0]}