{"input":[[0.004931684583425522,4.4484445425041486e-06,0.12718051671981812,0.740447998046875,0.10849629342556,3.161634231219068e-05,0.006947196554392576,0.0017163535812869668,0.01024396438151598],[0.003348660422489047,0.000932166411075741,0.014768368564546108,0.8594775199890137,0.03736929967999458,0.001500273821875453,0.0520981140434742,0.012656780891120434,0.017848819494247437]],"label":[0,0,0,0,1,0,0,0,0]}