{"input":[[0.00014425316476263106,2.0969603156117955e-06,0.04538848251104355,3.312085894435768e-08,2.5315659513580613e-05,9.552435358273215e-07,2.2905323930899613e-05,0.9540120363235474,0.0004039145424030721],[0.005569676868617535,0.00041905505349859595,0.40141797065734863,8.233771950472146e-05,0.028794491663575172,0.0003501993778627366,0.0037027939688414335,0.5146788954734802,0.04498453065752983]],"label":[0,0,0,0,0,0,0,1,0]}