{"input":[[0.0005288263782858849,0.0010670297779142857,0.0014090214390307665,0.6489342451095581,0.1754976361989975,0.009754222817718983,0.15373221039772034,0.004985874518752098,0.004091039299964905],[0.006674777250736952,0.0198451429605484,0.02503681369125843,0.4376674294471741,0.04468071088194847,0.07420191913843155,0.3058086633682251,0.054179150611162186,0.0319053940474987]],"label":[0,0,0,1,0,0,0,0,0]}