{"input":[[0.06245797872543335,0.0019676797091960907,0.014001885429024696,0.6755467057228088,0.09624165296554565,0.00809815339744091,0.09441809356212616,0.00382342585362494,0.04344441741704941],[0.09226351976394653,0.004853700287640095,0.07215849310159683,0.6260044574737549,0.030653681606054306,0.005939116235822439,0.049070753157138824,0.07204670459032059,0.04700947180390358]],"label":[1,0,0,0,0,0,0,0,0]}