{"input":[[0.0032137022353708744,0.5057947039604187,0.015510725788772106,0.0023968112654983997,0.002063445281237364,0.026705507189035416,0.37242403626441956,0.06418430805206299,0.007706779055297375],[0.0233220923691988,0.10230237990617752,0.281250923871994,0.04257449880242348,0.07248450070619583,0.17680197954177856,0.1570626199245453,0.08714330941438675,0.05705764517188072]],"label":[0,1,0,0,0,0,0,0,0]}