{"input":[[0.3924304246902466,0.0005809032591059804,0.39263349771499634,0.0002025170688284561,0.0015170099213719368,9.142700582742691e-05,0.0011580527061596513,0.20855706930160522,0.0028290736954659224],[0.015999402850866318,0.0002868056180886924,0.005327598657459021,3.199006096110679e-05,0.003976975567638874,0.0006757129449397326,0.002360764192417264,0.9684633612632751,0.0028773299418389797]],"label":[1,0,0,0,0,0,0,0,0]}