{"input":[[0.04652852937579155,0.000620074977632612,0.3443281352519989,0.023079169914126396,0.5705569386482239,1.1680946045089513e-05,0.002097828546538949,0.007447725627571344,0.005329953972250223],[0.1204976961016655,0.0008637214195914567,0.39142483472824097,0.008044897578656673,0.01870436780154705,0.0023611807264387608,0.17006152868270874,0.19078896939754486,0.09725280106067657]],"label":[0,0,0,0,1,0,0,0,0]}