{"input":[[0.004452062770724297,0.029827333986759186,0.01025798823684454,0.09473022818565369,0.01859351433813572,0.004397143144160509,0.8262097835540771,0.004449957516044378,0.007081924472004175],[0.08458544313907623,0.06966390460729599,0.06390116363763809,0.364850789308548,0.03360183537006378,0.13543003797531128,0.03336597979068756,0.06711310148239136,0.14748787879943848]],"label":[0,0,0,1,0,0,0,0,0]}