{"input":[[0.00023865165712777525,0.004477702546864748,0.007956386543810368,0.505352258682251,0.15339982509613037,0.05737190693616867,0.267579585313797,0.0014044386334717274,0.0022193172480911016],[0.01462631206959486,0.02491353638470173,0.05596096068620682,0.5369018316268921,0.23400180041790009,0.04928238317370415,0.06976936757564545,0.007631425280123949,0.0069124046713113785]],"label":[0,0,0,1,0,0,0,0,0]}