{"input":[[0.016908522695302963,0.001021691830828786,0.2013004571199417,0.1548696756362915,0.09413741528987885,9.00889135664329e-05,0.006555546075105667,0.24173955619335175,0.2833770513534546],[0.004118339158594608,0.0013580576051026583,0.5853288769721985,0.20409947633743286,0.07449705898761749,0.0005326686659827828,0.02299145609140396,0.043032221496105194,0.06404189020395279]],"label":[0,0,0,0,0,0,0,0,1]}