{"input":[[0.000886684050783515,0.07291904836893082,0.0030688722617924213,0.004052348900586367,0.001092150341719389,0.08838091045618057,0.7735626101493835,0.03124198317527771,0.0247954074293375],[0.017400585114955902,0.15380926430225372,0.05413573980331421,0.17168240249156952,0.018689898774027824,0.08149684965610504,0.23167748749256134,0.11153595894575119,0.15957193076610565]],"label":[0,0,0,0,0,1,0,0,0]}