{"input":[[0.0075515275821089745,0.005562723148614168,0.005485683213919401,0.4701802432537079,0.0796361044049263,0.021199334412813187,0.4063173830509186,0.002007588278502226,0.0020593926310539246],[0.0009717408684082329,3.1078925530891865e-05,0.0007472551660612226,0.9279619455337524,0.05220630019903183,0.0001776897843228653,0.016936644911766052,0.0001302924210904166,0.0008371411240659654]],"label":[0,0,0,1,0,0,0,0,0]}