{"input":[[0.009504624642431736,0.2391715794801712,0.1483934372663498,0.20601388812065125,0.033753056079149246,0.060755591839551926,0.13521437346935272,0.06570526957511902,0.10148825496435165],[0.037590399384498596,0.09730466455221176,0.09682562202215195,0.06650573760271072,0.012866510078310966,0.03928432613611221,0.13924480974674225,0.37865808606147766,0.13171988725662231]],"label":[0,0,0,1,0,0,0,0,0]}