{"input":[[0.000696936680469662,5.413229882833548e-05,0.2285844385623932,0.7164351940155029,0.032738782465457916,0.0008005104609765112,0.00722502963617444,0.0012931725941598415,0.012171790935099125],[0.024510856717824936,0.0006617318722419441,0.504347562789917,0.06385177373886108,0.1592234969139099,0.009240993298590183,0.0866028442978859,0.029376717284321785,0.12218393385410309]],"label":[0,0,1,0,0,0,0,0,0]}