{"input":[[6.671187293250114e-05,9.938623406924307e-06,0.47188884019851685,0.5093013048171997,0.008340002968907356,6.324037531157956e-05,0.01026115845888853,2.913150456151925e-05,3.9502680010627955e-05],[0.0002914024516940117,3.71717796951998e-05,0.05130050703883171,0.8428956866264343,0.09493989497423172,0.00013222386769484729,0.009658453986048698,0.00044515702757053077,0.00029957699007354677]],"label":[0,0,0,1,0,0,0,0,0]}