{"input":[[0.0009206752292811871,0.00026465399423614144,0.7910056114196777,0.014010715298354626,0.12826338410377502,0.0008096357923932374,0.041791196912527084,0.0011918053496629,0.021742364391684532],[0.013922466896474361,0.006704286206513643,0.04038625955581665,0.7065584659576416,0.1181158497929573,0.00981135293841362,0.07965087890625,0.00933262798935175,0.015517768450081348]],"label":[0,0,0,0,1,0,0,0,0]}