{"input":[[0.0009994255378842354,0.00015540736785624176,0.0007443145732395351,0.012388053350150585,0.005880092736333609,0.0007798813749104738,0.9506148099899292,9.978040907299146e-05,0.028338180854916573],[0.0381975881755352,0.01426007878035307,0.0013459876645356417,0.0004371384857222438,0.0009840861894190311,0.002932047937065363,0.01897394098341465,0.9059278964996338,0.016941264271736145]],"label":[0,0,0,0,0,0,1,0,0]}