{"input":[[0.001435819431208074,0.004262472968548536,0.0011802453082054853,0.010270693339407444,0.000561410968657583,0.007212393917143345,0.9586442708969116,0.004822102840989828,0.011610600166022778],[0.07262919098138809,0.05787457898259163,0.017675776034593582,0.0278574638068676,0.00504347262904048,0.022234637290239334,0.6499044299125671,0.023122107610106468,0.12365839630365372]],"label":[0,0,0,0,0,0,0,0,1]}