{"input":[[0.13614071905612946,0.007840530946850777,0.06485576182603836,0.2525048851966858,0.15401102602481842,0.012254954315721989,0.21826070547103882,0.03625493869185448,0.11787658929824829],[0.02102596126496792,0.014313576743006706,0.016703924164175987,0.23312364518642426,0.017369814217090607,0.04360144957900047,0.4297308623790741,0.03439830243587494,0.18973243236541748]],"label":[1,0,0,0,0,0,0,0,0]}