{"input":[[0.00010870901314774528,0.00034890047390945256,0.000310218776576221,0.9732381105422974,0.010161293670535088,0.0026657141279429197,0.011640774086117744,0.00013318785931915045,0.0013930208515375853],[0.0021317985374480486,0.003176746191456914,0.0046944161877036095,0.8522657752037048,0.030164267867803574,0.0186509620398283,0.07792805135250092,0.0016536246985197067,0.009334474802017212]],"label":[0,0,0,1,0,0,0,0,0]}