{"input":[[0.0007115556509234011,0.03167842701077461,0.0010184752754867077,0.006734298076480627,0.0003409181663300842,0.0863117128610611,0.8691122531890869,0.001464569941163063,0.0026277482975274324],[0.009154199622571468,0.515774667263031,0.06591928005218506,0.046796757727861404,0.012025122530758381,0.09061658382415771,0.1993509829044342,0.03256986290216446,0.027792667970061302]],"label":[0,0,0,0,0,0,1,0,0]}