{"input":[[0.016482731327414513,0.010807860642671585,0.013950929045677185,0.0063095493242144585,0.002183303004130721,0.007984134368598461,0.8485607504844666,0.00239286245778203,0.09132788330316544],[0.7810244560241699,0.004891563206911087,0.019743911921977997,0.0010212413035333157,0.0030247981194406748,0.0035071729216724634,0.038602493703365326,0.08969887346029282,0.058485403656959534]],"label":[1,0,0,0,0,0,0,0,0]}