{"input":[[0.004373826552182436,0.00028459567693062127,0.01635878160595894,0.12187330424785614,0.838523805141449,0.0002667520893737674,0.014110196381807327,0.0019416866125538945,0.0022669020108878613],[0.018514737486839294,0.014497356489300728,0.3647153675556183,0.16054730117321014,0.284410685300827,0.012132995761930943,0.06469134241342545,0.04433545470237732,0.03615473955869675]],"label":[0,0,0,1,0,0,0,0,0]}