{"input":[[0.1465590000152588,0.005509493872523308,0.2576335370540619,0.005872073583304882,0.005080586299300194,0.0010926628019660711,0.45574668049812317,0.11390044540166855,0.008605539798736572],[0.18226724863052368,0.013924597762525082,0.41096198558807373,0.006650054827332497,0.007006797473877668,0.0006573133869096637,0.19232991337776184,0.15197324752807617,0.03422875702381134]],"label":[0,0,0,0,0,0,0,0,1]}