{"input":[[0.0020142255816608667,0.002062212908640504,0.11498483270406723,0.008027967996895313,0.01857321709394455,0.006470974069088697,0.8355331420898438,6.954719538043719e-06,0.012326490134000778],[0.18178628385066986,0.01682862639427185,0.030547600239515305,0.03708307072520256,0.0033023657742887735,0.12572725117206573,0.3413768708705902,0.11988669633865356,0.14346107840538025]],"label":[0,0,0,0,0,0,1,0,0]}