{"input":[[0.9566839933395386,0.002439668867737055,0.00291124964132905,0.00022627407452091575,0.002055942779406905,0.0029423602391034365,0.015171597711741924,0.0060810511931777,0.011487974785268307],[0.11387714743614197,6.102630436544132e-07,0.0006529318634420633,2.077812979450755e-07,0.0009572079288773239,1.9207825516787125e-06,0.00010421803017379716,0.8830950260162354,0.0013107522390782833]],"label":[1,0,0,0,0,0,0,0,0]}