{"input":[[0.0007268174085766077,0.006313693709671497,0.029245678335428238,0.009881846606731415,0.020632805302739143,0.009175600484013557,0.10149386525154114,0.7792763710021973,0.043253351002931595],[0.016538361087441444,0.028266411274671555,0.3484765887260437,0.0055844467133283615,0.037031322717666626,0.01891922391951084,0.0660511776804924,0.42946985363960266,0.04966261237859726]],"label":[0,0,0,0,0,0,0,1,0]}