{"input":[[0.06690877676010132,0.005629521328955889,0.12518443167209625,0.00022280703706201166,0.0019208459416404366,0.006386747118085623,0.6531370282173157,0.04950053244829178,0.09110932052135468],[0.014150859788060188,0.0034120308700948954,0.6025840640068054,0.0020291039254516363,0.10048597306013107,0.0010807859944179654,0.06587283313274384,0.1355041265487671,0.07488023489713669]],"label":[1,0,0,0,0,0,0,0,0]}