{"input":[[0.0005121610593050718,0.009214685298502445,0.02069377526640892,4.013020770798903e-06,0.015898309648036957,0.0009014860261231661,0.0012896681437268853,0.9494963884353638,0.001989515032619238],[0.48022615909576416,0.013018567115068436,0.44070038199424744,8.899137901607901e-05,0.012253383174538612,0.0033028963953256607,0.02109755203127861,0.027756869792938232,0.0015551530523225665]],"label":[0,0,0,0,0,0,0,1,0]}