{"input":[[0.0006980042671784759,0.004400874488055706,0.007087268866598606,0.8883485794067383,0.011802165769040585,0.0016463289503008127,0.08507805317640305,0.00025352518423460424,0.0006852014921605587],[0.0016417632577940822,0.016275273635983467,0.0436776801943779,0.24425548315048218,0.06896890699863434,0.0862845703959465,0.22738759219646454,0.009806366637349129,0.30170246958732605]],"label":[0,0,0,0,1,0,0,0,0]}