{"input":[[0.003474454628303647,3.0816663638688624e-05,0.0003212744486518204,0.9446772933006287,0.026395441964268684,0.0008395436452701688,0.008359739556908607,0.0004216475354041904,0.015479774214327335],[0.004105410538613796,0.0009700515074655414,0.019705383107066154,0.8642802238464355,0.06620430946350098,0.0020949956960976124,0.015738368034362793,0.006922564003616571,0.01997862383723259]],"label":[0,0,0,1,0,0,0,0,0]}