{"input":[[0.029821474105119705,0.0011540279956534505,0.021465662866830826,0.06436042487621307,0.358428955078125,0.003998556174337864,0.1143634170293808,0.39383697509765625,0.012570506893098354],[0.023728761821985245,0.005385111551731825,0.01899556815624237,0.03952467069029808,0.04980447143316269,0.010170232504606247,0.035646289587020874,0.7245172262191772,0.09222768992185593]],"label":[0,0,0,1,0,0,0,0,0]}