{"input":[[0.00018427892064210027,0.1817736178636551,0.0002602926397230476,0.00029651462682522833,9.205273090628907e-05,0.12321844696998596,0.6926378011703491,0.00015540336607955396,0.0013815879356116056],[0.0010225989390164614,0.10847559571266174,0.22669191658496857,0.0011028581066057086,0.00026159739354625344,0.1803615540266037,0.47818922996520996,0.0010902427602559328,0.002804344519972801]],"label":[0,1,0,0,0,0,0,0,0]}