{"input":[[0.002505058189854026,0.0048684123903512955,0.7728258967399597,0.004928658716380596,0.021863827481865883,0.006646269466727972,0.07785113155841827,0.09097903221845627,0.01753164269030094],[0.002274528844282031,0.001671539735980332,0.7530674338340759,0.014931933023035526,0.029338402673602104,0.01833004131913185,0.037366073578596115,0.06030678004026413,0.08271327614784241]],"label":[0,0,0,0,0,1,0,0,0]}