{"input":[[0.00017268070951104164,0.008468701504170895,0.0009845704771578312,0.011805166490375996,0.001907611615024507,0.02005269192159176,0.9295454621315002,0.018329044803977013,0.00873403251171112],[0.0030015637166798115,0.014243130572140217,0.17473217844963074,0.10453171283006668,0.04101438447833061,0.043514981865882874,0.5484153628349304,0.029793886467814445,0.04075286537408829]],"label":[0,1,0,0,0,0,0,0,0]}