{"input":[[0.007658795453608036,0.00818946398794651,0.0004815464490093291,0.0013881373452022672,0.0031084809452295303,0.04511618986725807,0.9304536581039429,0.0008922401466406882,0.002711473498493433],[0.028639620169997215,0.018099622800946236,0.2053115963935852,0.22539933025836945,0.12154033035039902,0.025605613365769386,0.13470983505249023,0.06791187077760696,0.17278213798999786]],"label":[0,0,0,1,0,0,0,0,0]}