{"input":[[0.004887294489890337,0.14417660236358643,0.0129750557243824,0.017872419208288193,0.0022618186194449663,0.026622120290994644,0.7695915699005127,0.01657179184257984,0.00504134688526392],[0.4090835452079773,0.02325468696653843,0.2884868383407593,0.061941467225551605,0.09154889732599258,0.001740394625812769,0.07659201323986053,0.015751520171761513,0.0316007137298584]],"label":[0,0,0,0,0,0,0,0,1]}