{"input":[[0.22187262773513794,0.0018743544351309538,0.5656697154045105,0.00035947264404967427,0.0017530756304040551,0.0003255675546824932,0.0014208181528374553,0.1790667623281479,0.02765754424035549],[0.01299935020506382,0.00794163066893816,0.9046142101287842,0.015429919585585594,0.011391879990696907,0.0010754319373518229,0.010996811091899872,0.03154385834932327,0.004006913863122463]],"label":[0,0,1,0,0,0,0,0,0]}