{"input":[[0.0015420614508911967,0.8114430904388428,0.0026976626832038164,0.0017624277388677,0.018793605268001556,0.017362402752041817,0.142221599817276,0.001706223702058196,0.002470823237672448],[0.052291546016931534,0.15662790834903717,0.06624634563922882,0.07138145714998245,0.014011857099831104,0.212519571185112,0.2601189613342285,0.10131973773241043,0.0654827430844307]],"label":[0,1,0,0,0,0,0,0,0]}