{"input":[[0.029166221618652344,0.0014221128076314926,0.0016999292420223355,0.5536473989486694,0.1336282193660736,0.0010660603875294328,0.20476248860359192,0.0030142010655254126,0.07159343361854553],[0.01349202636629343,0.0009697115747258067,0.02239595726132393,0.8148097991943359,0.06648813933134079,0.00296055618673563,0.03114052675664425,0.0019849902018904686,0.04575834423303604]],"label":[0,0,0,1,0,0,0,0,0]}