{"input":[[0.0016472028801217675,0.0005555377574637532,0.003957762848585844,4.373325737105915e-06,0.0010982834501191974,9.57179581746459e-05,9.56618387135677e-05,0.9917255640029907,0.0008198219584301114],[2.941430102509912e-05,0.00013005580694880337,0.01700400374829769,1.5789215694894665e-06,8.340798376593739e-05,1.5608444300596602e-05,0.00020179507555440068,0.9825057983398438,2.8274915166548453e-05]],"label":[0,0,0,0,0,0,0,1,0]}