{"input":[[0.009908991865813732,0.12450151145458221,0.0041818516328930855,0.026368187740445137,0.0024053696542978287,0.16846929490566254,0.6455699801445007,0.013847564347088337,0.004747196100652218],[0.05561118572950363,0.3406698703765869,0.04186275601387024,0.13867801427841187,0.03696351498365402,0.10047217458486557,0.2657719850540161,0.015141207724809647,0.004829296376556158]],"label":[0,0,0,0,0,1,0,0,0]}