{"input":[[0.014943101443350315,0.12508061528205872,0.09370160102844238,0.2561020851135254,0.25124770402908325,0.014206252060830593,0.13184867799282074,0.0879608541727066,0.02490907721221447],[0.02717895433306694,0.058862701058387756,0.20200896263122559,0.23133207857608795,0.1139889806509018,0.028553271666169167,0.14914488792419434,0.06244185194373131,0.12648829817771912]],"label":[0,0,0,0,1,0,0,0,0]}