{"input":[[0.0011639308650046587,0.18433615565299988,0.002959237899631262,0.05608941987156868,0.003154386766254902,0.28740569949150085,0.4206210970878601,0.02705935761332512,0.017210708931088448],[0.012608843855559826,0.08555631339550018,0.2948180139064789,0.11677923798561096,0.032156214118003845,0.2741987407207489,0.1278480738401413,0.04070170223712921,0.015332842245697975]],"label":[0,1,0,0,0,0,0,0,0]}