{"input":[[0.005674331448972225,0.0018692652229219675,0.013214590959250927,0.4806397259235382,0.008836602792143822,0.03632256016135216,0.43304383754730225,0.0027564195916056633,0.017642667517066002],[0.0158233605325222,0.0025470368564128876,0.006039937026798725,0.08885345607995987,0.005307083949446678,0.08464610576629639,0.7644388675689697,0.018242310732603073,0.014101842418313026]],"label":[0,0,0,0,0,1,0,0,0]}