{"input":[[5.1234328566351905e-05,0.006233579479157925,0.00011667369108181447,0.0024978311266750097,0.0013771384255960584,0.019749505445361137,0.9453641176223755,0.014201618731021881,0.010408320464193821],[0.009521367959678173,0.02530829980969429,0.013714287430047989,0.5228712558746338,0.025026943534612656,0.029514605179429054,0.3284432291984558,0.0311189666390419,0.014481071382761002]],"label":[0,1,0,0,0,0,0,0,0]}