{"input":[[0.021465472877025604,0.0035680383443832397,0.02111542597413063,0.6434885859489441,0.09189220517873764,0.003016754752025008,0.1512231081724167,0.0013983823591843247,0.06283195316791534],[0.0019919537007808685,0.00022263583377934992,0.006923280190676451,0.9133263230323792,0.059553489089012146,0.0003195955359842628,0.00789729319512844,0.0005699999164789915,0.009195525199174881]],"label":[0,0,0,0,1,0,0,0,0]}