{"input":[[0.00046531064435839653,0.03889605775475502,0.0034653148613870144,0.0009445528266951442,0.049041327089071274,0.06462787091732025,0.15333469212055206,0.4223628640174866,0.26686206459999084],[0.5509670972824097,0.02591564878821373,0.05092976242303848,0.0005636356654576957,0.14862872660160065,0.07347855716943741,0.05332297831773758,0.0704658254981041,0.02572779357433319]],"label":[0,0,0,0,0,1,0,0,0]}