{"input":[[0.01109232846647501,7.269584602909163e-05,0.22024543583393097,0.07617813348770142,0.3406953513622284,0.00015010415518190712,0.001023396966047585,0.2633207440376282,0.08722177892923355],[0.39356890320777893,0.0004328971554059535,0.05071364715695381,4.051774521940388e-05,0.010054760612547398,7.313329842872918e-05,0.0022974961902946234,0.5301210284233093,0.01269765105098486]],"label":[0,0,0,0,1,0,0,0,0]}