{"input":[[0.0025094698648899794,0.019451472908258438,0.1828058660030365,0.05793764442205429,0.09178557246923447,0.01363394409418106,0.0350056067109108,0.5592309832572937,0.037639446556568146],[0.006383930798619986,0.016523849219083786,0.2537805140018463,0.04211052507162094,0.23826035857200623,0.08482637256383896,0.06799879670143127,0.211674764752388,0.07844087481498718]],"label":[0,0,0,0,1,0,0,0,0]}