{"input":[[0.3380705416202545,0.0010446914238855243,0.339057594537735,0.009683789685368538,0.01785322092473507,0.0008007800206542015,0.00981197040528059,0.1730724722146988,0.11060485988855362],[0.024925680831074715,0.006368956062942743,0.3915356695652008,0.09628069400787354,0.27629032731056213,0.005010735243558884,0.0918009802699089,0.044203005731105804,0.06358394771814346]],"label":[0,0,0,0,1,0,0,0,0]}