{"input":[[0.00836979504674673,0.028871098533272743,0.004129908513277769,0.12285435199737549,0.001769051537849009,0.11461694538593292,0.6932222247123718,0.0006469196523539722,0.02551976405084133],[0.01722939871251583,0.19724631309509277,0.12780824303627014,0.012662660330533981,0.003614929039031267,0.276446670293808,0.2983390688896179,0.013699744828045368,0.05295299366116524]],"label":[0,0,0,0,0,1,0,0,0]}