{"input":[[0.0028002287726849318,0.42200177907943726,0.010028162971138954,0.004404456354677677,0.0009268525755032897,0.018479352816939354,0.17099475860595703,0.363589882850647,0.006774567067623138],[0.0029801202472299337,0.06214567646384239,0.00725009199231863,0.00024541496532037854,0.00047747744247317314,0.03222551941871643,0.08097497373819351,0.8094748258590698,0.004225867334753275]],"label":[0,0,0,0,0,0,0,1,0]}