{"input":[[8.36203180369921e-05,3.678776556625962e-05,0.00020486618450377136,0.9428153038024902,0.028003817424178123,0.00043393607484176755,0.027764560654759407,0.00019719645206350833,0.0004599051899276674],[0.0026099795941263437,0.002215568907558918,0.022343629971146584,0.785641074180603,0.10077252984046936,0.004224549513310194,0.066010482609272,0.007131538819521666,0.009050709195435047]],"label":[0,0,0,0,1,0,0,0,0]}