{"input":[[0.0027155636344105005,0.0046947854571044445,0.00042959366692230105,0.05989273265004158,0.0016089756973087788,0.8470715284347534,0.06820358335971832,0.0051415408961474895,0.010241658426821232],[0.00045173795660957694,0.0007809866219758987,0.006141761317849159,0.006076219491660595,0.0005673849955201149,0.0212690606713295,0.9621289372444153,0.0005884133861400187,0.001995506463572383]],"label":[0,0,0,0,0,1,0,0,0]}