{"input":[[0.05698781833052635,0.08652786910533905,0.22295145690441132,0.13549423217773438,0.05074954777956009,0.074859119951725,0.04997403919696808,0.2913767397403717,0.031079193577170372],[0.01033527310937643,0.01644137129187584,0.6708052754402161,0.0335591621696949,0.05542813241481781,0.011121292598545551,0.01686163991689682,0.07223362475633621,0.11321414262056351]],"label":[1,0,0,0,0,0,0,0,0]}