{"input":[[0.00035069353180006146,0.015085205435752869,0.0008451564935967326,0.013548055663704872,0.04982145503163338,0.060171257704496384,0.7627909779548645,0.0731271505355835,0.024260057136416435],[0.22150449454784393,0.025126956403255463,0.1580890417098999,0.06202716380357742,0.20031633973121643,0.011517389677464962,0.14429333806037903,0.029352305456995964,0.14777293801307678]],"label":[0,0,0,0,0,0,0,0,1]}