{"input":[[0.038487013429403305,0.0021960046142339706,0.056500863283872604,0.004262005444616079,0.004992921371012926,0.0007741311565041542,0.03745614364743233,0.8090994358062744,0.04623144865036011],[0.2914561927318573,0.016285862773656845,0.3060843348503113,0.005879156291484833,0.00991103332489729,0.0006570855621248484,0.08553820103406906,0.19982804358005524,0.0843600332736969]],"label":[1,0,0,0,0,0,0,0,0]}