{"input":[[0.015179738402366638,0.0037580998614430428,0.0038342231418937445,0.567737877368927,0.03587079048156738,0.024795016273856163,0.34688693284988403,9.590874833520502e-05,0.0018413610523566604],[0.07928354293107986,0.004034077748656273,0.07395000010728836,0.4432455003261566,0.027045149356126785,0.0054899356327950954,0.3178955912590027,0.02500716969370842,0.0240490585565567]],"label":[1,0,0,0,0,0,0,0,0]}