{"input":[[0.02184648998081684,0.053782276809215546,0.6415660381317139,0.022272499278187752,0.0777122899889946,0.0033322523813694715,0.043913424015045166,0.055424246937036514,0.08015047758817673],[0.07697518914937973,0.10110719501972198,0.05693688988685608,0.12643739581108093,0.01409822516143322,0.047869712114334106,0.1983354091644287,0.30762675404548645,0.07061316817998886]],"label":[0,0,1,0,0,0,0,0,0]}