{"input":[[0.002177170244976878,0.09079620987176895,0.1169641986489296,0.18782255053520203,0.39153316617012024,0.007106367964297533,0.1447877585887909,0.00318802404217422,0.05562454089522362],[0.012787656858563423,0.06599380075931549,0.7234309911727905,0.019617760553956032,0.03449105843901634,0.03137242794036865,0.0324941910803318,0.05401436984539032,0.025797853246331215]],"label":[0,0,0,0,1,0,0,0,0]}