{"input":[[8.24738381197676e-05,0.000172797343111597,0.27524492144584656,0.0746648982167244,0.5671133995056152,2.1768420992884785e-05,0.08240312337875366,0.0002282062778249383,6.835071690147743e-05],[0.0005239889724180102,3.537325028446503e-05,0.059222262352705,0.9171584248542786,0.015257501974701881,3.49714100593701e-05,0.007486946880817413,5.6195465731434524e-05,0.0002242487098556012]],"label":[0,0,0,0,1,0,0,0,0]}