{"input":[[1.9925140804843977e-05,0.006026381626725197,6.361844134517014e-05,0.6195572018623352,0.008476822637021542,0.0012828275794163346,0.3627479076385498,0.0016603880794718862,0.00016494414012413472],[0.0037620605435222387,0.02137266844511032,0.01124112494289875,0.7781969904899597,0.03770523890852928,0.008707701228559017,0.10885436832904816,0.013400314375758171,0.01675959676504135]],"label":[0,0,0,1,0,0,0,0,0]}