{"input":[[0.002508445642888546,0.10654138028621674,0.029316719621419907,0.02667316235601902,0.018360842019319534,0.021950069814920425,0.08138281106948853,0.6175686717033386,0.09569788724184036],[0.009108859114348888,0.06800474226474762,0.10775724798440933,0.028532875701785088,0.02816884219646454,0.0307240542024374,0.036753542721271515,0.5221868753433228,0.1687629371881485]],"label":[0,0,0,0,0,0,0,1,0]}