{"input":[[0.0007281762082129717,0.00017607795598451048,0.0031679498497396708,0.9439603090286255,0.026465918868780136,0.00013823667541146278,0.01521109789609909,0.0015355866635218263,0.008616752922534943],[0.007889942266047001,0.0003321974945720285,0.010403635911643505,0.8782514333724976,0.07628234475851059,0.0006197477341629565,0.00907080341130495,0.003501888830214739,0.01364799402654171]],"label":[0,0,0,1,0,0,0,0,0]}