{"input":[[0.0221856776624918,0.06528842449188232,0.01844915747642517,0.4002576470375061,0.020732834935188293,0.10063068568706512,0.2998810410499573,0.02795802801847458,0.04461658373475075],[0.03547528013586998,0.30799174308776855,0.09505686163902283,0.07625190913677216,0.02530759945511818,0.1361420601606369,0.13198751211166382,0.11706239730119705,0.07472461462020874]],"label":[0,0,0,0,1,0,0,0,0]}