{"input":[[0.001857832306995988,2.877344741136767e-05,0.002581649459898472,0.8227381706237793,0.1467021256685257,0.0009712642058730125,0.02001999318599701,0.004438008181750774,0.0006622432265430689],[0.012604497373104095,0.00150494824629277,0.02015579491853714,0.5635173320770264,0.3328036665916443,0.00276307319290936,0.05320204794406891,0.002677038311958313,0.010771583765745163]],"label":[0,0,0,1,0,0,0,0,0]}