{"input":[[0.05740196630358696,0.005284193437546492,0.3717532157897949,0.0404253713786602,0.003628193400800228,0.009005773812532425,0.3521224558353424,0.12591150403022766,0.03446739912033081],[0.01328564528375864,0.0008950696210376918,0.04599357023835182,0.10104037076234818,0.014088407158851624,0.01405237801373005,0.7104599475860596,0.05117160826921463,0.04901306331157684]],"label":[0,0,1,0,0,0,0,0,0]}