{"input":[[0.16735771298408508,0.002052650321274996,0.06715455651283264,0.0012719673104584217,0.005707568489015102,0.00444675050675869,0.032425154000520706,0.5685344338417053,0.1510491818189621],[0.06550318747758865,0.000311918614897877,0.18396976590156555,0.009058787487447262,0.038423091173172,0.00015038427955005318,0.0011327880201861262,0.6804952621459961,0.020954851061105728]],"label":[1,0,0,0,0,0,0,0,0]}