{"input":[[0.00044336338760331273,0.00018060232105199248,0.028166458010673523,0.21143297851085663,0.5089515447616577,0.001984754577279091,0.22941215336322784,0.007156433537602425,0.012271755374968052],[0.008840042166411877,0.028311114758253098,0.07044781744480133,0.0006270342855714262,0.07491301745176315,0.06276770681142807,0.2883879244327545,0.43947964906692505,0.02622581087052822]],"label":[0,0,1,0,0,0,0,0,0]}