{"input":[[0.02572798915207386,0.006045307964086533,0.14618879556655884,0.18321532011032104,0.3137592673301697,0.006476802285760641,0.011080312542617321,0.1461503803730011,0.1613558530807495],[0.020089702680706978,0.02629593387246132,0.12530258297920227,0.1829468011856079,0.07129038125276566,0.04675861448049545,0.050763946026563644,0.31470727920532227,0.16184474527835846]],"label":[0,0,1,0,0,0,0,0,0]}