{"input":[[8.045998401939869e-05,0.0076827057637274265,0.0025285163428634405,0.0015978635055944324,0.00033202519989572465,0.000980623997747898,0.9834972620010376,0.0003014452522620559,0.002999177435413003],[0.03450888395309448,0.023609859868884087,0.6869347095489502,0.005029255524277687,0.08574225753545761,0.002056101569905877,0.1557769924402237,0.0011933129280805588,0.005148597061634064]],"label":[0,1,0,0,0,0,0,0,0]}