{"input":[[0.1507904827594757,0.0078116729855537415,0.2059205323457718,0.1352885663509369,0.13401490449905396,0.003036058973520994,0.026897871866822243,0.09852226823568344,0.23771774768829346],[0.23070967197418213,0.005576788447797298,0.1336928755044937,0.07730266451835632,0.03169611468911171,0.013408795930445194,0.02007807046175003,0.09981508553028107,0.3877198398113251]],"label":[0,0,1,0,0,0,0,0,0]}