{"input":[[0.0022920076735317707,0.00035633251536637545,0.9499517679214478,0.001380197936668992,0.021347561851143837,2.8617925636353903e-05,0.001796359196305275,0.015268892049789429,0.0075781992636621],[0.10745023936033249,0.0005963864969089627,0.02920743077993393,0.0022347013000398874,0.007083582691848278,0.0023624510504305363,0.025258857756853104,0.8207218647003174,0.005084459204226732]],"label":[0,0,0,0,1,0,0,0,0]}