{"input":[[0.01321484986692667,0.07873530685901642,0.007687271572649479,0.0008162095909938216,0.0006868128548376262,0.0030464669689536095,0.36511877179145813,0.5154129266738892,0.01528141275048256],[0.13849298655986786,0.06193045154213905,0.2647615671157837,0.057342447340488434,0.032154228538274765,0.020102484151721,0.1041237860918045,0.3112051784992218,0.009886846877634525]],"label":[1,0,0,0,0,0,0,0,0]}