{"input":[[0.0028097948525100946,0.06341526657342911,0.032447170466184616,0.019210122525691986,0.02852115035057068,0.019903572276234627,0.7751702666282654,0.022952264174818993,0.03557045757770538],[0.05179977044463158,0.13519467413425446,0.5135180354118347,0.002846331335604191,0.1204923540353775,0.0035432050935924053,0.08343921601772308,0.05567406862974167,0.03349243476986885]],"label":[0,1,0,0,0,0,0,0,0]}