{"input":[[0.06302513182163239,0.002015220932662487,0.8249111175537109,0.0072634899988770485,0.058661263436079025,0.001380806788802147,0.022505950182676315,0.012918438762426376,0.007318528369069099],[0.019362645223736763,0.02090197056531906,0.29413723945617676,0.012420661747455597,0.029737474396824837,0.0026208283379673958,0.47497323155403137,0.08668646961450577,0.05915949121117592]],"label":[0,0,1,0,0,0,0,0,0]}