{"input":[[0.002773868851363659,0.0007646195008419454,0.0656200721859932,0.3109034597873688,0.36020952463150024,0.01181025616824627,0.09132426977157593,0.02528448961675167,0.13130956888198853],[0.008305429480969906,0.018065787851810455,0.134032741189003,0.27362945675849915,0.06763012707233429,0.13089728355407715,0.04280974343419075,0.16867493093013763,0.15595455467700958]],"label":[0,0,0,0,1,0,0,0,0]}