{"input":[[0.012163883075118065,0.0003075364511460066,0.029293105006217957,0.7142455577850342,0.13433624804019928,0.0012762327678501606,0.058050788938999176,0.029497846961021423,0.020828744396567345],[0.058039676398038864,0.0028107971884310246,0.09141149371862411,0.39646026492118835,0.16346144676208496,0.008388206362724304,0.0528583787381649,0.07949663698673248,0.1470731943845749]],"label":[0,0,0,1,0,0,0,0,0]}