{"input":[[0.0026942689437419176,0.009330829605460167,0.0003697657666634768,0.0009132670238614082,0.03246813267469406,0.007287841290235519,0.9453458786010742,0.00025387623463757336,0.001336073619313538],[0.01628912426531315,0.2953399419784546,0.0008035703795030713,0.001342257484793663,0.00013322483573574573,0.13480418920516968,0.5322739481925964,0.010850968770682812,0.008162738755345345]],"label":[0,0,0,0,0,0,1,0,0]}