{"input":[[0.5006005764007568,0.000494173844344914,0.09616994857788086,5.049196715845028e-06,0.00036718734190799296,0.0009295896743424237,0.013961004093289375,0.36376944184303284,0.023703018203377724],[0.22149677574634552,0.00017367063264828175,0.47414201498031616,5.0268958148080856e-05,0.0031746639870107174,3.657779234345071e-05,0.003499413374811411,0.29648280143737793,0.0009439170826226473]],"label":[1,0,0,0,0,0,0,0,0]}