{"input":[[0.007019250653684139,0.06460296362638474,0.0009276404744014144,0.00018487971101421863,9.307717118645087e-05,0.32455533742904663,0.5841163396835327,0.017237961292266846,0.001262514153495431],[0.021369177848100662,0.1263723075389862,0.003923248033970594,0.004976304713636637,0.005156953353434801,0.24009756743907928,0.23748350143432617,0.2789411246776581,0.08167979121208191]],"label":[0,0,0,0,0,1,0,0,0]}