{"input":[[0.008468261919915676,0.0025998784694820642,0.1849132776260376,0.6531646847724915,0.08287644386291504,0.0016354343388229609,0.06245565414428711,0.002909938106313348,0.0009764945134520531],[0.07565034180879593,0.11061421781778336,0.05586439371109009,0.29000023007392883,0.09663740545511246,0.010912221856415272,0.3442058265209198,0.013204948045313358,0.0029104447457939386]],"label":[0,0,0,0,0,0,0,0,1]}