{"input":[[0.08065451681613922,0.005340529605746269,0.2749345898628235,0.008984679356217384,0.005601274780929089,0.009691518731415272,0.20246607065200806,0.1841527372598648,0.22817420959472656],[0.05222202464938164,0.0037357432302087545,0.5309983491897583,0.0640888661146164,0.00999026745557785,0.08122260123491287,0.12031598389148712,0.019102100282907486,0.11832411587238312]],"label":[0,0,0,0,0,0,0,0,1]}