{"input":[[0.0020187629852443933,0.6904146075248718,0.00036782381357625127,0.00011750660632969812,4.595270365825854e-05,0.01401506457477808,0.2918880581855774,0.000360499310772866,0.0007717594271525741],[0.01381589937955141,0.9071117043495178,0.018775785341858864,0.00016726719331927598,0.000705524580553174,0.04645151644945145,0.0097440704703331,0.0016833714907988906,0.0015449576312676072]],"label":[0,1,0,0,0,0,0,0,0]}