{"input":[[0.22266489267349243,0.009335155598819256,0.05454113334417343,0.08072148263454437,0.042306315153837204,0.03117067739367485,0.04412812739610672,0.014290709979832172,0.5008415579795837],[0.025108883157372475,0.014382712543010712,0.15865088999271393,0.14717234671115875,0.032458141446113586,0.02931414730846882,0.058971479535102844,0.3702176809310913,0.16372381150722504]],"label":[0,0,0,1,0,0,0,0,0]}