{"input":[[0.03218703344464302,0.07063239067792892,0.05414929240942001,0.01765577867627144,0.04057370126247406,0.2640141248703003,0.15163522958755493,0.02756085991859436,0.34159156680107117],[0.011588006280362606,0.03431340679526329,0.6484589576721191,0.09760071337223053,0.029436767101287842,0.013525992631912231,0.10438387840986252,0.04455620422959328,0.01613609492778778]],"label":[1,0,0,0,0,0,0,0,0]}