{"input":[[0.021729709580540657,0.14273639023303986,0.0020698378793895245,0.006212632637470961,0.0025303352158516645,0.4524232745170593,0.13644082844257355,0.2271433025598526,0.008713732473552227],[0.11226169764995575,0.12493880093097687,0.1026477962732315,0.21567219495773315,0.023306135088205338,0.03487715870141983,0.2896190285682678,0.06756791472434998,0.029109235852956772]],"label":[0,0,0,0,0,0,0,0,1]}