{"input":[[0.05451011657714844,0.007245454005897045,0.052242472767829895,0.2798733711242676,0.22009485960006714,0.007409833837300539,0.1784742772579193,0.11494801938533783,0.08520159125328064],[0.0426725335419178,0.001466068672016263,0.5030558109283447,0.19476468861103058,0.16360050439834595,0.0012002390576526523,0.08615568280220032,0.002740833442658186,0.0043437848798930645]],"label":[0,0,0,0,1,0,0,0,0]}