{"input":[[0.0008273747516795993,6.15580502199009e-05,0.001612010644748807,0.23926304280757904,0.3694750666618347,0.002880057319998741,0.015299771912395954,0.0003443729365244508,0.3702367842197418],[0.0736168771982193,0.04543016478419304,0.08425585180521011,0.06133963167667389,0.024383245036005974,0.047604549676179886,0.07035774737596512,0.278643399477005,0.3143685460090637]],"label":[0,0,0,0,0,0,0,0,1]}