{"input":[[0.10699380189180374,4.5329714339459315e-05,0.22233149409294128,0.004759137984365225,0.013791598379611969,0.00019152274762745947,0.0008775778696872294,0.6209121942520142,0.03009742498397827],[0.00164146744646132,0.00019369315123185515,0.9090173244476318,0.0005105946329422295,0.0030582419130951166,0.0006177022587507963,0.006870117038488388,0.03961095213890076,0.03848002478480339]],"label":[0,0,1,0,0,0,0,0,0]}