{"input":[[0.0006970888935029507,0.16373005509376526,0.0011413471074774861,0.060104500502347946,0.003286288119852543,0.4013567864894867,0.30391183495521545,0.0031181499361991882,0.06265396624803543],[0.015361236408352852,0.0758073478937149,0.18493390083312988,0.11462634801864624,0.02379436418414116,0.058775894343853,0.38116520643234253,0.06514021754264832,0.08039548248052597]],"label":[0,0,0,0,0,0,1,0,0]}