{"input":[[0.11501699686050415,0.0010374353732913733,0.008439158089458942,0.5453223586082458,0.1756710559129715,0.010333843529224396,0.12485304474830627,0.008526434190571308,0.010799679905176163],[0.004695304669439793,3.6745721445186064e-05,0.02473757602274418,0.5857419371604919,0.37506741285324097,0.00025945939705707133,0.0014252477558329701,0.0001562394027132541,0.007880023680627346]],"label":[0,0,0,0,1,0,0,0,0]}