{"input":[[0.0008297203457914293,0.00030209796386770904,0.012321030721068382,1.2875517541033332e-06,0.0001478126650908962,7.024875230854377e-05,0.0010916837491095066,0.9835341572761536,0.00170198455452919],[0.014675816521048546,0.0005460954271256924,0.058609314262866974,0.00023011109442450106,0.0038459256757050753,0.0026486748829483986,0.011877207085490227,0.8944228291511536,0.013144043274223804]],"label":[0,0,0,0,0,0,0,1,0]}