{"input":[[0.00023981292906682938,0.009093956090509892,0.07152596116065979,0.13952437043190002,0.09512979537248611,0.01871427893638611,0.5074587464332581,0.008098451420664787,0.15021468698978424],[0.014671233482658863,0.012151540257036686,0.08562828600406647,0.47550109028816223,0.08148124814033508,0.007266382686793804,0.20860326290130615,0.020412709563970566,0.09428416192531586]],"label":[0,0,0,0,1,0,0,0,0]}