{"input":[[0.003208204172551632,0.01281419675797224,0.009890317916870117,0.21337734162807465,0.019601430743932724,0.01120101660490036,0.6517733931541443,0.04547128826379776,0.03266284242272377],[0.009127555415034294,0.023516377434134483,0.02112351916730404,0.1872277855873108,0.018586529418826103,0.037379324436187744,0.5201066136360168,0.16269202530384064,0.02024025470018387]],"label":[0,0,0,0,0,0,1,0,0]}