{"input":[[0.0019787077326327562,0.2915431261062622,0.0013944337842985988,0.03773760423064232,0.0016815591370686889,0.04995369538664818,0.6010804176330566,0.011440698988735676,0.0031897681765258312],[0.01964244432747364,0.4954887628555298,0.05734480172395706,0.021257026121020317,0.02087872102856636,0.031244277954101562,0.08475521206855774,0.23380383849143982,0.035584911704063416]],"label":[0,1,0,0,0,0,0,0,0]}