{"input":[[0.0009994659340009093,0.2597059905529022,0.005114199128001928,0.02699228748679161,0.019943250343203545,0.24937981367111206,0.34344571828842163,0.05805777758359909,0.03636155277490616],[0.0074660517275333405,0.01606808975338936,0.1951623409986496,0.4292122721672058,0.17454348504543304,0.05072467401623726,0.08428900688886642,0.025086473673582077,0.01744769513607025]],"label":[0,1,0,0,0,0,0,0,0]}