{"input":[[0.0014423927059397101,0.018616007640957832,0.00046162924263626337,0.022561850026249886,0.0014962594723328948,0.048724547028541565,0.8850098848342896,0.002600492211058736,0.019086848944425583],[0.02547411061823368,0.28747615218162537,0.050711046904325485,0.10321658104658127,0.014692243188619614,0.11880498379468918,0.17066241800785065,0.16768690943717957,0.06127549335360527]],"label":[0,0,0,0,0,0,1,0,0]}