{"input":[[0.008394768461585045,0.0004953612224198878,0.0017941993428394198,0.026355309411883354,0.011145001277327538,0.005399276036769152,0.8969184160232544,0.04230780899524689,0.00718989223241806],[0.15575776994228363,0.05817156285047531,0.04308945685625076,0.01276957243680954,0.024673983454704285,0.13901089131832123,0.2296089231967926,0.2701060473918915,0.06681174784898758]],"label":[1,0,0,0,0,0,0,0,0]}