{"input":[[0.0005844677216373384,6.513657808682183e-06,0.9439539313316345,0.005209840834140778,0.04367789998650551,4.21376762460568e-06,0.00019501264614518732,0.000750785693526268,0.005617384798824787],[0.0022724876180291176,3.0080052511038957e-06,0.8769583106040955,0.06457233428955078,0.0218493714928627,4.983221515431069e-05,0.014887108467519283,0.006658993661403656,0.012748527340590954]],"label":[1,0,0,0,0,0,0,0,0]}