{"input":[[0.001702067325823009,0.05711847171187401,0.0035756363067775965,0.0010130577720701694,0.003214568132534623,0.023333944380283356,0.9001650810241699,0.0060616228729486465,0.003815587144345045],[0.005843415390700102,0.007501884363591671,0.18202076852321625,0.14985640347003937,0.02103317528963089,0.054232705384492874,0.48666638135910034,0.08344916254281998,0.009395993314683437]],"label":[0,0,0,0,0,0,1,0,0]}