{"input":[[0.0025580094661563635,0.017562206834554672,0.0011173485545441508,0.010833634063601494,0.00109194777905941,0.1457507610321045,0.8190970420837402,0.000914042058866471,0.0010750299552455544],[0.028985202312469482,0.1861945539712906,0.2922375202178955,0.038024045526981354,0.028643615543842316,0.12277942150831223,0.07548078894615173,0.015482150949537754,0.21217259764671326]],"label":[1,0,0,0,0,0,0,0,0]}