{"input":[[0.004061516374349594,0.026564739644527435,0.016125934198498726,0.4811170995235443,0.025690555572509766,0.12022554129362106,0.11786028742790222,0.1972496509552002,0.011104685254395008],[0.0164092518389225,0.010334105230867863,0.09725581854581833,0.26506221294403076,0.18012544512748718,0.06398153305053711,0.12175602465867996,0.20488600432872772,0.040189579129219055]],"label":[0,0,1,0,0,0,0,0,0]}