{"input":[[0.00043563797953538597,0.2496030479669571,0.0009459519060328603,0.012717531993985176,0.001669111312367022,0.08723057061433792,0.5941743850708008,0.02987033873796463,0.02335343509912491],[0.017510555684566498,0.18291790783405304,0.04264910891652107,0.07227873057126999,0.0099329249933362,0.06356250494718552,0.35053175687789917,0.20431473851203918,0.05630170926451683]],"label":[0,0,0,0,0,0,1,0,0]}