{"input":[[4.913129487249535e-06,2.738249236244883e-07,0.997580885887146,2.7605167360889027e-06,0.0013753841631114483,8.57726320191432e-07,1.0802387805597391e-05,0.0007311450899578631,0.0002929673355538398],[0.002073368290439248,9.011778456624597e-05,0.7330355048179626,0.20485447347164154,0.032161276787519455,0.000309757306240499,0.010110887698829174,0.006918834988027811,0.010445689782500267]],"label":[0,0,1,0,0,0,0,0,0]}