{"input":[[0.019270315766334534,0.15311069786548615,0.10137758404016495,0.04997983202338219,0.007841487415134907,0.11644549667835236,0.3064645528793335,0.022770928218960762,0.22273904085159302],[0.02195359207689762,0.03862142190337181,0.15186026692390442,0.036522697657346725,0.008302791975438595,0.04604625701904297,0.22492185235023499,0.3902040123939514,0.08156715333461761]],"label":[0,0,0,0,0,0,0,0,1]}