{"input":[[0.0011516049271449447,0.0008579869754612446,0.001118159736506641,0.864522397518158,0.032959308475255966,0.008328915573656559,0.0762723982334137,0.001702927052974701,0.013086258433759212],[0.015405688434839249,0.028273172676563263,0.04177623242139816,0.254374235868454,0.03833189606666565,0.03794929385185242,0.48634693026542664,0.0358540378510952,0.061688534915447235]],"label":[0,0,0,0,0,0,1,0,0]}