{"input":[[0.018210066482424736,0.035563692450523376,0.012521792203187943,0.038198452442884445,0.006767880637198687,0.10319007933139801,0.6825627088546753,0.021616969257593155,0.0813683420419693],[0.07835924625396729,0.024894773960113525,0.07421867549419403,0.29132452607154846,0.06294260174036026,0.022190559655427933,0.20800144970417023,0.02693948522210121,0.21112868189811707]],"label":[0,0,0,0,0,0,0,0,1]}