{"input":[[0.004323032684624195,0.1747661530971527,0.02219557575881481,0.00014459487283602357,0.0020243327599018812,0.01708371378481388,0.4102810323238373,0.3256259262561798,0.04355555400252342],[0.0162886343896389,0.16137757897377014,0.049134932458400726,2.6710020392783917e-05,0.0005071656778454781,0.007484241388738155,0.4469701051712036,0.27999812364578247,0.038212452083826065]],"label":[0,1,0,0,0,0,0,0,0]}