{"input":[[0.0008755911840125918,0.00115467538125813,0.0009047368657775223,0.10932888835668564,0.005762326065450907,0.020275985822081566,0.8475819826126099,0.0005105152376927435,0.013605284504592419],[0.00140423106495291,0.00690022949129343,0.002534161787480116,0.06167853623628616,0.004959424491971731,0.060800570994615555,0.8406710028648376,0.002568137599155307,0.01848369650542736]],"label":[0,0,0,0,0,1,0,0,0]}