{"input":[[0.001345450640656054,0.013397790491580963,0.009787974879145622,0.25374478101730347,0.49810895323753357,0.003334991168230772,0.2183932065963745,0.00026252007228322327,0.00162433460354805],[0.0021504207979887724,0.0020264931954443455,0.37182798981666565,0.3926718831062317,0.20931698381900787,0.00024049749481491745,0.014415181241929531,0.0008931910851970315,0.006457325536757708]],"label":[0,0,0,0,1,0,0,0,0]}