{"input":[[0.0007573307957500219,0.10669656842947006,0.00032571193878538907,0.001393015612848103,0.0006955877761356533,0.6694387793540955,0.2018083930015564,0.009354948997497559,0.00952963437885046],[0.002648996887728572,0.01575133390724659,0.006315361708402634,0.007679695263504982,0.0027998723089694977,0.7182273268699646,0.23935215175151825,0.004720728844404221,0.002504526637494564]],"label":[0,0,0,0,0,1,0,0,0]}