{"input":[[0.7339451909065247,0.0016887540696188807,0.15000095963478088,0.00019862750195898116,0.021137796342372894,0.001385032432153821,0.052371345460414886,0.03292391821742058,0.0063483985140919685],[0.4708329141139984,0.011407943442463875,0.2012043297290802,0.009255895391106606,0.02843518555164337,0.0029030072037130594,0.009699368849396706,0.2009151726961136,0.0653461217880249]],"label":[1,0,0,0,0,0,0,0,0]}