{"input":[[0.007602242287248373,0.1677451729774475,0.004075432196259499,0.039998214691877365,0.005913643166422844,0.1721813827753067,0.5643492937088013,0.0074088373221457005,0.03072570264339447],[0.005350322462618351,0.13061276078224182,0.39876165986061096,0.20740270614624023,0.046805717051029205,0.008809378370642662,0.18358568847179413,0.004504757467657328,0.014166895300149918]],"label":[0,0,0,0,0,0,1,0,0]}