{"input":[[0.006532685365527868,0.001270637265406549,0.005785560701042414,0.019246848300099373,0.20247890055179596,0.004064659122377634,0.731613039970398,0.01336097251623869,0.01564668118953705],[0.24107423424720764,0.03041166625916958,0.007959323935210705,0.000471570499939844,0.01413874700665474,0.013606660068035126,0.3276427388191223,0.27560698986053467,0.08908802270889282]],"label":[1,0,0,0,0,0,0,0,0]}