{"input":[[0.0022556826006621122,3.1911600672174245e-05,0.94832444190979,6.375363591359928e-05,0.002102168509736657,6.3728439272381365e-06,0.0004999365191906691,0.0462205708026886,0.0004952112794853747],[0.04465949535369873,0.0001557357027195394,0.4183441996574402,0.0001165493595181033,0.04426050931215286,0.00034976997994817793,0.004011171404272318,0.472469687461853,0.015632839873433113]],"label":[0,0,0,0,0,0,0,1,0]}