{"input":[[0.03375878930091858,0.0018609018297865987,0.0020065202843397856,0.7582159638404846,0.028309427201747894,0.057416170835494995,0.1030656173825264,0.0014971323544159532,0.013869470916688442],[0.12540186941623688,0.06774502992630005,0.07994920015335083,0.06256642192602158,0.04881470650434494,0.1749880164861679,0.2488141506910324,0.1384575366973877,0.05326308310031891]],"label":[0,0,0,1,0,0,0,0,0]}