{"input":[[0.017904356122016907,0.23042593896389008,0.013756006956100464,0.03823132440447807,0.13941466808319092,0.004634636454284191,0.2991154193878174,0.1814393699169159,0.0750783234834671],[0.14944705367088318,0.007620381657034159,0.01344581600278616,0.00029197437106631696,0.025091934949159622,0.001475701341405511,0.0069029973819851875,0.7701306343078613,0.02559344843029976]],"label":[1,0,0,0,0,0,0,0,0]}