{"input":[[0.007720660418272018,0.06905702501535416,0.04346195608377457,0.04210314527153969,0.010962063446640968,0.15357765555381775,0.4269227385520935,0.13670699298381805,0.10948771983385086],[0.021450461819767952,0.06618320941925049,0.07764556258916855,0.0589953288435936,0.01841703988611698,0.09782620519399643,0.547333836555481,0.08238138258457184,0.029766961932182312]],"label":[0,0,0,0,0,0,0,0,1]}