{"input":[[0.015592541545629501,0.004014012403786182,0.0812651589512825,0.10943111032247543,0.04657251015305519,0.004667660221457481,0.679547131061554,0.050600044429302216,0.00830987747758627],[0.018902186304330826,0.16423876583576202,0.06589297205209732,0.0978269949555397,0.015410581603646278,0.07401499897241592,0.3929729759693146,0.10798560082912445,0.06275483220815659]],"label":[0,0,0,1,0,0,0,0,0]}