{"input":[[0.010743750259280205,0.0005634386907331645,0.12613798677921295,0.42205458879470825,0.060085002332925797,0.001543364953249693,0.06811680644750595,0.22560501098632812,0.08515004813671112],[0.0009481945307925344,0.0003240385849494487,0.6749891042709351,0.1965583860874176,0.09160855412483215,0.0005435160710476339,0.016483116894960403,0.0038401936180889606,0.014704879373311996]],"label":[0,0,1,0,0,0,0,0,0]}