{"input":[[0.005087364464998245,0.0023561499547213316,0.8825887441635132,0.006793539971113205,0.015237653627991676,0.0005268536042422056,0.04481205716729164,0.023823950439691544,0.018773609772324562],[0.003231767797842622,0.0009583195205777884,0.6465544700622559,0.009154632687568665,0.2482510209083557,0.0007064439705573022,0.03795277699828148,0.008958455175161362,0.044231995940208435]],"label":[0,0,1,0,0,0,0,0,0]}