{"input":[[0.0019638477824628353,0.013736159540712833,0.0012325167190283537,0.042646076530218124,0.012789566069841385,0.02217157557606697,0.843856155872345,0.05406111106276512,0.007542973384261131],[0.001607264974154532,0.016883892938494682,0.016227422282099724,0.10819795727729797,0.23582787811756134,0.007432980928570032,0.4856307804584503,0.0574028417468071,0.07078899443149567]],"label":[0,0,0,1,0,0,0,0,0]}