{"input":[[0.31882211565971375,0.004266995936632156,0.08993998169898987,0.24703054130077362,0.06793643534183502,0.0039849961176514626,0.007418869994580746,0.1934836208820343,0.06711655855178833],[0.23448123037815094,0.039023276418447495,0.2758588194847107,0.060043301433324814,0.02808406576514244,0.10945063084363937,0.15239986777305603,0.0640493780374527,0.03660936281085014]],"label":[1,0,0,0,0,0,0,0,0]}