{"input":[[0.03849411755800247,0.030864372849464417,0.06086091697216034,0.03264925628900528,0.1275016963481903,0.03484617918729782,0.6062027812004089,0.0395607054233551,0.029019996523857117],[0.08426883071660995,0.0053812842816114426,0.006249209865927696,5.3682055295212194e-05,0.0004844943468924612,0.0034212179016321898,0.003043943317607045,0.8941148519515991,0.0029824504163116217]],"label":[0,0,0,0,0,0,1,0,0]}