{"input":[[0.008390462026000023,0.10862404853105545,0.06561435014009476,6.517196743516251e-05,0.0015137994196265936,0.057033706456422806,0.34541207551956177,0.33421608805656433,0.07913031429052353],[0.12659285962581635,0.0672886073589325,0.14631234109401703,0.0023708052467554808,0.017493346706032753,0.0362195149064064,0.3254917860031128,0.20417018234729767,0.0740605816245079]],"label":[0,1,0,0,0,0,0,0,0]}