{"input":[[0.22716142237186432,0.0011102297576144338,0.731522798538208,0.0016201110556721687,0.005237653851509094,0.00034725797013379633,0.012409443967044353,0.0178059171885252,0.002785227494314313],[0.17390061914920807,0.03954903036355972,0.35836678743362427,0.08085393905639648,0.07125836610794067,0.01632293127477169,0.049796659499406815,0.16684700548648834,0.04310466721653938]],"label":[0,0,1,0,0,0,0,0,0]}