{"input":[[0.0023531957995146513,0.05022487789392471,0.002816226566210389,0.047726064920425415,0.012430456466972828,0.14644020795822144,0.6931642889976501,0.01498783752322197,0.02985689602792263],[0.004189935512840748,0.024413032457232475,0.025254305452108383,0.16377674043178558,0.07349751889705658,0.050947628915309906,0.5139377117156982,0.11810638755559921,0.025876719504594803]],"label":[0,0,0,0,0,0,1,0,0]}