{"input":[[0.004278411157429218,0.10465355217456818,0.0012275330955162644,0.42709869146347046,0.011331424117088318,0.09603815525770187,0.34552493691444397,0.0021149718668311834,0.007732376456260681],[0.028563259169459343,0.17008331418037415,0.036966849118471146,0.014913489110767841,0.06764209270477295,0.5385813117027283,0.07406924664974213,0.03413113206624985,0.035049352794885635]],"label":[0,1,0,0,0,0,0,0,0]}