{"input":[[0.0007930236752144992,0.0013132389867678285,0.004120958037674427,4.278992491890676e-05,0.00032056806958280504,0.0008930987096391618,0.0018255753675475717,0.9838134050369263,0.006877285428345203],[0.056662771850824356,0.004666807595640421,0.3590214252471924,0.0037886605132371187,0.008768011815845966,0.01111102569848299,0.016439074650406837,0.4955853223800659,0.04395688325166702]],"label":[0,0,0,0,0,0,0,1,0]}