{"input":[[0.001095365616492927,4.6281547838589177e-05,0.0008633570396341383,1.5901650840532966e-07,1.7152611690107733e-05,7.510481373174116e-05,0.00010832083353307098,0.9971957206726074,0.0005984972231090069],[0.0005668168305419385,0.0001069068384822458,0.008994615636765957,2.038961974903941e-05,0.0004188089515082538,0.00020614615641534328,9.180515189655125e-05,0.9889702796936035,0.0006242868839763105]],"label":[0,0,0,0,0,0,0,1,0]}