{"input":[[0.0023249995429068804,0.05441828444600105,0.4814530611038208,0.005426478106528521,0.021913278847932816,0.06147357448935509,0.208208829164505,0.055826831609010696,0.10895462334156036],[0.1033993661403656,0.044757645577192307,0.15519967675209045,0.04414477199316025,0.13793180882930756,0.10539070516824722,0.24194782972335815,0.10280606895685196,0.06442219018936157]],"label":[0,0,0,0,0,1,0,0,0]}