{"input":[[0.001101532019674778,0.4044250249862671,0.0014296496519818902,0.00018765669665299356,0.00026815442834049463,0.09276547282934189,0.440375953912735,0.032601498067379,0.026844991371035576],[0.020046215504407883,0.002484754426404834,0.18923789262771606,1.3874555406800937e-06,9.533124102745205e-05,0.0018417579121887684,0.06815283745527267,0.7146533131599426,0.0034864803310483694]],"label":[0,0,0,0,0,0,1,0,0]}