{"input":[[0.008005104959011078,0.0038208088371902704,0.3630891740322113,0.08602331578731537,0.16623634099960327,0.0027039088308811188,0.019377995282411575,0.2844202220439911,0.06632321327924728],[0.011371403001248837,0.017986683174967766,0.41109421849250793,0.11169863492250443,0.1300627589225769,0.022164514288306236,0.05224115028977394,0.19792252779006958,0.04545814171433449]],"label":[0,0,0,0,1,0,0,0,0]}