{"input":[[0.0010809623636305332,0.0013855958823114634,0.003352689789608121,0.4119652509689331,0.5364397168159485,0.00022124714450910687,0.040148645639419556,0.00024609555839560926,0.005159752443432808],[0.006507356185466051,0.03652690351009369,0.07050761580467224,0.28622788190841675,0.1426316350698471,0.00552782230079174,0.38272592425346375,0.017335690557956696,0.052009228616952896]],"label":[0,0,0,0,1,0,0,0,0]}