{"input":[[7.437075691996142e-05,0.09118472039699554,2.1405094230431132e-05,0.0038339782040566206,0.00016226322622969747,0.22831210494041443,0.6760955452919006,0.00010153611219720915,0.00021405043662525713],[0.07256948947906494,0.011910231783986092,0.1514568030834198,0.36947113275527954,0.10201001167297363,0.012014834210276604,0.11720965802669525,0.08366276323795319,0.07969498634338379]],"label":[0,1,0,0,0,0,0,0,0]}