{"input":[[0.18181459605693817,0.031294722110033035,0.29108545184135437,0.004750375170260668,0.009709701873362064,0.0011418740032240748,0.4701227843761444,0.0052691115997731686,0.00481131486594677],[0.019036535173654556,0.35994356870651245,0.04852895066142082,0.04872402176260948,0.009102129377424717,0.06658117473125458,0.2157122641801834,0.17014198005199432,0.06222938746213913]],"label":[0,0,0,0,0,0,1,0,0]}