{"input":[[0.0028691135812550783,0.013298086822032928,0.006472989451140165,0.12676571309566498,0.007057470269501209,0.015714647248387337,0.6173288226127625,0.08608798682689667,0.12440519034862518],[0.01947144791483879,0.008521768264472485,0.05628875643014908,0.4784579277038574,0.12975016236305237,0.01125497929751873,0.26923176646232605,0.01329021342098713,0.013732963241636753]],"label":[0,0,0,0,0,0,1,0,0]}