{"input":[[0.00043284884304739535,0.006245605181902647,0.0005713768769055605,0.25471505522727966,0.0069722686894237995,0.026619423180818558,0.6941059827804565,0.0024394188076257706,0.007897960022091866],[0.0005080511327832937,0.016348637640476227,0.0004996629431843758,0.06915200501680374,0.0024639018811285496,0.22319501638412476,0.6743934154510498,0.007441492285579443,0.005997848697006702]],"label":[0,0,0,0,0,0,1,0,0]}