{"input":[[0.5480194091796875,0.00016396281716879457,0.43222692608833313,1.7245843991986476e-05,0.0011506130686029792,6.129776738816872e-05,0.0007057833718135953,0.016303803771734238,0.0013507771072909236],[0.03513316437602043,2.8345786631689407e-05,0.32522621750831604,4.190182880847715e-05,0.0027799466624855995,8.429918125330005e-06,8.157792035490274e-05,0.6357426643371582,0.0009577767923474312]],"label":[1,0,0,0,0,0,0,0,0]}