{"input":[[0.0023695293348282576,0.7264730334281921,0.003373892745003104,0.0006277014035731554,0.004498881753534079,0.09570533037185669,0.11959880590438843,0.014516095630824566,0.03283681720495224],[0.021082965657114983,0.07600616663694382,0.4035691022872925,0.06295456737279892,0.1413983553647995,0.046565838158130646,0.12938036024570465,0.059845928102731705,0.05919666960835457]],"label":[0,0,0,0,0,0,1,0,0]}