{"input":[[8.93451360752806e-05,0.0014992232900112867,0.006229202728718519,0.42158395051956177,0.08065443485975266,0.002436987590044737,0.48677873611450195,0.00011616475239861757,0.0006119777099229395],[0.008835322223603725,0.048815496265888214,0.34012484550476074,0.08177012950181961,0.4838499426841736,0.005611190106719732,0.0192563496530056,0.010393540374934673,0.001343187759630382]],"label":[0,0,0,0,1,0,0,0,0]}