{"input":[[0.00042420666432008147,0.004222392570227385,0.00011472930054878816,0.2980264723300934,0.004567528609186411,0.13509243726730347,0.5501536130905151,0.0035214568488299847,0.0038772099651396275],[0.01739458739757538,0.007786024361848831,0.07729969173669815,0.743826687335968,0.0484309121966362,0.006758450996130705,0.06757714599370956,0.016424626111984253,0.014501884579658508]],"label":[0,0,0,0,0,0,1,0,0]}