{"input":[[0.0586322657763958,0.2559882700443268,0.08814612776041031,0.0005324393277987838,0.002653219271451235,0.008611191995441914,0.04866444319486618,0.5339645147323608,0.00280756619758904],[0.08666437864303589,0.04809727892279625,0.14005345106124878,0.07471433281898499,0.003350431565195322,0.02884904481470585,0.15458892285823822,0.3668060600757599,0.09687614440917969]],"label":[0,0,0,0,0,0,0,1,0]}