{"input":[[0.024912716820836067,0.05285432189702988,0.05098448321223259,0.3102082312107086,0.038716696202754974,0.02688279189169407,0.1920381635427475,0.13769902288913727,0.16570356488227844],[0.03618232533335686,0.12610122561454773,0.1011665090918541,0.1533728539943695,0.049373846501111984,0.042904261499643326,0.10580074787139893,0.21123771369457245,0.1738605499267578]],"label":[0,0,0,0,1,0,0,0,0]}