{"input":[[0.10355785489082336,0.00040239968802779913,0.15609942376613617,0.27559545636177063,0.035174302756786346,0.0013504602247849107,0.4155334234237671,0.007980210706591606,0.00430639460682869],[0.0021242389921098948,0.001336096553131938,0.0009830556809902191,0.012856329791247845,0.0007791692041791975,0.0006323808338493109,0.9808078408241272,0.00041179131949320436,6.914118421263993e-05]],"label":[1,0,0,0,0,0,0,0,0]}