{"input":[[0.9746894240379333,0.00011913633352378383,0.002701245015487075,4.4724678446073085e-05,0.0009837638353928924,0.0009932246757671237,0.010286078788340092,0.008499488234519958,0.0016828794032335281],[0.463959276676178,0.02196807973086834,0.235104501247406,0.0027570296078920364,0.030887044966220856,0.016980813816189766,0.11266588419675827,0.09724227339029312,0.018435144796967506]],"label":[1,0,0,0,0,0,0,0,0]}