{"input":[[9.069743100553751e-05,0.0036390325985848904,0.0033821770921349525,5.0117025239160284e-05,0.0005291916895657778,0.004907215945422649,0.006403644103556871,0.9805167317390442,0.00048114615492522717],[0.014189306646585464,0.012743592262268066,0.010518142953515053,0.003978461027145386,0.007700071670114994,0.019604472443461418,0.015170086175203323,0.8905193209648132,0.025576582178473473]],"label":[0,0,0,0,0,0,0,1,0]}