{"input":[[0.0005427864962257445,0.04259784147143364,0.0001532123569631949,0.005143367685377598,0.00013412408588919789,0.008506324142217636,0.9335977435112,0.00355540937744081,0.005769243463873863],[0.12595215439796448,0.10526376217603683,0.022806759923696518,0.1259903609752655,0.13484302163124084,0.22726762294769287,0.20263086259365082,0.025493931025266647,0.0297514870762825]],"label":[0,1,0,0,0,0,0,0,0]}