{"input":[[0.00011745854135369882,0.9510590434074402,5.2639556997746695e-06,3.043471451746882e-06,1.0630050155668869e-06,0.02171209640800953,0.027066662907600403,5.609728759736754e-06,2.978663906105794e-05],[0.028624199330806732,0.014805717393755913,0.02038675732910633,0.08663004636764526,0.061354462057352066,0.41446244716644287,0.2500714659690857,0.024703938513994217,0.09896092116832733]],"label":[0,0,0,0,0,1,0,0,0]}