{"input":[[0.0017016209894791245,0.07688925415277481,0.01472180150449276,0.10202540457248688,0.014269941486418247,0.015848204493522644,0.7465034127235413,0.0018015523673966527,0.02623881958425045],[0.0011563878506422043,0.6822816133499146,0.07507814466953278,0.03370917961001396,0.005970458034425974,0.04545584321022034,0.14976860582828522,0.0015205469680950046,0.005059251561760902]],"label":[0,0,0,0,0,0,0,0,1]}