{"input":[[0.02159031853079796,0.0343901664018631,0.06253296881914139,0.43883392214775085,0.052436817437410355,0.010675188153982162,0.17773103713989258,0.015223165042698383,0.1865864247083664],[0.07716363668441772,0.00038595276419073343,0.6420559883117676,0.004353427328169346,0.019515758380293846,0.0007268160115927458,0.007864667102694511,0.14397713541984558,0.10395655035972595]],"label":[0,0,0,0,0,0,0,0,1]}