{"input":[[0.015294024720788002,0.10986705869436264,0.2350504994392395,0.007700358051806688,0.07513894140720367,0.34432777762413025,0.11401373893022537,0.025417253375053406,0.07319041341543198],[0.01234601903706789,0.03466815501451492,0.4871206283569336,0.006402438040822744,0.037377212196588516,0.25462380051612854,0.03828263282775879,0.03596529737114906,0.09321380406618118]],"label":[0,0,0,0,0,0,0,0,1]}