{"input":[[3.3883382002386497e-06,0.6499350666999817,0.00013170336023904383,0.002845480339601636,0.0005406801356002688,0.3135311007499695,0.032863978296518326,3.700514935189858e-05,0.000111559966171626],[0.0009040887234732509,0.45091211795806885,0.016153208911418915,0.023372730240225792,0.0006799447583034635,0.14396357536315918,0.35611146688461304,0.0069210524670779705,0.000981787103228271]],"label":[0,0,0,0,0,1,0,0,0]}