{"input":[[0.010060674510896206,0.003947532270103693,0.048984091728925705,0.027128463611006737,0.07196824252605438,0.08700639754533768,0.6250879764556885,0.0055982815101742744,0.12021837383508682],[0.005846235901117325,0.0063387556001544,0.2739538550376892,0.13374696671962738,0.19804003834724426,0.0033902551513165236,0.3030843734741211,0.003977313172072172,0.07162220031023026]],"label":[0,0,0,1,0,0,0,0,0]}