{"input":[[0.004457532893866301,0.0427812784910202,0.02454986609518528,0.18807458877563477,0.010695421136915684,0.08766736835241318,0.5952513217926025,0.015324764885008335,0.031197858974337578],[0.005479210522025824,0.0918918326497078,0.3684079647064209,0.06293247640132904,0.036628395318984985,0.05229413881897926,0.30437371134757996,0.05690556764602661,0.02108667977154255]],"label":[0,1,0,0,0,0,0,0,0]}