{"input":[[9.188924013869837e-05,0.0036190941464155912,4.594818892655894e-05,0.01616555266082287,0.005177801009267569,0.009963949210941792,0.9620293974876404,0.0012839132687076926,0.001622429583221674],[0.040849052369594574,0.06099678575992584,0.07620418071746826,0.4347081482410431,0.06762180477380753,0.03520043566823006,0.13887174427509308,0.07115980982780457,0.0743880346417427]],"label":[0,0,0,0,0,0,1,0,0]}