{"input":[[0.002119440119713545,0.006151708774268627,0.012142864055931568,0.5494735836982727,0.0710003450512886,0.005111634265631437,0.11091228574514389,0.03770175948739052,0.20538641512393951],[0.002377772470936179,0.00046295099309645593,0.008134370669722557,0.7312937378883362,0.10907693207263947,0.0010403203777968884,0.011901386082172394,0.015462497249245644,0.12025005370378494]],"label":[0,0,0,0,1,0,0,0,0]}