{"input":[[0.0005223788321018219,0.007120505906641483,0.0014077635714784265,0.28436678647994995,0.5856471657752991,0.0019438070012256503,0.11459986865520477,0.00035620323615148664,0.004035597667098045],[0.03454144671559334,0.013381407596170902,0.37083128094673157,0.17910782992839813,0.1235940232872963,0.003928349353373051,0.17924949526786804,0.02386113815009594,0.07150501757860184]],"label":[0,0,0,0,1,0,0,0,0]}