{"input":[[0.008446738123893738,0.07536397874355316,0.0006952143739908934,0.011387497186660767,0.0011008185101673007,0.13975133001804352,0.7628541588783264,7.60444236220792e-05,0.00032428899430669844],[0.031066911295056343,0.13829629123210907,0.05815473943948746,0.1073070764541626,0.009792124852538109,0.11780817061662674,0.3342585563659668,0.11932557821273804,0.08399054408073425]],"label":[0,0,0,0,0,1,0,0,0]}