{"input":[[0.03395369276404381,0.39518141746520996,0.054904330521821976,0.051975831389427185,0.011415598914027214,0.09917481988668442,0.1537276804447174,0.1872892528772354,0.012377318926155567],[0.03423544391989708,0.019269810989499092,0.02301783859729767,0.007317439652979374,0.01543305441737175,0.011920873075723648,0.024226751178503036,0.8429586887359619,0.021620113402605057]],"label":[1,0,0,0,0,0,0,0,0]}