{"input":[[0.0001087579585146159,0.0003487110079731792,0.006759436801075935,6.46352589228627e-07,0.0004495157045312226,2.458619064782397e-06,0.00016896295710466802,0.9919701814651489,0.00019134329340886325],[0.00013048081018496305,8.303662616526708e-05,0.02258753404021263,7.30903479961853e-07,6.414385552488966e-06,0.0001523528335383162,0.005873431451618671,0.9708696603775024,0.00029635857208631933]],"label":[0,0,1,0,0,0,0,0,0]}