{"input":[[0.01484744343906641,0.023089852184057236,0.016322067007422447,0.033615969121456146,0.014645902439951897,0.03199683129787445,0.8488799333572388,0.009469280950725079,0.007132715545594692],[0.003923437092453241,0.24051128327846527,0.059341609477996826,0.023126274347305298,0.01640036515891552,0.05971051752567291,0.5106325745582581,0.05835232138633728,0.028001654893159866]],"label":[0,0,0,0,0,0,1,0,0]}