{"input":[[0.0033578206785023212,0.006951202638447285,0.5665255784988403,2.820075133058708e-05,0.144500732421875,0.0002829173463396728,0.13868558406829834,0.01372807938605547,0.12593981623649597],[0.0012486315099522471,0.0003052869869861752,0.6279605031013489,0.0002598278515506536,0.20654380321502686,5.543456427403726e-05,0.1406979262828827,0.01750784181058407,0.00542067177593708]],"label":[0,0,1,0,0,0,0,0,0]}