{"input":[[0.0045598470605909824,0.011455661617219448,0.006738666910678148,0.4272107481956482,0.02731183171272278,0.017253519967198372,0.4364066421985626,0.010171794332563877,0.05889136344194412],[0.006436145398765802,0.3413850963115692,0.040812116116285324,0.15578831732273102,0.010396474972367287,0.0394117534160614,0.3879881203174591,0.003315173787996173,0.014466812834143639]],"label":[0,0,0,1,0,0,0,0,0]}