{"input":[[0.00035061477683484554,0.0001238858385477215,0.0013545678230002522,0.9748225212097168,0.010868668556213379,0.00040984980296343565,0.009401725605130196,0.0006556567968800664,0.0020125722512602806],[0.007316113915294409,0.0013097731862217188,0.01519547589123249,0.773772656917572,0.15399189293384552,0.0021719224750995636,0.013986891135573387,0.0070029026828706264,0.025252366438508034]],"label":[0,0,0,0,1,0,0,0,0]}