{"input":[[0.0013146587880328298,0.15482451021671295,0.0026354631409049034,0.0020918871741741896,0.002671895083039999,0.3061526417732239,0.49416306614875793,0.005733186844736338,0.030412528663873672],[0.017148982733488083,0.045874591916799545,0.01494796946644783,0.04706481471657753,0.018239779397845268,0.2086070030927658,0.5449849963188171,0.05714062973856926,0.04599122330546379]],"label":[0,0,0,0,0,1,0,0,0]}