{"input":[[0.011871873401105404,0.00856363121420145,0.4101724624633789,0.01951538771390915,0.028256641700863838,0.0045103090815246105,0.019632842391729355,0.4657633900642395,0.031713444739580154],[0.013931305147707462,0.04806048423051834,0.3256903290748596,0.013603066094219685,0.04178372398018837,0.005021865013986826,0.03582589328289032,0.49744102358818054,0.018642324954271317]],"label":[0,0,0,0,0,0,0,1,0]}