{"input":[[0.28066644072532654,0.010231111198663712,0.31501305103302,0.013482983224093914,0.06261397898197174,0.0029256921261548996,0.015606905333697796,0.24730989336967468,0.05214991047978401],[0.1908622831106186,0.0092456741258502,0.3163468837738037,0.005351133644580841,0.04608269780874252,0.0008286156225949526,0.0030430189799517393,0.4024255871772766,0.02581411972641945]],"label":[0,0,0,0,0,0,0,0,1]}