{"input":[[0.01112323347479105,0.3678939938545227,0.0027863166760653257,0.03464043512940407,0.02244715765118599,0.2166961431503296,0.24159374833106995,0.0479203537106514,0.054898492991924286],[0.05055825039744377,0.11479415744543076,0.3055630326271057,0.1084769144654274,0.030371828004717827,0.1310686618089676,0.0729462280869484,0.14456917345523834,0.041651688516139984]],"label":[0,1,0,0,0,0,0,0,0]}