{"input":[[0.15469078719615936,0.0017427073325961828,0.09260473400354385,1.9177194189978763e-05,0.002310139359906316,0.002228578319773078,0.004558116663247347,0.7413196563720703,0.0005260769394226372],[0.31110626459121704,8.417077333433554e-05,0.14199011027812958,1.2095343663531821e-05,0.002810361562296748,0.00010388689406681806,0.0008087872993201017,0.5429096817970276,0.00017467388533987105]],"label":[0,0,1,0,0,0,0,0,0]}