{"input":[[0.0024335505440831184,0.018276397138834,0.001206938992254436,0.02877701073884964,0.02102651260793209,0.07853385806083679,0.8383874297142029,0.0073930975049734116,0.003965161740779877],[0.05527361482381821,0.09595857560634613,0.017643911764025688,0.13447432219982147,0.018412021920084953,0.13302704691886902,0.33590567111968994,0.15684641897678375,0.052458424121141434]],"label":[0,0,0,0,0,1,0,0,0]}