{"input":[[0.003738550003618002,0.012030852027237415,0.014677670784294605,0.2735242545604706,0.01132496353238821,0.06149962544441223,0.6101393103599548,0.0051897126249969006,0.007874968461692333],[0.007590868044644594,0.3100276291370392,0.06376312673091888,0.0734407976269722,0.005678683985024691,0.3024214506149292,0.1769304871559143,0.03463788330554962,0.025509154424071312]],"label":[0,0,0,0,0,0,1,0,0]}