{"input":[[0.0010691413190215826,0.00022745775640942156,0.019975299015641212,0.6364914178848267,0.16408906877040863,0.0007982146926224232,0.007509525865316391,0.01630488410592079,0.15353506803512573],[0.006854809354990721,0.007236866746097803,0.014126656576991081,0.048253681510686874,0.017938699573278427,0.04358912259340286,0.06809908896684647,0.10202788561582565,0.6918731927871704]],"label":[0,0,0,1,0,0,0,0,0]}