{"input":[[0.5488277673721313,0.27797937393188477,0.006548141594976187,3.685291858346318e-06,2.928631374743418e-06,0.004061535932123661,0.035346705466508865,0.12587173283100128,0.0013581379316747189],[0.8941178321838379,0.005079738330096006,0.016131186857819557,1.8272177157996339e-06,5.967158813291462e-06,4.4035194150637835e-05,0.010737579315900803,0.07191195338964462,0.001969933742657304]],"label":[1,0,0,0,0,0,0,0,0]}