{"input":[[9.688532736618072e-05,0.0004911719588562846,0.630202054977417,5.2207826229278e-05,0.0052818250842392445,3.801936691161245e-05,0.0002971974608954042,0.3566216826438904,0.0069189900532364845],[5.889043313800357e-05,0.002893028547987342,0.2951999604701996,1.0127731684406172e-06,0.010835405439138412,0.00016605907876510173,5.2711569878738374e-05,0.6885722279548645,0.0022207675501704216]],"label":[0,0,0,0,0,0,0,1,0]}