{"input":[[0.0047455281019210815,0.0032289675436913967,0.0064274319447577,0.12720686197280884,0.20010758936405182,0.006640871521085501,0.039127085357904434,0.013571235351264477,0.598944365978241],[0.07127466052770615,0.06795419007539749,0.11621512472629547,0.3254486322402954,0.026786472648382187,0.07370705902576447,0.11092698574066162,0.09320922195911407,0.11447755247354507]],"label":[0,0,0,1,0,0,0,0,0]}