{"input":[[0.08161716908216476,0.00019894144497811794,0.026662105694413185,0.2591439485549927,0.5865464806556702,0.00022138116764836013,0.008153146132826805,0.012030765414237976,0.025426072999835014],[0.014863771386444569,0.0007514504250138998,0.023102661594748497,0.7901541590690613,0.11718200147151947,0.0008964321459643543,0.014716503210365772,0.0056842537596821785,0.032648783177137375]],"label":[0,0,0,1,0,0,0,0,0]}