{"input":[[0.002022800501435995,0.001681132591329515,0.0015063914470374584,0.17816027998924255,0.006338516715914011,0.03019355982542038,0.7625429630279541,0.0006787856691516936,0.01687559485435486],[0.010790100321173668,0.01064053364098072,0.005568970460444689,0.2989151179790497,0.14227084815502167,0.021183641627430916,0.46777456998825073,0.009731904603540897,0.03312436491250992]],"label":[0,0,0,0,0,0,1,0,0]}