{"input":[[0.00019148366118315607,0.0006345136207528412,0.0002837127831298858,0.5563329458236694,0.32420995831489563,0.0008630824740976095,0.1170443445444107,0.00018053653184324503,0.00025949429254978895],[0.056584496051073074,0.046735621988773346,0.06867098808288574,0.47305014729499817,0.04334259405732155,0.04325728118419647,0.1847137063741684,0.04266611114144325,0.040979158133268356]],"label":[0,0,0,1,0,0,0,0,0]}