{"input":[[0.003953573759645224,0.6369554996490479,0.0033630107063800097,0.019171541556715965,0.0015875507378950715,0.1278831660747528,0.18608127534389496,0.008156941272318363,0.012847437523305416],[0.011204825714230537,0.2543695569038391,0.033906884491443634,0.009474280290305614,0.008359799161553383,0.2571088671684265,0.359223335981369,0.05373166501522064,0.012620748020708561]],"label":[0,1,0,0,0,0,0,0,0]}