{"input":[[0.00166563771199435,5.2107847295701504e-05,0.016128387302160263,0.7105389833450317,0.028542891144752502,0.004038641229271889,0.21486295759677887,0.0003029987565241754,0.023867374286055565],[0.012168250977993011,0.026325548067688942,0.1406203806400299,0.4658403992652893,0.0768500342965126,0.0594465397298336,0.1199939027428627,0.016732128337025642,0.08202272653579712]],"label":[0,0,0,1,0,0,0,0,0]}