{"input":[[0.05505675822496414,0.027821959927678108,0.3281101882457733,0.018197141587734222,0.015496509149670601,0.005056408233940601,0.06224345415830612,0.27277401089668274,0.2152436524629593],[0.044723160564899445,0.017145711928606033,0.6877940893173218,0.04590918868780136,0.048064105212688446,0.005544654093682766,0.05546748638153076,0.09006604552268982,0.005285599268972874]],"label":[0,0,0,0,0,0,0,0,1]}