{"input":[[0.22873811423778534,0.10516585409641266,0.11392711102962494,0.02985844761133194,0.061693787574768066,0.020158326253294945,0.04856976494193077,0.34333106875419617,0.048557594418525696],[0.025430770590901375,0.16669665277004242,0.04716816172003746,0.09857317805290222,0.012941651977598667,0.11888358741998672,0.3704932630062103,0.08881757408380508,0.07099509984254837]],"label":[0,0,0,0,0,0,0,0,1]}