{"input":[[0.0007756091072224081,0.5318877696990967,0.020498735830187798,0.0060234395787119865,0.0109864491969347,0.08221383392810822,0.30315783619880676,0.00034098821924999356,0.044115323573350906],[0.0031226344872266054,0.11803148686885834,0.03239454701542854,0.008143031969666481,0.046077050268650055,0.4267174005508423,0.3435518145561218,0.005238323472440243,0.01672365702688694]],"label":[0,0,0,0,0,1,0,0,0]}