{"input":[[0.2897069454193115,0.019244957715272903,0.001516594085842371,7.228874892462045e-06,4.2310526623623446e-05,0.034208402037620544,0.5683140754699707,0.08217070251703262,0.004788799677044153],[0.6820296049118042,0.0011383533710613847,0.00443998072296381,4.0576134097136674e-07,7.878520591475535e-06,0.009426114149391651,0.29490286111831665,0.007943699136376381,0.00011120793351437896]],"label":[1,0,0,0,0,0,0,0,0]}