{"input":[[0.0016115702455863357,0.0031580226495862007,0.0014300293987616897,0.7960055470466614,0.028949296101927757,0.00937825907021761,0.12278103083372116,0.004987750668078661,0.03169843927025795],[0.018757766112685204,0.002829374512657523,0.00673529040068388,0.8766418099403381,0.036907922476530075,0.004911246709525585,0.02909286879003048,0.013384751975536346,0.010738987475633621]],"label":[0,0,0,0,1,0,0,0,0]}