{"input":[[0.0008994198869913816,0.03223370388150215,0.00032709434162825346,0.07724746316671371,0.0005837321514263749,0.078155517578125,0.7816888689994812,0.004578488413244486,0.024285687133669853],[0.012302449904382229,0.0913812518119812,0.010563166812062263,0.1484481692314148,0.015133931301534176,0.26457080245018005,0.2788035571575165,0.05563938245177269,0.12315724045038223]],"label":[0,0,0,0,0,1,0,0,0]}