{"input":[[0.8669021129608154,0.0006715618656016886,0.012511258013546467,0.0021100309677422047,0.027857210487127304,0.00036315215402282774,0.07528700679540634,0.006038318853825331,0.008259364403784275],[0.4730581045150757,0.009510808624327183,0.11956682056188583,0.0031996166799217463,0.040494274348020554,0.0031378096900880337,0.06391896307468414,0.19227080047130585,0.09484272450208664]],"label":[1,0,0,0,0,0,0,0,0]}