{"input":[[0.017667502164840698,0.015717435628175735,0.0828292965888977,0.2273319512605667,0.12293832749128342,0.01847650669515133,0.10516728460788727,0.24114854633808136,0.16872309148311615],[0.024540221318602562,0.006138525903224945,0.0434456393122673,0.6719441413879395,0.12199653685092926,0.00566077558323741,0.04577689617872238,0.045370329171419144,0.03512682393193245]],"label":[0,0,0,1,0,0,0,0,0]}