{"input":[[0.0033723728265613317,0.02164405956864357,0.0016600145027041435,0.0012594290310516953,0.00030172683182172477,0.008310571312904358,0.20707477629184723,0.7210767865180969,0.03530021011829376],[0.005328088998794556,0.09763888269662857,0.004373978823423386,0.009281785227358341,0.0021299971267580986,0.08655330538749695,0.6621472239494324,0.05377732962369919,0.07876942306756973]],"label":[0,0,0,0,0,0,0,1,0]}