{"input":[[0.35389113426208496,0.002303670160472393,0.5216993093490601,0.0001366711367154494,0.002324281260371208,0.0002060144761344418,0.000878581078723073,0.113901287317276,0.00465908320620656],[0.08090083301067352,0.03902680054306984,0.04232100397348404,0.0009173303842544556,0.004764176439493895,0.019785385578870773,0.0449773333966732,0.7290139198303223,0.03829321265220642]],"label":[1,0,0,0,0,0,0,0,0]}