{"input":[[0.010378588922321796,0.0006252235034480691,0.004800661001354456,0.684289813041687,0.24951428174972534,0.0037536851596087217,0.032708946615457535,0.002372163347899914,0.011556652374565601],[0.024242952466011047,0.008700496517121792,0.032608043402433395,0.11085571348667145,0.48691922426223755,0.08619934320449829,0.16855788230895996,0.047995876520872116,0.033920470625162125]],"label":[1,0,0,0,0,0,0,0,0]}