{"input":[[0.8176004886627197,0.0005490534822456539,0.0007628343300893903,8.978651749202982e-06,0.0005787467234767973,0.0014332010177895427,0.16717514395713806,0.0010827555088326335,0.010808865539729595],[0.5793634057044983,0.00043453159742057323,0.005874013993889093,3.262480458943173e-05,0.0034143291413784027,0.005225467961281538,0.06706329435110092,0.2732035219669342,0.06538870185613632]],"label":[1,0,0,0,0,0,0,0,0]}