{"input":[[0.001479427795857191,0.24517929553985596,0.006464426405727863,0.0016042664647102356,0.0008810937288217247,0.05086679384112358,0.5885866284370422,0.08004742860794067,0.024890726432204247],[0.12390629947185516,0.014180898666381836,0.0858137384057045,0.022005071863532066,0.01624995470046997,0.005409738980233669,0.04295171797275543,0.6809887886047363,0.008493763394653797]],"label":[0,0,0,0,0,0,1,0,0]}