{"input":[[0.0006948621012270451,0.0006774822250008583,0.009362500160932541,0.6769814491271973,0.08273619413375854,0.0009343874990008771,0.21504029631614685,0.0034415607806295156,0.010131224989891052],[0.0055518425069749355,0.0026024223770946264,0.012171918526291847,0.6958727836608887,0.02295287698507309,0.006311989855021238,0.20504195988178253,0.006456638686358929,0.04303758963942528]],"label":[0,0,0,1,0,0,0,0,0]}