{"input":[[0.0020238240249454975,0.000597077130805701,0.04110795632004738,0.1631733626127243,0.2917316257953644,0.008763614110648632,0.44822752475738525,0.0006468428764492273,0.04372818395495415],[0.029016481712460518,0.0643758475780487,0.1737881898880005,0.23784656822681427,0.10254007577896118,0.043945085257291794,0.10588407516479492,0.11479973793029785,0.1278039962053299]],"label":[0,0,1,0,0,0,0,0,0]}