{"input":[[0.18685507774353027,0.016604546457529068,0.004735478200018406,0.2504346966743469,0.2146904319524765,0.05776863545179367,0.225709468126297,0.03483864665031433,0.00836301688104868],[0.010525558143854141,0.05248945206403732,0.030076442286372185,0.4838932454586029,0.18768341839313507,0.04333055764436722,0.1500331163406372,0.03436591476202011,0.007602238561958075]],"label":[0,0,0,1,0,0,0,0,0]}