{"input":[[0.0013218863168731332,0.0427577830851078,0.00197976385243237,0.023048168048262596,0.0016440915642306209,0.0037596053443849087,0.06354760378599167,0.7556087970733643,0.10633230209350586],[0.050194721668958664,0.007777705322951078,0.3446003794670105,0.09670897573232651,0.004164570942521095,0.0024277137126773596,0.08677462488412857,0.3636147677898407,0.04373662918806076]],"label":[0,0,0,0,0,0,0,1,0]}