{"input":[[0.006933641154319048,0.04128053039312363,0.010293148458003998,0.014200502075254917,0.24738013744354248,0.07355233281850815,0.45988622307777405,0.025074400007724762,0.12139905989170074],[0.023812150582671165,0.21066099405288696,0.013755436055362225,0.06730746477842331,0.008016163483262062,0.15296848118305206,0.46236369013786316,0.04150909185409546,0.019606566056609154]],"label":[0,0,0,0,0,1,0,0,0]}