{"input":[[0.22370560467243195,0.022565385326743126,0.12137579172849655,0.0901542380452156,0.14727243781089783,0.02261783555150032,0.08704634010791779,0.07138001173734665,0.21388237178325653],[0.7623543739318848,0.005695173982530832,0.13681359589099884,0.0007030250853858888,0.002139618620276451,0.0004438899050001055,0.06637416034936905,0.019219353795051575,0.006256890948861837]],"label":[0,1,0,0,0,0,0,0,0]}