{"input":[[0.07755858451128006,0.011849861592054367,0.27948322892189026,0.0661609023809433,0.13521672785282135,0.004451107699424028,0.20928168296813965,0.08222979307174683,0.13376818597316742],[0.04332108423113823,0.02531202882528305,0.37967249751091003,0.07343873381614685,0.04057544469833374,0.0021592439152300358,0.1027417704463005,0.1429728865623474,0.18980631232261658]],"label":[0,0,0,0,0,0,0,0,1]}