{"input":[[0.0009890402434393764,0.33105790615081787,0.0013298529665917158,0.004584872163832188,0.00011044558050343767,0.09764526784420013,0.5566726922988892,0.00022487448586616665,0.007385004311800003],[0.0018192639108747244,0.6413800716400146,0.0031999005004763603,0.0014447275316342711,0.0021447190083563328,0.1270488053560257,0.21993491053581238,0.00017168741032946855,0.0028559635393321514]],"label":[0,1,0,0,0,0,0,0,0]}