{"input":[[0.11761399358510971,9.653651068219915e-05,0.5871189832687378,0.009456448256969452,0.18585915863513947,0.00042036932427436113,0.007783425971865654,0.052904609590768814,0.03874644637107849],[0.05684664845466614,0.00027144086197949946,0.16151678562164307,0.0014021467650309205,0.07531903684139252,0.00021579860185738653,0.00341893476434052,0.6496697068214417,0.051339540630578995]],"label":[1,0,0,0,0,0,0,0,0]}