{"input":[[0.0003880981239490211,0.005084982607513666,8.810218423604965e-05,0.006269329693168402,0.0005733648431487381,0.02708161249756813,0.9548423290252686,0.0007694844389334321,0.0049026901833713055],[0.005892507266253233,0.011833960190415382,0.010655826888978481,0.5318763852119446,0.03823778033256531,0.04297305643558502,0.12178317457437515,0.14792807400226593,0.0888192281126976]],"label":[0,0,0,0,0,0,1,0,0]}