{"input":[[0.0012618328910320997,0.07528021931648254,0.009966106154024601,0.01785038597881794,0.04486125335097313,0.005711140111088753,0.7391399145126343,0.09551168233156204,0.010417495854198933],[0.046001136302948,0.06027762591838837,0.1492854803800583,0.20674459636211395,0.03657865151762962,0.012212411500513554,0.20200997591018677,0.1748744398355484,0.11201559007167816]],"label":[0,1,0,0,0,0,0,0,0]}