{"input":[[0.005453231744468212,0.00125440105330199,0.808140754699707,0.004040164407342672,0.07979799807071686,0.00012164410145487636,0.0023344566579908133,0.08134671300649643,0.017510555684566498],[0.039487484842538834,0.009995113126933575,0.6529169678688049,0.016683634370565414,0.05598805099725723,0.005125869065523148,0.01647849567234516,0.11664800345897675,0.08667640388011932]],"label":[0,0,0,0,1,0,0,0,0]}