{"input":[[0.6750749945640564,0.0013181217946112156,0.04278385639190674,0.0012739739613607526,0.01153197418898344,0.0007757022976875305,0.001992463832721114,0.24374380707740784,0.021505147218704224],[0.3175579607486725,0.0010610073804855347,0.36436906456947327,5.4386473493650556e-05,0.0006282670656219125,0.002499098889529705,0.021268218755722046,0.28202199935913086,0.010540037415921688]],"label":[0,0,1,0,0,0,0,0,0]}