{"input":[[0.012699364684522152,0.03648916259407997,0.012759924866259098,0.00837697833776474,0.012721608392894268,0.01428869366645813,0.5949562191963196,0.20207543671131134,0.10563267767429352],[0.07712799310684204,0.007311057299375534,0.1218683049082756,0.004977346397936344,0.023799017071723938,0.0022989942226558924,0.015194627456367016,0.7129939198493958,0.03442874178290367]],"label":[0,0,0,0,0,0,0,1,0]}