{"input":[[0.0038787575904279947,0.41947051882743835,0.002246618503704667,0.0005199903389438987,0.00011509686009958386,0.022248441353440285,0.5188755393028259,0.020000571385025978,0.01264446321874857],[0.04164518415927887,0.015581764280796051,0.06293540447950363,0.0013992834137752652,0.0011850731680169702,0.025242194533348083,0.0853198990225792,0.6182457208633423,0.1484455019235611]],"label":[0,0,0,0,0,0,0,1,0]}