{"input":[[0.8730789422988892,0.0005909380852244794,0.015621647238731384,0.00542609253898263,0.03576866537332535,0.0004419601464178413,0.004819153808057308,0.04885302111506462,0.015399585478007793],[0.6383842825889587,0.0005365730612538755,0.2890776991844177,0.006241859868168831,0.005436742212623358,0.001618888694792986,0.004704051651060581,0.025044066831469536,0.02895590290427208]],"label":[1,0,0,0,0,0,0,0,0]}