{"input":[[0.014724547043442726,0.00035653781378641725,0.014639304019510746,0.2582029700279236,0.678077220916748,0.0007597911171615124,0.0218654852360487,0.004079925362020731,0.007294213864952326],[0.007147263269871473,0.0013111872831359506,0.3860208988189697,0.2249084711074829,0.14617007970809937,0.0026455558836460114,0.04787902534008026,0.028813712298870087,0.15510377287864685]],"label":[0,0,0,1,0,0,0,0,0]}