{"input":[[0.0023194430395960808,0.017644863575696945,0.015768174082040787,0.17486314475536346,0.01659546047449112,0.013118571601808071,0.7073022723197937,0.010090851224958897,0.0422971174120903],[0.019022751599550247,0.04880247637629509,0.05612846836447716,0.20053096115589142,0.03960919752717018,0.02327905036509037,0.355532169342041,0.05294300615787506,0.20415188372135162]],"label":[0,0,1,0,0,0,0,0,0]}