{"input":[[0.0009300822857767344,0.010478430427610874,0.0006182477227412164,0.11747244000434875,0.0004866680537816137,0.06911439448595047,0.7433580756187439,0.006327207665890455,0.05121437460184097],[0.0025031871628016233,0.0018771245377138257,0.015795469284057617,0.8180221915245056,0.009576822631061077,0.008651084266602993,0.09756660461425781,0.007388755679130554,0.03861874341964722]],"label":[0,0,0,0,0,0,1,0,0]}