{"input":[[0.0008178325952030718,0.00019790332589764148,0.0015476762782782316,0.8668338060379028,0.01920499838888645,0.0016510632121935487,0.10272937268018723,0.0001320181181654334,0.00688527524471283],[0.02344304881989956,0.006614732090383768,0.019787399098277092,0.5521360039710999,0.05203373730182648,0.032395102083683014,0.10870762914419174,0.006095017772167921,0.19878722727298737]],"label":[0,0,0,0,1,0,0,0,0]}