{"input":[[0.021073587238788605,3.054893795706448e-06,0.008617398329079151,0.06290055066347122,0.9012311697006226,0.00026254262775182724,0.0037971464917063713,0.00015651097055524588,0.0019580391235649586],[0.013982330448925495,0.006985710002481937,0.14813464879989624,0.5709955096244812,0.17315420508384705,0.004638970363885164,0.055774908512830734,0.008821581490337849,0.017512032762169838]],"label":[0,0,0,0,1,0,0,0,0]}