{"input":[[0.004564441274851561,0.6387971639633179,0.02103470079600811,0.0015092407120391726,0.0017710932297632098,0.02326241135597229,0.2880720794200897,0.0012080352753400803,0.019780879840254784],[0.003534593852236867,0.5382687449455261,0.12747445702552795,0.004073885269463062,0.005027960520237684,0.15397877991199493,0.04202216491103172,0.05880322679877281,0.06681621074676514]],"label":[0,1,0,0,0,0,0,0,0]}