{"input":[[0.000772390456404537,0.025202132761478424,0.00013114474131725729,0.00014227374049369246,7.66111770644784e-05,0.04127829521894455,0.9317173361778259,0.0001559631054988131,0.0005239122547209263],[0.026525216177105904,0.031372129917144775,0.0742308497428894,0.2336803674697876,0.025654204189777374,0.08011803030967712,0.3996621370315552,0.04101774841547012,0.08773934096097946]],"label":[0,0,0,0,0,0,1,0,0]}