{"input":[[0.00048227215302176774,0.007354918867349625,0.0009115906432271004,0.000372422335203737,0.000355233671143651,0.0067757656797766685,0.7881864309310913,0.013684160076081753,0.1818772256374359],[0.005812446586787701,0.059435371309518814,0.10451319813728333,0.0033028461039066315,0.008736965246498585,0.09437227249145508,0.0683596283197403,0.5788821578025818,0.07658505439758301]],"label":[0,1,0,0,0,0,0,0,0]}