{"input":[[0.0008010186720639467,9.718385990709066e-05,0.013325247913599014,0.3779044449329376,0.5952311754226685,0.0003206818364560604,0.007605465594679117,0.002402743324637413,0.002312028082087636],[0.002085146028548479,0.00473681278526783,0.16645388305187225,0.38025039434432983,0.07330527901649475,0.009563201107084751,0.2958686947822571,0.003702806308865547,0.06403376907110214]],"label":[0,0,0,1,0,0,0,0,0]}