{"input":[[0.003286344464868307,0.0003597947070375085,0.0013552112504839897,0.6219678521156311,0.04765019565820694,0.0090062590315938,0.3088117837905884,0.002404711442068219,0.00515784090384841],[0.0009500111336819828,0.00018193201685789973,0.0009665355319157243,0.9192156791687012,0.01954391598701477,0.0021839828696101904,0.05065227299928665,0.0014073782367631793,0.004898339044302702]],"label":[0,0,0,1,0,0,0,0,0]}