{"input":[[0.03074600175023079,0.009260322898626328,0.13964882493019104,0.4272732436656952,0.06964080035686493,0.014233455061912537,0.07587311416864395,0.16323426365852356,0.07008999586105347],[0.058845341205596924,0.007716935593634844,0.2100934088230133,0.16861315071582794,0.017605530098080635,0.003235522424802184,0.06994539499282837,0.41372546553611755,0.05021930858492851]],"label":[0,0,0,0,0,0,0,0,1]}