{"input":[[0.008138304576277733,0.003374685999006033,0.3446938991546631,0.06634364277124405,0.1597118079662323,0.012336691841483116,0.26431336998939514,0.04445793107151985,0.09662973880767822],[0.03498554229736328,0.0005038465606048703,0.7547808885574341,0.003545902669429779,0.033110640943050385,0.0011307669337838888,0.011823841370642185,0.1387328803539276,0.02138577401638031]],"label":[0,0,1,0,0,0,0,0,0]}