{"input":[[0.003375833621248603,0.00017984709120355546,0.0032093990594148636,0.9082952737808228,0.03997195139527321,0.00016578786016907543,0.04403382167220116,0.0001848044339567423,0.0005832983879372478],[0.0014682298060506582,0.0002653960546012968,0.010771706700325012,0.802547037601471,0.03776506707072258,0.001019887044094503,0.1021454930305481,0.03992100805044174,0.004096089396625757]],"label":[0,0,0,1,0,0,0,0,0]}