{"input":[[0.003793519688770175,0.4295046925544739,0.0007747386116534472,0.0008545580203644931,0.0005085576558485627,0.03844952955842018,0.5209404826164246,0.0025723695289343596,0.0026015788316726685],[0.01720115914940834,0.15360772609710693,0.03801177442073822,0.05645160749554634,0.00830116868019104,0.08416534215211868,0.48525339365005493,0.06303779035806656,0.09397011250257492]],"label":[0,1,0,0,0,0,0,0,0]}