{"input":[[0.0018195840530097485,0.008479014039039612,0.001101824687793851,0.9240066409111023,0.017233777791261673,0.019395366311073303,0.027482178062200546,5.142715235706419e-05,0.00043022833415307105],[0.00032079164520837367,0.0010988465510308743,0.010285386815667152,0.8865354061126709,0.02540067955851555,0.0336114801466465,0.03990550339221954,0.00013160027447156608,0.0027104071341454983]],"label":[0,0,0,1,0,0,0,0,0]}