{"input":[[0.0008064843132160604,0.0007312807138077915,3.862268931698054e-05,6.661822408204898e-05,0.00014735833974555135,0.01112851221114397,0.986783504486084,7.625226862728596e-05,0.00022144895046949387],[0.01825678162276745,0.008728865534067154,0.03870930150151253,0.26440784335136414,0.012490097433328629,0.20714397728443146,0.3321693241596222,0.004865070804953575,0.11322872340679169]],"label":[0,0,0,0,0,1,0,0,0]}