{"input":[[0.001306135207414627,0.02241155318915844,0.0007429554243572056,0.03493701294064522,0.0008925239671953022,0.4328453540802002,0.505086362361908,0.00028416418354026973,0.0014939538668841124],[0.002127553801983595,0.006303084082901478,0.00376113667152822,0.004293207079172134,0.0002413862821413204,0.22393140196800232,0.7577863335609436,0.00019879351020790637,0.0013571131275966763]],"label":[0,0,0,0,0,1,0,0,0]}