{"input":[[0.009080302901566029,0.0234463419765234,0.05907623469829559,0.0636671856045723,0.13450796902179718,0.06877312064170837,0.2265154868364334,0.331242173910141,0.08369116485118866],[0.010384143330156803,0.04894913733005524,0.07612740248441696,0.09395554661750793,0.036309245973825455,0.058519285172224045,0.356422483921051,0.280714213848114,0.03861856833100319]],"label":[0,0,0,0,0,0,0,0,1]}