{"input":[[0.0007778587751090527,0.002409443724900484,0.0810093879699707,0.006936514750123024,0.8502215147018433,4.318413630244322e-05,0.031057188287377357,0.013715510256588459,0.01382937841117382],[0.03755670785903931,0.0053470502607524395,0.7791174650192261,0.011028275825083256,0.04553331062197685,0.003975813277065754,0.09234005957841873,0.011662725359201431,0.013438630849123001]],"label":[0,0,0,0,1,0,0,0,0]}