{"input":[[0.0046851313672959805,0.0034843229223042727,0.0031232761684805155,0.17654794454574585,0.0006151620764285326,0.007027653511613607,0.41415929794311523,0.004904464818537235,0.3854527175426483],[0.007593242917209864,0.02088097669184208,0.018110500648617744,0.13291345536708832,0.022361265495419502,0.04124506190419197,0.5996528267860413,0.10023915022611618,0.057003553956747055]],"label":[0,0,0,0,0,0,1,0,0]}