{"input":[[0.0004176100483164191,0.018508223816752434,0.0005680127069354057,0.04120871424674988,0.010680463165044785,0.04295226186513901,0.8488206267356873,0.0011136862449347973,0.035730455070734024],[0.030252395197749138,0.005306327249854803,0.14048629999160767,0.07461503893136978,0.06490529328584671,0.006228350102901459,0.44992154836654663,0.01386765856295824,0.21441702544689178]],"label":[0,0,0,1,0,0,0,0,0]}