{"input":[[0.0003151854616589844,7.708770863246173e-05,0.0009787899907678366,0.00019864871865138412,0.00030074489768594503,0.006636202335357666,0.9908289909362793,0.00022418200387619436,0.0004401170590426773],[0.045246392488479614,0.3180807828903198,0.05492103844881058,0.020638640969991684,0.020990418270230293,0.17503271996974945,0.10476119816303253,0.15478947758674622,0.10553938895463943]],"label":[0,0,0,0,0,0,1,0,0]}