{"input":[[0.0133125651627779,0.01424469891935587,0.010185466147959232,0.0035400944761931896,0.11842247098684311,0.002255030907690525,0.37086790800094604,0.32654690742492676,0.14062483608722687],[0.10514742881059647,0.017244767397642136,0.2807961404323578,0.02237267792224884,0.10655471682548523,0.029789112508296967,0.06701850891113281,0.2092485874891281,0.16182798147201538]],"label":[1,0,0,0,0,0,0,0,0]}