{"input":[[0.1269788146018982,0.016247769817709923,0.3916071057319641,0.0740928128361702,0.31018751859664917,0.0012916787527501583,0.037725046277046204,0.011694105342030525,0.030175108462572098],[0.49646615982055664,0.04414248839020729,0.10088606923818588,0.036231979727745056,0.023323610424995422,0.08047192543745041,0.14356008172035217,0.0472734160721302,0.027644259855151176]],"label":[0,0,1,0,0,0,0,0,0]}