{"input":[[0.07180462032556534,0.01854466088116169,0.02711842767894268,0.17808647453784943,0.025001125410199165,0.05064089968800545,0.17551922798156738,0.15307343006134033,0.3002111315727234],[0.09510309994220734,0.11346063762903214,0.10500924289226532,0.02622593566775322,0.009265097789466381,0.16706448793411255,0.27508673071861267,0.14386725425720215,0.06491748988628387]],"label":[0,0,0,0,0,0,0,0,1]}