{"input":[[0.0641278550028801,0.007053019478917122,0.011704626493155956,0.21470540761947632,0.012256667017936707,0.027693860232830048,0.5299752950668335,0.04338189959526062,0.0891013815999031],[0.0240633562207222,0.04439885914325714,0.06669951230287552,0.2485807090997696,0.08055554330348969,0.0656692162156105,0.4098527133464813,0.019055679440498352,0.04112434759736061]],"label":[0,0,0,1,0,0,0,0,0]}