{"input":[[2.3558137399959378e-05,7.09799564901914e-07,0.935945987701416,2.666860746103339e-05,0.001289895037189126,4.138348970172956e-07,3.183820354024647e-06,0.06206396967172623,0.0006454625399783254],[0.04867035895586014,0.005840771831572056,0.4094880223274231,0.012728367000818253,0.027646290138363838,0.014726049266755581,0.03562907502055168,0.19262860715389252,0.2526424825191498]],"label":[0,0,1,0,0,0,0,0,0]}