{"input":[[0.15135440230369568,0.041548825800418854,0.29834169149398804,0.12867805361747742,0.04848639294505119,0.1335073560476303,0.16074363887310028,0.015486071817576885,0.0218536127358675],[0.02483348920941353,0.015940053388476372,0.055455245077610016,0.073234423995018,0.01942533068358898,0.12555648386478424,0.6724178791046143,0.003317737253382802,0.009819299913942814]],"label":[0,0,1,0,0,0,0,0,0]}