{"input":[[0.020708715543150902,0.019502585753798485,0.005167308729141951,0.018029334023594856,0.0066631450317800045,0.13862447440624237,0.6314910054206848,0.15434740483760834,0.00546606071293354],[0.016386793926358223,0.0015202787471935153,0.09537576884031296,0.10056497156620026,0.5620227456092834,0.004621199797838926,0.14083899557590485,0.06248399615287781,0.016185274347662926]],"label":[0,0,0,0,0,0,1,0,0]}