{"input":[[0.07404913753271103,0.03371810168027878,0.22450675070285797,0.003619182389229536,0.1387868970632553,0.07362312078475952,0.33048418164253235,0.08240477740764618,0.038807835429906845],[0.39216896891593933,0.046934861689805984,0.06244603544473648,0.02513490803539753,0.03067193552851677,0.025836968794465065,0.15923099219799042,0.09582939743995667,0.16174598038196564]],"label":[0,0,0,0,0,0,0,0,1]}