{"input":[[0.00473995553329587,0.013792906887829304,0.0003775421646423638,0.11164330691099167,0.029182754456996918,0.3596228361129761,0.3144986927509308,0.0006201098440214992,0.16552196443080902],[0.009914323687553406,0.0012228977866470814,0.006734985392540693,0.7021341919898987,0.02421153150498867,0.039534974843263626,0.17567643523216248,0.0008957694517448545,0.03967493027448654]],"label":[0,0,0,0,0,0,1,0,0]}