{"input":[[0.000264447124209255,0.017959266901016235,0.0002086282620439306,0.00856921449303627,0.0007774857222102582,0.032632727175951004,0.9121778011322021,0.024681515991687775,0.0027288750279694796],[0.003435088088735938,0.0840991884469986,0.00308411568403244,0.005533325951546431,0.003829998429864645,0.09874903410673141,0.6520435214042664,0.12106724083423615,0.028158459812402725]],"label":[0,0,0,0,0,0,1,0,0]}