{"input":[[0.00812370702624321,0.0018427735194563866,0.13123086094856262,0.009053255431354046,0.0027702893130481243,0.0006176136084832251,0.8089613914489746,0.008213918656110764,0.029186200350522995],[0.018119579181075096,0.002938144374638796,0.03354397043585777,0.006126784719526768,0.0007991546299308538,0.0005076539819128811,0.9194393754005432,0.012359361164271832,0.00616605207324028]],"label":[0,0,0,0,0,0,0,1,0]}