{"input":[[0.03954024240374565,0.00012888381024822593,0.0469546839594841,0.007784001529216766,0.5785594582557678,0.00014477287186309695,0.004491722676903009,0.11509577929973602,0.20730043947696686],[0.30420470237731934,0.007933016866445541,0.06091360002756119,0.0014901830581948161,0.014978335238993168,0.010152687318623066,0.14482201635837555,0.44550859928131104,0.009996929205954075]],"label":[0,0,0,0,1,0,0,0,0]}