{"input":[[0.000947409076616168,0.0200771763920784,0.000337764824507758,0.00029287461075000465,0.00034287499147467315,0.2500982880592346,0.7073262333869934,0.014335639774799347,0.006241782568395138],[0.06978906691074371,0.1504477709531784,0.09075558930635452,0.07742100208997726,0.007569874636828899,0.2765432298183441,0.0921865850687027,0.06293433904647827,0.17235255241394043]],"label":[0,0,0,0,0,1,0,0,0]}