{"input":[[4.901483771391213e-05,0.1839800328016281,6.015735198161565e-05,2.3301359760807827e-05,1.6406901295340504e-06,0.004534820094704628,0.8096372485160828,0.0011292356066405773,0.0005845114937983453],[0.0005323751247487962,0.9608356356620789,0.0009250547154806554,0.0001345471100648865,3.916627247235738e-05,0.02511383406817913,0.01189971249550581,0.00043142354115843773,8.821930532576516e-05]],"label":[0,1,0,0,0,0,0,0,0]}