{"input":[[0.3265722095966339,0.00021332374308258295,0.5469554662704468,0.00825557578355074,0.015083903446793556,0.00016315965331159532,0.0050691282376646996,0.08795905113220215,0.00972819235175848],[0.08737654983997345,0.004158577881753445,0.5714640617370605,0.11695262789726257,0.06524381786584854,0.0031259492971003056,0.0436922125518322,0.07542700320482254,0.032559216022491455]],"label":[0,0,1,0,0,0,0,0,0]}