{"input":[[0.0012009615311399102,0.0010329444194212556,0.0026110911276191473,0.0026231599040329456,0.005114606581628323,0.0008004360133782029,0.9766594171524048,0.00650088069960475,0.003456437960267067],[0.0022821424063295126,0.19581587612628937,0.015092292800545692,2.7226762995269382e-06,0.000758479640353471,0.0007474657613784075,0.6808475852012634,0.10238812118768692,0.002065305830910802]],"label":[0,0,0,0,0,0,1,0,0]}