{"input":[[7.815659046173096e-06,0.0025359808932989836,0.0009942842880263925,0.00905472319573164,0.00020460414816625416,0.003898771246895194,0.9811267256736755,0.0018646271200850606,0.00031247062725014985],[0.0023796758614480495,0.09306968003511429,0.07154130935668945,0.008039728738367558,0.0033115099649876356,0.05445575341582298,0.7476069927215576,0.01710246130824089,0.002492849249392748]],"label":[0,0,0,0,0,0,1,0,0]}