{"input":[[0.0029065946582704782,0.002651491668075323,0.021055789664387703,0.03653185814619064,0.015539574436843395,0.002542095026001334,0.911658763885498,0.0025997161865234375,0.0045141796581447124],[0.02974712662398815,0.11542218178510666,0.06000197306275368,0.10324345529079437,0.01458154246211052,0.0743739902973175,0.32971951365470886,0.1671503782272339,0.10575976222753525]],"label":[0,0,0,1,0,0,0,0,0]}