{"input":[[0.10260674357414246,0.004265099763870239,0.37481606006622314,0.011923625133931637,0.38636037707328796,0.0008450081804767251,0.09249231219291687,0.0169513002038002,0.009739485569298267],[0.004128908272832632,0.0016980028012767434,0.790561318397522,0.0413992665708065,0.14220325648784637,0.0015379844699054956,0.014210371300578117,0.0034181897062808275,0.0008427527500316501]],"label":[0,0,0,0,1,0,0,0,0]}