{"input":[[0.019379423931241035,0.13194239139556885,0.0015367507003247738,0.018456535413861275,0.003983363974839449,0.1958876997232437,0.4129371643066406,0.13455212116241455,0.0813244879245758],[0.007695784326642752,0.005880238488316536,0.005852815695106983,0.003638126887381077,0.0018822873244062066,0.0039087822660803795,0.025743212550878525,0.9137261509895325,0.03167261928319931]],"label":[0,0,0,0,0,0,0,0,1]}