{"input":[[0.002930434886366129,0.00031819476862438023,0.004651813302189112,0.9235971570014954,0.021975288167595863,0.0002793610910885036,0.009858652949333191,0.0037888051010668278,0.03260029852390289],[0.01939397305250168,0.006838752888143063,0.02252516709268093,0.8272448778152466,0.047964099794626236,0.005454336758702993,0.03432122990489006,0.018663577735424042,0.017594024538993835]],"label":[0,0,0,1,0,0,0,0,0]}