{"input":[[0.009641865268349648,0.015121668577194214,0.00014080863911658525,0.013334235176444054,0.0017132251523435116,0.1513679027557373,0.7900777459144592,0.01068207249045372,0.007920460775494576],[0.36064445972442627,0.009257514961063862,0.030643217265605927,0.05183030664920807,0.24662166833877563,0.05770358070731163,0.09485866874456406,0.11112885922193527,0.037311628460884094]],"label":[0,1,0,0,0,0,0,0,0]}