{"input":[[0.004048341419547796,0.17895637452602386,0.0068913353607058525,0.004132380709052086,0.0007257985416799784,0.11292038857936859,0.6518829464912415,0.011556674726307392,0.0288858525454998],[0.01051408052444458,0.04096612706780434,0.2277727872133255,0.05901007354259491,0.009050699882209301,0.05711831897497177,0.5448369383811951,0.03105366975069046,0.019677285104990005]],"label":[0,1,0,0,0,0,0,0,0]}