{"input":[[0.0005029641324654222,0.6656181812286377,0.004605554509907961,0.0009431985672563314,0.0072894468903541565,0.1819339543581009,0.13524606823921204,0.0017438270151615143,0.002116789808496833],[0.06897315382957458,0.0476672500371933,0.19858258962631226,0.01695750094950199,0.005956410896033049,0.008420935831964016,0.6141951680183411,0.018621139228343964,0.02062586136162281]],"label":[0,0,0,0,0,0,1,0,0]}