{"input":[[0.7739174365997314,0.0008179480792023242,0.1684088259935379,7.015371920715552e-06,0.004180739168077707,7.192178600234911e-05,0.046825673431158066,0.004771531093865633,0.0009988837409764528],[0.12242674827575684,0.04922173172235489,0.6851177215576172,9.868076631391887e-07,0.0027842156123369932,0.0014363412046805024,0.011547866277396679,0.12245258688926697,0.0050117988139390945]],"label":[1,0,0,0,0,0,0,0,0]}