{"input":[[0.0009256194462068379,0.7406747341156006,0.005130185279995203,0.010821082629263401,0.002244051080197096,0.038278598338365555,0.19777318835258484,0.00016156912897713482,0.003990944474935532],[0.0034711279440671206,0.8372930288314819,0.0022167314309626818,0.004512075334787369,0.0032537931110709906,0.13017000257968903,0.016017617657780647,0.0007696378743276,0.002295934595167637]],"label":[0,1,0,0,0,0,0,0,0]}