{"input":[[0.005155008751899004,0.013944651000201702,0.3584911823272705,0.0006310729077085853,0.01655438542366028,0.0007460716878995299,0.11171077936887741,0.47796767950057983,0.014799322932958603],[0.18457423150539398,8.117352263070643e-05,0.24616891145706177,5.851408786838874e-06,0.0011621112935245037,2.4744462280068547e-05,0.0005938648828305304,0.5665544271469116,0.0008346269023604691]],"label":[0,0,0,0,0,0,0,1,0]}