{"input":[[0.03159492835402489,0.009114633314311504,0.024482710286974907,0.0031575122848153114,0.011969653889536858,0.018649019300937653,0.022220106795430183,0.7565752267837524,0.1222362071275711],[0.0024669982958585024,0.00020320522889960557,0.16440226137638092,0.00010072078293887898,0.0006623023073188961,0.0008643233450129628,0.002121728379279375,0.5482240915298462,0.28095439076423645]],"label":[0,0,0,0,0,0,0,1,0]}