{"input":[[0.00744595006108284,0.04732205346226692,0.03239288553595543,0.2655899226665497,0.13629969954490662,0.18929171562194824,0.1782531589269638,0.03741695359349251,0.10598767548799515],[0.039427343755960464,0.04004519060254097,0.20266808569431305,0.12596116960048676,0.1251511573791504,0.2020348310470581,0.10855745524168015,0.04546846076846123,0.11068626493215561]],"label":[0,0,0,1,0,0,0,0,0]}