{"input":[[0.009057318791747093,0.12279171496629715,0.1259351670742035,0.0548115111887455,0.004466724582016468,0.04828279837965965,0.5594707131385803,0.05193127691745758,0.023252790793776512],[0.08126155287027359,0.3219657838344574,0.04604377597570419,0.04673691466450691,0.012570909224450588,0.06741730123758316,0.2643272578716278,0.10103538632392883,0.05864112824201584]],"label":[0,0,1,0,0,0,0,0,0]}