{"input":[[0.003985729534178972,0.04190259054303169,0.06288809329271317,0.06918618828058243,0.014959784224629402,0.030260669067502022,0.5863007307052612,0.17305122315883636,0.017464958131313324],[0.0045346664264798164,0.028981318697333336,0.01848018914461136,0.03359648212790489,0.016306718811392784,0.027351588010787964,0.742780327796936,0.08918573707342148,0.038782961666584015]],"label":[0,0,0,0,0,0,1,0,0]}