{"input":[[0.7019307613372803,0.0004984737606719136,0.017618119716644287,0.009861981496214867,0.04382415488362312,0.002839165972545743,0.02377842366695404,0.17636875808238983,0.023280303925275803],[0.027016540989279747,7.885823288233951e-05,0.01509355939924717,0.001478175399824977,0.05523161590099335,0.0004181402618996799,0.002116263145580888,0.8822661638259888,0.016300717368721962]],"label":[1,0,0,0,0,0,0,0,0]}