{"input":[[0.07448811084032059,0.0010694987140595913,0.02075975202023983,1.386062376695918e-05,0.0033994580153375864,0.00014292051491793245,0.003891353029757738,0.8942660689353943,0.001969036879017949],[0.015126219019293785,0.03402360901236534,0.008937602862715721,0.0003597135655581951,0.0010097888298332691,0.0027745370753109455,0.008800062350928783,0.9249964952468872,0.003971965052187443]],"label":[0,0,0,0,0,0,0,1,0]}