{"input":[[0.007075824774801731,0.04337812587618828,0.009246044792234898,0.3714175820350647,0.006790375802665949,0.009144698269665241,0.5175005793571472,0.021173693239688873,0.014273058623075485],[0.018427489325404167,0.005492954980581999,0.1223914697766304,0.4336450397968292,0.24464751780033112,0.013225212693214417,0.06839486956596375,0.041465312242507935,0.05231017619371414]],"label":[0,0,0,1,0,0,0,0,0]}