{"input":[[0.0008087629685178399,0.06633768230676651,0.00117665680591017,0.010133505798876286,0.006179037969559431,0.3346695601940155,0.5614043474197388,0.010326046496629715,0.008964437060058117],[0.0026885566767305136,0.010116453282535076,0.05083812028169632,0.07246018946170807,0.0590028278529644,0.05582568794488907,0.6931918263435364,0.0029763157945126295,0.0529000461101532]],"label":[0,0,0,0,0,1,0,0,0]}