{"input":[[0.0004853700229432434,0.0013319136342033744,0.014977828599512577,0.24538443982601166,0.015229031443595886,0.025592075660824776,0.6866159439086914,0.005924292374402285,0.0044591398909688],[0.0653059259057045,0.039107546210289,0.2868385314941406,0.007502349559217691,0.01250186562538147,0.014499396085739136,0.41227129101753235,0.14530718326568604,0.016665887087583542]],"label":[0,0,0,0,0,0,0,1,0]}