{"input":[[0.002413498004898429,0.004060122184455395,0.0020146924071013927,0.6505106091499329,0.01679064892232418,0.02284856326878071,0.2934136390686035,0.0027761978562921286,0.005172036588191986],[0.0036135572008788586,0.0039762817323207855,0.0037192897871136665,0.8012519478797913,0.02666267193853855,0.02573513612151146,0.09550464898347855,0.0035756123252213,0.03596079349517822]],"label":[0,0,0,1,0,0,0,0,0]}