{"input":[[0.015271185897290707,0.0023943621199578047,0.25706905126571655,0.002464845310896635,0.008317556232213974,0.0007722552982158959,0.02271508239209652,0.6850417852401733,0.0059538609348237514],[0.03695045784115791,0.064505934715271,0.07368569076061249,0.0912754237651825,0.020750295370817184,0.04470252990722656,0.42419177293777466,0.2115209847688675,0.03241684287786484]],"label":[0,0,1,0,0,0,0,0,0]}