{"input":[[0.021678294986486435,0.005662557668983936,0.1354101598262787,0.022046536207199097,0.06040797382593155,0.0056472038850188255,0.33083006739616394,0.21928386390209198,0.19903342425823212],[0.047876983880996704,0.061067067086696625,0.054567381739616394,0.10424989461898804,0.05930667370557785,0.02403852716088295,0.2644729018211365,0.281994104385376,0.10242650657892227]],"label":[0,0,0,0,0,0,0,0,1]}