{"input":[[0.18556897342205048,0.007610693108290434,0.6028321981430054,0.0018519328441470861,0.008757615461945534,0.008408000692725182,0.08841852843761444,0.08295048028230667,0.013601619750261307],[0.1499108374118805,0.06941425055265427,0.43599480390548706,0.0272540170699358,0.015389381907880306,0.02520770952105522,0.0495014414191246,0.1873084157705307,0.04001922905445099]],"label":[0,0,0,0,0,0,1,0,0]}