{"input":[[0.0034330738708376884,0.30086153745651245,0.010891417972743511,0.08457911014556885,0.3071191906929016,0.1491614282131195,0.05411941185593605,0.03142089024186134,0.058413874357938766],[0.03213699162006378,0.06487517058849335,0.16801717877388,0.3509221076965332,0.09349502623081207,0.028498094528913498,0.18065245449543,0.0248413123190403,0.05656171590089798]],"label":[0,0,0,1,0,0,0,0,0]}