{"input":[[0.5038199424743652,0.0005499784601852298,0.25082850456237793,0.004940871614962816,0.006661893334239721,0.0015783158596605062,0.19486699998378754,0.030938444659113884,0.005814927630126476],[0.9836892485618591,0.0002473449567332864,0.002902850741520524,2.4767434297245927e-05,0.00045163455069996417,0.00012657613842748106,0.0014273200649768114,0.010921435430645943,0.00020884205878246576]],"label":[1,0,0,0,0,0,0,0,0]}