{"input":[[0.015069740824401379,0.01672406494617462,0.05566690117120743,0.12262560427188873,0.012283316813409328,0.029878223314881325,0.5687912702560425,0.0010299294954165816,0.17793093621730804],[0.008303512819111347,0.04076331853866577,0.07045302540063858,0.29165342450141907,0.20649772882461548,0.10905581712722778,0.21828894317150116,0.01021571084856987,0.04476853087544441]],"label":[0,0,0,0,1,0,0,0,0]}