{"input":[[0.17046751081943512,0.0102622639387846,0.11401759833097458,0.0010719754500314593,0.03765398636460304,0.0039118570275604725,0.40520578622817993,0.14202292263507843,0.11538608372211456],[0.062441300600767136,0.0042701405473053455,0.014108655974268913,0.0005197174032218754,0.007295688614249229,0.009732730686664581,0.06011947989463806,0.7793373465538025,0.06217499077320099]],"label":[1,0,0,0,0,0,0,0,0]}