{"input":[[0.001737926620990038,0.018104931339621544,0.008061698637902737,0.043057315051555634,0.04650726541876793,0.2737804651260376,0.5984359383583069,0.0028873824048787355,0.0074270786717534065],[0.019941814243793488,0.20621059834957123,0.0022610314190387726,0.011410243809223175,0.007368545979261398,0.5127235651016235,0.21259720623493195,0.014812673442065716,0.01267432514578104]],"label":[0,0,0,0,0,1,0,0,0]}