{"input":[[0.011416329070925713,1.3075035667498014e-06,0.9863980412483215,8.539628311154956e-07,0.0005142185837030411,5.757881353929406e-07,7.577924407087266e-05,0.0015161479823291302,7.68336103647016e-05],[0.04313494265079498,1.201577288156841e-05,0.15132996439933777,1.5562798580504023e-05,0.005883800331503153,8.530251943739131e-05,0.0003158697218168527,0.7975946664810181,0.0016278811963275075]],"label":[1,0,0,0,0,0,0,0,0]}