{"input":[[0.013310971669852734,0.045884646475315094,0.7086375951766968,0.020582327619194984,0.00167528772726655,0.03688414394855499,0.007914639078080654,0.016717318445444107,0.14839304983615875],[0.08717932552099228,0.1022583395242691,0.13311713933944702,0.21951572597026825,0.04139161854982376,0.15170548856258392,0.07737961411476135,0.11772435903549194,0.06972841173410416]],"label":[0,0,0,0,0,0,0,0,1]}