{"input":[[0.09808298200368881,0.04315226525068283,0.6818627715110779,0.0027991007082164288,0.03428594768047333,0.0008878551889210939,0.010222059674561024,0.02591889724135399,0.10278809815645218],[0.022328495979309082,0.007383018732070923,0.03475498780608177,0.00010450386616867036,0.0013150800950825214,0.0020910953171551228,0.02199248969554901,0.8256953954696655,0.08433488011360168]],"label":[0,0,1,0,0,0,0,0,0]}