{"input":[[0.011858023703098297,0.04623786360025406,0.026469970121979713,0.032286349684000015,0.04944773390889168,0.03596285358071327,0.07593342661857605,0.2038898915052414,0.5179138779640198],[0.016761651262640953,0.019928377121686935,0.04069517180323601,0.6703810691833496,0.04963194206357002,0.012955648824572563,0.09066544473171234,0.049829188734292984,0.0491514652967453]],"label":[0,1,0,0,0,0,0,0,0]}