{"input":[[0.00857996754348278,2.1845786250196397e-05,0.01773553341627121,0.3433631658554077,0.6205667853355408,0.00021687349362764508,0.0019585685804486275,0.003119836328551173,0.004437383729964495],[0.023962628096342087,7.475545135093853e-05,0.05237968638539314,0.27414295077323914,0.5731460452079773,0.00023305370996240526,0.019596150144934654,0.028333034366369247,0.02813173271715641]],"label":[0,0,0,1,0,0,0,0,0]}