{"input":[[0.03035042993724346,0.0037656014319509268,0.822273313999176,0.026082845404744148,0.020229365676641464,0.002105602528899908,0.012739771045744419,0.06714139878749847,0.01531167607754469],[0.010062512010335922,0.00020673344261012971,0.9152944087982178,0.002815437037497759,0.04623965173959732,5.192261960473843e-05,0.0023788304533809423,0.015329435467720032,0.007621137425303459]],"label":[0,0,1,0,0,0,0,0,0]}