{"input":[[0.0031554352026432753,0.058745127171278,0.06634274125099182,0.3864617347717285,0.038542404770851135,0.02138356678187847,0.42078161239624023,0.001778723904863,0.0028086870443075895],[0.019016031175851822,0.029788190498948097,0.2143813967704773,0.09259334206581116,0.09944507479667664,0.03648965060710907,0.3096660375595093,0.04653213173151016,0.1520882248878479]],"label":[0,0,0,1,0,0,0,0,0]}