{"input":[[0.08506178110837936,0.0013792512472718954,0.05316534265875816,0.1278560906648636,0.6198714375495911,0.002737125614657998,0.008656498044729233,0.004981689155101776,0.09629076719284058],[0.09336649626493454,0.00146977708209306,0.13426333665847778,0.0653470903635025,0.6224818825721741,0.0015321929240599275,0.022657742723822594,0.013703671284019947,0.04517781361937523]],"label":[0,0,0,0,1,0,0,0,0]}