{"input":[[0.0001140963431680575,1.4851173546048813e-05,0.9950178265571594,0.00020192231750115752,0.0012636898318305612,1.527486915620102e-06,0.0004050828283652663,0.002197334775701165,0.0007837211014702916],[0.013521568849682808,0.0024245392996817827,0.8708534240722656,0.005629357416182756,0.02723337523639202,0.0011723466450348496,0.055871304124593735,0.0158221535384655,0.007471803575754166]],"label":[0,0,1,0,0,0,0,0,0]}