{"input":[[0.00013002616469748318,8.744249271330773e-07,0.014811607077717781,5.0392433337265174e-08,6.5775921029853635e-06,5.0993785407627e-06,0.00012219103518873453,0.9846693277359009,0.00025420961901545525],[0.016775580123066902,4.233434083289467e-05,0.376838743686676,6.403723091352731e-05,0.0006211533327586949,0.0002194408152718097,0.015241758897900581,0.5857162475585938,0.004480660893023014]],"label":[0,0,0,0,0,0,0,1,0]}