{"input":[[0.20416824519634247,0.047199077904224396,0.05456267297267914,0.22883251309394836,0.08772695809602737,0.06870443373918533,0.1863870769739151,0.03217797353863716,0.09024114161729813],[0.05702904239296913,0.022078044712543488,0.15909932553768158,0.38201361894607544,0.0686035230755806,0.04633570462465286,0.07831630855798721,0.04090365767478943,0.1456207036972046]],"label":[1,0,0,0,0,0,0,0,0]}