{"input":[[0.0011017653159797192,6.683860556222498e-05,0.012001950293779373,0.9044690728187561,0.05376112461090088,0.0002336973702767864,0.02503199689090252,0.0007612808840349317,0.0025723313447088003],[0.03598373755812645,0.00462340796366334,0.08463829755783081,0.0006928699440322816,0.0034885257482528687,0.008113610558211803,0.01850590668618679,0.8167264461517334,0.027227181941270828]],"label":[0,0,0,1,0,0,0,0,0]}