{"input":[[0.01539131160825491,0.0002689186076167971,0.04774358123540878,0.8277100324630737,0.06124081835150719,0.00024733718601055443,0.0006113576237112284,0.004879225976765156,0.04190733656287193],[0.0034123254008591175,1.8285069018020295e-05,0.257984459400177,0.14172373712062836,0.5184431672096252,4.5932200009701774e-05,0.003572306130081415,0.05112926661968231,0.02367057278752327]],"label":[0,0,0,1,0,0,0,0,0]}