{"input":[[0.15763437747955322,0.009126588702201843,0.05546661466360092,0.12657922506332397,0.03390074148774147,0.052658189088106155,0.1853417158126831,0.12417660653591156,0.2551160454750061],[0.09960497915744781,0.007340879179537296,0.16824601590633392,0.02551211044192314,0.05510500445961952,0.008518180809915066,0.021478476002812386,0.5459184050559998,0.06827593594789505]],"label":[1,0,0,0,0,0,0,0,0]}