{"input":[[0.00032761663896963,0.4854326844215393,0.03910280019044876,0.1671762317419052,0.007204206194728613,0.014004215598106384,0.2503156363964081,0.002976142568513751,0.033460453152656555],[0.018722763285040855,0.305120587348938,0.126737579703331,0.04952731728553772,0.0042463368736207485,0.05405626446008682,0.25373217463493347,0.11654286831617355,0.07131418585777283]],"label":[0,1,0,0,0,0,0,0,0]}