{"input":[[0.000269803567789495,0.13001082837581635,0.0032028649002313614,0.01023073960095644,0.001540262484923005,0.1704442948102951,0.6710657477378845,0.0011142684379592538,0.012121153064072132],[0.008483664132654667,0.08090361207723618,0.1735076606273651,0.09257667511701584,0.08885974436998367,0.1621900349855423,0.09552773833274841,0.21452762186527252,0.08342316001653671]],"label":[0,1,0,0,0,0,0,0,0]}