{"input":[[0.02074277214705944,0.016141843050718307,0.05918336287140846,0.3048733174800873,0.15376323461532593,0.00798812136054039,0.21296341717243195,0.1763031780719757,0.048040710389614105],[0.08953622728586197,0.023432090878486633,0.26354101300239563,0.20014125108718872,0.09569218754768372,0.009344128891825676,0.10965974628925323,0.05931692570447922,0.14933642745018005]],"label":[0,0,0,0,0,0,0,1,0]}