{"input":[[0.37173059582710266,0.001378391869366169,0.09989238530397415,0.024667102843523026,0.1987626999616623,0.0006752974004484713,0.039975106716156006,0.22566358745098114,0.037254828959703445],[0.27119332551956177,1.7796255633584224e-05,0.08419113606214523,4.039640407427214e-05,0.012755653820931911,0.00010260961425956339,0.00025383676984347403,0.6292747259140015,0.002170541323721409]],"label":[1,0,0,0,0,0,0,0,0]}