{"input":[[0.005842902697622776,0.0026718033477663994,0.05765870586037636,0.005000862758606672,0.007225687615573406,0.02417934685945511,0.018317438662052155,0.7758483290672302,0.10325487703084946],[0.005193314515054226,0.001514317817054689,0.054665159434080124,0.02366393804550171,0.006021113600581884,0.008962282910943031,0.03592432290315628,0.8119416236877441,0.052113987505435944]],"label":[0,0,0,0,0,0,0,1,0]}