{"input":[[0.00259640091098845,0.37057796120643616,0.030627382919192314,0.0038682424928992987,0.008073435164988041,0.016644911840558052,0.02965184487402439,0.3899798095226288,0.1479800045490265],[0.013442015275359154,0.04496143385767937,0.30154892802238464,0.013110341504216194,0.027907241135835648,0.022956838831305504,0.09429103881120682,0.4407501816749573,0.04103204980492592]],"label":[0,0,0,0,0,1,0,0,0]}