{"input":[[0.005497543141245842,0.010819008573889732,0.2580946087837219,0.0002410313463769853,0.03414969891309738,0.0007630970212630928,0.04334566369652748,0.45313218235969543,0.19395717978477478],[0.007061388809233904,0.07777000963687897,0.33677539229393005,0.05843975394964218,0.11157684028148651,0.0926065444946289,0.1294570118188858,0.09186020493507385,0.09445294737815857]],"label":[0,0,1,0,0,0,0,0,0]}