{"input":[[0.00264631281606853,0.0023545180447399616,0.0035096202045679092,0.6865882277488708,0.07323940098285675,0.00914817862212658,0.2092663198709488,0.004112571943551302,0.009134883061051369],[0.002460325602442026,0.00013711643987335265,0.017709607258439064,0.8693608641624451,0.10210982710123062,0.0005045916186645627,0.0040567126125097275,0.002311774529516697,0.001349152415059507]],"label":[0,0,0,0,1,0,0,0,0]}