{"input":[[0.008041875436902046,0.6199908256530762,0.00114340556319803,0.004251343198120594,0.0010191388428211212,0.09602247178554535,0.2625507414340973,0.004474328365176916,0.002505865879356861],[0.02372308261692524,0.14365582168102264,0.05231979116797447,0.034940220415592194,0.010115878656506538,0.35860615968704224,0.347135990858078,0.003811259288340807,0.025691743940114975]],"label":[0,1,0,0,0,0,0,0,0]}