{"input":[[0.7133111953735352,0.0006277193315327168,0.005554093047976494,0.00017095578368753195,0.0029554502107203007,0.0002619009173940867,0.0012549897655844688,0.2630115747451782,0.012852149084210396],[0.007424663752317429,0.00016759532445576042,0.8833746910095215,8.019813685677946e-05,0.0011782108340412378,0.00011102545977337286,0.002105129649862647,0.10348368436098099,0.0020748034585267305]],"label":[0,0,1,0,0,0,0,0,0]}