{"input":[[3.473733886494301e-05,0.9427343606948853,3.797810677497182e-06,9.485947521170601e-05,1.249093566002557e-05,0.02713799849152565,0.02978086844086647,2.4320259399246424e-05,0.00017668672080617398],[0.0012753282207995653,0.08918337523937225,0.0006598910549655557,0.011188183911144733,0.003961888607591391,0.15922121703624725,0.7322381138801575,0.000351432419847697,0.001920543611049652]],"label":[0,1,0,0,0,0,0,0,0]}