{"input":[[0.0009355854708701372,0.8954334855079651,0.0004702028527390212,0.0025315165985375643,0.002122920472174883,0.060417983680963516,0.03434653952717781,0.0016302333679050207,0.002111507346853614],[0.015227637253701687,0.641661524772644,0.037836454808712006,0.0006936180288903415,0.012115530669689178,0.23599515855312347,0.04891720786690712,0.00130091339815408,0.006252008490264416]],"label":[0,0,0,0,0,1,0,0,0]}