{"input":[[0.6622182130813599,0.00467755738645792,0.036645665764808655,0.06030698120594025,0.0797458291053772,0.0008679458405822515,0.13733884692192078,0.0013860267354175448,0.016812842339277267],[0.027684373781085014,0.023087847977876663,0.28059297800064087,0.07883008569478989,0.0494077242910862,0.04356815293431282,0.06644155085086823,0.37759852409362793,0.05278874561190605]],"label":[0,0,0,0,0,0,1,0,0]}