{"input":[[0.00011007523426087573,0.9691374897956848,6.430362554965541e-05,1.4909733181411866e-06,1.4177192042552633e-06,0.022087253630161285,0.008526462130248547,3.068411024287343e-05,4.0694176277611405e-05],[0.12188803404569626,0.19937340915203094,0.0622628815472126,0.076023168861866,0.017199404537677765,0.1456141322851181,0.2681187689304352,0.06422264128923416,0.045297522097826004]],"label":[0,1,0,0,0,0,0,0,0]}