{"input":[[0.0009362357086502016,0.34212955832481384,0.0744560956954956,0.48573577404022217,0.0052217538468539715,0.005458965431898832,0.015891792252659798,0.06515216827392578,0.005017685703933239],[0.00685368524864316,0.006883482914417982,0.885003387928009,0.013764766976237297,0.03520410880446434,0.003882375080138445,0.010175664909183979,0.03068273887038231,0.007549785077571869]],"label":[0,0,0,1,0,0,0,0,0]}