{"input":[[0.003966260701417923,0.0001737705315463245,0.1051035150885582,0.7772956490516663,0.06363413482904434,0.0002512705104891211,0.034103743731975555,0.011722813360393047,0.003748884191736579],[0.030366165563464165,0.0024549069348722696,0.296048641204834,0.032385241240262985,0.06687933951616287,0.0026547871530056,0.002241626614704728,0.5367032885551453,0.030266037210822105]],"label":[0,0,0,0,1,0,0,0,0]}