{"input":[[0.0001856764283729717,0.11762005090713501,0.0004784045449923724,0.0013009810354560614,0.0001614480570424348,0.006482172291725874,0.8692652583122253,0.0020186484325677156,0.002487427555024624],[0.06125250086188316,0.27721691131591797,0.0859563946723938,0.03144052252173424,0.010021929629147053,0.020538410171866417,0.31299999356269836,0.049233268946409225,0.1513400673866272]],"label":[0,1,0,0,0,0,0,0,0]}