{"input":[[0.000395707756979391,0.018005887046456337,0.001257110619917512,0.014810836873948574,0.0022928165271878242,0.02553172968327999,0.9171342849731445,0.0007489995914511383,0.019822657108306885],[0.01670955680310726,0.035880960524082184,0.026199987158179283,0.206938236951828,0.018746575340628624,0.054911114275455475,0.512605607509613,0.10014358162879944,0.027864445000886917]],"label":[0,1,0,0,0,0,0,0,0]}