{"input":[[0.00010425461368868127,0.10283369570970535,0.0002684067003428936,7.676293171243742e-05,3.153404395561665e-05,0.10056635737419128,0.789679765701294,0.00017999739793594927,0.0062592243775725365],[0.009588351473212242,0.01715049520134926,0.17484073340892792,0.0027461578138172626,0.0036488883197307587,0.09814853221178055,0.6184342503547668,0.0578337088227272,0.01760886423289776]],"label":[0,0,0,0,0,1,0,0,0]}