{"input":[[0.008812163956463337,0.06647799164056778,0.005451562348753214,0.6564679145812988,0.014831289649009705,0.08618468791246414,0.15060460567474365,0.0049644592218101025,0.006205369718372822],[0.011271638795733452,0.36265984177589417,0.003518682438880205,0.06709086894989014,0.03861849382519722,0.040159061551094055,0.4677288234233856,0.0018899156711995602,0.0070626079104840755]],"label":[0,0,0,0,0,0,1,0,0]}