{"input":[[0.0009108941303566098,0.47484010457992554,0.003996626939624548,0.023984141647815704,0.0007179121021181345,0.11922701448202133,0.3617927134037018,0.0057607959024608135,0.008769688196480274],[0.004093777388334274,0.19874811172485352,0.049893513321876526,0.19712862372398376,0.01705477014183998,0.1165747195482254,0.34887954592704773,0.04349968209862709,0.024127306416630745]],"label":[0,1,0,0,0,0,0,0,0]}