{"input":[[0.0018263338133692741,0.0010427236557006836,0.00599053967744112,0.6816228628158569,0.26456183195114136,0.000570021104067564,0.03466285020112991,0.0001775518903741613,0.009545302018523216],[0.016568109393119812,0.020906925201416016,0.10818622261285782,0.19137412309646606,0.09086531400680542,0.009375334717333317,0.10518423467874527,0.23343218863010406,0.22410744428634644]],"label":[0,0,0,1,0,0,0,0,0]}