{"input":[[0.002445855177938938,0.7268245220184326,0.0004885877133347094,0.0039105103351175785,0.0001916987239383161,0.04676703363656998,0.217956081032753,0.00023271035752259195,0.0011830665171146393],[0.008927274495363235,0.42515164613723755,0.002885641297325492,0.005647031590342522,0.0006510928506031632,0.044660624116659164,0.509942889213562,0.0007275986718013883,0.0014062667032703757]],"label":[0,1,0,0,0,0,0,0,0]}