{"input":[[0.004888191819190979,7.885086233727634e-05,0.0089573310688138,0.0995054543018341,0.8194468021392822,0.0009705363772809505,0.05380522459745407,0.0040252734906971455,0.008322412148118019],[0.032119810581207275,0.0005162900197319686,0.47068148851394653,0.03614918887615204,0.10374408215284348,0.008407828398048878,0.09540023654699326,0.16972890496253967,0.08325213193893433]],"label":[0,0,0,0,1,0,0,0,0]}