{"input":[[0.04075033590197563,0.005151406396180391,0.26156097650527954,0.0724329724907875,0.031077859923243523,0.008104203268885612,0.013418793678283691,0.09860020875930786,0.46890315413475037],[0.046701859682798386,0.04875859618186951,0.05769455432891846,0.2118128091096878,0.11335994303226471,0.05978403612971306,0.11746412515640259,0.08209668099880219,0.26232731342315674]],"label":[0,0,0,1,0,0,0,0,0]}