{"input":[[0.15031829476356506,0.006274063605815172,0.01919124834239483,0.15340298414230347,0.017561452463269234,0.1844516396522522,0.3957943022251129,0.028824664652347565,0.04418133199214935],[0.07255683094263077,0.05858933925628662,0.026727445423603058,0.013491878286004066,0.01116196159273386,0.015963967889547348,0.03826489299535751,0.732917845249176,0.030325859785079956]],"label":[0,0,0,0,0,0,0,0,1]}