{"input":[[0.8257760405540466,0.00039566060877405107,0.023467829450964928,0.0055984496138989925,0.03736201301217079,0.00960546638816595,0.029995929449796677,0.03416455164551735,0.033634062856435776],[0.3652859032154083,0.016127509996294975,0.04593467712402344,0.008925486356019974,0.09169521182775497,0.004450795706361532,0.00657189916819334,0.37079495191574097,0.0902135819196701]],"label":[1,0,0,0,0,0,0,0,0]}