{"input":[[0.004909195937216282,0.012429033406078815,0.007030391599982977,0.5078021883964539,0.1880030483007431,0.010251699946820736,0.2595910429954529,0.00013905964442528784,0.009844470769166946],[0.021217497065663338,0.009785533882677555,0.028755702078342438,0.1179395243525505,0.5194947123527527,0.007626826874911785,0.2694797217845917,0.01082684751600027,0.014873634092509747]],"label":[1,0,0,0,0,0,0,0,0]}