{"input":[[0.00430343858897686,0.010155146941542625,0.0010297955013811588,0.00499893631786108,0.00047456930042244494,0.9207661747932434,0.05386204272508621,0.00173265824560076,0.0026772553101181984],[0.03795582428574562,0.09602661430835724,0.09862431138753891,0.07829119265079498,0.07179322093725204,0.2653403580188751,0.19776000082492828,0.11583678424358368,0.03837168216705322]],"label":[0,0,0,0,0,1,0,0,0]}