{"input":[[0.8679932355880737,4.272802107152529e-05,0.07090021669864655,9.11482420633547e-05,0.007497768383473158,0.002310814568772912,0.02462388388812542,0.018521038815379143,0.00801914557814598],[0.0323636569082737,0.05305102840065956,0.1888066530227661,0.2220277488231659,0.036652784794569016,0.037306204438209534,0.11139513552188873,0.22348232567310333,0.09491441398859024]],"label":[0,0,0,0,1,0,0,0,0]}