{"input":[[0.0018098646542057395,0.002077836077660322,0.05120018869638443,0.7189019918441772,0.011913549154996872,0.02880522422492504,0.06966456770896912,0.09222916513681412,0.0233975350856781],[0.04670867696404457,0.0019268086180090904,0.11496668308973312,0.5003550052642822,0.041636448353528976,0.031091133132576942,0.22918640077114105,0.012011047452688217,0.022117843851447105]],"label":[0,0,0,1,0,0,0,0,0]}