{"input":[[0.00026382794021628797,0.4057222604751587,0.00012283996329642832,0.01753007061779499,0.00033555924892425537,0.23555630445480347,0.3364400863647461,0.0008695705328136683,0.0031593572348356247],[0.04324519634246826,0.46682482957839966,0.21933962404727936,0.010510873049497604,0.004218118265271187,0.16001303493976593,0.0460566021502018,0.00600097794085741,0.043790847063064575]],"label":[0,1,0,0,0,0,0,0,0]}