{"input":[[0.011265282519161701,0.016305530443787575,0.11120948195457458,0.23146285116672516,0.29460608959198,0.03318284824490547,0.11854574829339981,0.02324160560965538,0.16018062829971313],[0.009218390099704266,0.0015359865501523018,0.1282251626253128,0.6118510961532593,0.107779860496521,0.0033733893651515245,0.03055785782635212,0.0016374398255720735,0.10582080483436584]],"label":[0,0,0,0,0,0,0,0,1]}