{"input":[[0.006025605835020542,0.3338812589645386,0.0185759998857975,0.017059000208973885,0.006757490336894989,0.10019022226333618,0.28160586953163147,0.02003803849220276,0.21586652100086212],[0.017577731981873512,0.22816672921180725,0.02989725023508072,0.2596164643764496,0.02114591747522354,0.07608465850353241,0.2375485599040985,0.04128352925181389,0.08867906779050827]],"label":[0,1,0,0,0,0,0,0,0]}