{"input":[[0.028198521584272385,0.002254749182611704,0.12418343871831894,0.4719353914260864,0.11388781666755676,0.011909629218280315,0.19652052223682404,0.007638575509190559,0.04347137734293938],[0.11474321037530899,0.039177101105451584,0.030649609863758087,0.05838389694690704,0.026962250471115112,0.014410831034183502,0.04214755818247795,0.5983283519744873,0.07519718259572983]],"label":[0,0,0,0,0,0,0,0,1]}