{"input":[[0.004066783934831619,0.0006403808947652578,0.0836380273103714,0.07383424043655396,0.5616840720176697,7.457693573087454e-05,0.002057851292192936,0.2719040811061859,0.0021000204142183065],[0.09326468408107758,0.16525350511074066,0.0921068787574768,0.02845369279384613,0.010325859300792217,0.053424935787916183,0.3192799389362335,0.2170795202255249,0.020810963585972786]],"label":[0,0,1,0,0,0,0,0,0]}