{"input":[[0.006946057081222534,0.015961745753884315,0.011860992759466171,0.014975364319980145,0.014851847663521767,0.042880114167928696,0.7216289043426514,0.03488961607217789,0.13600540161132812],[0.004728100262582302,0.02575617842376232,0.007680460345000029,0.08996681123971939,0.004858231637626886,0.07147345691919327,0.7493686676025391,0.015463529154658318,0.030704589560627937]],"label":[0,0,0,0,0,0,1,0,0]}