{"input":[[0.00395143823698163,0.005602220539003611,0.09068585187196732,0.3306596577167511,0.2680438756942749,0.004846211988478899,0.29163989424705505,0.002362713450565934,0.0022080608177930117],[0.07837516069412231,0.003943942487239838,0.5093187689781189,0.09941615164279938,0.1756518930196762,0.002327748341485858,0.026423802599310875,0.07495786249637604,0.029584597796201706]],"label":[0,0,0,1,0,0,0,0,0]}