{"input":[[0.03833550587296486,0.11910095810890198,0.0855536162853241,0.005615245085209608,0.020387539640069008,0.0319698303937912,0.23447002470493317,0.35358959436416626,0.1109776720404625],[0.06264925003051758,0.06617335230112076,0.0468539260327816,0.023299716413021088,0.01060341764241457,0.12671346962451935,0.40179264545440674,0.15167249739170074,0.11024170368909836]],"label":[0,0,0,0,0,0,0,1,0]}