{"input":[[0.015575539320707321,0.030816247686743736,0.18155793845653534,0.026307014748454094,0.013970434665679932,0.024393361061811447,0.6299183368682861,0.04672960564494133,0.030731497332453728],[0.017933551222085953,0.018955759704113007,0.5382101535797119,0.16426607966423035,0.032961249351501465,0.010572666302323341,0.08854476362466812,0.05848378688097,0.07007203251123428]],"label":[0,0,1,0,0,0,0,0,0]}