{"input":[[0.034567464143037796,0.0014879173832014203,0.5173364281654358,5.882733967155218e-05,0.024268804118037224,5.599261203315109e-05,0.0006932576070539653,0.4139218032360077,0.007609510328620672],[0.0024884489830583334,5.5035543482517824e-05,0.9028813242912292,7.936349720694125e-05,0.022157682105898857,5.4109848861116916e-05,0.000393133785109967,0.06294576823711395,0.008944996632635593]],"label":[0,0,0,0,1,0,0,0,0]}