{"input":[[0.020854124799370766,0.000771580555010587,0.01624850556254387,0.0019492116989567876,0.006265474483370781,0.0012571298284456134,0.014436966739594936,0.25306010246276855,0.6851568818092346],[0.07699976116418839,0.025693440809845924,0.1273401379585266,0.19177216291427612,0.07063961774110794,0.02026195637881756,0.1111050397157669,0.17405851185321808,0.20212948322296143]],"label":[0,0,0,0,0,0,0,0,1]}