{"input":[[0.07336295396089554,0.022061875090003014,0.14100396633148193,0.2730773389339447,0.07638167589902878,0.00642062583938241,0.16691984236240387,0.11492730677127838,0.12584446370601654],[0.017514504492282867,0.0007021265337243676,0.010798382572829723,0.525297999382019,0.3092687427997589,0.0015160482143983245,0.003503604093566537,0.11403606086969376,0.017362525686621666]],"label":[0,0,0,1,0,0,0,0,0]}