{"input":[[0.0019465785007923841,3.565524457371794e-05,0.0035544312559068203,8.623317262390628e-05,0.00042983933235518634,8.84750534169143e-06,8.206812344724312e-05,0.9929118752479553,0.0009444645838811994],[0.007866891101002693,0.0007236028322950006,0.023552849888801575,0.0011494543869048357,0.0010490018175914884,0.0004983271355740726,0.0008456797222606838,0.9431249499320984,0.021189171820878983]],"label":[0,0,0,0,0,0,0,1,0]}