{"input":[[0.0025484790094196796,0.4567330479621887,0.0010467019164934754,0.01564471237361431,0.002888244343921542,0.10765548050403595,0.4097619652748108,0.0019362398888915777,0.001785158645361662],[0.003223504638299346,0.011508342809975147,0.01139755267649889,0.08128669112920761,0.006791266147047281,0.36145585775375366,0.5194481611251831,0.0014741378836333752,0.003414475591853261]],"label":[0,1,0,0,0,0,0,0,0]}