{"input":[[0.002132667927071452,0.0006150832050479949,5.114006489748135e-05,0.0006344703142531216,0.0012663385132327676,0.10596604645252228,0.8881474137306213,7.333367102546617e-05,0.001113496138714254],[0.0658445730805397,0.005143583752214909,0.030800895765423775,0.005240251775830984,0.013879010453820229,0.3986460864543915,0.4006121754646301,0.03601407632231712,0.043819326907396317]],"label":[0,0,0,0,0,1,0,0,0]}