{"input":[[0.004552560392767191,0.0001868300896603614,0.001308223931118846,0.18567059934139252,0.12113598734140396,0.011127239093184471,0.6740263104438782,0.00016901888011489064,0.0018231674330309033],[0.014104136265814304,0.08507578074932098,0.00888969749212265,0.16627095639705658,0.01302668359130621,0.061101581901311874,0.5486241579055786,0.01352765690535307,0.0893794447183609]],"label":[0,0,0,0,1,0,0,0,0]}