{"input":[[0.2059554010629654,0.0020717831794172525,0.013884657062590122,0.002446103608235717,0.01013058703392744,0.01834336295723915,0.12360987812280655,0.07865886390209198,0.5448994636535645],[0.5228089690208435,0.01480220165103674,0.042876169085502625,0.00036299703060649335,0.0037530569825321436,0.010322310030460358,0.0974443256855011,0.28958451747894287,0.018045546486973763]],"label":[0,0,0,0,0,0,0,1,0]}