{"input":[[0.0025316965766251087,0.0010403139749541879,0.7124630808830261,0.12795300781726837,0.05263788253068924,0.00844654068350792,0.016709133982658386,0.06988243758678436,0.008335983380675316],[0.027935680001974106,0.0009961506584659219,0.6177443265914917,0.016596337780356407,0.04013241454958916,0.004175768233835697,0.005298082251101732,0.2517085373401642,0.03541266918182373]],"label":[0,0,0,0,1,0,0,0,0]}