{"input":[[0.06885062158107758,0.004336034879088402,0.19051368534564972,0.0350186713039875,0.27229276299476624,0.00972662027925253,0.02257026545703411,0.23988646268844604,0.15680480003356934],[0.026683365926146507,0.0012278228532522917,0.7187551259994507,0.06858532130718231,0.06578477472066879,0.0007232109201140702,0.0328531451523304,0.06673833727836609,0.018648840487003326]],"label":[1,0,0,0,0,0,0,0,0]}