{"input":[[0.00036913578514941037,0.0007749396027065814,0.0034295888617634773,0.10598678886890411,0.01084129698574543,0.00229600234888494,0.8419613838195801,0.003538205986842513,0.03080262988805771],[0.03436896950006485,0.0008104952285066247,0.02606375515460968,0.6739960312843323,0.16684435307979584,0.0015473744133487344,0.04104599356651306,0.03037809208035469,0.02494487166404724]],"label":[0,0,0,1,0,0,0,0,0]}