{"input":[[0.035085126757621765,0.32689210772514343,0.036503832787275314,0.008106973953545094,0.00546305114403367,0.003826683387160301,0.04935606196522713,0.4532068967819214,0.08155926316976547],[0.0351041704416275,0.2388845533132553,0.2660068869590759,0.0018328402657061815,0.010753406211733818,0.0030898062977939844,0.007261835038661957,0.41122981905937195,0.025836754590272903]],"label":[0,0,0,0,0,0,0,1,0]}