{"input":[[0.0012614310253411531,1.5162787349254359e-05,0.36397862434387207,0.00022423246991820633,0.04047928377985954,1.7261541870539077e-05,0.0002947345201391727,0.5916165709495544,0.002112657530233264],[0.0007421190966852009,0.000139557319926098,0.3940151631832123,0.0003263929393142462,0.06942616403102875,2.4394126739935018e-05,0.0003024978213943541,0.5282257199287415,0.006797963287681341]],"label":[0,0,0,0,0,0,0,1,0]}