{"input":[[0.05575815588235855,0.6395949125289917,0.021077724173665047,0.002851281315088272,0.001465118257328868,0.03434956446290016,0.023107513785362244,0.20238883793354034,0.019406799226999283],[0.013359978795051575,0.007203787099570036,0.06266481429338455,8.37498446344398e-05,0.017160827293992043,0.0003129116666968912,0.0003931561077479273,0.8965995907783508,0.002221176400780678]],"label":[0,0,0,0,0,0,0,1,0]}