{"input":[[0.02346494235098362,0.010250678285956383,0.2722274661064148,0.15381847321987152,0.2232796996831894,0.05093245953321457,0.05401783436536789,0.07640428096055984,0.13560405373573303],[0.004836149513721466,0.109941765666008,0.4902821481227875,0.06275501847267151,0.027037516236305237,0.06999075412750244,0.21182459592819214,0.011494768783450127,0.011837340891361237]],"label":[0,0,0,0,0,0,0,0,1]}