{"input":[[0.028550392016768456,0.0378870964050293,0.027070024982094765,0.06139105558395386,0.05902356654405594,0.10678650438785553,0.32076898217201233,0.050274286419153214,0.3082481324672699],[0.20021112263202667,0.05978363752365112,0.04060184210538864,0.07449407875537872,0.07336407899856567,0.08540407568216324,0.06371337920427322,0.19697938859462738,0.20544838905334473]],"label":[1,0,0,0,0,0,0,0,0]}