{"input":[[0.0037049539387226105,0.29197391867637634,0.04015951231122017,0.010713347233831882,0.041970279067754745,0.1752471625804901,0.32322704792022705,0.0969916507601738,0.016012050211429596],[0.0031734320800751448,0.7627884745597839,0.04946156591176987,0.02856001816689968,0.015113847330212593,0.12319101393222809,0.013168836012482643,0.0013820372987538576,0.00316075561568141]],"label":[0,1,0,0,0,0,0,0,0]}