{"input":[[0.004558136221021414,6.270055746426806e-05,0.018727416172623634,0.8015484809875488,0.15859226882457733,0.00012644956586882472,0.0022622209507972,0.009358571842312813,0.004763785749673843],[0.0015924470499157906,1.60649015015224e-05,0.01963251456618309,0.9041610360145569,0.06750688701868057,3.269479202572256e-05,0.0004971186281181872,0.003691085148602724,0.002870231634005904]],"label":[0,0,0,1,0,0,0,0,0]}