{"input":[[0.00042923001456074417,0.17275600135326385,0.0016227684682235122,0.0002652058028616011,0.0002801318478304893,0.13068532943725586,0.6934964060783386,0.00013376168499235064,0.00033114294637925923],[0.07281529903411865,0.08077681064605713,0.03073275089263916,0.016876215115189552,0.003463748609647155,0.1468813270330429,0.6375568509101868,0.00723457895219326,0.003662476083263755]],"label":[0,0,0,0,0,1,0,0,0]}