{"input":[[0.0011083012213930488,0.6641806960105896,0.00013325367763172835,0.0005573236849159002,0.00012524185876827687,0.14108452200889587,0.15492448210716248,0.02378218248486519,0.01410392764955759],[0.017030561342835426,0.21699941158294678,0.06714034080505371,0.03769087418913841,0.0025724824517965317,0.12453095614910126,0.4131879210472107,0.09331651031970978,0.027531003579497337]],"label":[0,0,0,0,0,1,0,0,0]}