{"input":[[0.14864498376846313,0.004008349031209946,0.6943224668502808,4.561738364827761e-08,0.0031401163432747126,5.6201519328169525e-05,0.01624535210430622,0.13327106833457947,0.00031132009462453425],[0.3229544460773468,0.006011248100548983,0.4181792140007019,0.002320779487490654,0.01102821808308363,0.0013797623105347157,0.02642006054520607,0.19189871847629547,0.019807573407888412]],"label":[1,0,0,0,0,0,0,0,0]}