{"input":[[0.11686869710683823,0.0016937007894739509,0.28912436962127686,0.01019204966723919,0.049839895218610764,0.001164748682640493,0.03643045201897621,0.4301060140132904,0.06458015739917755],[0.199989452958107,8.880215318640694e-05,0.756313681602478,0.00013310050417203456,0.002662738785147667,3.060234303120524e-05,0.00031713536009192467,0.03808945044875145,0.0023750574328005314]],"label":[0,0,1,0,0,0,0,0,0]}