{"input":[[0.023267585784196854,0.0031386432237923145,0.01178982574492693,0.6335959434509277,0.027881430462002754,0.045950427651405334,0.07255630940198898,0.029176577925682068,0.15264323353767395],[0.027288582175970078,0.029166659340262413,0.30965888500213623,0.023853322491049767,0.15825489163398743,0.014207626692950726,0.02977381832897663,0.31713834404945374,0.09065783768892288]],"label":[0,0,0,0,0,0,0,0,1]}