{"input":[[0.12753845751285553,0.00041337619768455625,0.008992587216198444,0.14445871114730835,0.24275082349777222,0.00034619931830093265,0.024130379781126976,0.4369712173938751,0.014398316852748394],[0.009401335380971432,0.0009906411869451404,0.014301419258117676,0.6046990752220154,0.2758876085281372,0.0034620000515133142,0.05246501415967941,0.01518301758915186,0.023609915748238564]],"label":[0,0,0,1,0,0,0,0,0]}