{"input":[[0.013306643813848495,0.07281935960054398,0.08236152678728104,0.37312445044517517,0.019141165539622307,0.007474205456674099,0.33486470580101013,0.028501518070697784,0.06840641796588898],[0.06886066496372223,0.043378155678510666,0.06817878782749176,0.3858918845653534,0.07714515179395676,0.004477623850107193,0.1767379194498062,0.0030375260394066572,0.1722923219203949]],"label":[0,0,0,0,1,0,0,0,0]}