{"input":[[0.0016187821747735143,0.04909462854266167,0.0006376209203153849,0.4131278097629547,0.035508908331394196,0.10657951235771179,0.2920992076396942,0.023570410907268524,0.0777631476521492],[0.0073548173531889915,0.01619301736354828,0.0293450765311718,0.22754041850566864,0.03712086006999016,0.01348119042813778,0.614883303642273,0.04051980748772621,0.01356156449764967]],"label":[0,0,0,0,0,0,1,0,0]}