{"input":[[0.00030962913297116756,7.063968223519623e-05,0.9410194754600525,0.004942862782627344,0.0220806822180748,0.00024363055126741529,0.0010911732679232955,0.010726003907620907,0.01951582357287407],[8.171558874892071e-05,4.3517520680325106e-05,0.8585014939308167,0.016057023778557777,0.09659748524427414,0.0001363080955343321,0.0022049294784665108,0.009546207264065742,0.01683131419122219]],"label":[0,0,0,0,1,0,0,0,0]}