{"input":[[0.005971836391836405,0.059139326214790344,0.005542732309550047,0.084919273853302,0.0059446184895932674,0.4590522050857544,0.30410704016685486,0.01202769111841917,0.06329525262117386],[0.01436350867152214,0.036080099642276764,0.08701661974191666,0.07697028666734695,0.03860372677445412,0.0498364120721817,0.2158307284116745,0.31814810633659363,0.1631506085395813]],"label":[0,0,0,1,0,0,0,0,0]}