{"input":[[0.0009542702464386821,0.0033975280821323395,0.047083962708711624,0.0017008689465001225,0.05153460428118706,0.008168754167854786,0.7821133136749268,0.00016032630810514092,0.10488638281822205],[0.000190101724001579,0.05731452628970146,0.18850556015968323,0.012509998865425587,0.07368475943803787,0.024091754108667374,0.39432764053344727,0.001380014349706471,0.24799558520317078]],"label":[0,0,0,0,0,0,0,0,1]}