{"input":[[0.001360653666779399,7.70476447087276e-07,0.001266825245693326,0.7474437355995178,0.24871501326560974,0.00010444578219903633,0.0008698675082996488,9.171750207315199e-06,0.00022952503059059381],[0.024630649015307426,0.005944700445979834,0.052938513457775116,0.40828388929367065,0.04524578899145126,0.02688267081975937,0.19812259078025818,0.0929989218711853,0.14495223760604858]],"label":[0,0,0,1,0,0,0,0,0]}