{"input":[[0.013757194392383099,0.03175736218690872,0.0006745768478140235,0.0008937735110521317,0.00017199994181282818,0.23518262803554535,0.7130736708641052,0.0026804653462022543,0.001808311091735959],[0.01732025481760502,0.06570412963628769,0.0009972404222935438,0.1699199229478836,0.0036954826209694147,0.506097137928009,0.22656205296516418,0.004491058643907309,0.005212628748267889]],"label":[0,0,0,0,0,1,0,0,0]}