{"input":[[0.017853518947958946,0.6297679543495178,0.02105334959924221,0.001220473786816001,0.0013381285825744271,0.026491302996873856,0.286056250333786,0.007002234924584627,0.009216811507940292],[0.0029220154974609613,0.7445065975189209,0.012209435924887657,0.002828705357387662,0.0004623681306838989,0.08959489315748215,0.13476668298244476,0.012017951346933842,0.0006913093384355307]],"label":[0,1,0,0,0,0,0,0,0]}