{"input":[[0.012064049951732159,0.023877715691924095,0.17594286799430847,0.15295390784740448,0.2025706171989441,0.005612198729068041,0.28715547919273376,0.09026220440864563,0.049560945481061935],[0.014668043702840805,0.0058530415408313274,0.06526879966259003,0.5029155015945435,0.2458440363407135,0.006776357069611549,0.025411255657672882,0.0838477686047554,0.04941511154174805]],"label":[0,0,0,0,0,0,0,0,1]}