{"input":[[0.00761893205344677,0.024397224187850952,0.017019910737872124,0.23613248765468597,0.012331804260611534,0.06235455349087715,0.5317723751068115,0.0360209122300148,0.07235179841518402],[0.0032036027405411005,0.07519535720348358,0.02116805501282215,0.06445275992155075,0.028773292899131775,0.15025556087493896,0.1233864575624466,0.49387750029563904,0.0396873913705349]],"label":[0,0,0,0,0,0,0,0,1]}