{"input":[[0.0040230341255664825,0.00145483308006078,0.00400848314166069,0.39069241285324097,0.06617369502782822,0.12912887334823608,0.32644203305244446,0.014209991320967674,0.06386672705411911],[0.011651947163045406,0.006423167418688536,0.010561449453234673,0.010462244041264057,0.014565219171345234,0.29107269644737244,0.5632442235946655,0.003881242359057069,0.08813778311014175]],"label":[0,0,0,0,0,1,0,0,0]}