{"input":[[0.0052231959998607635,0.1362188309431076,0.022298714146018028,0.02751951292157173,0.00942341797053814,0.0844925045967102,0.6432977914810181,0.029032280668616295,0.04249369353055954],[0.018060430884361267,0.04016526788473129,0.1300894320011139,0.008651893585920334,0.09017743170261383,0.011989617720246315,0.09064456820487976,0.4274091124534607,0.18281230330467224]],"label":[0,0,1,0,0,0,0,0,0]}