{"input":[[0.0018766241846606135,0.6134722828865051,0.017748266458511353,0.010851537808775902,0.00832430925220251,0.19856533408164978,0.14385434985160828,0.002481313655152917,0.002826095325872302],[0.01103996206074953,0.0505133792757988,0.09496590495109558,0.21765924990177155,0.025321263819932938,0.12574203312397003,0.11507771909236908,0.31875818967819214,0.04092232510447502]],"label":[0,1,0,0,0,0,0,0,0]}