{"input":[[0.003641601651906967,0.004247645381838083,0.0008573027444072068,0.004655259195715189,0.0006503980839625001,0.003759121522307396,0.2075180560350418,0.7214048504829407,0.05326582491397858],[0.02679995819926262,0.0022401786409318447,0.009398525580763817,0.0021478997077792883,0.001578153227455914,0.003729981603100896,0.009903177618980408,0.942168653011322,0.0020334713626652956]],"label":[0,0,0,0,0,0,0,1,0]}