{"input":[[0.027689464390277863,0.0005274626892060041,0.0005162816378287971,0.004611278884112835,0.0007619317038916051,0.026749003678560257,0.016852540895342827,0.8918784260749817,0.030413653701543808],[0.049780040979385376,0.09670067578554153,0.06004009395837784,0.33124661445617676,0.04661999270319939,0.04434756934642792,0.19870951771736145,0.09779465198516846,0.07476098090410233]],"label":[0,0,0,0,0,0,0,0,1]}