{"input":[[0.15943025052547455,0.0716572180390358,0.1331281214952469,0.012364152818918228,0.00746072456240654,0.0030834509525448084,0.5384455919265747,0.060398396104574203,0.014032109640538692],[0.01251409761607647,0.23505273461341858,0.04322405532002449,0.002956216922029853,0.006135693285614252,0.044099632650613785,0.5114821195602417,0.11334548145532608,0.031189998611807823]],"label":[0,0,0,0,0,0,0,0,1]}