{"input":[[0.016608798876404762,0.001708036521449685,0.24368111789226532,0.2757940888404846,0.025147080421447754,0.007516275160014629,0.05445485934615135,0.2770406901836395,0.09804914891719818],[0.03485281765460968,0.00033585907658562064,0.290910542011261,0.45793429017066956,0.10254816710948944,0.0011833469616249204,0.009656677022576332,0.04601182043552399,0.05656655877828598]],"label":[0,0,1,0,0,0,0,0,0]}