{"input":[[0.004935338161885738,0.0045175994746387005,0.006056153681129217,0.0360589362680912,0.0021070358343422413,0.2214573323726654,0.6878599524497986,0.025803621858358383,0.011203981935977936],[0.031010551378130913,0.039370156824588776,0.015984084457159042,0.0185858067125082,0.011670403182506561,0.3873822093009949,0.3923799395561218,0.024874329566955566,0.07874243706464767]],"label":[0,0,0,0,0,1,0,0,0]}