{"input":[[0.0024074879474937916,8.378363418160006e-05,0.9251847863197327,0.0001881722710095346,0.015156354755163193,2.2175441699801013e-05,0.004183205775916576,0.045210130512714386,0.00756388483569026],[0.036357443779706955,0.003043283009901643,0.27801236510276794,0.11896847933530807,0.0925045907497406,0.020732171833515167,0.037074245512485504,0.25799375772476196,0.15531374514102936]],"label":[0,0,1,0,0,0,0,0,0]}