{"input":[[0.06194295734167099,0.009546712972223759,0.016972411423921585,0.6779947280883789,0.027861030772328377,0.042412638664245605,0.11745928227901459,0.020439041778445244,0.025371167808771133],[0.022272270172834396,0.025339914485812187,0.1589173972606659,0.172740638256073,0.23767492175102234,0.13980017602443695,0.05041498690843582,0.05910145118832588,0.13373823463916779]],"label":[1,0,0,0,0,0,0,0,0]}