{"input":[[0.7620358467102051,0.013741820119321346,0.05234169960021973,8.057616651058197e-05,0.061045508831739426,0.0007334102410823107,0.10711664706468582,0.002582056913524866,0.00032245347392745316],[0.3966220021247864,0.004536074586212635,0.07087022066116333,0.004753223620355129,0.02771417237818241,0.003974337130784988,0.020685508847236633,0.4344559609889984,0.03638852387666702]],"label":[1,0,0,0,0,0,0,0,0]}