{"input":[[0.00912410020828247,0.005538476165384054,0.0014724328648298979,0.2839171886444092,0.003534829942509532,0.013303305953741074,0.6728397011756897,0.0005876089562661946,0.009682362899184227],[0.025488995015621185,0.01597554236650467,0.024096637964248657,0.6842964887619019,0.015419026836752892,0.02793709747493267,0.15710769593715668,0.006622751709073782,0.043055713176727295]],"label":[0,0,0,0,0,0,0,0,1]}