{"input":[[0.007996131666004658,0.0008340277709066868,0.6796169281005859,0.0007108235149644315,0.03947610408067703,5.803224121336825e-05,0.024681638926267624,0.23966307938098907,0.006963238585740328],[0.07019855082035065,0.001824821694754064,0.1884237378835678,0.002881178166717291,0.03426188975572586,0.0016512395814061165,0.0050066988915205,0.6667823195457458,0.028969567269086838]],"label":[0,0,1,0,0,0,0,0,0]}