{"input":[[0.045526567846536636,0.4902345836162567,0.024047991260886192,0.0463130883872509,0.1486031413078308,0.047603219747543335,0.1860070675611496,0.0012407355243340135,0.010423568077385426],[0.06926567852497101,0.02552308700978756,0.09973789006471634,0.014417856000363827,0.4866929054260254,0.0070993672125041485,0.053360190242528915,0.17903612554073334,0.06486691534519196]],"label":[1,0,0,0,0,0,0,0,0]}