{"input":[[0.051151957362890244,0.0001211579583468847,0.05654224753379822,0.5702939629554749,0.26820600032806396,0.00018136001017410308,0.008393775671720505,0.032204773277044296,0.012904857285320759],[0.03366685286164284,5.6213153584394604e-05,0.015029639936983585,0.2746394872665405,0.6391048431396484,0.0002788077690638602,0.0019157463684678078,0.018038207665085793,0.01727016270160675]],"label":[0,0,0,0,0,0,0,0,1]}