{"input":[[0.009771205484867096,0.00040398293640464544,0.03174125403165817,0.16942472755908966,0.6719317436218262,0.00016266031889244914,0.010355488397181034,0.002150318119674921,0.104058638215065],[0.03388487175107002,0.011966696940362453,0.16643670201301575,0.0796397477388382,0.1014626994729042,0.04604097828269005,0.1306764781475067,0.2253417670726776,0.20455008745193481]],"label":[0,0,0,0,1,0,0,0,0]}