{"input":[[0.0030528304632753134,0.002881296444684267,0.3269793689250946,0.25326934456825256,0.13565410673618317,0.0015545013593509793,0.016771012917160988,0.052347566932439804,0.2074899822473526],[0.00745379738509655,0.007284269668161869,0.178481787443161,0.4061904847621918,0.1343204528093338,0.007843945175409317,0.02925531007349491,0.02438628487288952,0.20478373765945435]],"label":[0,0,1,0,0,0,0,0,0]}