{"input":[[0.00027314122417010367,0.001632355386391282,0.00010334952094126493,0.009893364273011684,0.00037344073643907905,0.8084813952445984,0.1434020698070526,0.0029315531719475985,0.032909415662288666],[0.15568536520004272,0.10028347373008728,0.12590928375720978,0.2775057256221771,0.02859353832900524,0.11485542356967926,0.09965412318706512,0.08357149362564087,0.013941592536866665]],"label":[0,0,0,0,0,0,1,0,0]}