{"input":[[0.16080155968666077,0.01726825162768364,0.24337860941886902,0.06788782775402069,0.17595094442367554,0.01789291948080063,0.05689966678619385,0.04807048663496971,0.21184967458248138],[0.07038389891386032,0.03794235363602638,0.5783467292785645,0.013521033339202404,0.044181447476148605,0.003978217951953411,0.028489433228969574,0.19225481152534485,0.030902057886123657]],"label":[0,0,1,0,0,0,0,0,0]}