{"input":[[0.00206505274400115,0.04550802335143089,0.2516730725765228,0.0006378203979693353,0.009863520041108131,0.0011299961479380727,0.003947957884520292,0.6843608021736145,0.000813731865491718],[0.034941062331199646,0.059029094874858856,0.5787875652313232,0.0038236009422689676,0.00831627193838358,0.007148643955588341,0.20538856089115143,0.09775392711162567,0.0048113358207046986]],"label":[0,0,1,0,0,0,0,0,0]}