{"input":[[0.0016248567262664437,0.06615869700908661,0.0012886249460279942,0.06886491924524307,0.01514408178627491,0.06914080679416656,0.7637870907783508,0.009739494882524014,0.004251461010426283],[0.0029998410027474165,0.04592861235141754,0.005852731876075268,0.027794934809207916,0.05231708288192749,0.05876266583800316,0.23094423115253448,0.5367590188980103,0.03864087164402008]],"label":[0,0,0,1,0,0,0,0,0]}