{"input":[[0.011813612654805183,0.33643195033073425,0.006086940411478281,0.0006000368157401681,0.00047660782001912594,0.047125447541475296,0.5955771207809448,0.0008944215369410813,0.000993850058875978],[0.06640786677598953,0.4495658874511719,0.1492149531841278,0.07190807908773422,0.011430992744863033,0.16235266625881195,0.07025577872991562,0.011724624782800674,0.007139119319617748]],"label":[0,0,0,0,0,1,0,0,0]}