{"input":[[0.0011844912078231573,0.004709265194833279,0.0011086749145761132,0.009707526303827763,0.004965908359736204,0.02709883823990822,0.9381870031356812,0.011112164705991745,0.0019260618137195706],[0.011874217540025711,0.08376255631446838,0.04589259997010231,0.28796273469924927,0.05886081978678703,0.0932370275259018,0.28704118728637695,0.08698849380016327,0.04438033699989319]],"label":[0,0,0,0,0,0,1,0,0]}