{"input":[[0.2940841019153595,6.641517393290997e-05,0.009212532080709934,1.7657814055382914e-07,0.0004064400854986161,1.6144743995027966e-06,0.0007371378596872091,0.6954381465911865,5.3404630307340994e-05],[0.3407907485961914,0.0017710350221022964,0.09372273832559586,0.0003622699296101928,0.0025736652314662933,0.0002858836960513145,0.010460876859724522,0.5484288930892944,0.0016038037138059735]],"label":[0,0,0,0,0,1,0,0,0]}