{"input":[[0.007003250066190958,0.12280380725860596,0.003088398138061166,0.028199180960655212,0.006620345637202263,0.11128372699022293,0.6981091499328613,0.016309814527630806,0.006582339759916067],[0.040534429252147675,0.26522505283355713,0.03434500843286514,0.08226514607667923,0.009634291753172874,0.07799264043569565,0.37531450390815735,0.07719677686691284,0.037492185831069946]],"label":[0,0,0,1,0,0,0,0,0]}