{"input":[[0.12446898221969604,0.007240328937768936,0.2791922092437744,0.002922075567767024,0.04479323700070381,0.028641218319535255,0.45032045245170593,0.040602054446935654,0.02181948535144329],[0.04473957419395447,0.03735455870628357,0.8088980913162231,0.002402203856036067,0.02137490175664425,0.007969129830598831,0.004800846334546804,0.053340476006269455,0.019120115786790848]],"label":[1,0,0,0,0,0,0,0,0]}