{"input":[[0.019126083701848984,0.06787271797657013,0.00010499175550648943,0.0017567055765539408,0.0005522816209122539,0.8270970582962036,0.0787053108215332,0.003880848176777363,0.0009040658478625119],[0.002983118873089552,0.00971919298171997,0.001671888050623238,0.0019790579099208117,0.0002595625992398709,0.5291367173194885,0.4527912735939026,0.0011019386583939195,0.00035734253469854593]],"label":[0,0,0,0,0,1,0,0,0]}