{"input":[[0.00032179144909605384,5.634889248540276e-07,0.868662416934967,0.01735430769622326,0.10810327529907227,1.7826090470407507e-06,0.0007945350371301174,0.002575105056166649,0.0021862126886844635],[0.0005525721935555339,1.2953812529303832e-06,0.9044325351715088,0.020860321819782257,0.0685267522931099,3.4280369618500117e-06,0.00016439464525319636,0.0010867983801290393,0.004371908493340015]],"label":[0,0,1,0,0,0,0,0,0]}