{"input":[[0.0005684345960617065,2.7469670385471545e-05,0.0005633736727759242,1.6360979770979611e-06,2.9411270588752814e-05,1.3601112414107774e-06,0.00015803241694811732,0.9980469942092896,0.0006032551173120737],[0.00019149425497744232,3.5037875932175666e-05,0.001202321844175458,7.017857797109173e-07,0.000212894708965905,1.3726212273468263e-05,0.0002046646550297737,0.9944572448730469,0.0036819144152104855]],"label":[0,0,0,0,0,0,0,1,0]}