{"input":[[0.0007129104342311621,9.350645268568769e-05,0.8557464480400085,0.06564835458993912,0.04983657971024513,1.3989438230055384e-05,0.0015125490026548505,0.009677133522927761,0.01675846241414547],[0.006034033372998238,0.003986894618719816,0.2789580523967743,0.0682653859257698,0.09651336818933487,0.005803213454782963,0.04784419760107994,0.14754077792167664,0.34505409002304077]],"label":[0,0,1,0,0,0,0,0,0]}