{"input":[[0.0003076825523748994,0.09788133203983307,0.0006892613600939512,0.00012549376697279513,1.8838261894416064e-05,0.3930111527442932,0.5062329769134521,0.00025159469805657864,0.0014816303737461567],[0.004635100718587637,0.0012399164261296391,0.001067607430741191,1.9151788421822857e-07,2.2297017494565807e-05,0.0074666645377874374,0.8411548137664795,0.14190588891506195,0.0025074889417737722]],"label":[0,0,0,0,0,1,0,0,0]}