{"input":[[0.010914740152657032,0.22319985926151276,0.0006942215841263533,0.003813557093963027,0.0024203092325478792,0.2159116417169571,0.5330560803413391,0.0007639518589712679,0.009225680492818356],[0.014663008973002434,0.14082157611846924,0.2557896077632904,0.15021218359470367,0.07219289243221283,0.07529605180025101,0.14153583347797394,0.034432705491781235,0.1150561049580574]],"label":[0,0,0,0,0,0,1,0,0]}