{"input":[[0.0010777399875223637,0.6995813250541687,0.00044454738963395357,0.0028980004135519266,0.00021286323317326605,0.01216072216629982,0.27908191084861755,0.003832952817901969,0.0007098490605130792],[0.04202808812260628,0.13817329704761505,0.03713608533143997,0.2434954196214676,0.04649101570248604,0.1432904154062271,0.16672486066818237,0.08821291476488113,0.09444781392812729]],"label":[0,1,0,0,0,0,0,0,0]}