{"input":[[0.0021909098140895367,0.00027661246713250875,0.5698379278182983,0.03665507584810257,0.025193288922309875,0.002596132457256317,0.00745347049087286,0.3095700740814209,0.04622650146484375],[0.0006451827939599752,0.0005772074800916016,0.8969570994377136,0.0007390235550701618,0.0012799497926607728,0.0010472011053934693,0.0008320535416714847,0.0858766958117485,0.012045587413012981]],"label":[0,0,1,0,0,0,0,0,0]}