{"input":[[0.01574709825217724,0.0008742799400351942,0.008667935617268085,0.0003662736271508038,0.005319650284945965,0.12360501289367676,0.6467877626419067,0.19589495658874512,0.00273699383251369],[0.03063802421092987,0.09803056716918945,0.21900175511837006,0.000681147095747292,0.015449333935976028,0.07110366225242615,0.5466439127922058,0.014159641228616238,0.004292026162147522]],"label":[0,0,0,0,0,0,1,0,0]}