{"input":[[0.031107988208532333,1.9953226001234725e-05,0.4727417826652527,0.22365236282348633,0.2509423494338989,2.9657301638508216e-05,0.0005901862168684602,0.011619700118899345,0.009296119213104248],[0.03623638302087784,0.0008684620843268931,0.09504695236682892,0.2906445264816284,0.5397603511810303,0.0002854058984667063,0.0036291847936809063,0.024452464655041695,0.009076272137463093]],"label":[0,0,0,0,1,0,0,0,0]}