{"input":[[0.00829323660582304,0.007345445454120636,0.017036588862538338,0.07826174795627594,0.03819788619875908,0.12161847949028015,0.7036039233207703,0.00409971596673131,0.021543018519878387],[0.006157411262392998,0.001521164900623262,0.0018878602422773838,0.10664451122283936,0.013799176551401615,0.06368570774793625,0.7928298115730286,0.004177819471806288,0.009296530857682228]],"label":[0,0,0,0,0,0,1,0,0]}