{"input":[[0.4938931465148926,0.007250755559653044,0.08396115899085999,0.002068503061309457,0.029252680018544197,0.0015808141324669123,0.06374230235815048,0.2940886616706848,0.024161845445632935],[0.8181636929512024,1.9988212443422526e-05,0.014895331114530563,3.8822028727736324e-05,0.0013892584247514606,2.908589522121474e-05,0.005054491572082043,0.15945279598236084,0.0009564628708176315]],"label":[1,0,0,0,0,0,0,0,0]}