{"input":[[6.492989632533863e-05,2.824823241098784e-05,0.00015702468226663768,0.9797179698944092,0.006970497313886881,0.000477899971883744,0.012175604701042175,0.00013218125968705863,0.00027553539257496595],[0.0010205957805737853,0.0003356559027452022,0.0008837824570946395,0.9649444818496704,0.014500460587441921,0.0007994606858119369,0.005537509918212891,0.0010933529119938612,0.010884637013077736]],"label":[0,0,0,1,0,0,0,0,0]}