{"input":[[0.0015815627994015813,0.6641850471496582,0.00044859989429824054,0.0008853292092680931,0.0003566500381566584,0.044547535479068756,0.27710670232772827,0.0017069129971787333,0.00918168481439352],[0.04024666175246239,0.19382305443286896,0.06552199274301529,0.20488014817237854,0.017027370631694794,0.12427780777215958,0.23070219159126282,0.0809028223156929,0.04261794313788414]],"label":[0,0,0,0,0,0,1,0,0]}