{"input":[[0.03302919492125511,0.0003867006744258106,0.1526394486427307,0.29989564418792725,0.08854521065950394,0.0014301439514383674,0.27741900086402893,0.002519126981496811,0.14413544535636902],[0.045617956668138504,0.029138870537281036,0.38137543201446533,0.2992652356624603,0.11351559311151505,0.011267028748989105,0.02567002736032009,0.017470629885792732,0.07667912542819977]],"label":[1,0,0,0,0,0,0,0,0]}