{"input":[[0.22470992803573608,0.11325699090957642,0.1544514000415802,0.0010776952840387821,0.09871542453765869,0.0028974339365959167,0.3277054727077484,0.07201012223958969,0.0051755052991211414],[0.8945480585098267,0.0021536778658628464,0.004789615049958229,0.0016868393868207932,0.016092075034976006,0.0007277291151694953,0.015750085934996605,0.029436402022838593,0.034815654158592224]],"label":[1,0,0,0,0,0,0,0,0]}