{"input":[[0.35866406559944153,0.022079892456531525,0.23040880262851715,0.006573923863470554,0.010961420834064484,0.006604344118386507,0.10859913378953934,0.21370574831962585,0.04240256920456886],[0.28736793994903564,0.016069455072283745,0.41679081320762634,0.013189240358769894,0.018592122942209244,0.004737348295748234,0.12307707965373993,0.09682058542966843,0.02335536852478981]],"label":[0,0,0,0,0,0,0,0,1]}