{"input":[[0.0005878524971194565,0.03395923227071762,0.00030678362236358225,0.011837583966553211,0.002249741228297353,0.6112569570541382,0.3159933090209961,0.0014966726303100586,0.02231183461844921],[0.02081112191081047,0.005354737862944603,0.013525785878300667,0.19708120822906494,0.004807136952877045,0.1125812977552414,0.6075109839439392,0.003473974298685789,0.03485376760363579]],"label":[0,0,0,0,0,1,0,0,0]}