{"input":[[0.009886521846055984,0.0884435772895813,0.5231863856315613,0.19987696409225464,0.053648691624403,0.02071394957602024,0.07455546408891678,0.014326618984341621,0.015361829660832882],[0.026532243937253952,0.026617595925927162,0.3036474883556366,0.30819761753082275,0.09743484854698181,0.022686727344989777,0.11803320050239563,0.06062731519341469,0.03622298687696457]],"label":[0,0,0,0,0,0,0,0,1]}