{"input":[[0.3190447688102722,0.02630925364792347,0.28417184948921204,0.04279334470629692,0.037456125020980835,0.018467707559466362,0.048482462763786316,0.18731993436813354,0.0359545536339283],[0.009238623082637787,0.0012664628447964787,0.12371714413166046,0.6506597399711609,0.13883492350578308,0.0026934172492474318,0.019536027684807777,0.011117968708276749,0.04293567314743996]],"label":[0,0,0,1,0,0,0,0,0]}