{"input":[[0.004051612690091133,7.714242383372039e-05,0.13569937646389008,0.5016623735427856,0.3296974003314972,0.00013911601854488254,0.006405571009963751,0.0030321888625621796,0.019235260784626007],[0.022886384278535843,0.004891243763267994,0.15630193054676056,0.47290241718292236,0.1654750555753708,0.004538071341812611,0.024357562884688377,0.12218446284532547,0.02646290324628353]],"label":[0,0,0,0,1,0,0,0,0]}