{"input":[[0.11525072902441025,0.11138828098773956,0.12144016474485397,0.02813226357102394,0.05877557024359703,0.004920531529933214,0.4146133065223694,0.12365385890007019,0.02182530239224434],[0.01126483641564846,0.046026818454265594,0.005398493725806475,0.033519938588142395,0.014776426367461681,0.04470307379961014,0.7443997859954834,0.07864104956388474,0.02126959338784218]],"label":[0,0,0,0,0,0,1,0,0]}