{"input":[[0.00036686286330223083,0.0007118882494978607,4.796779830940068e-05,0.0005896472721360624,4.397220254759304e-05,0.0028677950613200665,0.9953213334083557,6.734846465406008e-06,4.3777134123956785e-05],[0.007671551778912544,0.0028549302369356155,0.22920255362987518,0.5744342803955078,0.08467220515012741,0.02566421404480934,0.014657674357295036,0.03851041942834854,0.022332249209284782]],"label":[0,1,0,0,0,0,0,0,0]}