{"input":[[0.3262236714363098,0.005975921172648668,0.06224950775504112,0.01043424941599369,0.07117284089326859,0.009679819457232952,0.0572398416697979,0.32898759841918945,0.12803655862808228],[0.002299191663041711,0.00028781284345313907,0.0024655989836901426,0.7789605855941772,0.0899488776922226,0.0004234153020661324,0.04739658534526825,0.06447887420654297,0.013739015907049179]],"label":[0,0,0,0,0,0,0,0,1]}