{"input":[[0.023911116644740105,0.0364830382168293,0.025037111714482307,0.079393669962883,0.16315442323684692,0.011347748339176178,0.3700818121433258,0.023133620619773865,0.2674574553966522],[0.012578349560499191,0.0015122180338948965,0.0766279399394989,0.6585063934326172,0.1800507754087448,0.0022683129645884037,0.024018900468945503,0.010020715184509754,0.03441641479730606]],"label":[1,0,0,0,0,0,0,0,0]}