{"input":[[0.12379665672779083,0.045765217393636703,0.05474880710244179,0.019600538536906242,0.15209807455539703,0.005962304305285215,0.2421886920928955,0.16077181696891785,0.19506797194480896],[0.035572025924921036,0.06404184550046921,0.17838291823863983,0.11458754539489746,0.03541059419512749,0.030831482261419296,0.052820369601249695,0.22148093581199646,0.26687222719192505]],"label":[1,0,0,0,0,0,0,0,0]}