{"input":[[0.012494130060076714,0.024616600945591927,0.03876415267586708,0.1495477259159088,0.07866253703832626,0.09160658717155457,0.5403278470039368,0.04152882844209671,0.022451631724834442],[0.007352117449045181,0.004099870100617409,0.044784191995859146,0.6475308537483215,0.15553222596645355,0.010148447006940842,0.09121348708868027,0.008086029440164566,0.03125270456075668]],"label":[0,0,0,1,0,0,0,0,0]}