{"input":[[0.05245707184076309,0.025739511474967003,0.09099734574556351,0.29061710834503174,0.1761009842157364,0.018393365666270256,0.2661248743534088,0.029914433136582375,0.0496552474796772],[0.025928737595677376,0.15168997645378113,0.07530365139245987,0.1357385665178299,0.038474224507808685,0.05585090070962906,0.17741988599300385,0.1667216718196869,0.17287243902683258]],"label":[0,0,0,0,0,0,0,0,1]}