{"input":[[6.029180804034695e-05,0.0002543524606153369,0.0011079186806455255,0.0002414592745481059,0.0002234598941868171,0.0009573873248882592,0.9969950914382935,9.838369805947877e-06,0.00015012663789093494],[0.0031956385355442762,0.030770478770136833,0.39845994114875793,0.19369062781333923,0.15377770364284515,0.014427484013140202,0.053689341992139816,0.007915053516626358,0.14407385885715485]],"label":[0,1,0,0,0,0,0,0,0]}