{"input":[[0.02481863833963871,0.0012766235740855336,0.19296935200691223,0.24632452428340912,0.10367655754089355,0.0052896663546562195,0.07010818272829056,0.04332611709833145,0.3122103214263916],[0.09226259589195251,0.0011665761703625321,0.19775792956352234,0.12068139016628265,0.4277646839618683,0.0008662522886879742,0.00426287529990077,0.12287846207618713,0.032359182834625244]],"label":[1,0,0,0,0,0,0,0,0]}