{"input":[[0.009691717103123665,0.0020894326735287905,0.026975484564900398,0.015345591120421886,0.0018477077828720212,0.00348079577088356,0.9154435992240906,0.007176865823566914,0.01794874481856823],[0.02338293567299843,0.10655588656663895,0.02923034317791462,0.11951189488172531,0.026347091421484947,0.07315734028816223,0.3489166498184204,0.07940907776355743,0.19348882138729095]],"label":[0,0,0,0,0,0,1,0,0]}