{"input":[[0.00033904684823937714,0.00022516633907798678,0.0006766509031876922,0.9669744968414307,0.017250878736376762,0.00047968028229661286,0.007125335279852152,0.000843785353936255,0.00608504842966795],[0.01153174415230751,0.0008842326933518052,0.003454047255218029,0.9020465612411499,0.04950568825006485,0.0013944244710728526,0.009394054301083088,0.0039351643063127995,0.01785414107143879]],"label":[0,0,0,0,1,0,0,0,0]}