{"input":[[0.0002452186599839479,0.0157900620251894,0.0030605525244027376,0.009254500269889832,0.0013545181136578321,0.9124904870986938,0.05412471666932106,0.0009653421584516764,0.00271475943736732],[0.0019240130204707384,0.02165108360350132,0.0024151720572263002,0.029051363468170166,0.0028894233983010054,0.7889116406440735,0.1406724750995636,0.002670079004019499,0.00981476902961731]],"label":[0,0,0,0,0,1,0,0,0]}