{"input":[[0.0004304969625081867,0.030116021633148193,0.003542066551744938,0.06298543512821198,0.001711455755867064,0.0878782644867897,0.8047266602516174,0.0018776580691337585,0.006731947883963585],[0.05714962258934975,0.08960817754268646,0.25460973381996155,0.06851442158222198,0.0289479847997427,0.021379170939326286,0.41561853885650635,0.03390795364975929,0.030264342203736305]],"label":[0,0,0,0,0,0,1,0,0]}