{"input":[[0.008484113961458206,0.09406373649835587,0.04041554033756256,0.33059456944465637,0.06587345153093338,0.02619786188006401,0.2678912281990051,0.12735064327716827,0.03912884742021561],[0.011590161360800266,0.0020916147623211145,0.06255524605512619,0.4255804121494293,0.2598714232444763,0.005983337294310331,0.025175180286169052,0.13819138705730438,0.06896121799945831]],"label":[0,0,0,1,0,0,0,0,0]}