{"input":[[0.03484314680099487,0.2879124581813812,0.022330764681100845,0.00010086419933941215,0.0017030772287398577,0.009467583149671555,0.017900651320815086,0.5640255808830261,0.061715852469205856],[0.303589791059494,0.02016613818705082,0.2977556884288788,0.003198176622390747,0.06492553651332855,0.020521147176623344,0.054626479744911194,0.19524051249027252,0.03997655212879181]],"label":[0,0,0,0,0,0,0,1,0]}