{"input":[[0.10345381498336792,0.0008231923566199839,0.4248557686805725,0.038927190005779266,0.08382142335176468,0.0004899149644188583,0.005094819702208042,0.18327805399894714,0.15925583243370056],[0.03026999905705452,0.02059931866824627,0.14511413872241974,0.3623056709766388,0.13734804093837738,0.015167228877544403,0.10945151746273041,0.05809071660041809,0.12165345251560211]],"label":[0,0,0,0,0,0,0,0,1]}