{"input":[[0.0011373251909390092,0.001993364654481411,0.004274722188711166,0.8435057997703552,0.029198797419667244,0.006642312742769718,0.09156466275453568,0.00553968595340848,0.016143329441547394],[0.009884891100227833,0.07376030832529068,0.041014738380908966,0.39442434906959534,0.022139964625239372,0.06627964973449707,0.16764740645885468,0.12660153210163116,0.09824718534946442]],"label":[0,0,0,0,0,0,1,0,0]}