{"input":[[0.0030870670452713966,0.017192229628562927,0.03671526908874512,0.06682887673377991,0.001919943024404347,0.013216551393270493,0.8436890840530396,0.0007356599089689553,0.01661536656320095],[0.010889450088143349,0.037702154368162155,0.3033016324043274,0.22101126611232758,0.11261888593435287,0.0610540509223938,0.12856611609458923,0.02545437403023243,0.09940207004547119]],"label":[0,1,0,0,0,0,0,0,0]}