{"input":[[4.701746001956053e-05,0.0005009163287468255,0.0003320150717627257,0.27285435795783997,0.051356472074985504,0.004662906285375357,0.6667194366455078,9.270996815757826e-05,0.0034342643339186907],[0.0890055000782013,0.08619272708892822,0.07282804697751999,0.027188468724489212,0.06656470149755478,0.06679461151361465,0.252045214176178,0.2918838858604431,0.04749678075313568]],"label":[0,0,0,0,0,0,1,0,0]}