{"input":[[0.00806722417473793,0.006055890582501888,0.016593609005212784,0.00109542824793607,0.0029813055880367756,0.006673956289887428,0.1261012852191925,0.8041402697563171,0.028291067108511925],[0.061704643070697784,0.0003238739154767245,0.8984156250953674,3.877409199048998e-06,1.4263164302974474e-05,4.225600787322037e-05,0.0005680985632352531,0.03879803791642189,0.00012934346159454435]],"label":[0,0,0,0,0,0,0,1,0]}