{"input":[[0.0011342138750478625,0.5879929661750793,0.000883892469573766,0.0005869752494618297,5.098992187413387e-05,0.027437260374426842,0.3695584833621979,0.003933848813176155,0.008421369828283787],[0.022937990725040436,0.21584612131118774,0.015023377723991871,0.00022209380404092371,0.0006821315619163215,0.03097861260175705,0.43918660283088684,0.2599335312843323,0.015189571306109428]],"label":[0,0,0,0,0,0,1,0,0]}