{"input":[[0.36449170112609863,0.00014472332259174436,0.001537142787128687,3.6160374293103814e-05,9.84523503575474e-05,0.004705518484115601,0.6270018219947815,0.0015191996935755014,0.00046519507304765284],[0.1148141399025917,0.04765620455145836,0.12810629606246948,0.005813593976199627,0.0016215022187680006,0.26458555459976196,0.08866342157125473,0.33717846870422363,0.011560868471860886]],"label":[0,0,0,0,0,0,1,0,0]}