{"input":[[0.0005019353702664375,0.00304132467135787,0.004492052365094423,0.059017330408096313,0.0019887960515916348,0.0194358192384243,0.8874534964561462,0.0007841476472094655,0.023285122588276863],[0.0077491747215390205,0.0034584493841975927,0.027116766199469566,0.6144063472747803,0.08830565214157104,0.01247800700366497,0.15707430243492126,0.006048176903277636,0.08336301892995834]],"label":[0,0,0,0,0,0,1,0,0]}