{"input":[[0.009569642134010792,0.05976270139217377,0.10145324468612671,0.07369096577167511,0.021211842074990273,0.01091059297323227,0.41668930649757385,0.05534021556377411,0.25137150287628174],[0.07367025315761566,0.0032440980430692434,0.007085960824042559,4.1067669371841475e-05,0.00027528454666025937,0.00321097276173532,0.008597164414823055,0.7687231302261353,0.13515207171440125]],"label":[0,0,0,0,1,0,0,0,0]}