{"input":[[0.004145598039031029,0.05949019640684128,0.12241519242525101,0.24330458045005798,0.08346085995435715,0.008638313971459866,0.4007561206817627,0.042306628078222275,0.0354825034737587],[0.04907198250293732,0.23960411548614502,0.09884890913963318,0.04103614017367363,0.01938013918697834,0.08379359543323517,0.12105494737625122,0.21048924326896667,0.1367209404706955]],"label":[0,0,1,0,0,0,0,0,0]}