{"input":[[0.008084672503173351,0.21123972535133362,0.6442028284072876,0.0028649508021771908,0.007075180299580097,0.013021845370531082,0.07250957936048508,0.03082158975303173,0.010179620236158371],[0.002699147677049041,0.004827643278986216,0.9474606513977051,0.0006892057717777789,0.002911181654781103,0.0011928981402888894,0.011076086200773716,0.005962636787444353,0.023180577903985977]],"label":[0,0,1,0,0,0,0,0,0]}