{"input":[[0.9170459508895874,1.0700878192437813e-05,0.06520930677652359,3.253105433032033e-06,0.002197671215981245,2.4092503736028448e-05,0.0029953699558973312,0.003923871088773012,0.008589837700128555],[0.083491250872612,0.0003801874991040677,0.7411103844642639,0.00046278745867311954,0.019097918644547462,0.0006736250361427665,0.013213369064033031,0.13355785608291626,0.008012494072318077]],"label":[1,0,0,0,0,0,0,0,0]}