{"input":[[0.021640226244926453,0.005317008122801781,0.099686399102211,0.0031351400539278984,0.2584852874279022,0.0011683693155646324,0.012595484964549541,0.5072518587112427,0.09072023630142212],[0.0037007657811045647,0.0011960262199863791,0.6870726943016052,0.040921807289123535,0.12972880899906158,0.0008938204264268279,0.036685798317193985,0.020875176414847374,0.07892508804798126]],"label":[0,0,0,0,0,0,1,0,0]}