{"input":[[0.0006655844044871628,0.049708928912878036,7.1813938120612875e-06,0.0025810415390878916,0.00010974327597068623,0.6852719187736511,0.2607569098472595,7.776213897159323e-05,0.0008209681254811585],[0.06198204681277275,0.035250067710876465,0.22204969823360443,0.026354430243372917,0.0701378583908081,0.2704380750656128,0.30074989795684814,0.005602051969617605,0.007435866631567478]],"label":[0,0,0,0,0,1,0,0,0]}