{"input":[[0.001889202045276761,0.00025206830468960106,0.024278664961457253,4.657559475162998e-05,0.005995838437229395,9.474917169427499e-05,0.0022312502842396498,0.9646928310394287,0.0005188505165278912],[0.024868950247764587,4.442682893568417e-06,0.00794647540897131,3.391174629996385e-07,0.0006540901376865804,1.6742022808102774e-06,2.9622433430631645e-06,0.9663426280021667,0.0001784019113983959]],"label":[0,0,0,0,0,0,0,0,1]}