{"input":[[0.004401613492518663,0.006252777762711048,0.003048255806788802,0.2613605558872223,0.00363070797175169,0.05804463103413582,0.6515766978263855,0.007689760997891426,0.003994988277554512],[0.005768352188169956,0.016171449795365334,0.009814647026360035,0.23252291977405548,0.010992155410349369,0.03138032928109169,0.3303144872188568,0.06061050668358803,0.30242517590522766]],"label":[0,0,0,0,0,0,1,0,0]}