{"input":[[0.002288646064698696,0.02465938776731491,0.00016006232181098312,0.027820248156785965,0.00041208535549230874,0.1594906896352768,0.5910294055938721,0.09295210987329483,0.10118735581636429],[0.012517046183347702,0.020216984674334526,0.0022857494186609983,0.22864234447479248,0.008595754392445087,0.03331780806183815,0.25403645634651184,0.20287694036960602,0.23751096427440643]],"label":[0,0,0,0,0,0,0,1,0]}