{"input":[[0.013897758908569813,0.006306565832346678,0.8388549089431763,0.010377258062362671,0.06818661093711853,0.004302051849663258,0.010516883805394173,0.03019772097468376,0.017360184341669083],[0.009461671113967896,0.0001865032536443323,0.7824947237968445,0.0022833102848380804,0.01056390255689621,0.00025177327916026115,0.0033910314086824656,0.16683809459209442,0.02452893741428852]],"label":[1,0,0,0,0,0,0,0,0]}