{"input":[[0.007346800994127989,0.0026023939717561007,0.7718551158905029,0.005255123134702444,0.1395254284143448,0.0003029585932381451,0.007429136428982019,0.0231325663626194,0.04255048930644989],[0.001317752874456346,0.0029649906791746616,0.6886873841285706,0.18840566277503967,0.03413572162389755,0.005984615534543991,0.05811841040849686,0.005814547650516033,0.014570866711437702]],"label":[0,0,1,0,0,0,0,0,0]}