{"input":[[0.0012572461273521185,0.00014653264952357858,0.00018404831644147635,0.0003362916177138686,0.0006169402040541172,0.01504180021584034,0.9819691777229309,5.4039301176089793e-05,0.0003938950540032238],[0.0032387301325798035,0.0007690684869885445,0.016318168491125107,0.12713445723056793,0.015855876728892326,0.3369952440261841,0.47925639152526855,0.0008310915436595678,0.019600963220000267]],"label":[0,0,0,0,0,1,0,0,0]}