{"input":[[0.014903785660862923,0.00510413758456707,0.6796783804893494,0.023657720535993576,0.0934079959988594,0.0012629482662305236,0.09484424442052841,0.06668602675199509,0.020454788580536842],[0.07444844394922256,0.029685523360967636,0.10874280333518982,0.19866199791431427,0.06302142143249512,0.0639517679810524,0.13018561899662018,0.1531335562467575,0.17816892266273499]],"label":[0,0,0,0,1,0,0,0,0]}