{"input":[[0.00012495028204284608,0.0008972416981123388,0.0005266178050078452,0.014309973455965519,0.0010378663428127766,0.0009057042188942432,0.9793451428413391,0.001888710306957364,0.000963763624895364],[0.00379970227368176,0.0032430756837129593,0.011106433346867561,0.055372048169374466,0.008183038793504238,0.006858821026980877,0.9003777503967285,0.002676291624084115,0.008382887579500675]],"label":[0,0,0,0,0,0,0,0,1]}