{"input":[[0.0038593197241425514,0.03225605934858322,0.873363196849823,4.8255415094899945e-06,0.005980017129331827,0.0026698445435613394,0.022727927193045616,0.030649757012724876,0.02848905138671398],[0.0016691177152097225,0.003489147871732712,0.9461485743522644,0.001813107286579907,0.006471723783761263,0.01529295276850462,0.002497179666534066,0.017339451238512993,0.005278682801872492]],"label":[0,0,1,0,0,0,0,0,0]}