{"input":[[5.56159793632105e-05,0.7159606218338013,0.00026349679683335125,0.00016010522085707635,5.449285526992753e-05,0.07699941843748093,0.20561648905277252,0.00033173622796311975,0.000557979685254395],[0.002181412186473608,0.154704287648201,0.08041536808013916,0.00022297879331745207,0.006499628536403179,0.04795551300048828,0.6907889246940613,0.013194556348025799,0.004037339240312576]],"label":[0,1,0,0,0,0,0,0,0]}