{"input":[[0.43799132108688354,0.005505901295691729,0.045279014855623245,0.013240627944469452,0.01515213493257761,0.0026245976332575083,0.03977362811565399,0.39022648334503174,0.050206273794174194],[0.30086129903793335,0.002320121042430401,0.02634209208190441,0.016935376450419426,0.007903750985860825,0.0013911084970459342,0.0357329286634922,0.568848192691803,0.03966512158513069]],"label":[0,0,0,0,0,0,0,1,0]}