{"input":[[0.0002589116629678756,0.9114885926246643,0.009694892913103104,2.3605555270478362e-06,0.002318322891369462,0.02023821324110031,0.05166621506214142,0.002021537395194173,0.002310909330844879],[0.0008081858977675438,0.8554138541221619,0.0015018206322565675,9.768879681359977e-05,0.0038476334884762764,0.06464359164237976,0.0716639831662178,0.0005035419599153101,0.0015196851454675198]],"label":[0,1,0,0,0,0,0,0,0]}