{"input":[[0.00044508359860628843,0.7659193277359009,0.0013260359410196543,0.02034728415310383,0.0011371950386092067,0.021547924727201462,0.18731491267681122,0.0004439335025381297,0.0015184617368504405],[0.0031283453572541475,0.7712472677230835,0.004369611386209726,0.0057663144543766975,0.0016823089681565762,0.1375321000814438,0.06082530319690704,0.008561694994568825,0.006886995863169432]],"label":[0,1,0,0,0,0,0,0,0]}