{"input":[[0.01597350835800171,0.001159503124654293,0.013980703428387642,0.5531774759292603,0.1372969001531601,0.002270772820338607,0.18440210819244385,0.02095240354537964,0.07078663259744644],[0.10399960726499557,0.014963672496378422,0.10857295989990234,0.00718966918066144,0.012511299923062325,0.004095874261111021,0.03186685964465141,0.6678063273429871,0.048993729054927826]],"label":[0,0,0,0,1,0,0,0,0]}