{"input":[[0.004326850175857544,7.003309292485937e-05,0.00785354059189558,0.9178066849708557,0.04216793179512024,0.00028613273752853274,0.016449809074401855,0.009701001457870007,0.0013379487209022045],[0.028110245242714882,0.0023549378383904696,0.047150351107120514,0.6277308464050293,0.06556593626737595,0.004676883574575186,0.09645921736955643,0.01358320564031601,0.1143682673573494]],"label":[0,0,0,0,1,0,0,0,0]}