{"input":[[0.002492446219548583,0.0010802316246554255,0.003224253421649337,0.680590033531189,0.22113177180290222,0.008426017127931118,0.04940273240208626,0.011176763102412224,0.022475723177194595],[0.014072105288505554,0.010045938193798065,0.08154656738042831,0.3123076856136322,0.059263676404953,0.013394054025411606,0.3828364908695221,0.07166104763746262,0.05487237498164177]],"label":[0,0,0,0,1,0,0,0,0]}