{"input":[[0.0006018082494847476,0.15836825966835022,9.731616046337876e-06,0.00022612976317759603,3.650262806331739e-05,0.06224575266242027,0.7771002054214478,2.482556192262564e-05,0.0013867804082110524],[0.007598161697387695,0.6245601177215576,0.09089731425046921,0.06350374221801758,0.027123767882585526,0.015124949626624584,0.11927808076143265,0.017877355217933655,0.0340365506708622]],"label":[0,1,0,0,0,0,0,0,0]}