{"input":[[0.00010431826376589015,0.003511580638587475,0.0001300580333918333,0.0016453495481982827,0.000232486316235736,0.04221436381340027,0.9451615214347839,0.00469753984361887,0.0023028606083244085],[0.008600493893027306,0.025595689192414284,0.019072996452450752,0.04832323268055916,0.006495458073914051,0.057111676782369614,0.6407927870750427,0.17607338726520538,0.017934218049049377]],"label":[0,0,0,0,0,0,1,0,0]}