{"input":[[0.00033193433773703873,0.008984023705124855,0.00026266457280144095,0.006786682177335024,0.00011663341865641996,0.04075458273291588,0.9394615292549133,0.00110553705599159,0.002196291461586952],[0.006805130746215582,0.29708442091941833,0.16257108747959137,0.017555274069309235,0.032921817153692245,0.12320391088724136,0.18156132102012634,0.15818412601947784,0.020112911239266396]],"label":[0,0,0,0,0,1,0,0,0]}