{"input":[[0.01167810708284378,0.03996879607439041,0.005637800320982933,0.0227532796561718,0.017473530024290085,0.09102090448141098,0.7590771913528442,0.04376108944416046,0.008629277348518372],[0.019901014864444733,0.37805166840553284,0.06924216449260712,0.0023182632867246866,0.019300280138850212,0.1974937617778778,0.15422561764717102,0.04704871401190758,0.11241854727268219]],"label":[0,1,0,0,0,0,0,0,0]}