{"input":[[0.0009203614317812026,0.5187203884124756,0.000340036756824702,6.485371704911813e-05,0.0005044780555181205,0.012364094145596027,0.4652254581451416,0.0014801241923123598,0.0003801746352110058],[0.003987717907875776,0.5362500548362732,0.1578671932220459,0.0005581640871241689,0.00915396399796009,0.011169943027198315,0.15522809326648712,0.10596433281898499,0.019820615649223328]],"label":[0,1,0,0,0,0,0,0,0]}