{"input":[[0.0004856860323343426,0.8473362922668457,0.0017916226061061025,0.0013198129599913955,0.0015781894326210022,0.025028971955180168,0.11406779289245605,0.003649217076599598,0.00474248081445694],[0.001142369001172483,0.3557675778865814,0.004572113510221243,0.003081460716202855,0.002441795077174902,0.5137973427772522,0.11237625777721405,0.0005472319899126887,0.006273860111832619]],"label":[0,1,0,0,0,0,0,0,0]}