{"input":[[0.011922317557036877,0.00039823364932090044,0.013904102146625519,0.5400077104568481,0.03845590353012085,0.002379855141043663,0.30669671297073364,0.06667163968086243,0.01956355758011341],[0.3901243209838867,0.008784198202192783,0.028781011700630188,0.01731010712683201,0.042898572981357574,0.014378111809492111,0.2751346528530121,0.18657055497169495,0.0360184982419014]],"label":[0,0,0,0,0,0,0,0,1]}