{"input":[[0.008090314455330372,0.0050851088017225266,0.000569080060813576,0.0005055650835856795,8.30471544759348e-05,0.11733422428369522,0.8681549429893494,1.63118038472021e-05,0.0001614037319086492],[0.018688134849071503,0.0013138289796188474,0.004892626777291298,0.006004513241350651,0.000723242003004998,0.0972977951169014,0.8589023351669312,0.008256233297288418,0.003921233583241701]],"label":[0,0,0,0,0,0,1,0,0]}