{"input":[[0.02531932108104229,0.0006333932979032397,0.10123855620622635,0.5229974985122681,0.10220910608768463,0.004687779117375612,0.20546486973762512,0.01765619032084942,0.01979324035346508],[0.06016765907406807,0.0005631196545436978,0.36205607652664185,0.04274271801114082,0.21136219799518585,0.0028106726240366697,0.13374696671962738,0.014826219528913498,0.1717243790626526]],"label":[1,0,0,0,0,0,0,0,0]}