{"input":[[0.002572914119809866,0.0005391814629547298,0.0024563237093389034,0.8935708403587341,0.0367218516767025,0.005566201638430357,0.04691578820347786,0.006344377063214779,0.005312600638717413],[0.016845084726810455,0.0001121116874855943,0.02333839051425457,0.6865219473838806,0.22942686080932617,0.0006014960817992687,0.013410094194114208,0.016362598165869713,0.013381286524236202]],"label":[0,0,0,1,0,0,0,0,0]}