{"input":[[0.09608540683984756,0.014471669681370258,0.11834841221570969,0.052225660532712936,0.03139282390475273,0.0005689397803507745,0.00706518767401576,0.6536282896995544,0.02621360681951046],[0.003924939781427383,0.0005762301152572036,0.8572555184364319,0.040054623037576675,0.07253633439540863,0.0001360069727525115,0.0007417334709316492,0.02372666820883751,0.0010478774784132838]],"label":[0,0,0,0,1,0,0,0,0]}