{"input":[[0.009528684429824352,0.6385545134544373,0.003342470619827509,0.010526456870138645,0.0014317870372906327,0.12001238018274307,0.1722223162651062,0.0033036195673048496,0.04107781872153282],[0.03496823087334633,0.21046143770217896,0.07807104289531708,0.021554820239543915,0.008092116564512253,0.11983571201562881,0.32307830452919006,0.1660645455121994,0.03787371143698692]],"label":[0,0,0,0,0,1,0,0,0]}