{"input":[[0.005814325995743275,0.05681300535798073,0.035310328006744385,0.12159933894872665,0.014147952198982239,0.031845804303884506,0.6786690950393677,0.002869719872251153,0.05293038859963417],[0.00530559616163373,0.0013469693949446082,0.011911191046237946,0.887302815914154,0.03361125662922859,0.003396842861548066,0.029643716290593147,0.001326721627265215,0.026154862716794014]],"label":[0,0,0,1,0,0,0,0,0]}