{"input":[[0.05193249136209488,0.052919041365385056,0.020676501095294952,0.12065218389034271,0.025087006390094757,0.013907895423471928,0.6359782218933105,0.022786704823374748,0.05605987086892128],[0.01041675079613924,0.006042555905878544,0.002405891427770257,0.11541351675987244,0.008949684910476208,0.011323230341076851,0.8320327997207642,0.006900417152792215,0.006515183486044407]],"label":[0,0,0,0,0,0,1,0,0]}