{"input":[[0.1721946895122528,0.0020739685278385878,0.33385857939720154,0.0003427520568948239,0.007841087877750397,0.0009131812257692218,0.02477894350886345,0.44087454676628113,0.01712214946746826],[0.9891042709350586,2.4099375877995044e-05,0.0037242979742586613,7.576287316624075e-06,0.0001450541167287156,0.0001244477170985192,0.0004244223528075963,0.005605341400951147,0.0008405699045397341]],"label":[1,0,0,0,0,0,0,0,0]}