{"input":[[0.017473597079515457,0.005075525492429733,0.01635797880589962,0.6513879895210266,0.06017296761274338,0.005827268585562706,0.14947544038295746,0.023510895669460297,0.07071828097105026],[0.035109855234622955,0.00015058935969136655,0.001498532248660922,0.9431943893432617,0.0033013455104082823,0.0004199259856250137,0.004443579353392124,0.000673547328915447,0.011208266951143742]],"label":[0,0,0,0,1,0,0,0,0]}