{"input":[[0.010525873862206936,0.004149707965552807,0.5480135083198547,0.0011273589916527271,0.015680987387895584,0.008803365752100945,0.3742977976799011,0.00880611501634121,0.02859518863260746],[0.03782138228416443,0.12511371076107025,0.2709609568119049,0.02558562159538269,0.012114698998630047,0.3080328404903412,0.1496213972568512,0.030405402183532715,0.0403439998626709]],"label":[0,0,1,0,0,0,0,0,0]}