{"input":[[0.0319523960351944,0.005426519084721804,0.02289758436381817,0.23986166715621948,0.012042595073580742,0.009056161157786846,0.5146108865737915,0.026023611426353455,0.13812853395938873],[0.07463414967060089,0.03054833598434925,0.0807187482714653,0.11369869112968445,0.12554220855236053,0.0567827932536602,0.2786705493927002,0.07169009745121002,0.1677144467830658]],"label":[0,0,0,0,0,0,0,0,1]}