{"input":[[0.13904955983161926,0.5341242551803589,0.009646068327128887,0.004816737025976181,0.011121192015707493,0.16923114657402039,0.12577979266643524,0.0035488696303218603,0.002682438353076577],[0.009042033925652504,0.25392746925354004,0.001897109905257821,0.007546059787273407,0.005686851218342781,0.23817573487758636,0.4663810133934021,0.013018728233873844,0.004325032699853182]],"label":[0,0,0,0,0,1,0,0,0]}