{"input":[[0.1564060002565384,0.10781887173652649,0.0012790401233360171,6.639262574026361e-05,0.0005731327692046762,0.4606361389160156,0.2659142315387726,0.0005487176822498441,0.006757503375411034],[0.03535135090351105,0.13551977276802063,0.15223537385463715,0.22110067307949066,0.027130773290991783,0.06818480789661407,0.14158889651298523,0.15195044875144958,0.06693796068429947]],"label":[0,0,0,0,0,1,0,0,0]}