{"input":[[2.7392994525143877e-05,0.08405813574790955,0.005368546117097139,0.04674987494945526,0.15770843625068665,0.004494501277804375,0.6986764669418335,8.235197128669824e-06,0.0029083830304443836],[0.024327963590621948,0.012658670544624329,0.30354979634284973,0.0038247350603342056,0.33433830738067627,0.003326971782371402,0.30238252878189087,0.0008598463609814644,0.014731183648109436]],"label":[0,0,0,0,1,0,0,0,0]}