{"input":[[0.000261601380771026,0.051452960819005966,0.018805500119924545,0.00046441954327747226,0.0004621909174602479,0.3969085216522217,0.5212775468826294,0.0003182639484293759,0.010048932395875454],[5.692711056326516e-05,0.004950059112161398,0.0007444611983373761,0.00010056596511276439,0.0009270788868889213,0.03733048215508461,0.9421780705451965,0.00023488806618843228,0.013477533124387264]],"label":[0,1,0,0,0,0,0,0,0]}