{"input":[[0.03693430498242378,0.0025519265327602625,0.01798943616449833,0.7262494564056396,0.027662383392453194,0.0111041609197855,0.131692036986351,0.028826087713241577,0.016990257427096367],[0.008459282107651234,0.0005808628047816455,0.12465076148509979,0.6253440380096436,0.15725086629390717,0.0008354614838026464,0.013351171277463436,0.005348677281290293,0.0641789436340332]],"label":[0,0,0,1,0,0,0,0,0]}