{"input":[[0.009886404499411583,0.013431538827717304,0.023554911836981773,0.6252234578132629,0.09040264785289764,0.0050957039929926395,0.21431727707386017,0.004476754926145077,0.01361129991710186],[0.010872929356992245,0.02807759866118431,0.011459005065262318,0.06276920437812805,0.02091166004538536,0.06679029762744904,0.7619611024856567,0.02361896261572838,0.013539188541471958]],"label":[0,0,0,0,0,0,1,0,0]}