{"input":[[0.029257409274578094,0.000984286074526608,0.022575663402676582,0.5281891226768494,0.19780315458774567,0.011278730817139149,0.1337675154209137,0.0007117972709238529,0.07543225586414337],[0.042306918650865555,0.006817488931119442,0.04892577975988388,0.5433709621429443,0.1510416865348816,0.010175306349992752,0.09909658133983612,0.013569986447691917,0.08469527959823608]],"label":[0,0,0,0,1,0,0,0,0]}