{"input":[[0.022647319361567497,0.010316341184079647,0.9072872400283813,0.0006080102757550776,0.038785986602306366,0.002548714866861701,0.007820972241461277,0.004061621148139238,0.005923749879002571],[0.11134988814592361,0.04089882969856262,0.15968379378318787,0.023165035992860794,0.05223645642399788,0.15291130542755127,0.17678284645080566,0.1443268060684204,0.13864503800868988]],"label":[0,0,0,0,1,0,0,0,0]}