{"input":[[0.9982321858406067,1.0029954864876345e-05,0.0006237935158424079,1.358163643772059e-07,7.069137063808739e-05,3.3020819500961807e-06,0.0008396661723963916,1.033461194310803e-05,0.00020986268646083772],[0.92918860912323,0.003835534444078803,0.0025243889540433884,1.9354090909473598e-05,0.0008385826367884874,0.002410415792837739,0.05575092136859894,0.0009690635488368571,0.004462915938347578]],"label":[1,0,0,0,0,0,0,0,0]}