{"input":[[0.10802183300256729,0.026749534532427788,0.019080638885498047,0.05052471533417702,0.01568738929927349,0.0612758994102478,0.6432735323905945,0.00718743447214365,0.06819911301136017],[0.049734510481357574,0.03156201168894768,0.009500193409621716,0.08070802688598633,0.03932490199804306,0.26741692423820496,0.27252936363220215,0.004742829129099846,0.24448125064373016]],"label":[0,0,0,0,0,0,0,0,1]}