{"input":[[0.00734800985082984,0.023655718192458153,0.0025340698193758726,0.0018525149207562208,0.0013696373207494617,0.018049445003271103,0.08767623454332352,0.8376936316490173,0.019820772111415863],[0.013456206768751144,0.035767070949077606,0.029148168861865997,0.00954256672412157,0.013243312016129494,0.015484971925616264,0.38090941309928894,0.43236199021339417,0.07008632272481918]],"label":[0,0,0,0,0,0,0,1,0]}