{"input":[[0.0032993359491229057,0.0001236690004589036,0.0665886178612709,0.04441579803824425,0.8153020143508911,0.0008819301729090512,0.0026222020387649536,0.029017610475420952,0.03774880990386009],[0.09482619911432266,0.036389268934726715,0.28496479988098145,0.08824291080236435,0.10883991420269012,0.03044058196246624,0.18184639513492584,0.11850664019584656,0.05594315007328987]],"label":[0,0,0,1,0,0,0,0,0]}