{"input":[[0.003250475972890854,0.0267565306276083,0.004650256596505642,0.32551658153533936,0.020387040451169014,0.03763299435377121,0.5660802125930786,0.0038177035748958588,0.011908198706805706],[0.006284839939326048,0.027521232143044472,0.01220401655882597,0.10468821972608566,0.1028771698474884,0.11887083202600479,0.6086810827255249,0.0148247629404068,0.004047878086566925]],"label":[0,0,0,0,0,0,1,0,0]}