{"input":[[0.00047116793575696647,0.00013965836842544377,0.0003576696908567101,0.9660227298736572,0.00781696755439043,0.0030385125428438187,0.01785600557923317,0.0006802561110816896,0.0036171446554362774],[0.0008728873799555004,0.0005008463631384075,0.001273307716473937,0.9446761608123779,0.02528240904211998,0.0017225849442183971,0.020435869693756104,0.0015844908775761724,0.003651417326182127]],"label":[0,0,0,1,0,0,0,0,0]}