{"input":[[0.11085716634988785,0.0018354596104472876,0.8194951415061951,6.970898539293557e-05,0.006171058397740126,0.0005389755824580789,0.005598524585366249,0.032425910234451294,0.02300802804529667],[0.023239843547344208,0.0005611128290183842,0.9526246786117554,1.4489448403764982e-05,0.0018622714560478926,0.00034422072349116206,0.007159915287047625,0.010201253928244114,0.003992139361798763]],"label":[0,0,1,0,0,0,0,0,0]}