{"input":[[0.00014508426829706877,0.9230798482894897,9.943766781361774e-05,4.53645907327882e-06,6.979220052016899e-05,0.03716430440545082,0.03824382275342941,9.124277858063579e-05,0.001101973932236433],[0.00373176415450871,0.39838796854019165,0.005251863971352577,0.017394114285707474,0.0022707197349518538,0.3228234052658081,0.2346222847700119,0.005921513307839632,0.009596356190741062]],"label":[0,1,0,0,0,0,0,0,0]}