{"input":[[0.4877833425998688,9.266677807318047e-06,0.0005530110793188214,8.574702725638872e-09,4.066967449034564e-06,4.200611328997184e-06,5.898722156416625e-05,0.5114568471908569,0.00013026446686126292],[0.9775519371032715,9.382636534382982e-08,0.00029359469772316515,1.615656386455555e-09,5.703766703391011e-08,1.4729951658409846e-07,2.569499429228017e-06,0.02214948460459709,2.2186029582371702e-06]],"label":[1,0,0,0,0,0,0,0,0]}