{"input":[[0.00041510671144351363,0.0028727317694574594,6.580462650163099e-05,0.008129569701850414,0.0003009445790667087,0.6322110295295715,0.3527950942516327,0.00010302890586899593,0.003106707241386175],[0.07227911055088043,0.008162135258316994,0.04418853670358658,0.1270781308412552,0.020381703972816467,0.14086000621318817,0.2285325825214386,0.049268484115600586,0.30924928188323975]],"label":[0,0,0,0,0,1,0,0,0]}