{"input":[[0.0200119037181139,0.017801476642489433,0.007534338627010584,0.0002793216845020652,0.0014648325741291046,0.001387199037708342,0.0011112233623862267,0.9453724026679993,0.005037249997258186],[0.010629124008119106,0.24790626764297485,0.27143600583076477,0.002723355544731021,0.17097657918930054,0.034059807658195496,0.12252001464366913,0.09118907153606415,0.048559702932834625]],"label":[0,0,0,0,1,0,0,0,0]}