{"input":[[0.7131513953208923,0.0060438611544668674,0.04639406129717827,0.00011218633881071582,0.09361939877271652,0.0006625679670833051,0.02018689550459385,0.10151389986276627,0.018315652385354042],[0.7447647452354431,0.0037391954101622105,0.05264360457658768,0.001584762940183282,0.039884552359580994,0.012838398106396198,0.079165980219841,0.014307872392237186,0.051070813089609146]],"label":[1,0,0,0,0,0,0,0,0]}