{"input":[[0.005708376411348581,0.06430941075086594,0.007112602237612009,0.005330713931471109,0.0004803369811270386,0.33063971996307373,0.5432334542274475,0.015553786419332027,0.02763168141245842],[0.026667160913348198,0.13422879576683044,0.026448585093021393,0.12021379172801971,0.013338584452867508,0.24907317757606506,0.21581676602363586,0.11241109669208527,0.1018020361661911]],"label":[0,1,0,0,0,0,0,0,0]}