{"input":[[0.0002054020151263103,4.383470013635815e-07,0.997818112373352,0.0011089588515460491,0.0006444120081141591,1.7369785609844257e-07,1.2987936315767001e-05,0.00012331803736742586,8.615286060376093e-05],[0.0021090188529342413,0.0009826896712183952,0.7882270812988281,0.002495798747986555,0.026058020070195198,0.002067969413474202,0.0019943658262491226,0.16914601624011993,0.006919085513800383]],"label":[0,0,0,0,0,0,0,0,1]}