{"input":[[0.005530714523047209,0.0020297998562455177,0.007837805896997452,0.4846043884754181,0.08683254569768906,0.016006819903850555,0.3820282816886902,0.004854536149650812,0.010274941101670265],[0.008333921432495117,0.000342278421157971,0.0017837469931691885,0.8699402809143066,0.047074589878320694,0.0019459623144939542,0.03068193420767784,0.02882309816777706,0.011074158363044262]],"label":[0,0,0,1,0,0,0,0,0]}