{"input":[[0.00902743823826313,0.04707235470414162,0.1010659784078598,0.14061132073402405,0.02497459575533867,0.0632622167468071,0.32361629605293274,0.08202012628316879,0.20834967494010925],[0.0066241067834198475,0.08162003010511398,0.14503507316112518,0.11301826685667038,0.03826688975095749,0.027640167623758316,0.3216615915298462,0.08159796893596649,0.18453587591648102]],"label":[0,0,0,0,0,0,0,1,0]}