{"input":[[0.0034701083786785603,0.009542388841509819,0.0011011597234755754,0.01850295625627041,0.010243505239486694,0.01137346401810646,0.92201167345047,0.008067639544606209,0.01568710431456566],[0.026192491874098778,0.06378692388534546,0.07940448075532913,0.3245234489440918,0.057042479515075684,0.03541042283177376,0.13463523983955383,0.08588060736656189,0.19312381744384766]],"label":[0,1,0,0,0,0,0,0,0]}