{"input":[[0.11155407130718231,3.237360215280205e-05,0.004303005523979664,1.2251039152033627e-06,0.00020612827211152762,1.933757812366821e-05,0.00014330813428387046,0.8832593560218811,0.000481223949464038],[0.15012824535369873,0.0011988686164841056,0.6302703619003296,0.00033055985113605857,0.012563017196953297,0.00047721818555146456,0.0028337829280644655,0.19789066910743713,0.004307220224291086]],"label":[0,0,1,0,0,0,0,0,0]}