{"input":[[0.012427990324795246,0.04682314023375511,0.0008273242274299264,0.0026357783935964108,0.004095698706805706,0.012218305841088295,0.8445173501968384,0.021384483203291893,0.055070001631975174],[0.005389537662267685,0.03813160955905914,0.07934021204710007,0.2305377572774887,0.035706449300050735,0.06654321402311325,0.16176599264144897,0.05148408189415932,0.33110111951828003]],"label":[0,0,0,0,0,0,1,0,0]}