{"input":[[0.011998511850833893,0.0020367386750876904,0.027794020250439644,0.6845979690551758,0.019210318103432655,0.0029929771553725004,0.22635112702846527,0.018531017005443573,0.006487360689789057],[0.026892434805631638,0.006057098042219877,0.45624464750289917,0.2333298921585083,0.16836297512054443,0.00578889437019825,0.05417369678616524,0.03836622089147568,0.010784185491502285]],"label":[0,0,0,1,0,0,0,0,0]}