{"input":[[0.6129075288772583,0.0003640084178186953,0.14762403070926666,8.980407983472105e-06,0.00031488711829297245,4.778666698257439e-05,0.0017025429988279939,0.23653961718082428,0.0004905344103462994],[0.29155758023262024,0.027226915583014488,0.06219080835580826,0.001668916316702962,0.0030504935421049595,0.008044352754950523,0.22725987434387207,0.37560227513313293,0.0033988032955676317]],"label":[1,0,0,0,0,0,0,0,0]}