{"input":[[0.02155301161110401,0.007208776660263538,0.021965984255075455,0.6494086384773254,0.07077798992395401,0.011785474605858326,0.1334986388683319,0.05525556206703186,0.028545865789055824],[0.009481670334935188,0.005270001012831926,0.08846603333950043,0.5034002661705017,0.0514085479080677,0.014911959879100323,0.1367436647415161,0.1133865937590599,0.07693133503198624]],"label":[0,0,0,0,1,0,0,0,0]}