{"input":[[0.008826399222016335,0.004883822984993458,0.002656646305695176,0.0375649556517601,0.0007069936254993081,0.19895631074905396,0.6762920618057251,0.04761519655585289,0.022497665137052536],[0.02240915410220623,0.04476350545883179,0.2835104167461395,0.013111422769725323,0.04552939161658287,0.037065647542476654,0.3602019250392914,0.0954485833644867,0.097959965467453]],"label":[0,0,0,0,0,0,1,0,0]}