{"input":[[0.0007158801890909672,0.02016049437224865,0.005285778548568487,0.03953374922275543,0.01411790307611227,0.016480790451169014,0.8820863962173462,0.004289325326681137,0.017329730093479156],[0.004420115612447262,0.03303444758057594,0.00937693566083908,1.6971511286101304e-05,0.0006446837214753032,0.005043253768235445,0.6110181212425232,0.3252882957458496,0.011157108470797539]],"label":[0,0,0,0,0,0,1,0,0]}