{"input":[[0.22115205228328705,0.00023807129764463753,0.3649880886077881,7.204363646451384e-05,0.007824008353054523,0.0002576785336714238,0.0015826333547011018,0.40250033140182495,0.0013850720133632421],[0.030321283265948296,0.01791503094136715,0.1305837333202362,0.0014727446250617504,0.001536560128442943,0.006498122587800026,0.05286850035190582,0.7448194622993469,0.013984530232846737]],"label":[0,0,0,0,0,0,0,1,0]}