{"input":[[0.009162401780486107,8.806421101326123e-05,0.03630325570702553,0.0010222167475149035,0.16154013574123383,4.572599573293701e-05,0.0007790540112182498,0.7844627499580383,0.006596353370696306],[0.047914061695337296,0.000322032137773931,0.7727169394493103,8.508988685207441e-05,0.02989853173494339,1.639974652789533e-05,0.006565853953361511,0.13482119143009186,0.007659876719117165]],"label":[0,0,0,0,1,0,0,0,0]}