{"input":[[0.0032605568412691355,0.017568489536643028,0.009656078182160854,0.47300422191619873,0.13770583271980286,0.01758391782641411,0.3133070468902588,0.010266111232340336,0.01764780841767788],[0.0534488745033741,0.137806698679924,0.0687316432595253,0.074757881462574,0.02872125804424286,0.0567534901201725,0.11003310233354568,0.40328460931777954,0.06646239757537842]],"label":[0,0,0,1,0,0,0,0,0]}