{"input":[[0.45543089509010315,0.007096297573298216,0.09883477538824081,0.26426514983177185,0.04772871732711792,0.011173282749950886,0.05501088500022888,0.004298629239201546,0.05616142228245735],[0.09773030132055283,0.011883381754159927,0.2569586932659149,0.42945945262908936,0.12626005709171295,0.007274266332387924,0.029447970911860466,0.018572136759757996,0.02241378091275692]],"label":[1,0,0,0,0,0,0,0,0]}