{"input":[[0.12825827300548553,0.003955257590860128,0.06873741745948792,0.0011791900033131242,0.010046268813312054,0.0012656237231567502,0.006899104453623295,0.7174130082130432,0.062245871871709824],[0.12529437243938446,0.01590866968035698,0.3710382878780365,0.00508897053077817,0.005898722913116217,0.008136414922773838,0.059120405465364456,0.35826900601387024,0.0512450709939003]],"label":[0,0,0,0,0,0,0,1,0]}