{"input":[[0.0025124032981693745,0.00022307343897409737,0.00016354507533833385,0.007546556647866964,0.020242415368556976,0.002964319195598364,0.9529364109039307,0.01165821123868227,0.0017530630575492978],[0.009398090653121471,0.0038547751028090715,0.056481413543224335,0.7378444671630859,0.1074499562382698,0.004287106916308403,0.046052318066358566,0.014854964800179005,0.019776975736021996]],"label":[0,0,0,0,0,0,1,0,0]}