{"input":[[0.0013257862301543355,0.011827771551907063,0.0047708009369671345,0.0009993211133405566,0.003901934716850519,0.0062955147586762905,0.9668728113174438,0.0006280415109358728,0.0033779977820813656],[0.01536087691783905,0.01781402714550495,0.2415754348039627,0.09528394043445587,0.044823311269283295,0.021636195480823517,0.43795347213745117,0.06432074308395386,0.0612320601940155]],"label":[0,0,0,0,0,0,1,0,0]}