{"input":[[0.008422639220952988,0.014131474308669567,0.1090831533074379,0.07425364851951599,0.015750717371702194,0.034979987889528275,0.21296949684619904,0.4710284471511841,0.05938047170639038],[0.0026671509258449078,0.04973312467336655,0.0957958847284317,0.028576895594596863,0.010488998144865036,0.01910349726676941,0.1076277419924736,0.657421350479126,0.02858530543744564]],"label":[1,0,0,0,0,0,0,0,0]}