{"input":[[0.0011211404344066978,0.0012597617460414767,0.007283453363925219,0.4837642014026642,0.04570886492729187,0.005042597185820341,0.4544134736061096,0.0003234794130548835,0.0010829073144122958],[0.016799042001366615,0.0014499395620077848,0.20505554974079132,0.5258033275604248,0.1302165985107422,0.001679804059676826,0.0359930545091629,0.03150643780827522,0.05149628221988678]],"label":[0,0,0,1,0,0,0,0,0]}