{"input":[[0.0012378080282360315,1.88994799827924e-05,0.00040381267899647355,1.4810544826104888e-06,0.00018995004938915372,7.148309123294894e-06,5.861199042556109e-06,0.9979997277259827,0.00013534216850530356],[7.795846613589674e-05,7.706513542871107e-07,6.2383602198679e-05,4.107971207645278e-08,3.0264916858868673e-05,1.9438567733232048e-07,2.3917283442642656e-07,0.9998118281364441,1.6369993318221532e-05]],"label":[0,0,0,0,0,0,0,1,0]}