{"input":[[0.7490869164466858,0.00029557361267507076,0.16669593751430511,0.00011322797945467755,0.0016196492360904813,3.444479807512835e-05,0.0027162914630025625,0.07879787683486938,0.000640020938590169],[0.9584366083145142,0.0010323554743081331,0.03205365315079689,3.6590788567991694e-06,0.0002941350103355944,1.156743019237183e-05,0.00019070312555413693,0.007879986427724361,9.739001689013094e-05]],"label":[1,0,0,0,0,0,0,0,0]}