{"input":[[0.11246819794178009,5.093568324809894e-05,0.09478695690631866,1.8525704490457429e-06,0.008948076516389847,4.751874712383142e-06,0.0018692294834181666,0.7807480096817017,0.0011219896841794252],[0.004967847838997841,4.038862243760377e-05,0.08199293166399002,3.020132453457336e-06,0.00040953702409751713,8.519443326804321e-06,0.00039693634607829154,0.9028569459915161,0.0093239052221179]],"label":[0,0,0,0,0,0,0,1,0]}