{"input":[[0.2970270812511444,0.008776507340371609,0.10446152836084366,0.326608270406723,0.06244821101427078,0.025398457422852516,0.13120155036449432,0.02469731494784355,0.019381040707230568],[0.060244008898735046,0.003581579541787505,0.5940488576889038,0.033763471990823746,0.01792476326227188,0.0031322413124144077,0.032975658774375916,0.23076657950878143,0.02356279082596302]],"label":[0,0,0,0,1,0,0,0,0]}