{"input":[[0.0033757321070879698,0.9630017280578613,0.0002317924954695627,0.0009405406890437007,4.737682320410386e-05,0.024916518479585648,0.004799594637006521,0.0007837364682927728,0.0019028965616598725],[0.03648322820663452,0.04175196588039398,0.10319795459508896,0.15044213831424713,0.08147358894348145,0.13023284077644348,0.4261292815208435,0.012506122700870037,0.017782820388674736]],"label":[0,0,0,0,0,0,1,0,0]}