{"input":[[0.0018640492344275117,6.474396650446579e-05,0.0005033804336562753,0.98103928565979,0.006622773595154285,0.0005984738236293197,0.007307104766368866,0.0005719397449865937,0.0014281473122537136],[0.00423065759241581,0.0006711127352900803,0.0028416593559086323,0.9073033332824707,0.035283464938402176,0.003950260579586029,0.028622588142752647,0.0027691193390637636,0.014327794313430786]],"label":[0,0,0,1,0,0,0,0,0]}