{"input":[[0.06643741577863693,0.00020858967036474496,0.040681589394807816,0.3439099192619324,0.2826281785964966,8.413378236582503e-05,0.013375730253756046,0.0033256583847105503,0.2493487447500229],[0.33705541491508484,0.0009825697634369135,0.4271198809146881,0.08592750877141953,0.03582213446497917,0.0001471779978601262,0.0011830179719254375,0.01770986057817936,0.09405253082513809]],"label":[1,0,0,0,0,0,0,0,0]}