{"input":[[0.005812474060803652,0.018172074109315872,0.010465736500918865,0.6027142405509949,0.05034225806593895,0.01946800947189331,0.2715515196323395,0.001999929314479232,0.019473789259791374],[0.011517290957272053,0.5223342776298523,0.06007560342550278,0.06359061598777771,0.005473358556628227,0.07744055241346359,0.16756021976470947,0.029229987412691116,0.06277816742658615]],"label":[0,0,0,1,0,0,0,0,0]}