{"input":[[0.11964558064937592,0.0020710474345833063,0.011392737738788128,0.001856225193478167,0.00034918938763439655,0.06827673316001892,0.42472928762435913,0.0009127790108323097,0.37076640129089355],[0.05354951322078705,0.0009163515060208738,0.03303390368819237,0.0009746327996253967,0.0015324348350986838,0.043602101504802704,0.8448377847671509,0.0010636282386258245,0.020489627495408058]],"label":[0,0,0,0,0,0,0,0,1]}