{"input":[[0.09715384244918823,0.0011438108049333096,0.05602669343352318,0.0021317405626177788,0.020231526345014572,0.00041578084346838295,0.00463091442361474,0.7987592220306396,0.0195064228028059],[0.041036609560251236,0.03684200346469879,0.3567041754722595,0.110009104013443,0.12417411804199219,0.05469759553670883,0.0681341364979744,0.10492725670337677,0.10347504913806915]],"label":[0,0,0,0,1,0,0,0,0]}