{"input":[[0.003351466963067651,0.0350058414041996,0.08317810297012329,0.20729167759418488,0.24306046962738037,0.03742126002907753,0.2865319848060608,0.010005036368966103,0.09415420889854431],[0.0028934204019606113,0.018281539902091026,0.18712785840034485,0.48341551423072815,0.1771606057882309,0.00463272538036108,0.08007991313934326,0.002440784592181444,0.04396770894527435]],"label":[0,0,0,0,1,0,0,0,0]}