{"input":[[0.00010110950097441673,0.00025534795713610947,0.0007369038066826761,0.5751937627792358,0.10205912590026855,0.0016753675881773233,0.31889843940734863,0.0005133674712851644,0.0005665096105076373],[0.03251787647604942,0.00780697725713253,0.039355602115392685,0.050710033625364304,0.033525966107845306,0.006993425544351339,0.7266460061073303,0.04414338245987892,0.05830071493983269]],"label":[0,0,0,0,0,0,1,0,0]}