{"input":[[0.6775004863739014,0.0096443397924304,0.039250537753105164,0.04692261293530464,0.033918675035238266,0.0052950214594602585,0.0268467515707016,0.026058858260512352,0.13456284999847412],[0.20417332649230957,0.009521245025098324,0.3363325297832489,0.026590505614876747,0.08248881250619888,0.011811764910817146,0.030675454065203667,0.15118081867694855,0.14722546935081482]],"label":[0,0,0,0,0,0,0,0,1]}