{"input":[[0.0029274183325469494,0.0005005030543543398,0.000541791960131377,0.9339669346809387,0.032372377812862396,0.0038396278396248817,0.019416704773902893,0.0014270002720877528,0.005007666070014238],[0.0010272873332723975,0.00012140697799623013,0.000990845263004303,0.9110915064811707,0.07853949069976807,0.0005737034371122718,0.004273440223187208,0.0007253539515659213,0.00265714293345809]],"label":[0,0,0,1,0,0,0,0,0]}