{"input":[[0.07890678197145462,0.0014816289767622948,0.6952656507492065,0.0018171605188399553,0.017934758216142654,0.0009211995638906956,0.00416475348174572,0.18332327902317047,0.01618475839495659],[0.13357800245285034,0.0043596988543868065,0.8430306315422058,0.00013928275438956916,0.0012877121334895492,0.0008772021974436939,0.002486214507371187,0.010246587917208672,0.003994683735072613]],"label":[0,0,1,0,0,0,0,0,0]}