{"input":[[0.020960478112101555,0.009096592664718628,0.028956696391105652,0.14258547127246857,0.028471818193793297,0.0015970934182405472,0.03727912902832031,0.025945477187633514,0.7051073908805847],[0.02050687000155449,3.0877530662110075e-05,0.3862133324146271,0.011026178486645222,0.17522722482681274,5.427962969406508e-05,0.0009789617033675313,0.24845480918884277,0.1575074940919876]],"label":[0,0,0,0,1,0,0,0,0]}