{"input":[[0.21553775668144226,0.01546995248645544,0.02703184448182583,0.016742687672376633,0.037536583840847015,0.30625560879707336,0.22559581696987152,0.030815402045845985,0.1250142753124237],[0.09282664954662323,0.02583802305161953,0.01771513931453228,0.010383752174675465,0.023425735533237457,0.22357326745986938,0.37659499049186707,0.031684815883636475,0.1979576200246811]],"label":[1,0,0,0,0,0,0,0,0]}