{"input":[[1.2419855920597911e-05,2.425214188406244e-05,1.675014391366858e-05,1.971877100004349e-05,1.1706160876201466e-05,0.00021200627088546753,0.9823645353317261,0.01627223938703537,0.0010664138244464993],[0.012154501862823963,0.0010063889203593135,0.0005459624226205051,3.247540007578209e-05,1.944932409969624e-05,0.0017758043250069022,0.6827309727668762,0.3011120855808258,0.0006223935051821172]],"label":[0,0,0,0,0,0,1,0,0]}