{"input":[[0.003613048931583762,0.00048221787437796593,0.2560000419616699,0.30921265482902527,0.34658166766166687,0.001891331048682332,0.07356683164834976,0.004436969291418791,0.004215237218886614],[0.013103560544550419,0.02340087853372097,0.09957218915224075,0.3424455523490906,0.04019438847899437,0.039836786687374115,0.39795204997062683,0.03187961131334305,0.011615036055445671]],"label":[0,0,0,1,0,0,0,0,0]}