{"input":[[0.0016803392209112644,0.0005533676594495773,0.028831874951720238,0.7629649043083191,0.057370468974113464,0.006980269216001034,0.02754906751215458,0.02377139963209629,0.0902983695268631],[0.13161629438400269,0.029045898467302322,0.10536869615316391,0.05291462689638138,0.04292672872543335,0.04070537909865379,0.2836165428161621,0.27337872982025146,0.040427133440971375]],"label":[0,0,0,0,1,0,0,0,0]}