{"input":[[0.005678708199411631,0.0013525366084650159,0.4366053342819214,0.002563586225733161,0.422813355922699,0.000920947059057653,0.029894882813096046,0.09725461155176163,0.0029160177800804377],[0.00022407191863749176,1.325303855992388e-06,0.006468940991908312,8.184504736163944e-07,0.0002459085953887552,2.6290138066542568e-06,3.4692659482971067e-06,0.9930035471916199,4.9344267608830705e-05]],"label":[0,0,0,0,0,0,0,0,1]}