{"input":[[0.0019268509931862354,0.02653694525361061,0.0009426815086044371,0.01821211725473404,0.00024169657262973487,0.2900392413139343,0.6537389159202576,0.002784505020827055,0.005577113013714552],[0.002086347434669733,0.0696936696767807,0.0017634205287322402,0.0014720306498929858,0.0015105035854503512,0.32415100932121277,0.5979251265525818,0.00028122798539698124,0.0011167279444634914]],"label":[0,0,0,0,0,1,0,0,0]}