{"input":[[0.03134527429938316,0.0025572178419679403,0.10681107640266418,0.25161921977996826,0.41468778252601624,0.015157547779381275,0.09498725831508636,0.045724909752607346,0.03710976243019104],[0.07040098309516907,0.008821412920951843,0.26564842462539673,0.2895899713039398,0.19967791438102722,0.012280559167265892,0.11985220015048981,0.008445324376225471,0.025283174589276314]],"label":[0,0,0,0,1,0,0,0,0]}