{"input":[[0.001197372330352664,3.536420990712941e-05,0.15341918170452118,0.30958399176597595,0.4748877286911011,0.001545384293422103,0.0067397658713161945,0.009369868785142899,0.04322125017642975],[0.029325835406780243,0.002213073894381523,0.13027304410934448,0.10598909109830856,0.04446413367986679,0.042464058846235275,0.2644834518432617,0.026355385780334473,0.3544319272041321]],"label":[0,0,0,1,0,0,0,0,0]}