{"input":[[0.23309360444545746,0.001999860629439354,0.0006681132945232093,0.0038005339447408915,0.012510177679359913,0.0010414674179628491,0.12170683592557907,0.5023240447044373,0.12285532057285309],[0.08813883364200592,0.00012874204549007118,0.006516575813293457,3.823963197646663e-06,0.00016747725021559745,0.0007169874152168632,0.019483396783471107,0.882315993309021,0.0025281510315835476]],"label":[0,0,0,0,0,0,0,1,0]}