{"input":[[0.0005965372547507286,0.0002510726626496762,0.000171175372088328,0.8824731707572937,0.018233682960271835,0.0027444560546427965,0.0922064334154129,0.000972626730799675,0.002350851660594344],[0.007646345067769289,0.008129775524139404,0.020320020616054535,0.6865636706352234,0.1275864690542221,0.01105839665979147,0.06774719059467316,0.041770149022340775,0.029178038239479065]],"label":[0,0,0,0,1,0,0,0,0]}