{"input":[[0.020702190697193146,0.01969989575445652,0.006047643255442381,0.0015590036055073142,0.0024604348000139,0.0018826436717063189,0.93690025806427,0.0055300528183579445,0.005217759404331446],[0.02331918478012085,0.11929943412542343,0.03492521867156029,0.00031796543044038117,0.0015152142150327563,0.06837531924247742,0.30538833141326904,0.37338557839393616,0.07347372174263]],"label":[0,0,0,0,0,0,1,0,0]}