{"input":[[0.049431055784225464,0.21313606202602386,0.009298358112573624,0.004050005692988634,0.001234555966220796,0.25322017073631287,0.21971948444843292,0.12320205569267273,0.12670832872390747],[0.032538071274757385,0.01605680026113987,0.11855734139680862,0.028476882725954056,0.009613003581762314,0.48380303382873535,0.148143470287323,0.0598730593919754,0.10293828696012497]],"label":[0,0,0,0,0,1,0,0,0]}