{"input":[[0.0024284429382532835,5.860682358616032e-05,0.9887388944625854,0.0002523913572076708,0.003455755766481161,6.601072527701035e-05,0.0017439642688259482,0.002177791204303503,0.0010781573364511132],[0.003835591021925211,0.001184106688015163,0.9094898104667664,0.012517452239990234,0.051530033349990845,0.0007398503948934376,0.009842940606176853,0.005122201982885599,0.005737980827689171]],"label":[0,0,1,0,0,0,0,0,0]}