{"input":[[0.021198110654950142,0.03237813711166382,0.2796768844127655,0.1281317174434662,0.01634332910180092,0.005678494460880756,0.18761685490608215,0.1289118528366089,0.2000647336244583],[0.03719153255224228,0.018946997821331024,0.34332090616226196,0.36310631036758423,0.011668059974908829,0.005625096149742603,0.06573683023452759,0.03637543320655823,0.11802881211042404]],"label":[0,0,0,0,0,0,0,0,1]}