{"input":[[0.002140060532838106,0.3710211515426636,0.009389306418597698,0.0009780705440789461,0.007673304062336683,0.1846049427986145,0.31592944264411926,0.021395504474639893,0.08686814457178116],[0.006746833212673664,0.036951884627342224,0.02309436723589897,0.001886823563836515,0.006327998358756304,0.11859403550624847,0.22096654772758484,0.4925250709056854,0.09290651232004166]],"label":[0,0,0,0,0,0,0,0,1]}