{"input":[[0.00880073755979538,0.057911623269319534,0.04593905806541443,0.22347958385944366,0.027993351221084595,0.03592291101813316,0.42283254861831665,0.051941607147455215,0.12517859041690826],[0.008365573361515999,0.01205726433545351,0.006175326649099588,0.5644038319587708,0.04693746939301491,0.04620639979839325,0.23066510260105133,0.007306261919438839,0.0778827890753746]],"label":[0,0,0,0,0,0,0,0,1]}