{"input":[[0.01064431481063366,0.01272281538695097,0.07479088008403778,0.0006388857727870345,0.030064677819609642,0.004211839754134417,0.8430726528167725,0.012559782713651657,0.011294262483716011],[0.03193698823451996,0.16169442236423492,0.27130430936813354,0.09870247542858124,0.1856701523065567,0.09218768030405045,0.05167001113295555,0.06465644389390945,0.042177584022283554]],"label":[0,0,0,0,1,0,0,0,0]}