{"input":[[9.856405085884035e-05,0.008389902301132679,0.0001091493759304285,0.007334787864238024,0.00021603704954031855,0.032439734786748886,0.9503680467605591,0.0007191373151727021,0.00032459283829666674],[0.533635675907135,0.010011010803282261,0.029170727357268333,0.0013301459839567542,0.012675341218709946,0.10320647060871124,0.19540482759475708,0.043804243206977844,0.07076150923967361]],"label":[0,0,0,0,0,1,0,0,0]}