{"input":[[0.0016064979135990143,0.8186988830566406,0.0018897282425314188,0.0031626324634999037,0.0015176458982750773,0.09109048545360565,0.05705750733613968,0.014064055867493153,0.010912684723734856],[0.0055324421264231205,0.24708251655101776,0.0051073781214654446,0.14330223202705383,0.008604173548519611,0.1630660742521286,0.4028922915458679,0.0021900376304984093,0.02222285605967045]],"label":[0,1,0,0,0,0,0,0,0]}