{"input":[[0.01581517606973648,0.11134537309408188,0.07447129487991333,0.045679155737161636,0.003995563834905624,0.06183294206857681,0.6664581894874573,0.01628808304667473,0.0041141388937830925],[0.003491269890218973,0.02208687923848629,0.004560227505862713,0.0067650992423295975,0.002736153546720743,0.6726030707359314,0.27902308106422424,0.0028632546309381723,0.005871023517102003]],"label":[0,0,0,0,0,1,0,0,0]}