{"input":[[0.00021843025751877576,0.0034334405791014433,0.0010087598348036408,0.016746576875448227,0.006312308833003044,0.009585768915712833,0.9604979753494263,0.0008249464444816113,0.0013717622496187687],[0.014825413934886456,0.040303267538547516,0.049371857196092606,0.06950516998767853,0.06802796572446823,0.022454790771007538,0.6612644791603088,0.05345979705452919,0.020787304267287254]],"label":[0,0,0,0,0,0,1,0,0]}