{"input":[[0.01287701167166233,0.005247498396784067,0.0859893336892128,0.0009579038014635444,0.008027676492929459,0.0012689370196312666,0.15626594424247742,0.6388433575630188,0.09052232652902603],[0.004947189707309008,3.7539928598562256e-05,0.011981667950749397,9.643694647820666e-05,0.0013510038843378425,9.552057235850953e-06,0.0010500887874513865,0.9674638509750366,0.013062654994428158]],"label":[0,0,0,0,0,0,0,1,0]}