{"input":[[0.07615156471729279,0.00988791324198246,0.04143695905804634,0.35964447259902954,0.09226547926664352,0.017062433063983917,0.286932110786438,0.049016453325748444,0.06760255992412567],[0.007231478579342365,0.002868306590244174,0.030575478449463844,0.4238475263118744,0.3108942210674286,0.009349976666271687,0.12955541908740997,0.06025603041052818,0.025421587750315666]],"label":[0,0,0,0,1,0,0,0,0]}