{"input":[[0.9124342799186707,0.0033940046560019255,0.0007562741520814598,0.00074356998084113,0.0012216487666592002,0.014032029546797276,0.03618612140417099,0.012590783648192883,0.018641354516148567],[0.1505482941865921,0.007524189073592424,0.2833721339702606,0.255273699760437,0.044069427996873856,0.011015263386070728,0.032086800783872604,0.13909609615802765,0.07701415568590164]],"label":[0,0,0,1,0,0,0,0,0]}