{"input":[[0.08381801098585129,0.022616395726799965,0.07792944461107254,0.034996144473552704,0.00926721841096878,0.019620487466454506,0.4785122573375702,0.1512848287820816,0.12195518612861633],[0.07477831095457077,0.027511751279234886,0.4343857765197754,0.043033894151449203,0.05105488747358322,0.007201331667602062,0.19909921288490295,0.10080961138010025,0.06212511286139488]],"label":[0,0,0,0,1,0,0,0,0]}