{"input":[[0.0032361289486289024,0.7409348487854004,0.0012598650064319372,0.0036120584700256586,0.0003916601126547903,0.04136496037244797,0.0431034117937088,0.0077400533482432365,0.15835702419281006],[0.026220833882689476,0.36633607745170593,0.05669032409787178,0.033884305506944656,0.007289172150194645,0.11567916721105576,0.1888570785522461,0.16513687372207642,0.039906132966279984]],"label":[0,0,1,0,0,0,0,0,0]}