{"input":[[0.0002608027425594628,0.5755730867385864,0.0016836419235914946,0.02784452773630619,0.035848356783390045,0.1540149450302124,0.1550661027431488,0.0006986728985793889,0.049009837210178375],[0.13710254430770874,0.21807649731636047,0.27338990569114685,0.01844741962850094,0.040245287120342255,0.03705916926264763,0.10997972637414932,0.14461718499660492,0.02108219638466835]],"label":[0,1,0,0,0,0,0,0,0]}