{"input":[[0.0002763037336990237,0.9907453060150146,0.0005408766446635127,0.00015163850912358612,1.7767122699297033e-05,0.0028256357181817293,0.004771651700139046,2.58246927842265e-05,0.0006448933854699135],[0.010453926399350166,0.06738337874412537,0.3503999412059784,0.008471456356346607,0.029922401532530785,0.4284868836402893,0.04576651751995087,0.0048488774336874485,0.05426660552620888]],"label":[0,1,0,0,0,0,0,0,0]}