{"input":[[0.030587902292609215,0.025301700457930565,0.268392413854599,8.4689027062268e-06,0.000987717299722135,0.026484880596399307,0.01815008744597435,0.4549952447414398,0.17509159445762634],[0.09477122873067856,0.030258260667324066,0.2672528028488159,0.011346687562763691,0.006952657829970121,0.007816401310265064,0.018097542226314545,0.5218864679336548,0.041617926210165024]],"label":[0,0,0,0,0,0,0,1,0]}