{"input":[[0.006061871070414782,0.00163529091514647,0.0010532265296205878,0.0010307446355000138,0.0006731180474162102,0.005659609567373991,0.9812703132629395,0.00035965285496786237,0.0022561559453606606],[0.009396383538842201,0.015697887167334557,0.9373319149017334,0.002625133143737912,0.009963241405785084,0.0023992913775146008,0.008355666883289814,0.013843325898051262,0.0003870417713187635]],"label":[0,0,0,0,0,0,1,0,0]}