{"input":[[0.01684155873954296,0.007453936152160168,0.004925635177642107,0.4261111319065094,0.09088661521673203,0.04145446792244911,0.035748403519392014,0.12280808389186859,0.2537701725959778],[0.02144494466483593,0.0020749042741954327,0.005184543319046497,0.6634953022003174,0.08593994379043579,0.008264973759651184,0.1553076058626175,0.021257370710372925,0.03703043982386589]],"label":[0,0,0,0,0,0,0,0,1]}