{"input":[[0.0003091045655310154,0.003976835403591394,4.3021027522627264e-05,0.0009541428880766034,0.0002426474093226716,0.9134087562561035,0.07987988740205765,1.735534897306934e-05,0.001168306334875524],[0.01123158261179924,0.011556294746696949,0.007892915047705173,0.07316131889820099,0.037941060960292816,0.2333943396806717,0.5594353079795837,0.001630781451240182,0.06375641375780106]],"label":[0,0,0,0,0,1,0,0,0]}