{"input":[[0.0013655043439939618,0.6503069400787354,0.0006076323334127665,0.0005935939261689782,0.0004883715882897377,0.042037878185510635,0.2821997404098511,0.0007973097381182015,0.021603036671876907],[0.020396271720528603,0.17410507798194885,0.15283261239528656,0.07602963596582413,0.01140163466334343,0.07125050574541092,0.110113225877285,0.300533264875412,0.08333773910999298]],"label":[0,1,0,0,0,0,0,0,0]}