{"input":[[0.003997608553618193,0.8957049250602722,0.0017486632568761706,3.5358578998057055e-07,5.085734301246703e-05,0.0010826016077771783,0.09711507707834244,0.00029667443595826626,3.298981710031512e-06],[0.005678074900060892,0.3827219605445862,0.24131153523921967,2.901686684708693e-06,0.04363076388835907,0.08779588341712952,0.23664578795433044,0.0011010563466697931,0.0011120544513687491]],"label":[0,1,0,0,0,0,0,0,0]}