{"input":[[0.002114463597536087,0.03140321373939514,0.0003524100757203996,0.006024695001542568,0.00587107939645648,0.9261505603790283,0.016926616430282593,0.003045713296160102,0.008111153729259968],[0.00458323722705245,0.0035858245100826025,0.0004273861995898187,0.0406942181289196,0.0020745492074638605,0.4256463646888733,0.5125923752784729,0.005052096676081419,0.005343975964933634]],"label":[0,0,0,0,0,1,0,0,0]}