{"input":[[0.679071307182312,0.0014544578734785318,0.023776093497872353,0.00033968492061831057,0.007194415666162968,0.0013287798501551151,0.002872329205274582,0.2730066776275635,0.010956200771033764],[0.018749909475445747,0.0005000352393835783,0.008389637805521488,2.511334514565533e-06,0.0027255616150796413,1.034218348650029e-05,0.0008331719436682761,0.9686392545700073,0.00014951240154914558]],"label":[1,0,0,0,0,0,0,0,0]}