{"input":[[0.11803174018859863,0.017950765788555145,0.27811431884765625,0.02657676488161087,0.43510329723358154,0.004217623732984066,0.03347171097993851,0.014020445756614208,0.07251343876123428],[0.003050158964470029,0.00035362745984457433,0.11958172917366028,0.0930597186088562,0.7696300148963928,0.0002246954827569425,0.006234453525394201,0.0006159954355098307,0.00724958349019289]],"label":[0,0,1,0,0,0,0,0,0]}