{"input":[[0.002030804753303528,0.007423880975693464,7.0648065957357176e-06,0.005309407599270344,0.000423371879151091,0.40066418051719666,0.5805882811546326,5.786335532320663e-05,0.003495132550597191],[0.015190708450973034,0.03585471585392952,0.011600805446505547,0.003000514814630151,0.0009365991572849452,0.427398145198822,0.28149592876434326,0.02244250290095806,0.20208004117012024]],"label":[0,0,0,0,0,1,0,0,0]}