{"input":[[0.038873955607414246,0.00013531377771869302,0.08117660135030746,0.004336188081651926,0.003197937272489071,3.948648372897878e-05,0.005373086780309677,0.8569232225418091,0.009944218210875988],[0.09831221401691437,0.16276636719703674,0.4056829810142517,0.004112420603632927,0.032620031386613846,0.028215812519192696,0.11693252623081207,0.1087028831243515,0.04265475273132324]],"label":[0,0,0,0,0,0,0,1,0]}