{"input":[[0.006443051155656576,0.0019375680712983012,0.6599152684211731,0.11529544740915298,0.02791949361562729,0.014799061231315136,0.07278624176979065,0.008363715372979641,0.09254013001918793],[0.11482580006122589,0.0398661270737648,0.45219412446022034,0.006385574582964182,0.01165528129786253,0.055137939751148224,0.03097619116306305,0.24555881321430206,0.04340026527643204]],"label":[0,0,1,0,0,0,0,0,0]}