{"input":[[0.0002076069067697972,0.013012726791203022,4.865882146987133e-05,0.00047340625314973295,6.994172144914046e-05,0.158650204539299,0.8267694711685181,1.7047475921572186e-05,0.0007508952403441072],[0.009339959360659122,0.1118478924036026,0.001924641546793282,0.014969324693083763,0.0034875627607107162,0.49941086769104004,0.35239407420158386,0.00018861208809539676,0.006437050644308329]],"label":[0,0,0,0,0,1,0,0,0]}