{"input":[[0.0036968186032027006,0.3236650824546814,0.00198621628805995,0.011871108785271645,0.0008746501989662647,0.08170001208782196,0.5538485050201416,0.010196419432759285,0.012161221355199814],[0.03704115003347397,0.2527502775192261,0.0675249993801117,0.020425042137503624,0.036664027720689774,0.08454499393701553,0.23077994585037231,0.20784182846546173,0.06242771074175835]],"label":[0,0,0,0,0,0,0,0,1]}