{"input":[[0.5722187757492065,0.017586300149559975,0.003908602986484766,0.0018155816942453384,0.000916543765924871,0.0025529535487294197,0.16209757328033447,0.20483531057834625,0.034068383276462555],[0.2248053103685379,0.01199067011475563,0.3394106328487396,0.0025660835672169924,0.036911945790052414,0.003932316787540913,0.021866392344236374,0.34913453459739685,0.009382195770740509]],"label":[0,0,0,0,0,0,0,1,0]}