{"input":[[0.005300925113260746,0.046014539897441864,0.0008238229784183204,0.0011259916936978698,0.0003638881607912481,0.012553950771689415,0.09724316000938416,0.7664793729782104,0.0700942724943161],[0.01142079383134842,0.009689646773040295,0.06394562125205994,0.0006914326222613454,0.001246139989234507,0.010047663003206253,0.01332686748355627,0.8459972739219666,0.043634526431560516]],"label":[0,0,0,0,0,0,0,1,0]}