{"input":[[0.00014110330084804446,2.7325806513545103e-05,0.0019603008404374123,0.9719485640525818,0.01857798732817173,0.00029271963285282254,0.0036128871142864227,0.0006494504050351679,0.0027897986583411694],[0.008120655082166195,0.003942536190152168,0.5344588756561279,0.08694041520357132,0.25769466161727905,0.0021869144402444363,0.030264804139733315,0.028903329744935036,0.047487787902355194]],"label":[0,0,0,1,0,0,0,0,0]}