{"input":[[0.004783242475241423,0.055818114429712296,0.05723470821976662,0.241641104221344,0.14777396619319916,0.03315747156739235,0.2729952931404114,0.028661493211984634,0.15793457627296448],[0.03380671888589859,0.12011377513408661,0.12515509128570557,0.13785848021507263,0.047909900546073914,0.12078472226858139,0.1674627661705017,0.13581211864948273,0.11109638214111328]],"label":[0,0,0,0,0,0,1,0,0]}