{"input":[[0.0005200342275202274,0.20616422593593597,0.00043982459465041757,0.021427547559142113,0.0012698607752099633,0.6672166585922241,0.09948617219924927,0.0020368474069982767,0.0014388584531843662],[0.0017216799315065145,0.04064354673027992,0.03875906020402908,0.08242326229810715,0.016294321045279503,0.12989969551563263,0.669795036315918,0.017309043556451797,0.0031543069053441286]],"label":[0,0,0,0,0,1,0,0,0]}