{"input":[[0.07668931037187576,0.00645044120028615,0.040164846926927567,0.0665874257683754,0.011111809872090816,0.0004277799162082374,0.013077917508780956,0.7726776003837585,0.012812822125852108],[0.005948747042566538,4.5019911340205e-05,0.5853231549263,6.430331995943561e-05,0.012888683006167412,5.9691396927519236e-06,0.00010704150190576911,0.3953667879104614,0.0002502274001017213]],"label":[0,0,1,0,0,0,0,0,0]}