{"input":[[0.005666922777891159,0.4725494384765625,0.011547651141881943,0.07171820104122162,0.007091676816344261,0.10441327095031738,0.28685638308525085,0.03741545230150223,0.0027409614995121956],[0.03406825289130211,6.924167973920703e-05,0.43515703082084656,0.21233756840229034,0.2511710524559021,0.00047963683027774096,0.019373200833797455,0.02619931846857071,0.021144559606909752]],"label":[0,1,0,0,0,0,0,0,0]}