{"input":[[0.0814146175980568,0.01862819492816925,0.14079469442367554,0.094182588160038,0.0524887852370739,0.0007389449747279286,0.006434837821871042,0.5825241208076477,0.022793268784880638],[0.4754987955093384,0.001013530301861465,0.38024768233299255,0.004929651040583849,0.02999057248234749,0.00016727324691601098,0.0009527321672067046,0.0713944137096405,0.035805363208055496]],"label":[0,0,0,0,0,0,0,0,1]}