{"input":[[0.0037857911083847284,0.2293204814195633,0.004722521174699068,0.003072973806411028,0.0028490389231592417,0.09758417308330536,0.4735912084579468,0.003153320401906967,0.18192040920257568],[0.0033416785299777985,0.016924550756812096,0.0873742327094078,0.060734156519174576,0.006738962139934301,0.051477208733558655,0.7138841152191162,0.011512025259435177,0.04801309108734131]],"label":[0,0,0,0,0,0,0,0,1]}