{"input":[[0.08126014471054077,0.00032991517218761146,0.3798539638519287,0.0005773120792582631,0.055329594761133194,0.0012065706541761756,0.0025878699962049723,0.4756482243537903,0.003206448396667838],[0.01875237748026848,0.0015115994028747082,0.023487722501158714,0.001413769437931478,0.017571471631526947,0.0008936299127526581,0.00413817772641778,0.8891674876213074,0.04306379333138466]],"label":[0,0,1,0,0,0,0,0,0]}