{"input":[[0.045311760157346725,0.000410225591622293,0.010766654275357723,0.18171624839305878,0.6462140083312988,0.0005035275826230645,0.029115676879882812,0.023156598210334778,0.06280535459518433],[0.2292410135269165,0.025556137785315514,0.12425247579813004,0.010207735002040863,0.19356895983219147,0.04284088686108589,0.06504623591899872,0.1489364057779312,0.16035006940364838]],"label":[0,0,0,0,1,0,0,0,0]}