{"input":[[0.010622101835906506,0.008074806071817875,0.02836388722062111,0.45274463295936584,0.2710695266723633,0.042188093066215515,0.12708543241024017,0.018259115517139435,0.04159248247742653],[0.05166488513350487,0.06425586342811584,0.04079161211848259,0.037934113293886185,0.012658712454140186,0.12369779497385025,0.6191114187240601,0.031199295073747635,0.01868627592921257]],"label":[0,1,0,0,0,0,0,0,0]}