{"input":[[2.7418920581112616e-05,0.007163770962506533,6.25754109933041e-05,0.0248269010335207,0.0006523934425786138,0.011519284918904305,0.9533853530883789,0.0005601565935648978,0.0018020961433649063],[0.012591318227350712,0.09146638959646225,0.06159922108054161,0.17037492990493774,0.015658197924494743,0.06836145371198654,0.2740797996520996,0.24503321945667267,0.060835398733615875]],"label":[0,0,0,0,0,0,1,0,0]}