{"input":[[0.0005361641524359584,0.5723397135734558,0.0021029184572398663,0.00016284332377836108,0.00014007146819494665,0.006303177215158939,0.4104040265083313,0.006933485623449087,0.0010774845723062754],[0.0031616915948688984,0.0007067846017889678,0.6739035248756409,0.032240599393844604,0.04541926085948944,0.09786420315504074,0.13030941784381866,0.0021366223227232695,0.014257957227528095]],"label":[0,1,0,0,0,0,0,0,0]}