{"input":[[0.0006069020600989461,0.00012894110113848,0.09347940236330032,0.00021142537298146635,0.03624669462442398,7.1084650699049234e-06,0.0059396796859800816,0.8626370429992676,0.000742809846997261],[0.0665854886174202,6.969967944314703e-05,0.7039481997489929,0.00010783001926029101,0.024027571082115173,7.497878686990589e-05,0.01890425942838192,0.18604008853435516,0.0002418955700704828]],"label":[0,0,0,0,1,0,0,0,0]}