{"input":[[0.001218487392179668,0.0013603046536445618,0.0003628144913818687,0.0006630669813603163,2.78820916719269e-05,0.025288619101047516,0.9706324934959412,3.062052928726189e-05,0.00041563078411854804],[0.05116160586476326,0.06515131145715714,0.06648555397987366,0.04072768613696098,0.01502726785838604,0.2239009588956833,0.48390495777130127,0.04040500894188881,0.013235603459179401]],"label":[0,0,0,0,0,0,1,0,0]}