{"input":[[0.056823842227458954,0.0005874610505998135,0.40676015615463257,0.003222330706194043,0.09110123664140701,0.00019789181533269584,0.001115295453928411,0.42845046520233154,0.011741341091692448],[0.0026994242798537016,4.827997327083722e-05,0.9580517411231995,8.193853864213452e-05,0.008070536889135838,2.8395110348355956e-05,0.0003125591319985688,0.028803382068872452,0.0019036760786548257]],"label":[1,0,0,0,0,0,0,0,0]}