{"input":[[0.000642460654489696,0.00013570250303018838,0.04989541694521904,0.16505588591098785,0.6698209643363953,0.000936291937250644,0.07830648124217987,0.0020107680466026068,0.033195968717336655],[0.012640062719583511,0.012110135518014431,0.37459635734558105,0.252273291349411,0.042080506682395935,0.03101443313062191,0.140007883310318,0.008552787825465202,0.12672455608844757]],"label":[0,0,0,1,0,0,0,0,0]}