{"input":[[0.002286949660629034,1.4356303836393636e-05,0.6043639779090881,3.7833328860870097e-06,0.0068795387633144855,2.0141092136327643e-06,3.635678149294108e-05,0.3854128420352936,0.0010001534828916192],[0.04715309664607048,0.26469504833221436,0.09723114967346191,0.004919581580907106,0.006110306363552809,0.009463737718760967,0.42469969391822815,0.1405262053012848,0.005201237741857767]],"label":[0,0,0,0,0,0,0,1,0]}