{"input":[[0.0015750476159155369,0.0006351435440592468,0.002033357974141836,0.7012198567390442,0.12233877927064896,0.00011606497719185427,0.16728080809116364,0.0028763983864337206,0.0019245626172050834],[0.005465875845402479,0.0008493937784805894,0.012818273156881332,0.876329243183136,0.06950858235359192,0.001253139111213386,0.021720169112086296,0.0013043507933616638,0.010750935412943363]],"label":[0,0,0,1,0,0,0,0,0]}