{"input":[[2.9632365112775005e-05,0.0052720243111252785,8.184879698092118e-05,0.002152773318812251,0.00029418550548143685,0.0007637398666702211,0.990298330783844,0.0006671508890576661,0.00044032506411895156],[0.003582450794056058,0.05090470612049103,0.2646525204181671,0.06976708769798279,0.018397584557533264,0.028370549902319908,0.5065729022026062,0.03464781120419502,0.02310442365705967]],"label":[0,0,0,0,0,0,1,0,0]}