{"input":[[0.015355538576841354,0.0009993530111387372,0.0037343204021453857,0.808209240436554,0.026824133470654488,0.010103171691298485,0.05458882451057434,0.00320322229526937,0.07698234170675278],[0.060874588787555695,0.01969245821237564,0.013620915822684765,0.003369992133229971,0.0017890691524371505,0.018109619617462158,0.047166015952825546,0.7274603247642517,0.10791704058647156]],"label":[0,0,0,1,0,0,0,0,0]}