{"input":[[0.013170650228857994,0.20669430494308472,0.05757660046219826,0.3210836946964264,0.011464000679552555,0.05971084535121918,0.3192264139652252,0.002255129860714078,0.008818364702165127],[0.0170795526355505,0.042722608894109726,0.28318971395492554,0.26399192214012146,0.015134061686694622,0.1488555371761322,0.097160704433918,0.06867562234401703,0.06319022178649902]],"label":[0,0,0,1,0,0,0,0,0]}