{"input":[[0.0010441949125379324,0.00091595045523718,0.00016359888832084835,0.010052809491753578,0.0014935906510800123,0.0262852031737566,0.9550501704216003,0.003649509511888027,0.001344995223917067],[0.05206189304590225,0.0018524319166317582,0.031339969485998154,0.011138923466205597,0.5258951187133789,0.010020161047577858,0.061193834990262985,0.02451440319418907,0.28198325634002686]],"label":[0,0,0,0,0,0,1,0,0]}