{"input":[[0.026763951405882835,0.006934530567377806,0.13632333278656006,0.03623081371188164,0.0293759535998106,0.09224515408277512,0.5804994106292725,0.05719299614429474,0.03443387895822525],[0.032524317502975464,0.40341243147850037,0.23337817192077637,0.0735514909029007,0.04725370928645134,0.08584494143724442,0.03628210723400116,0.07136613130569458,0.016386764124035835]],"label":[0,0,1,0,0,0,0,0,0]}