{"input":[[0.0063667758367955685,0.0005835905321873724,0.012360799126327038,4.188157254247926e-05,0.0044970824383199215,9.45665524341166e-05,0.00011241381434956565,0.9718743562698364,0.004068591631948948],[0.01596389152109623,0.0007748616626486182,0.02516619674861431,0.00018564419588074088,0.0032712742686271667,0.000655546726193279,0.0015803310088813305,0.929718017578125,0.0226842500269413]],"label":[0,0,0,0,0,0,0,1,0]}