{"input":[[6.476872658822685e-05,0.0010042000794783235,0.0002809352590702474,0.00959042739123106,0.0007997306529432535,0.0014254244742915034,0.9863103628158569,0.00024370259779971093,0.000280365435173735],[0.17789338529109955,0.0014044097624719143,0.0035262643359601498,0.002305241534486413,0.000365606538252905,0.00113574112765491,0.6464833617210388,0.16170622408390045,0.005179724656045437]],"label":[0,0,0,0,0,0,1,0,0]}