{"input":[[0.034664418548345566,0.17844970524311066,0.12074965238571167,0.0008848733850754797,0.03244943544268608,0.024744948372244835,0.5456073880195618,0.01489875465631485,0.04755081236362457],[0.027703357860445976,0.17034928500652313,0.1785651594400406,5.756981408922002e-05,0.002088584005832672,0.13701459765434265,0.09891176223754883,0.3694477081298828,0.015861911699175835]],"label":[0,0,0,0,0,0,0,0,1]}