{"input":[[0.004106009379029274,0.1656343787908554,0.01653597131371498,0.047225143760442734,0.1418510526418686,0.24922354519367218,0.3514350950717926,0.0010119583457708359,0.02297680266201496],[0.08523023873567581,0.008382104337215424,0.5885896682739258,0.08686929941177368,0.002641126746311784,0.05442064628005028,0.03770395368337631,0.11310786753892899,0.02305513061583042]],"label":[1,0,0,0,0,0,0,0,0]}