{"input":[[0.10895989090204239,0.07688183337450027,0.25496208667755127,0.0003386882890481502,0.011456022039055824,0.0018909856444224715,0.3653891086578369,0.17269539833068848,0.007425814401358366],[0.007660541217774153,0.0022132976446300745,0.5924519896507263,0.011609554290771484,0.02021331712603569,0.002350020222365856,0.1618652492761612,0.1971031278371811,0.004532893653959036]],"label":[0,0,1,0,0,0,0,0,0]}