{"input":[[0.000295334670227021,0.0005469426396302879,0.003202845109626651,0.015575739555060863,0.0011955193476751447,0.0025977545883506536,0.9312301874160767,0.023437393829226494,0.021918268874287605],[0.0013014377327635884,0.005699982866644859,0.005908293649554253,0.4264793395996094,0.011221721768379211,0.06206894293427467,0.4101995527744293,0.01335093006491661,0.06376972794532776]],"label":[0,0,0,0,0,0,1,0,0]}