{"input":[[0.00037270906614139676,0.00021247686527203768,0.004478631541132927,0.9500775337219238,0.020737778395414352,0.000791331403888762,0.015411471016705036,0.0003310188476461917,0.007586942054331303],[0.028644345700740814,0.02037743665277958,0.5663682818412781,0.18075348436832428,0.04649966210126877,0.00722141657024622,0.09982267767190933,0.012496387585997581,0.03781625255942345]],"label":[0,0,1,0,0,0,0,0,0]}