{"input":[[0.015653204172849655,2.992113513755612e-05,0.008787239901721478,0.9622104167938232,0.0046325065195560455,0.0002382098464295268,0.007395001593977213,0.0005506410379894078,0.0005027921870350838],[0.01859988085925579,0.0016759460559114814,0.053820569068193436,0.6706380248069763,0.0578136220574379,0.009695373475551605,0.06157975271344185,0.015050682239234447,0.1111261323094368]],"label":[0,0,0,1,0,0,0,0,0]}