{"input":[[0.02396474778652191,0.0964885875582695,0.036496348679065704,0.0748550146818161,0.030663512647151947,0.07587409019470215,0.43810999393463135,0.06159540265798569,0.16195222735404968],[0.20441120862960815,0.21883851289749146,0.02049821801483631,0.0026182287838310003,0.00225049233995378,0.12189791351556778,0.32160043716430664,0.049800220876932144,0.058084819465875626]],"label":[0,0,0,0,0,0,0,0,1]}