{"input":[[0.5143704414367676,7.005290171946399e-06,0.0019573539029806852,5.071184805416351e-09,5.596364644588903e-06,1.8839850781660061e-06,0.0006893954705446959,0.4829040765762329,6.431031215470284e-05],[0.02268409915268421,0.19381467998027802,0.16595852375030518,0.0006766580045223236,0.017009209841489792,0.06978746503591537,0.26987236738204956,0.21542832255363464,0.044768691062927246]],"label":[0,0,0,0,0,0,0,1,0]}