{"input":[[0.001513784984126687,0.002476658672094345,0.0008837344357743859,0.36177048087120056,0.04609289392828941,0.020006928592920303,0.545042872428894,0.005674388259649277,0.016538266092538834],[0.2020031064748764,0.10030831396579742,0.10665076225996017,0.13777071237564087,0.053395990282297134,0.05161566287279129,0.2192845195531845,0.07836998999118805,0.050600986927747726]],"label":[0,0,0,1,0,0,0,0,0]}