{"input":[[0.00479377806186676,0.5531864166259766,0.005415006540715694,0.0451616607606411,0.0009111665422096848,0.06676889955997467,0.2738931477069855,0.005161861423403025,0.04470814764499664],[0.022329922765493393,0.4709125757217407,0.05368582159280777,0.06162729486823082,0.00790609885007143,0.07289523631334305,0.16923074424266815,0.06547348946332932,0.07593885809183121]],"label":[0,0,0,0,0,0,0,0,1]}