{"input":[[0.0021244031377136707,0.6943579912185669,0.00012923829490318894,0.0025129136629402637,0.00010067046241601929,0.036976929754018784,0.26154252886772156,0.0015865337336435914,0.0006688231369480491],[0.012596884742379189,0.2718656361103058,0.010353276506066322,0.018161635845899582,0.0016624652780592442,0.3105839490890503,0.3641185164451599,0.003722318448126316,0.006935270968824625]],"label":[0,1,0,0,0,0,0,0,0]}