{"input":[[0.067001573741436,0.04875683784484863,0.005153401289135218,1.7224081602762453e-05,0.007557399105280638,0.08166207373142242,0.4646337330341339,0.04628929868340492,0.2789284288883209],[0.06092321500182152,0.0019296110840514302,0.8010388016700745,0.00022515346063300967,0.032411426305770874,8.653617260279134e-05,0.0024717955384403467,0.0993446409702301,0.0015688248677179217]],"label":[0,0,0,0,0,0,0,0,1]}