{"input":[[0.02964765392243862,0.016726456582546234,0.0056951711885631084,0.3601524531841278,0.07255466282367706,0.03687354922294617,0.355275422334671,0.040033210068941116,0.08304156363010406],[0.007432608865201473,0.018315507099032402,0.030916493386030197,0.5627540349960327,0.047916024923324585,0.028615977615118027,0.19821037352085114,0.05674496665596962,0.04909399524331093]],"label":[0,0,0,0,0,0,1,0,0]}