{"input":[[0.1350141018629074,0.004510311409831047,0.5118774175643921,0.011921202763915062,0.061831410974264145,0.009421094320714474,0.03330073133111,0.06786254048347473,0.16426123678684235],[0.1410953402519226,0.016312628984451294,0.19003823399543762,0.0019901650957763195,0.008695494383573532,0.006692168302834034,0.006592925637960434,0.6197304129600525,0.008852540515363216]],"label":[0,0,0,0,1,0,0,0,0]}