{"input":[[0.01627396233379841,0.032391440123319626,0.15599282085895538,0.39582881331443787,0.03426509350538254,0.006775630172342062,0.29101547598838806,0.014122596010565758,0.0533340685069561],[0.0057882098481059074,0.003294531488791108,0.28291118144989014,0.2490837424993515,0.20953868329524994,0.003966330550611019,0.09541838616132736,0.06455899775028229,0.08543987572193146]],"label":[0,0,0,0,0,0,1,0,0]}