{"input":[[0.0013268202310428023,4.273766080586938e-06,0.9365537166595459,0.0003871447697747499,0.06030437722802162,2.0635641249100445e-06,0.0003908504149876535,0.0006753302877768874,0.0003553215938154608],[0.0003894378605764359,3.0173657705745427e-06,0.9802446365356445,0.00040934394928626716,0.01710292510688305,1.3179557072362513e-06,0.0016808969667181373,0.00012486809282563627,4.3577365431701764e-05]],"label":[0,0,1,0,0,0,0,0,0]}