{"input":[[0.023960016667842865,0.006967104505747557,0.035692304372787476,0.5130051374435425,0.14991940557956696,0.006610055919736624,0.24100539088249207,0.0025272229686379433,0.020313335582613945],[0.03492628410458565,0.12359195947647095,0.060061369091272354,0.1610267013311386,0.23308858275413513,0.04431914538145065,0.2926996648311615,0.0194337610155344,0.030852556228637695]],"label":[0,0,0,1,0,0,0,0,0]}