{"input":[[0.0077437227591872215,0.23112815618515015,0.0018662672955542803,0.004057112615555525,0.00040351817733608186,0.1561712771654129,0.5781177282333374,0.016927391290664673,0.0035848207771778107],[0.00478915823623538,0.0051673827692866325,0.005855218973010778,0.04013977199792862,0.0015024752356112003,0.5779504776000977,0.35797613859176636,0.0024447590112686157,0.004174599424004555]],"label":[0,0,0,0,0,1,0,0,0]}