{"input":[[0.0009576082811690867,0.2149880826473236,0.028874602168798447,0.000696665549185127,0.0008269554818980396,0.05262459069490433,0.6981209516525269,0.0016155126504600048,0.0012950393138453364],[0.003577803960070014,0.026155242696404457,0.7537332773208618,0.0246703140437603,0.010154158808290958,0.011405718512833118,0.14817039668560028,0.005212134215980768,0.01692098379135132]],"label":[0,1,0,0,0,0,0,0,0]}