{"input":[[0.36251524090766907,0.00024632309214212,0.002900909399613738,0.0005420922534540296,0.02727966383099556,2.914103606599383e-05,0.002698603319004178,0.5971499681472778,0.006638003047555685],[0.569329023361206,8.978400001069531e-05,0.07980944961309433,0.11497567594051361,0.1121751219034195,0.00039822832331992686,0.004170711617916822,0.053113698959350586,0.06593820452690125]],"label":[1,0,0,0,0,0,0,0,0]}