{"input":[[0.0028760062996298075,0.027966268360614777,0.0008883256232365966,0.01600434072315693,0.006269529927521944,0.20308929681777954,0.6706211566925049,0.0006867283955216408,0.07159840315580368],[0.005559326149523258,0.032249584794044495,0.029344426468014717,0.05605093017220497,0.012879363261163235,0.17423051595687866,0.5407537221908569,0.004971736576408148,0.14396043121814728]],"label":[0,0,0,0,0,1,0,0,0]}