{"input":[[0.012135038152337074,2.092680188070517e-05,0.38552987575531006,5.1857001380994916e-05,0.01628672517836094,2.0365638192743063e-05,9.319806122221053e-05,0.582708477973938,0.0031535339076071978],[0.02170872688293457,0.0037457840517163277,0.2848479747772217,0.010152949020266533,0.012372102588415146,0.004757847171276808,0.01858208142220974,0.6212236881256104,0.022608859464526176]],"label":[0,0,1,0,0,0,0,0,0]}