{"input":[[0.6518217921257019,0.007405697368085384,0.05035271495580673,0.00012595791486091912,8.301952038891613e-05,0.00017196746193803847,0.0025782675947993994,0.2868114709854126,0.0006491850363090634],[0.7045952677726746,0.010974192060530186,0.07620561867952347,0.02452167496085167,0.002889576368033886,0.0014806048711761832,0.04774532467126846,0.12778322398662567,0.0038046101108193398]],"label":[1,0,0,0,0,0,0,0,0]}