{"input":[[0.009777897968888283,0.05783943086862564,0.01586386188864708,0.009240742772817612,0.019619645550847054,0.05292234942317009,0.17976343631744385,0.6344029307365417,0.020569782704114914],[0.048185139894485474,0.06162930652499199,0.04785018786787987,0.04441671818494797,0.02944389171898365,0.026369526982307434,0.5992090702056885,0.06915006041526794,0.07374606281518936]],"label":[0,0,0,0,0,0,0,1,0]}