{"input":[[0.0014600168215110898,0.0009731523459777236,0.00031483458587899804,0.34002113342285156,0.04021250456571579,0.01716773584485054,0.5175399780273438,0.006690190173685551,0.07562049478292465],[0.017831023782491684,0.006254400126636028,0.02543392963707447,0.6275815963745117,0.13131414353847504,0.017482947558164597,0.03357085958123207,0.02654653787612915,0.11398454755544662]],"label":[0,0,0,1,0,0,0,0,0]}