{"input":[[0.0010105103719979525,0.07598812133073807,0.02345452643930912,0.04059207811951637,0.08075736463069916,0.019733751192688942,0.6510725617408752,0.010112845338881016,0.09727828949689865],[0.01828167960047722,0.18208330869674683,0.2115325629711151,0.008528121747076511,0.01220613531768322,0.12613658607006073,0.27104294300079346,0.1445186883211136,0.025669941678643227]],"label":[0,0,1,0,0,0,0,0,0]}