{"input":[[0.007172178942710161,0.010202144272625446,0.005495412275195122,0.005565835162997246,0.00414105411618948,0.05209261178970337,0.8070946931838989,0.014753326773643494,0.09348280727863312],[0.06642255932092667,0.04134954884648323,0.10499551892280579,0.08136709779500961,0.04315359145402908,0.04990234225988388,0.2279270887374878,0.2334257811307907,0.15145641565322876]],"label":[0,1,0,0,0,0,0,0,0]}