{"input":[[0.1055256724357605,0.012650083750486374,0.06760465353727341,0.15749625861644745,0.12550994753837585,0.00682116998359561,0.1905573606491089,0.29563191533088684,0.03820290416479111],[0.05337633937597275,0.017176128923892975,0.1154332160949707,0.024597257375717163,0.09131939709186554,0.016968218609690666,0.23615677654743195,0.09121707826852798,0.3537555932998657]],"label":[0,0,0,0,1,0,0,0,0]}