{"input":[[0.015218758955597878,0.03880161792039871,0.11108016967773438,0.4399662911891937,0.06300440430641174,0.021395809948444366,0.1228397935628891,0.04226231947541237,0.14543083310127258],[0.03195629641413689,0.037177249789237976,0.21094806492328644,0.14368636906147003,0.08127663284540176,0.05195058509707451,0.11853263527154922,0.05663463845849037,0.2678375244140625]],"label":[0,0,0,0,0,0,0,0,1]}