{"input":[[0.06480623781681061,0.015088723041117191,0.011453378945589066,0.02267722599208355,0.050223056226968765,0.016664130613207817,0.7619927525520325,0.0222689900547266,0.034825608134269714],[0.07469625771045685,0.05814211070537567,0.5627118945121765,0.007023241370916367,0.1319965124130249,0.010864652693271637,0.06578151136636734,0.03253934904932976,0.05624450370669365]],"label":[0,0,0,0,0,0,0,0,1]}