{"input":[[0.0059461891651153564,8.271939805126749e-06,0.0025182419922202826,0.9679906368255615,0.020876208320260048,4.4313532271189615e-05,0.0017109377076849341,0.0005948051693849266,0.00031029985984787345],[0.0977850928902626,0.0008368338458240032,0.01953047327697277,0.4362955689430237,0.3532745838165283,0.0014349529519677162,0.019925331696867943,0.03636888787150383,0.03454836457967758]],"label":[0,0,0,1,0,0,0,0,0]}