{"input":[[0.1722220480442047,0.034351199865341187,0.010863399133086205,0.024455122649669647,0.0280282124876976,0.003927362151443958,0.6791712045669556,0.0061551593244075775,0.04082624986767769],[0.01801866851747036,0.15400975942611694,0.09806843847036362,0.02859974279999733,0.02452964521944523,0.05366172641515732,0.14901654422283173,0.22846819460391998,0.24562734365463257]],"label":[0,0,0,0,0,0,0,0,1]}