{"input":[[4.492452717386186e-05,0.0003645411634352058,8.03428192739375e-05,0.0036401539109647274,0.00015730285667814314,0.0017474538180977106,0.9858415722846985,0.007609452120959759,0.0005143301677890122],[0.011572368443012238,0.021403299644589424,0.07048440724611282,0.2888496518135071,0.012314646504819393,0.10148510336875916,0.34254345297813416,0.08211416006088257,0.0692330002784729]],"label":[0,0,0,0,0,0,1,0,0]}