{"input":[[0.0054949508048594,0.0047558327205479145,0.1415543258190155,0.3359300196170807,0.3042724132537842,0.002654445357620716,0.11670108139514923,0.0005760446656495333,0.08806084096431732],[0.0326625257730484,0.01983676478266716,0.18720324337482452,0.278577983379364,0.037062421441078186,0.03846657648682594,0.3534016013145447,0.002611858304589987,0.050176918506622314]],"label":[0,0,1,0,0,0,0,0,0]}