{"input":[[0.029705163091421127,1.4168278539727908e-05,0.0007467297837138176,4.4915017497260123e-05,0.0004390706599224359,2.183591277571395e-05,0.0001699741987977177,0.9682627320289612,0.0005954584339633584],[0.1312643140554428,0.0003819269477389753,0.07409754395484924,0.002417016541585326,0.03053433448076248,0.00012741677346639335,0.00045781760127283633,0.7576743960380554,0.0030452033970505]],"label":[0,0,0,0,0,0,0,1,0]}