{"input":[[0.001934019848704338,0.001342669129371643,0.0001291676890105009,0.0011744146468117833,0.0016707532340660691,0.2530301511287689,0.7364489436149597,0.0002526061434764415,0.004017329309135675],[0.006978026125580072,0.0034960443153977394,0.0012313042534515262,0.04629190266132355,0.004622127395123243,0.5373445153236389,0.3927493989467621,0.0003658951900433749,0.006920735351741314]],"label":[0,0,0,0,0,1,0,0,0]}