{"input":[[7.248788460856304e-05,0.003976617474108934,5.698107088392135e-06,0.0002055970107903704,4.2224266508128494e-05,0.01949278824031353,0.9748954772949219,0.00011313978757243603,0.001195946941152215],[0.03930395469069481,0.06376078724861145,0.10952847450971603,0.0018750347662717104,0.009692899882793427,0.17023563385009766,0.3696746230125427,0.027435284107923508,0.20849329233169556]],"label":[0,0,0,0,0,1,0,0,0]}