{"input":[[5.565243191085756e-05,1.642608026486414e-06,0.6506140828132629,0.004383600316941738,0.3317234516143799,7.816366633051075e-06,7.568246655864641e-05,0.009569209069013596,0.0035689384676516056],[0.10530757158994675,0.015272518619894981,0.09366890043020248,0.4301011860370636,0.11621209979057312,0.008995751850306988,0.05350269004702568,0.034959208220243454,0.14198003709316254]],"label":[0,0,1,0,0,0,0,0,0]}