{"input":[[0.33057844638824463,0.0022779512219130993,0.2045137733221054,0.01848628744482994,0.19634002447128296,0.004128985106945038,0.027123956009745598,0.15681757032871246,0.059732988476753235],[0.028490370139479637,0.004833919927477837,0.04604106396436691,0.09744895249605179,0.011206305585801601,0.012242023833096027,0.55416339635849,0.021434711292386055,0.22413931787014008]],"label":[1,0,0,0,0,0,0,0,0]}