{"input":[[0.11073826253414154,5.6973276514327154e-05,0.3344685733318329,0.08699081838130951,0.30906519293785095,4.749693107441999e-05,0.0002788596320897341,0.14892399311065674,0.00942985899746418],[0.0002247831434942782,0.00015524694754276425,0.6838269233703613,0.15495708584785461,0.1306809037923813,7.77024615672417e-05,0.02784852497279644,0.0016922298818826675,0.0005366314435377717]],"label":[0,0,1,0,0,0,0,0,0]}