{"input":[[0.030396588146686554,0.0006484898622147739,0.6625603437423706,4.911665746476501e-05,0.0004938998608849943,0.00021786251454614103,0.0011606194311752915,0.303543359041214,0.0009297812357544899],[0.11311515420675278,0.3164818584918976,0.08139175921678543,0.03298862650990486,0.00756828673183918,0.07137726992368698,0.21899162232875824,0.11376000195741653,0.04432549700140953]],"label":[0,0,1,0,0,0,0,0,0]}