{"input":[[0.13414597511291504,0.05312497168779373,0.18829664587974548,0.005598409567028284,0.03900608420372009,0.05076812207698822,0.1342620849609375,0.37286052107810974,0.02193712629377842],[0.11088309437036514,0.03844721242785454,0.09214142709970474,0.000608507136348635,0.009627256542444229,0.007139626424759626,0.017814265564084053,0.7177881002426147,0.005550486966967583]],"label":[0,0,0,0,0,0,0,1,0]}