{"input":[[0.5411078333854675,0.00018766027642413974,0.2650364339351654,0.0001587587030371651,0.02853434532880783,6.565249350387603e-05,0.0004579750238917768,0.1620514839887619,0.002399913966655731],[0.17265482246875763,0.0018080446170642972,0.4199903607368469,0.00030454719671979547,0.03417248651385307,0.004048049915581942,0.023814251646399498,0.28557294607162476,0.05763446167111397]],"label":[1,0,0,0,0,0,0,0,0]}