{"input":[[0.03628319874405861,0.2423650473356247,0.008410117588937283,0.35651078820228577,0.0527866929769516,0.02721356600522995,0.14765450358390808,0.08877485245466232,0.04000129550695419],[0.08080106228590012,0.03030463121831417,0.041239988058805466,0.3174366056919098,0.03537999466061592,0.030603040009737015,0.3016420900821686,0.03149854391813278,0.13109417259693146]],"label":[0,0,0,0,0,0,0,0,1]}