{"input":[[0.00015794111823197454,1.287633494939655e-05,2.382569800829515e-05,0.0031378695275634527,0.9957221746444702,1.1867723515024409e-05,0.000912089366465807,9.75499460764695e-06,1.162459284387296e-05],[0.17460250854492188,0.0014540348201990128,0.0930396169424057,0.04730439931154251,0.4955158829689026,0.0012094132835045457,0.046067968010902405,0.06653596460819244,0.07427021861076355]],"label":[0,0,0,0,1,0,0,0,0]}