{"input":[[0.052000463008880615,0.0005391028244048357,0.16096995770931244,0.00010135200864169747,0.023422569036483765,0.000661950558423996,0.004983609076589346,0.7238829731941223,0.03343796357512474],[0.0005495220539160073,0.0001959554065251723,0.933651328086853,0.0010010995902121067,0.024292312562465668,0.00038435091846622527,0.00030872656498104334,0.03657614812254906,0.0030404850840568542]],"label":[0,0,1,0,0,0,0,0,0]}