{"input":[[0.007593206595629454,0.00010427091910969466,0.04496869072318077,0.8355618119239807,0.06191742792725563,0.00040574357262812555,0.01137995719909668,0.017511598765850067,0.02055734023451805],[0.009952723048627377,0.0006933941622264683,0.0507136695086956,0.7374656200408936,0.13254494965076447,0.0015999433817341924,0.02172660641372204,0.028575213626027107,0.01672789268195629]],"label":[0,0,0,0,1,0,0,0,0]}