{"input":[[0.011888556182384491,0.0010554949985817075,0.018842028453946114,0.648687481880188,0.06273330748081207,0.003889592597261071,0.23979125916957855,0.0006554158171638846,0.012456837110221386],[0.03237272799015045,0.036360010504722595,0.3370468020439148,0.06359785050153732,0.04971833899617195,0.030757036060094833,0.3548947274684906,0.005489582195878029,0.08976283669471741]],"label":[0,0,0,1,0,0,0,0,0]}