{"input":[[0.005267041735351086,0.001505493768490851,0.008154557086527348,0.8196455836296082,0.04397464916110039,0.0019047774840146303,0.10175731033086777,0.0016798072028905153,0.016110770404338837],[0.02104460820555687,0.005341237410902977,0.2688401937484741,0.4123487174510956,0.2172328680753708,0.001532220747321844,0.02636447362601757,0.012964881956577301,0.0343308225274086]],"label":[0,0,0,1,0,0,0,0,0]}