{"input":[[0.8367352485656738,1.7590215065865777e-05,0.013095802627503872,6.842073162260931e-06,5.143666930962354e-05,2.1098174329381436e-05,0.0005160224391147494,0.14902207255363464,0.0005338199553079903],[0.13183824717998505,3.825592284556478e-05,0.0038464446552097797,4.949713911628351e-06,0.00012962179607711732,4.597014776663855e-05,0.00014501746045425534,0.8635713458061218,0.0003801122948061675]],"label":[1,0,0,0,0,0,0,0,0]}