{"input":[[0.003437685314565897,0.03226089850068092,0.25939103960990906,0.12094604223966599,0.29326391220092773,0.019074324518442154,0.26163890957832336,0.00046969461254775524,0.00951752346009016],[0.003377435728907585,0.07129400223493576,0.4765414297580719,0.14350536465644836,0.01721533015370369,0.026586441323161125,0.2352210283279419,0.007598487660288811,0.018660569563508034]],"label":[0,0,0,0,1,0,0,0,0]}