{"input":[[0.00013785265036858618,0.01770525798201561,0.00012046620395267382,0.02299894019961357,0.000505694595631212,0.4378199875354767,0.4952912926673889,0.0016784229082986712,0.02374212257564068],[0.0031854212284088135,0.018995413556694984,0.009373546577990055,0.5454829335212708,0.02327769622206688,0.09754211455583572,0.1743924468755722,0.03312975913286209,0.09462064504623413]],"label":[0,0,0,0,0,1,0,0,0]}