{"input":[[0.0018657370237633586,0.02439836412668228,0.0016465919325128198,0.005033242516219616,0.0001538687793072313,0.021387772634625435,0.9128827452659607,0.0018695468315854669,0.03076210990548134],[0.03536901995539665,0.005279382690787315,0.09365273267030716,0.1356278359889984,0.011053109541535378,0.015493908897042274,0.5722033381462097,0.04188929498195648,0.08943141251802444]],"label":[0,0,0,0,0,0,1,0,0]}