{"input":[[0.010012887418270111,0.0007725160103291273,0.0060703204944729805,0.8407127857208252,0.014638173393905163,0.012063078582286835,0.08650243282318115,0.0073240757919847965,0.02190374583005905],[0.0042013730853796005,0.00036259726039133966,0.006505671888589859,0.8693745732307434,0.0855972021818161,0.0015021564904600382,0.014281629584729671,0.0020433934405446053,0.01613139547407627]],"label":[0,0,0,1,0,0,0,0,0]}