{"input":[[0.012552035041153431,0.24670197069644928,0.008920359425246716,0.08012811839580536,0.012690726667642593,0.08122866600751877,0.4362005591392517,0.0634206011891365,0.05815698578953743],[0.020585624501109123,0.2485964447259903,0.02630392275750637,0.05896023288369179,0.011983388103544712,0.23109596967697144,0.2524113655090332,0.1223243996500969,0.027738716453313828]],"label":[0,0,0,0,0,0,0,0,1]}