{"input":[[0.7494850158691406,0.0015244964743033051,0.013796360231935978,1.1016885764547624e-05,0.00032074941555038095,0.00010632646444719285,0.02841135859489441,0.20409129559993744,0.002253372222185135],[0.9898481965065002,8.888573574949987e-06,0.002491337712854147,2.57852434515371e-07,0.00013672640488948673,4.24797917730757e-06,4.0446884668199345e-06,0.007497728802263737,8.627804163552355e-06]],"label":[1,0,0,0,0,0,0,0,0]}