{"input":[[0.0018002049764618278,9.54486404225463e-06,0.0018360110698267817,0.6833899021148682,0.31179800629615784,3.482586907921359e-05,0.0004151095054112375,2.864397356461268e-05,0.0006877694977447391],[0.013594337739050388,0.0007261810242198408,0.5055113434791565,0.20964382588863373,0.20744939148426056,0.002376735210418701,0.017394371330738068,0.014205601997673512,0.029098160564899445]],"label":[0,0,0,0,1,0,0,0,0]}