{"input":[[0.00784623809158802,0.039126135408878326,0.000764323165640235,0.24657277762889862,0.015904625877738,0.13604259490966797,0.4678843319416046,0.003897858550772071,0.08196109533309937],[0.07011543214321136,0.019101666286587715,0.014700883068144321,0.10143602639436722,0.004055528901517391,0.037419307976961136,0.682835578918457,0.023522092029452324,0.04681343957781792]],"label":[0,0,0,0,0,0,0,0,1]}