{"input":[[0.00023535873333457857,4.609537427313626e-06,0.00811839010566473,0.0003555414150469005,0.0005260237376205623,8.858324872562662e-05,0.0004268027259968221,0.9897496104240417,0.0004950455040670931],[0.009684902615845203,2.3967517336132005e-05,0.010585605166852474,0.0020515036303550005,0.007294019218534231,4.7201163397403434e-05,0.0006029948708601296,0.9663278460502625,0.003381985006853938]],"label":[0,0,0,0,0,0,0,1,0]}