{"input":[[0.18655098974704742,0.11250893026590347,0.012613305822014809,0.007590079214423895,0.0013520329957827926,0.025942550972104073,0.09020300209522247,0.5551263093948364,0.008112705312669277],[0.08432641625404358,0.2750064432621002,0.020007982850074768,0.011405935510993004,0.004951255861669779,0.046695858240127563,0.052668385207653046,0.4719886779785156,0.03294897824525833]],"label":[0,0,0,0,0,0,0,1,0]}