{"input":[[0.005964983254671097,0.017816388979554176,0.006606463808566332,0.3063400983810425,0.1283809244632721,0.06277570873498917,0.364078551530838,0.04522714018821716,0.06280981749296188],[0.006229505408555269,0.008609676733613014,0.009165595285594463,0.19941674172878265,0.033581409603357315,0.011156017892062664,0.6933742761611938,0.00804834719747305,0.030418338254094124]],"label":[0,0,0,0,0,0,1,0,0]}