{"input":[[0.0006554311257787049,0.253656268119812,0.019170042127370834,0.04202400892972946,0.007781607564538717,0.028508735820651054,0.6050679683685303,0.015286967158317566,0.027848975732922554],[0.002838502638041973,0.016394007951021194,0.08688108623027802,0.021927734836935997,0.036239199340343475,0.047948092222213745,0.3535442054271698,0.2168453484773636,0.21738192439079285]],"label":[0,0,0,0,1,0,0,0,0]}