{"input":[[0.0023484742268919945,0.5603582262992859,0.11851644515991211,0.021990617737174034,0.20003236830234528,0.008229117840528488,0.04771116375923157,0.03955669701099396,0.0012568391393870115],[0.007322085089981556,0.7678903341293335,0.010950742289423943,0.002669343026354909,0.012629284523427486,0.11464042216539383,0.07386908680200577,0.008833073079586029,0.0011956572998315096]],"label":[0,1,0,0,0,0,0,0,0]}