{"input":[[0.004928760230541229,0.008942126296460629,0.3191022276878357,0.11519812047481537,0.011583834886550903,0.0017069943714886904,0.15685369074344635,0.02888794057071209,0.352796345949173],[0.008427893742918968,0.0017492987681180239,0.20559874176979065,0.0016725268214941025,0.006485808175057173,0.0011524707078933716,0.005956058390438557,0.5959876775741577,0.1729695200920105]],"label":[0,0,0,0,0,0,0,1,0]}