{"input":[[0.5030718445777893,0.011429226957261562,0.027960700914263725,0.010253449901938438,0.02028842829167843,0.007264373358339071,0.0818232074379921,0.30280348658561707,0.035105276852846146],[0.2573131322860718,0.026906728744506836,0.021007094532251358,0.012417677789926529,0.0019371301168575883,0.007400444708764553,0.43039587140083313,0.11375688016414642,0.1288651078939438]],"label":[1,0,0,0,0,0,0,0,0]}