{"input":[[0.07463962584733963,0.016144806519150734,0.02782568708062172,0.0005708605167455971,0.008279363624751568,0.0017039829399436712,0.3286428153514862,0.537278950214386,0.004913954995572567],[0.32205262780189514,0.0017995038069784641,0.10047131031751633,3.305445352452807e-05,0.014106664806604385,0.0025297740940004587,0.04225140064954758,0.34303826093673706,0.1737174242734909]],"label":[1,0,0,0,0,0,0,0,0]}