{"input":[[0.006462044082581997,0.00035665175528265536,0.020569032058119774,0.5899453163146973,0.10489141196012497,0.0036078891716897488,0.21630972623825073,0.0007850889815017581,0.05707288160920143],[0.008712315931916237,0.0012229934800416231,0.01154906116425991,0.6722021102905273,0.18929055333137512,0.0015353751368820667,0.10770785808563232,0.0016102459048852324,0.006169531494379044]],"label":[0,0,0,1,0,0,0,0,0]}