{"input":[[0.001936266664415598,7.5809202826349065e-06,0.006066153757274151,3.323367491248064e-05,0.00018108902440872043,5.770946245320374e-06,8.926988812163472e-06,0.9906988739967346,0.0010621589608490467],[0.0011407834244892001,1.0287710665579652e-06,0.003721640445291996,5.335753598956217e-07,6.409772322513163e-05,7.379515523098235e-07,5.637810772896046e-06,0.9945684671401978,0.0004970560548827052]],"label":[0,0,0,0,0,0,0,1,0]}