{"input":[[0.00013955745089333504,0.8062359690666199,0.0005495705408975482,0.0006770401378162205,0.00011131765495520085,0.14368921518325806,0.04731474071741104,2.8568105335580185e-05,0.0012540111783891916],[0.019332122057676315,0.27471017837524414,0.0072076283395290375,0.19759264588356018,0.005166537594050169,0.13115479052066803,0.3224164843559265,0.02256939373910427,0.019850263372063637]],"label":[0,1,0,0,0,0,0,0,0]}