{"input":[[0.11081903427839279,4.2449075408512726e-05,0.38430115580558777,2.505606425984297e-05,0.0008809269056655467,3.36074699589517e-05,0.0039384434930980206,0.4990670084953308,0.0008922754786908627],[0.022973544895648956,0.001304824836552143,0.8976689577102661,0.00014496559742838144,0.0010573678882792592,0.0007545789703726768,0.01868206262588501,0.05527216196060181,0.0021414835937321186]],"label":[0,0,1,0,0,0,0,0,0]}