{"input":[[5.519170008483343e-05,2.6939875169773586e-05,0.48930370807647705,0.001541782054118812,0.2296951413154602,4.285078830434941e-06,0.0003645632532425225,0.255647748708725,0.023360680788755417],[0.018263259902596474,0.009308934211730957,0.060221850872039795,0.25418469309806824,0.36378565430641174,0.00754062132909894,0.036811597645282745,0.11938613653182983,0.13049721717834473]],"label":[0,0,1,0,0,0,0,0,0]}