{"input":[[0.015441976487636566,0.0013944916427135468,0.03127525374293327,0.3104718327522278,0.3387255072593689,0.005771915428340435,0.038852810859680176,0.01749267987906933,0.24057357013225555],[0.008547398261725903,0.002907468006014824,0.541672945022583,0.3455166816711426,0.052441880106925964,0.0019157682545483112,0.012254931032657623,0.00830065831542015,0.02644224837422371]],"label":[0,0,0,0,1,0,0,0,0]}