{"input":[[0.02550000324845314,0.0737915113568306,0.03429162874817848,0.007777801714837551,0.004966455046087503,0.4956021308898926,0.27612200379371643,0.039446573704481125,0.04250193014740944],[0.03025279939174652,0.07168274372816086,0.18705834448337555,0.03534218296408653,0.018486861139535904,0.01489025354385376,0.02563917450606823,0.47861671447753906,0.138031005859375]],"label":[0,1,0,0,0,0,0,0,0]}