{"input":[[0.7708935141563416,3.828668923233636e-05,0.05123138800263405,0.006008367985486984,0.006292051635682583,0.00024918816052377224,0.004891411401331425,0.13491010665893555,0.025485586374998093],[0.12284331023693085,0.0005834277253597975,0.16790449619293213,0.4105798602104187,0.152597114443779,0.0003943545452784747,0.002808739198371768,0.08984820544719696,0.05244047939777374]],"label":[0,0,0,0,1,0,0,0,0]}