{"input":[[5.109306948725134e-05,1.6789382470960845e-06,0.0008511245250701904,2.163445458336355e-07,4.292840458219871e-05,6.205854674590228e-07,7.616101811436238e-06,0.9982410669326782,0.0008036416838876903],[0.0015103962505236268,7.379882299574092e-05,0.020118992775678635,3.147290408378467e-05,0.006218862719833851,7.28952290955931e-05,0.0006167898536659777,0.9704225063323975,0.0009342275443486869]],"label":[0,0,0,0,0,0,0,1,0]}