{"input":[[0.0003606121172197163,0.6903945207595825,0.0003370017802808434,0.09959916025400162,0.08892089128494263,0.022846901789307594,0.09442025423049927,0.0014948867028579116,0.0016257844399660826],[0.002524680458009243,0.04407089576125145,0.0011905637802556157,0.459667444229126,0.01707548089325428,0.0887753814458847,0.33528345823287964,0.038099128752946854,0.01331301499158144]],"label":[0,0,0,0,0,0,1,0,0]}