{"input":[[0.00018090363300871104,0.005390108097344637,0.005890444852411747,0.420023113489151,0.5399670004844666,0.006949045229703188,0.020494215190410614,0.00088509451597929,0.00022008465020917356],[0.014377926476299763,0.005883306730538607,0.10071872919797897,0.32023197412490845,0.4974841773509979,0.004926175344735384,0.02283484674990177,0.014689524658024311,0.01885337010025978]],"label":[0,0,0,1,0,0,0,0,0]}