{"input":[[0.15277458727359772,0.020562531426548958,0.12208309769630432,0.0010612066835165024,0.00618950929492712,0.004823591094464064,0.012699359096586704,0.6287668347358704,0.05103927478194237],[0.33056309819221497,0.017934458330273628,0.3904443681240082,0.0018751107854768634,0.03315329551696777,0.005711513105779886,0.00770691130310297,0.14530077576637268,0.06731045991182327]],"label":[1,0,0,0,0,0,0,0,0]}