{"input":[[0.0020934967324137688,0.0013949645217508078,0.04553484171628952,8.073916251305491e-05,0.0011489863973110914,0.000647085951641202,0.014346957206726074,0.930928111076355,0.0038248116616159678],[0.0021855582017451525,6.127853703219444e-05,0.5660721063613892,5.532227760340902e-07,0.0011161210713908076,3.4010823583230376e-05,0.0016091943252831697,0.4256647229194641,0.0032564750872552395]],"label":[0,0,0,0,0,0,0,1,0]}