{"input":[[0.013941719196736813,0.02863922342658043,0.031135456636548042,0.5602993369102478,0.09862470626831055,0.006610885262489319,0.1514599621295929,0.0625389963388443,0.04674974083900452],[0.014858315698802471,0.014440891332924366,0.0515226386487484,0.5760721564292908,0.06110662221908569,0.01912303827702999,0.16899916529655457,0.03518085181713104,0.0586964376270771]],"label":[0,0,0,0,0,0,1,0,0]}