{"input":[[0.43848779797554016,2.2623966287937947e-05,0.42469072341918945,0.002713993191719055,0.042220525443553925,0.00026514334604144096,0.015249508433043957,0.038591910153627396,0.03775789216160774],[0.3942602276802063,0.00014557795657310635,0.0033632321283221245,0.0004907898837700486,0.014656898565590382,0.002263427246361971,0.001448054681532085,0.5771505832672119,0.006221181713044643]],"label":[1,0,0,0,0,0,0,0,0]}