{"input":[[1.6475587472086772e-05,0.7718469500541687,0.0010305661708116531,0.0005779527709819376,0.000794240680988878,0.17279040813446045,0.052017200738191605,0.0003611288557294756,0.0005651502870023251],[0.0003043515025638044,0.5523736476898193,0.00025559280766174197,0.001137921353802085,0.0030895115341991186,0.2829613983631134,0.15500086545944214,0.0022645662538707256,0.0026119640097022057]],"label":[0,1,0,0,0,0,0,0,0]}