{"input":[[0.10859882831573486,0.29696980118751526,0.17059791088104248,0.04736679792404175,0.16408969461917877,0.061705730855464935,0.10930240899324417,0.004830641206353903,0.03653819113969803],[0.01330267172306776,0.015535885468125343,0.13250583410263062,0.4033353924751282,0.2751633822917938,0.003329480765387416,0.13991780579090118,0.0007957597263157368,0.016113827005028725]],"label":[1,0,0,0,0,0,0,0,0]}