{"input":[[0.02022767812013626,0.06641503423452377,0.025111541152000427,0.08962082862854004,0.10660111904144287,0.02117427997291088,0.49443668127059937,0.11278948932886124,0.0636233314871788],[0.09395021945238113,0.00464010750874877,0.05678334832191467,0.6295504570007324,0.12356794625520706,0.004167584702372551,0.03341589495539665,0.018099304288625717,0.03582514077425003]],"label":[0,0,0,0,1,0,0,0,0]}