{"input":[[0.13932105898857117,0.0018784981220960617,0.563953697681427,0.000561994849704206,0.0015494904946535826,0.00037370010977610946,0.0341431200504303,0.2138230800628662,0.04439539834856987],[0.1512995958328247,0.010548867285251617,0.5872134566307068,0.008372138254344463,0.01282260101288557,0.020906008780002594,0.13464419543743134,0.06918320804834366,0.00500987283885479]],"label":[0,0,1,0,0,0,0,0,0]}