{"input":[[0.023595858365297318,0.0008044468122534454,0.7659000754356384,0.0005601760931313038,0.16105540096759796,0.0005272288108244538,0.0071906158700585365,0.02722093090415001,0.01314525306224823],[0.030629703775048256,0.005211500450968742,0.8233403563499451,0.012601180002093315,0.010248228907585144,0.0031593285966664553,0.08866109699010849,0.023065786808729172,0.003082836512476206]],"label":[0,0,1,0,0,0,0,0,0]}