{"input":[[0.004272050689905882,0.004685260821133852,0.7310863733291626,0.006733845453709364,0.08301576972007751,0.0005133197410032153,0.01480044424533844,0.14374105632305145,0.011151858605444431],[0.009603716433048248,0.003707325551658869,0.802352786064148,0.009488282725214958,0.09442802518606186,0.0018609630642458797,0.059211503714323044,0.014995729550719261,0.0043517230078577995]],"label":[0,0,0,0,0,0,0,1,0]}