{"input":[[0.0003303799021523446,3.682679744088091e-05,0.00044970092130824924,0.9600687026977539,0.010054017417132854,0.0014819151256233454,0.024470899254083633,0.0013498859480023384,0.0017576515674591064],[0.009846329689025879,0.0008358240593224764,0.1260276734828949,0.610368549823761,0.07945845276117325,0.0046251192688941956,0.10544584691524506,0.031621985137462616,0.031770311295986176]],"label":[0,0,0,1,0,0,0,0,0]}