{"input":[[0.001191985560581088,0.00039009988540783525,0.007834820076823235,0.006439046002924442,0.0018871654756367207,0.0035665975883603096,0.49903690814971924,0.35645344853401184,0.12319982796907425],[0.03216658905148506,0.006145027466118336,0.5436224937438965,0.04976722598075867,0.04688161611557007,0.014375505968928337,0.12675604224205017,0.13770383596420288,0.04258166253566742]],"label":[0,0,0,0,1,0,0,0,0]}