{"input":[[5.12581282237079e-05,2.5651572286733426e-05,6.504319026134908e-05,0.055426519364118576,0.9346146583557129,8.756298939260887e-07,0.009797416627407074,7.69918642617995e-06,1.0872108759940602e-05],[0.006705376319587231,0.028107410296797752,0.14789524674415588,0.4585438668727875,0.28581640124320984,0.002851717872545123,0.03428751602768898,0.015837596729397774,0.01995478942990303]],"label":[0,0,0,0,1,0,0,0,0]}