{"input":[[0.003459016792476177,0.12160316854715347,0.0037903592456132174,0.023643601685762405,0.005406512878835201,0.05109002813696861,0.7768719792366028,0.003985718358308077,0.010149608366191387],[0.016498103737831116,0.02119586616754532,0.0627153068780899,0.5288974046707153,0.20481061935424805,0.013216456398367882,0.08515740185976028,0.011927190236747265,0.05558173358440399]],"label":[0,0,0,0,0,0,1,0,0]}