{"input":[[0.0046350364573299885,0.15844343602657318,0.0165923573076725,0.3360312283039093,0.038455378264188766,0.040073804557323456,0.40017980337142944,0.004193069413304329,0.0013957829214632511],[0.02334957756102085,0.32608917355537415,0.03449423983693123,0.08419438451528549,0.02077861875295639,0.20994913578033447,0.1714015007019043,0.09896104037761688,0.03078233078122139]],"label":[0,1,0,0,0,0,0,0,0]}