{"input":[[0.033095281571149826,0.022431455552577972,0.4398137032985687,0.008203459903597832,0.009631549939513206,0.0075171999633312225,0.16786402463912964,0.1175994724035263,0.19384387135505676],[0.0004870871198363602,0.001310002407990396,0.9065135717391968,0.003970792517066002,0.03500473126769066,0.001967106480151415,0.004607155919075012,0.040229152888059616,0.005910451989620924]],"label":[0,0,1,0,0,0,0,0,0]}