{"input":[[0.01758573018014431,0.007204824592918158,0.0004053492739330977,0.023061178624629974,0.002095062518492341,0.01919829100370407,0.9285445213317871,0.00015830197662580758,0.0017467372817918658],[0.03207947313785553,0.01352503802627325,0.2407829463481903,0.05853184312582016,0.33662834763526917,0.0064815012738108635,0.13444235920906067,0.07783374190330505,0.0996946170926094]],"label":[0,0,0,0,0,1,0,0,0]}