{"input":[[0.014707831665873528,0.012587541714310646,0.1468168944120407,0.0021616865415126085,0.007317795418202877,0.002144360914826393,0.6456961035728455,0.04208226129412651,0.12648552656173706],[0.05092626437544823,0.024379029870033264,0.04544653370976448,0.07507284730672836,0.13366816937923431,0.015410126186907291,0.07148873805999756,0.443682998418808,0.13992521166801453]],"label":[0,0,0,0,0,0,0,0,1]}