{"input":[[0.015950605273246765,0.03252549096941948,0.017474712803959846,0.030173705890774727,0.0014701142208650708,0.019398557022213936,0.7639567255973816,0.11275305598974228,0.006296982988715172],[0.2020869106054306,0.003647423582151532,0.1481718122959137,0.0031871942337602377,0.00021725439000874758,0.0032465197145938873,0.1847754269838333,0.4481445550918579,0.006522917654365301]],"label":[0,1,0,0,0,0,0,0,0]}