{"input":[[0.3999740779399872,0.04704379290342331,0.051100846379995346,0.0008313583093695343,0.0924457460641861,0.008920606225728989,0.043323978781700134,0.09800035506486893,0.25835928320884705],[0.0678372010588646,0.0018343660049140453,0.0022679874673485756,2.2413592887460254e-05,0.00027007749304175377,0.0018935933476313949,0.009476837702095509,0.9110173583030701,0.005380111746490002]],"label":[1,0,0,0,0,0,0,0,0]}