{"input":[[0.006888900883495808,0.003956934437155724,0.037504274398088455,0.13122989237308502,0.04824508726596832,0.0038342305924743414,0.7431449890136719,0.012609276920557022,0.012586480006575584],[0.004345910623669624,0.000624033622443676,0.07497665286064148,0.13120223581790924,0.6341251730918884,0.004323344212025404,0.014794087037444115,0.08910901099443436,0.04649956151843071]],"label":[1,0,0,0,0,0,0,0,0]}