{"input":[[0.04542019963264465,0.03835452347993851,0.1157824695110321,0.3226645886898041,0.03428038954734802,0.03716166317462921,0.23271919786930084,0.07271743565797806,0.10089947283267975],[0.022384319454431534,0.01438693143427372,0.02953309565782547,0.12999266386032104,0.006260445341467857,0.025139521807432175,0.6687125563621521,0.0739506185054779,0.029639899730682373]],"label":[0,0,0,0,0,0,0,0,1]}