{"input":[[0.005434979218989611,0.0032227563206106424,0.005607889033854008,0.7675256729125977,0.04011659324169159,0.016722047701478004,0.08047813922166824,0.006742337252944708,0.07414960861206055],[0.0029259584844112396,0.001356987631879747,0.01046477910131216,0.8270763754844666,0.07570353150367737,0.0033482229337096214,0.024963125586509705,0.02961002290248871,0.024550994858145714]],"label":[0,0,0,1,0,0,0,0,0]}