{"input":[[0.005149411968886852,0.0043961890041828156,0.001142989145591855,4.376403012429364e-05,4.383683699415997e-05,0.0005354208988137543,0.0019364079926162958,0.9803662896156311,0.006385693326592445],[0.04477323964238167,0.11660774052143097,0.1403508484363556,0.020452525466680527,0.006966190878301859,0.03719264268875122,0.10397734493017197,0.3432818651199341,0.18639762699604034]],"label":[0,0,0,0,0,0,0,1,0]}