{"input":[[0.016704004257917404,0.024146119132637978,0.20851744711399078,0.0021417951211333275,0.026420066133141518,0.0029151614289730787,0.0423264242708683,0.43625175952911377,0.24057729542255402],[0.05104634165763855,0.001336085144430399,0.04107879847288132,0.17590898275375366,0.11520836502313614,0.003556650597602129,0.018249349668622017,0.5043660998344421,0.08924931287765503]],"label":[0,0,0,0,0,0,0,0,1]}