{"input":[[0.0014021387323737144,0.030717110261321068,0.0007428367389366031,0.0034238991793245077,0.0009134068386629224,0.431715190410614,0.5165552496910095,0.0033042810391634703,0.011225837282836437],[0.015930447727441788,0.03859708085656166,0.00577662093564868,0.0036763742100447416,0.003539424389600754,0.5263938903808594,0.3799276053905487,0.005117236170917749,0.02104128710925579]],"label":[0,0,0,0,0,1,0,0,0]}