{"input":[[0.00018800223188009113,7.796882783850378e-08,0.0038298743311315775,8.343386781461959e-08,0.0009465213515795767,1.879128461723667e-07,2.7835503715323284e-06,0.994868278503418,0.00016423747001681477],[0.0001990501768887043,8.119650942717271e-07,0.0020159725099802017,5.8148433623728124e-08,0.0003338244860060513,5.356341148399224e-07,4.46831336375908e-06,0.9963054656982422,0.0011398796923458576]],"label":[0,0,0,0,0,0,0,1,0]}