{"input":[[0.03145049512386322,0.020127298310399055,0.001717916689813137,0.15198932588100433,0.0072971535846591,0.2775047719478607,0.48690909147262573,0.0006385163287632167,0.02236548252403736],[0.03580488637089729,0.04239531233906746,0.11677879095077515,0.23786772787570953,0.08295103162527084,0.10032343119382858,0.23333464562892914,0.13276132941246033,0.017782889306545258]],"label":[0,0,0,0,0,1,0,0,0]}