{"input":[[3.108512100880034e-05,2.144739141840546e-07,0.9674989581108093,0.0002466074947733432,0.004982706159353256,4.711144185876037e-07,9.641566066420637e-06,0.025272326543927193,0.001957970205694437],[0.0017890981398522854,5.127304029883817e-05,0.10476499795913696,5.6178425438702106e-05,0.0010192433837801218,0.000214777173823677,0.0030004088766872883,0.8808172941207886,0.008286722004413605]],"label":[0,0,1,0,0,0,0,0,0]}