{"input":[[0.0030977872665971518,0.014673052355647087,0.6717056035995483,0.03580990433692932,0.06272782385349274,0.0318792387843132,0.1554017812013626,0.0037042119074612856,0.021000610664486885],[0.05149690806865692,0.029413525015115738,0.27951788902282715,0.06472185254096985,0.11933767050504684,0.052196357399225235,0.11953745782375336,0.21699069440364838,0.06678769737482071]],"label":[0,0,0,1,0,0,0,0,0]}