{"input":[[0.08598337322473526,0.011070985347032547,0.009375102818012238,0.031190354377031326,0.01110568642616272,0.07505767047405243,0.5095784664154053,0.11029362678527832,0.1563447266817093],[0.23323853313922882,0.10493936389684677,0.03749135509133339,0.000498167471960187,0.0007724051829427481,0.17185521125793457,0.05734892934560776,0.24636414647102356,0.14749200642108917]],"label":[1,0,0,0,0,0,0,0,0]}