{"input":[[0.04411620646715164,0.00037994032027199864,0.016425972804427147,0.26943251490592957,0.07194043695926666,0.015329099260270596,0.4905635416507721,0.004084281623363495,0.0877280905842781],[0.4111558794975281,0.006035279016941786,0.024768535047769547,0.0350939966738224,0.007265530526638031,0.18502657115459442,0.278201699256897,0.02699107863008976,0.02546137198805809]],"label":[0,0,0,0,0,0,1,0,0]}