{"input":[[0.3236135244369507,0.02089887112379074,0.03915516659617424,0.004513392224907875,0.025029096752405167,0.01469819899648428,0.2216435819864273,0.12450109422206879,0.22594699263572693],[0.09028719365596771,0.048057205975055695,0.4101332128047943,0.03176167607307434,0.04401446878910065,0.009033376350998878,0.0296444371342659,0.31364330649375916,0.023425187915563583]],"label":[1,0,0,0,0,0,0,0,0]}