{"input":[[0.0002827376883942634,0.8522387146949768,0.0006094410200603306,0.0009894095128402114,6.321709952317178e-05,0.0001243235165020451,0.14562055468559265,3.949371603084728e-05,3.202876905561425e-05],[0.0008496615337207913,0.7479507327079773,0.0541057251393795,0.022757429629564285,0.003178958548232913,0.019134320318698883,0.13684342801570892,0.00835797842592001,0.006821813993155956]],"label":[0,1,0,0,0,0,0,0,0]}