{"input":[[0.00322302826680243,0.0012329581659287214,0.0035615365486592054,0.6881356835365295,0.12031397223472595,0.004636113066226244,0.10572023689746857,0.007990289479494095,0.06518618017435074],[0.012650132179260254,0.001230612862855196,0.006574422586709261,0.8380480408668518,0.05773273855447769,0.002901689615100622,0.04885030910372734,0.005693292245268822,0.02631879597902298]],"label":[0,0,0,0,1,0,0,0,0]}