{"input":[[0.00591334467753768,0.3969796597957611,0.001309687620960176,0.0037897592410445213,0.0017569535411894321,0.13178353011608124,0.44706833362579346,0.00047069141874089837,0.01092800498008728],[0.011132934130728245,0.2430524379014969,0.03741737827658653,0.13775160908699036,0.006130806170403957,0.07711908966302872,0.46367883682250977,0.007089059799909592,0.016627784818410873]],"label":[0,1,0,0,0,0,0,0,0]}