{"input":[[0.0012776892399415374,0.0027424597647041082,0.0016671139746904373,0.007819193415343761,0.03078078106045723,0.0021250464487820864,0.9480525851249695,0.000748246384318918,0.004786913748830557],[0.03031509555876255,0.039048030972480774,0.08924853056669235,0.15834245085716248,0.1217392235994339,0.021222788840532303,0.47828054428100586,0.03713443875312805,0.02466898411512375]],"label":[0,0,0,1,0,0,0,0,0]}