{"input":[[0.0032394544687122107,5.342943768482655e-05,4.188988168607466e-05,3.3719573799828595e-09,1.0659976901195023e-08,2.675603718671482e-05,0.0025259675458073616,0.9940028786659241,0.0001096026026061736],[0.12824179232120514,0.0002151785884052515,0.0003334353386890143,2.6218540938316437e-07,1.2844079719798174e-05,2.7249247068539262e-05,0.3449590802192688,0.5257816314697266,0.00042852427577599883]],"label":[0,0,0,0,0,0,0,1,0]}