{"input":[[0.00010131828457815573,0.003918190952390432,0.00038115246570669115,0.06430845707654953,0.00402475893497467,0.02960110828280449,0.894926905632019,0.0016812192043289542,0.0010568703291937709],[0.002616564044728875,0.006798329297453165,0.17470599710941315,0.2957066595554352,0.13292591273784637,0.038149457424879074,0.17720380425453186,0.16573292016983032,0.006160368211567402]],"label":[0,0,0,0,0,0,1,0,0]}