{"input":[[0.002376185730099678,0.10616197437047958,0.0018119509331882,0.00684384535998106,0.0015422512078657746,0.03295626863837242,0.8242485523223877,0.0021862429566681385,0.02187274768948555],[0.006627929396927357,0.004622912034392357,0.6272141933441162,0.04788922145962715,0.11903228610754013,0.0038432637229561806,0.03463166579604149,0.019410520792007446,0.13672803342342377]],"label":[0,1,0,0,0,0,0,0,0]}