{"input":[[0.01212055142968893,0.0001876418391475454,0.005599010270088911,0.7079296112060547,0.14209778606891632,0.0031264829449355602,0.0869256779551506,0.031270965933799744,0.0107423672452569],[0.08614157140254974,0.02803233452141285,0.20006142556667328,0.25364652276039124,0.21467790007591248,0.011292388662695885,0.06615748256444931,0.0874604806303978,0.05252992361783981]],"label":[0,0,0,0,0,0,0,0,1]}