{"input":[[0.0012920668814331293,0.000798319757450372,0.0012940348824486136,0.018564479425549507,0.0008058204548433423,0.015053424052894115,0.9183579087257385,0.006406084168702364,0.03742792457342148],[0.059685852378606796,0.14878401160240173,0.10316144675016403,0.037985049188137054,0.007167676463723183,0.07503494620323181,0.23712703585624695,0.19343134760856628,0.13762250542640686]],"label":[0,0,0,0,0,0,0,1,0]}