{"input":[[0.022908909246325493,0.23562100529670715,0.15271084010601044,0.004921409301459789,0.012193686328828335,0.02258448116481304,0.0024650441482663155,0.4921029210090637,0.054491691291332245],[0.012942620553076267,0.0026491195894777775,0.33887436985969543,0.030492590740323067,0.3336019217967987,0.0009247935959137976,0.02914322167634964,0.24306626617908478,0.008305159397423267]],"label":[0,0,1,0,0,0,0,0,0]}