{"input":[[0.6093108654022217,0.0064175003208220005,0.19762387871742249,0.0018171848496422172,0.029591752216219902,0.0010873727733269334,0.03670395910739899,0.016737643629312515,0.10070981830358505],[0.32745838165283203,0.05149427056312561,0.37444067001342773,0.0014610913349315524,0.011613396927714348,0.017316101118922234,0.1372552365064621,0.026331374421715736,0.05262944847345352]],"label":[1,0,0,0,0,0,0,0,0]}