{"input":[[0.0002468809252604842,0.00010896019375650212,0.9566642642021179,0.00020035247143823653,0.0057496377266943455,9.172887985187117e-06,9.116771980188787e-05,0.021192647516727448,0.015737023204565048],[0.025062231346964836,0.012852522544562817,0.24879752099514008,0.024739321321249008,0.012938665226101875,0.01057514175772667,0.1894550770521164,0.1312495321035385,0.34432998299598694]],"label":[0,0,0,0,0,0,0,0,1]}