{"input":[[0.003479221137240529,0.008269362151622772,0.23377501964569092,0.6177802681922913,0.01670653000473976,0.002378680743277073,0.08646593987941742,0.008020617999136448,0.023124366998672485],[0.009748908691108227,0.0011513797799125314,0.030011767521500587,0.7850052118301392,0.025106823071837425,0.0006929453229531646,0.10143938660621643,0.04265203699469566,0.004191500134766102]],"label":[0,0,0,1,0,0,0,0,0]}