{"input":[[0.0008626484195701778,0.0010242679854854941,0.004668744280934334,0.0882386863231659,0.08431097120046616,0.0006740112439729273,0.8169026374816895,0.0006754883797839284,0.002642561448737979],[0.002023011678829789,0.007116595283150673,0.038241397589445114,0.4887414574623108,0.11909005045890808,0.0031154716853052378,0.3112278878688812,0.01493972446769476,0.01550443284213543]],"label":[0,0,0,1,0,0,0,0,0]}