{"input":[[0.013669994659721851,0.6112656593322754,0.02402106486260891,0.006505773868411779,0.011253192089498043,0.08665706217288971,0.23194794356822968,0.000836371851619333,0.013842936605215073],[0.02316322922706604,0.2392064779996872,0.20420902967453003,0.049893658608198166,0.12941676378250122,0.06238355115056038,0.19974680244922638,0.05091448873281479,0.04106605052947998]],"label":[0,1,0,0,0,0,0,0,0]}