{"input":[[0.0007007939857430756,0.00013708519691135734,0.0001826242369133979,0.5547915697097778,0.02603473886847496,0.00526165496557951,0.4113864600658417,0.0005340613424777985,0.0009709756704978645],[0.018112322315573692,0.0005763007211498916,0.0060545336455106735,0.36637082695961,0.5621110200881958,0.0012093550758436322,0.030697036534547806,0.0036676665768027306,0.011200915090739727]],"label":[0,0,0,0,1,0,0,0,0]}