{"input":[[0.0004678168334066868,0.7657370567321777,0.006993349175900221,0.0008447563741356134,0.013818620704114437,0.12960956990718842,0.08019371330738068,0.0006106575019657612,0.0017243928741663694],[0.0011842359090223908,0.8896051049232483,0.000665016530547291,0.0011484046699479222,0.0009606358944438398,0.07161351293325424,0.029514577239751816,4.2828138248296455e-05,0.005265670828521252]],"label":[0,1,0,0,0,0,0,0,0]}