{"input":[[8.361417712876573e-05,0.0016010324470698833,0.0009656657930463552,0.00018942597671411932,0.00010102342639584094,0.014120764099061489,0.9822756052017212,0.00016591376333963126,0.000497007742524147],[0.006281397771090269,0.41804200410842896,0.023170923814177513,0.022496148943901062,0.005430371034890413,0.20782750844955444,0.24264106154441833,0.02953294850885868,0.04457767680287361]],"label":[0,1,0,0,0,0,0,0,0]}