{"input":[[0.010204489342868328,0.14110790193080902,0.00929287914186716,0.07080374658107758,0.013598947785794735,0.06063399463891983,0.6128347516059875,0.011176634579896927,0.07034669071435928],[0.037829671055078506,0.05206483602523804,0.029552346095442772,0.024156581610441208,0.022888612002134323,0.02766416408121586,0.04259277135133743,0.6004936695098877,0.16275744140148163]],"label":[0,0,0,0,0,0,1,0,0]}