{"input":[[0.010215896181762218,0.005316222086548805,0.09879530966281891,0.1211288794875145,0.18700645864009857,0.07482082396745682,0.4594228267669678,0.011257968842983246,0.03203556314110756],[0.014012031257152557,0.035564981400966644,0.11422291398048401,0.36514484882354736,0.0581122450530529,0.09615344554185867,0.1440875381231308,0.041508398950099945,0.13119366765022278]],"label":[0,0,0,0,0,0,1,0,0]}