{"input":[[0.0073262169025838375,0.2840099632740021,0.0010720737045630813,0.0012931454693898559,0.004715021699666977,0.04007633402943611,0.6571776270866394,0.00029326113872230053,0.004036394413560629],[0.08161133527755737,0.0312691368162632,0.19151391088962555,0.1319800168275833,0.05939359962940216,0.14573173224925995,0.138603076338768,0.18156592547893524,0.03833124786615372]],"label":[0,0,0,0,0,1,0,0,0]}