{"input":[[0.7806113958358765,0.004794587381184101,0.009312654845416546,0.002921214560046792,0.003313073655590415,0.008729944005608559,0.18323104083538055,0.0038052794989198446,0.0032807064708322287],[0.9292159080505371,0.0029382312204688787,0.03671843931078911,0.00014385119720827788,0.00026883502141572535,0.0012509652879089117,0.019110020250082016,0.0020487341098487377,0.008305084891617298]],"label":[1,0,0,0,0,0,0,0,0]}