{"input":[[0.006362869869917631,0.006155629176646471,0.011216944083571434,0.2736319303512573,0.010890950448811054,0.0235041081905365,0.6185634732246399,0.016904983669519424,0.03276911377906799],[0.05211789160966873,0.006614344194531441,0.18293386697769165,0.23847071826457977,0.25385400652885437,0.013536968268454075,0.07766683399677277,0.07535339891910553,0.09945187717676163]],"label":[0,0,0,1,0,0,0,0,0]}