{"input":[[0.3198709487915039,0.10165709257125854,0.07995346933603287,0.0007950925501063466,0.009884419851005077,0.01186516135931015,0.3132777214050293,0.13895340263843536,0.023742547258734703],[0.025548426434397697,0.017317522317171097,0.4207632541656494,0.00474258977919817,0.03891575708985329,0.023559151217341423,0.2644820213317871,0.04911824315786362,0.15555302798748016]],"label":[0,0,1,0,0,0,0,0,0]}