{"input":[[0.0030198965687304735,0.0003350300539750606,0.09065438061952591,0.7957838773727417,0.010404126718640327,0.0005620581214316189,0.09754588454961777,0.000249487318797037,0.001445238129235804],[0.027934826910495758,0.00511260237544775,0.154191255569458,0.26377072930336,0.27445918321609497,0.002257685177028179,0.031848207116127014,0.20092882215976715,0.039496760815382004]],"label":[0,0,0,0,0,0,1,0,0]}