{"input":[[0.023255107924342155,0.00819256529211998,0.086810402572155,0.02868734858930111,0.036275073885917664,0.040707435458898544,0.6744001507759094,0.02731992118060589,0.07435198873281479],[0.008446815423667431,0.001570833963342011,0.10496831685304642,0.25973424315452576,0.05758483707904816,0.0038749403320252895,0.5449076890945435,0.003306629601866007,0.015605788677930832]],"label":[0,0,0,0,1,0,0,0,0]}