{"input":[[0.0008611318771727383,0.21224363148212433,0.005911283660680056,0.06984086334705353,0.0034124848898500204,0.08162423223257065,0.6186359524726868,0.005955635569989681,0.0015147619415074587],[0.008810672909021378,0.2898885905742645,0.020416054874658585,0.050432946532964706,0.010383063927292824,0.18511900305747986,0.3728296756744385,0.02931155450642109,0.03280840069055557]],"label":[0,1,0,0,0,0,0,0,0]}