{"input":[[0.2044181078672409,0.0011531149502843618,0.0080077163875103,0.0004796125867869705,0.0037270374596118927,0.01553314458578825,0.6540306210517883,0.00968411285430193,0.1029665395617485],[0.06399106979370117,0.00036245325463823974,0.008405166678130627,0.00634802645072341,0.002913770265877247,0.046776678413152695,0.582282304763794,0.0415332056581974,0.24738727509975433]],"label":[1,0,0,0,0,0,0,0,0]}