{"input":[[0.00016950232384260744,1.680263812886551e-05,0.9979965090751648,5.123874871060252e-06,0.0005130148492753506,3.830071193533513e-07,0.00048353284364566207,0.000687313440721482,0.0001279060816159472],[0.0005651398096233606,5.867885556654073e-05,0.9814959168434143,0.009445520117878914,0.005442417226731777,3.713896876433864e-05,0.002829918172210455,7.60163675295189e-05,4.922497828374617e-05]],"label":[0,0,1,0,0,0,0,0,0]}