{"input":[[0.5520000457763672,0.025619883090257645,0.0023339034523814917,0.00039292650762945414,0.001774740288965404,0.07685431838035583,0.09770847111940384,0.21738378703594208,0.02593199536204338],[0.5250003933906555,0.010479524731636047,0.003800115315243602,0.0018582115881145,0.005811748094856739,0.01773703098297119,0.029048142954707146,0.3889023959636688,0.017362484708428383]],"label":[0,0,0,0,0,0,0,1,0]}