{"input":[[0.005261840298771858,0.021198879927396774,0.23367930948734283,0.1495065540075302,0.2954828441143036,0.012551963329315186,0.10872242599725723,0.002567809307947755,0.17102846503257751],[0.06774993985891342,0.09515853226184845,0.0943702906370163,0.407655268907547,0.04894077032804489,0.04952329024672508,0.11218073219060898,0.055489473044872284,0.06893167644739151]],"label":[0,0,0,1,0,0,0,0,0]}