{"input":[[0.029308438301086426,0.0004941766383126378,0.6504901647567749,0.0018843150464817882,0.04819674417376518,0.0004717922711279243,0.004235847387462854,0.2528216242790222,0.012096838094294071],[0.03186870738863945,0.009764591231942177,0.018020549789071083,0.0011791731230914593,0.00900343805551529,0.005867754574865103,0.030704626813530922,0.862374484539032,0.0312166977673769]],"label":[1,0,0,0,0,0,0,0,0]}