{"input":[[0.0006094073178246617,0.04293704777956009,0.4574592709541321,0.07937989383935928,0.045591577887535095,0.008058523759245872,0.053366705775260925,0.023841451853513718,0.28875604271888733],[0.0022709136828780174,0.008310436271131039,0.30429431796073914,0.25333234667778015,0.07038474082946777,0.02182510867714882,0.06673313677310944,0.046036411076784134,0.22681266069412231]],"label":[0,0,0,1,0,0,0,0,0]}