{"input":[[0.004752869717776775,0.03085964173078537,0.00030766113195568323,0.002755005843937397,0.0002425990387564525,0.09226527810096741,0.8566039800643921,0.00842247810214758,0.0037905145436525345],[0.15246109664440155,0.036145344376564026,0.0029946586582809687,0.0071260216645896435,0.0008172353846020997,0.5924732685089111,0.19445520639419556,0.012933576479554176,0.0005935662193223834]],"label":[0,0,0,0,0,1,0,0,0]}