{"input":[[7.275278767338023e-05,3.389167250134051e-05,1.9066230379394256e-05,0.0009571540867909789,0.00044137088116258383,0.00020238848810549825,0.9982185959815979,1.6374287952203304e-05,3.82832222385332e-05],[0.0268997885286808,0.0052920253947377205,0.16304919123649597,0.06900947540998459,0.3764371871948242,0.024310806766152382,0.22058303654193878,0.027873188257217407,0.08654534071683884]],"label":[0,0,0,0,0,0,1,0,0]}