{"input":[[0.004396583419293165,0.018657932057976723,0.03997219726443291,0.23357005417346954,0.08085817843675613,0.035308703780174255,0.2188616544008255,0.26898014545440674,0.09939448535442352],[0.031416282057762146,0.005677736364305019,0.045621033757925034,0.3891289234161377,0.3114795386791229,0.0053175329230725765,0.0656508281826973,0.036119312047958374,0.10958875715732574]],"label":[0,0,0,0,0,0,1,0,0]}