{"input":[[0.0378911979496479,0.0009782547131180763,0.0261433906853199,0.47121357917785645,0.31519970297813416,0.0026763146743178368,0.13685162365436554,0.004195863381028175,0.004850065801292658],[0.009172306396067142,0.0006319039384834468,0.8797986507415771,0.025173943489789963,0.04382149875164032,0.00026189067284576595,0.019114695489406586,0.01666831038892269,0.005356878042221069]],"label":[0,0,0,0,0,0,0,0,1]}