{"input":[[0.05675164982676506,0.009909313172101974,0.25651299953460693,0.14091306924819946,0.4210796058177948,0.014775137417018414,0.06316054612398148,0.016961893066763878,0.01993572898209095],[0.014321769587695599,0.07760308682918549,0.12143871933221817,0.11632473021745682,0.02400652877986431,0.05609792470932007,0.5468747615814209,0.005187481176108122,0.03814489394426346]],"label":[1,0,0,0,0,0,0,0,0]}