{"input":[[0.10840801149606705,0.0707540512084961,0.0328754186630249,5.631461681332439e-05,0.001031752210110426,0.004799933172762394,0.49420127272605896,0.22283636033535004,0.065036840736866],[0.3583672046661377,0.08906882256269455,0.048700157552957535,0.01596180535852909,0.026362914592027664,0.08737736195325851,0.08364751935005188,0.26276785135269165,0.027746323496103287]],"label":[0,0,0,0,0,0,0,1,0]}