{"input":[[0.42311015725135803,1.8526296116760932e-05,0.0045451028272509575,0.030358709394931793,0.5306658744812012,0.0009744497365318239,0.008987057022750378,0.00046047725481912494,0.0008796374313533306],[0.001410774770192802,0.00013660754484590143,0.9131700992584229,0.023049963638186455,0.043333087116479874,0.00021347250731196254,0.0005189346265979111,0.0056027681566774845,0.01256424468010664]],"label":[0,0,0,0,1,0,0,0,0]}