{"input":[[0.002536511979997158,3.83602236979641e-05,0.012206006795167923,0.9441214799880981,0.02461141161620617,0.00022221753897611052,0.004531778860837221,0.003862932091578841,0.00786929577589035],[0.00998243410140276,0.0006966343498788774,0.02121974714100361,0.8039758205413818,0.14093376696109772,0.0011425749398767948,0.007360356859862804,0.0054842159152030945,0.009204396046698093]],"label":[0,0,0,0,1,0,0,0,0]}