{"input":[[0.0006271500024013221,0.18758554756641388,0.00023020480875857174,0.02080266922712326,0.0010994812473654747,0.5877199172973633,0.20120029151439667,2.3207461708807386e-05,0.000711522763594985],[0.016879884526133537,0.02741621807217598,0.003482899395748973,0.07448418438434601,0.03545476868748665,0.2683238387107849,0.5626104474067688,0.0008445900748483837,0.010503171943128109]],"label":[0,0,0,0,0,1,0,0,0]}