{"input":[[0.2402573972940445,0.010712530463933945,0.10491209477186203,0.0026538532692939043,0.021330498158931732,0.0034970412962138653,0.008057278580963612,0.5358478426933289,0.07273146510124207],[0.26509854197502136,0.00046553878928534687,0.429640531539917,0.0013183706905692816,0.006274895276874304,0.0015651426510885358,0.0015849298797547817,0.27617448568344116,0.017877500504255295]],"label":[0,0,1,0,0,0,0,0,0]}