{"input":[[0.3529583215713501,0.00406396109610796,0.5223884582519531,0.003438011510297656,0.014784475788474083,0.0002567919436842203,0.0478183813393116,0.041929692029953,0.01236189529299736],[0.120205819606781,0.0016409446252509952,0.8079801797866821,0.0032374036964029074,0.0030766099225729704,0.00038002346991561353,0.0119229881092906,0.03622916340827942,0.015326905995607376]],"label":[0,0,0,0,0,0,0,1,0]}