{"input":[[0.0006117466255091131,0.06516203284263611,0.0026388117112219334,0.0002866300637833774,0.00028285663574934006,0.016171636059880257,0.9020695686340332,0.0010580215603113174,0.011718755587935448],[0.028648963198065758,0.5181218981742859,0.02825770527124405,0.008554729633033276,0.002147570950910449,0.17436954379081726,0.1741958111524582,0.03650853410363197,0.029195254668593407]],"label":[0,1,0,0,0,0,0,0,0]}