{"input":[[0.26556214690208435,0.0039383103139698505,0.6230619549751282,0.00013951127766631544,0.0045690033584833145,0.0032110430765897036,0.04309280961751938,0.04817800596356392,0.00824719574302435],[0.02463972382247448,0.01985531859099865,0.36585143208503723,0.002119210781529546,0.02789107710123062,0.00843418575823307,0.09550663083791733,0.4281507134437561,0.027551759034395218]],"label":[0,0,0,0,0,0,0,0,1]}