{"input":[[0.011897885240614414,0.0001242544240085408,0.008381481282413006,0.7622168660163879,0.1707248091697693,9.188670082949102e-05,0.04255535826086998,0.00011420574446674436,0.0038932517636567354],[0.00993906520307064,0.00015744664415251464,0.004921059589833021,0.778266429901123,0.18784397840499878,0.00016467504610773176,0.005388473626226187,0.0011958288960158825,0.01212311815470457]],"label":[0,0,0,1,0,0,0,0,0]}