{"input":[[0.004589240066707134,0.006240404676645994,0.6594433784484863,0.03071453981101513,0.24582690000534058,0.0025396414566785097,0.008923104032874107,0.0016119091305881739,0.04011090099811554],[0.008748041465878487,0.0014994062948971987,0.4489441514015198,0.2975430488586426,0.1850382536649704,0.0026874698232859373,0.017668984830379486,0.013400799594819546,0.024469774216413498]],"label":[0,0,0,1,0,0,0,0,0]}