{"input":[[0.0008896936196833849,1.8908602214651182e-05,0.02314985916018486,0.5659719705581665,0.40943798422813416,2.731238964770455e-05,5.275215153233148e-05,0.00017880593077279627,0.0002728150284383446],[0.0169221218675375,0.0004306807240936905,0.6075439453125,0.0052425311878323555,0.34407562017440796,0.0006764979334548116,0.0024390534963458776,0.021384870633482933,0.0012846456374973059]],"label":[0,0,1,0,0,0,0,0,0]}