{"input":[[0.8170456290245056,0.000986460130661726,0.13490502536296844,0.0070807188749313354,0.021474983543157578,0.0005316269816830754,0.008519724011421204,0.004525484051555395,0.004930342081934214],[0.8054843544960022,0.0004344661138020456,0.011737260967493057,0.015883754938840866,0.07917209714651108,0.0005766223766840994,0.004879565443843603,0.06273315846920013,0.019098728895187378]],"label":[1,0,0,0,0,0,0,0,0]}