{"input":[[0.39757072925567627,0.00046859620488248765,0.017106465995311737,0.00014949044270906597,9.517563012195751e-05,0.0006404505111277103,0.08381133526563644,0.49273359775543213,0.007424245588481426],[0.9300177693367004,0.00021870415366720408,0.00040728948079049587,2.0614770335214416e-08,1.315996428274957e-06,0.00011628180072875693,0.024978473782539368,0.04381158575415611,0.00044850577251054347]],"label":[1,0,0,0,0,0,0,0,0]}