{"input":[[4.540124791674316e-06,0.9648624658584595,1.514530049462337e-05,2.3015782062429935e-06,9.706557193567278e-07,0.0009535843273624778,0.034124355763196945,1.1491320947243366e-05,2.517424218240194e-05],[0.0017095741350203753,0.7426788806915283,0.007163275498896837,0.00039282592479139566,0.0009064563782885671,0.09624364972114563,0.1158827468752861,0.03201603889465332,0.0030064324382692575]],"label":[0,1,0,0,0,0,0,0,0]}