{"input":[[0.001056416891515255,0.3301987946033478,0.014905782416462898,0.014367220923304558,0.0053942762315273285,0.028149815276265144,0.5837074518203735,0.006661864463239908,0.01555844396352768],[0.03166082873940468,0.02867257222533226,0.4148995578289032,0.013610001653432846,0.044707562774419785,0.014168948866426945,0.4239470362663269,0.019687969237565994,0.008645604364573956]],"label":[0,1,0,0,0,0,0,0,0]}