{"input":[[0.07291533052921295,0.0007595002534799278,0.048698265105485916,0.002387478481978178,0.005324200727045536,0.010340897366404533,0.17625539004802704,0.6269510984420776,0.05636783316731453],[0.07042885571718216,0.0007336749695241451,0.12307455390691757,0.0733686238527298,0.05085692182183266,0.007231809664517641,0.05060945823788643,0.528333842754364,0.09536230564117432]],"label":[0,0,0,0,0,0,0,1,0]}