{"input":[[0.009672188200056553,0.015446784906089306,0.07421630620956421,0.35495853424072266,0.053996600210666656,0.011816705577075481,0.10791819542646408,0.036741696298122406,0.3352329134941101],[0.0009433366358280182,0.0013328824425116181,0.0020879607181996107,0.772373616695404,0.031747035682201385,0.006084087770432234,0.09868426620960236,0.00478213420137763,0.08196456730365753]],"label":[0,0,0,0,1,0,0,0,0]}