{"input":[[0.08170768618583679,0.054133206605911255,0.03016570769250393,0.18603459000587463,0.04173984378576279,0.14680573344230652,0.288836270570755,0.13025100529193878,0.04032600671052933],[0.0012306116987019777,0.06853614747524261,0.0015246941475197673,0.03163999319076538,0.006547214463353157,0.5248133540153503,0.329913467168808,0.022728528827428818,0.013066005893051624]],"label":[0,0,0,0,0,0,0,1,0]}