{"input":[[0.15488752722740173,0.0098064374178648,0.12453199923038483,0.10535445064306259,0.3316163718700409,0.0033370943274348974,0.13031648099422455,0.02337201125919819,0.11677750945091248],[0.11154978722333908,0.0007964259129948914,0.46226000785827637,0.07796062529087067,0.17689841985702515,0.0014473464107140899,0.019143063575029373,0.011961488984525204,0.13798294961452484]],"label":[0,0,0,0,0,0,0,1,0]}