{"input":[[0.044723864644765854,0.10804934054613113,0.1293354034423828,0.00813473854213953,0.1423485428094864,0.15853513777256012,0.327732652425766,0.015074319206178188,0.06606604158878326],[0.012567678466439247,0.01136066671460867,0.1620246022939682,0.13270772993564606,0.16475297510623932,0.07298288494348526,0.03771832212805748,0.04276881366968155,0.36311623454093933]],"label":[0,0,0,1,0,0,0,0,0]}