{"input":[[0.00029857983463443816,0.010849778540432453,0.0010818600421771407,0.004584028385579586,0.002184614073485136,0.11176954954862595,0.8504079580307007,0.015243183821439743,0.0035803879145532846],[0.00014219181321095675,0.023033978417515755,0.00017349730478599668,0.0005116857937537134,0.0017903108382597566,0.3391513526439667,0.6197288632392883,0.013537832535803318,0.001930408994667232]],"label":[0,0,0,0,0,1,0,0,0]}