{"input":[[0.003503437153995037,0.00023448342108167708,0.5625169277191162,0.2140893042087555,0.0681387186050415,0.002473259810358286,0.1314660757780075,0.0042496430687606335,0.013328151777386665],[0.01035858504474163,0.0003953228297177702,0.2725875675678253,0.553398072719574,0.08213236927986145,0.001876018475741148,0.05967557802796364,0.002291903831064701,0.017284605652093887]],"label":[0,0,1,0,0,0,0,0,0]}