{"input":[[0.16491271555423737,0.017915936186909676,0.685186505317688,0.001012611435726285,0.007845493033528328,0.0032615645322948694,0.02038787677884102,0.09125901758670807,0.008218270726501942],[0.03288362920284271,0.003654387081041932,0.9397551417350769,0.001711776596494019,0.0016355864936485887,0.00035102127003483474,0.0012694448232650757,0.013893160969018936,0.0048457058146595955]],"label":[0,0,1,0,0,0,0,0,0]}