{"input":[[0.00039545216714031994,0.025362065061926842,0.00014956759696360677,0.0033942086156457663,0.001457121456041932,0.02085190825164318,0.9428187012672424,0.0004028629628010094,0.005168146453797817],[0.00347127509303391,0.005074223503470421,0.0009611963178031147,0.011192132718861103,0.0010464733932167292,0.07299325615167618,0.9025265574455261,0.00028875970747321844,0.0024461373686790466]],"label":[0,1,0,0,0,0,0,0,0]}