{"input":[[0.006495386827737093,0.6932092905044556,0.0047244965098798275,0.0008354316232725978,0.0007783670444041491,0.1949964463710785,0.07336732745170593,0.01511598750948906,0.010477245785295963],[0.012282392010092735,0.0517253503203392,0.00930227804929018,0.000487926066853106,0.002014496363699436,0.3375813663005829,0.5408343076705933,0.01912136934697628,0.02665046416223049]],"label":[0,0,0,0,0,1,0,0,0]}