{"input":[[0.46457746624946594,0.019123466685414314,0.000494952779263258,5.518580655916594e-05,0.00027669162955135107,0.03274214640259743,0.2605617344379425,0.21053935587406158,0.011628967709839344],[0.502115786075592,0.001508210552856326,0.038205038756132126,8.172220987034962e-05,0.00022970678401179612,0.0009149870602414012,0.007015656679868698,0.42649346590042114,0.023435382172465324]],"label":[1,0,0,0,0,0,0,0,0]}