{"input":[[0.010272589512169361,0.011476142331957817,0.009160937741398811,0.5508425831794739,0.1069687232375145,0.004124325234442949,0.264090359210968,0.02353198081254959,0.019532376900315285],[0.002283611800521612,0.00500809121876955,0.06973160058259964,0.2504886984825134,0.4131309986114502,0.005675473250448704,0.20975184440612793,0.02642407827079296,0.01750561222434044]],"label":[0,0,0,0,0,0,1,0,0]}