{"input":[[0.0020799939520657063,0.1728924661874771,0.0037427113857120275,0.0008157049887813628,0.0051293144933879375,0.08785583078861237,0.7104281187057495,0.002144068479537964,0.014911768026649952],[0.007907324470579624,0.2112727165222168,0.02424095943570137,0.0033535596448928118,0.005168760195374489,0.07974999397993088,0.6466109156608582,0.011164681985974312,0.010531075298786163]],"label":[0,1,0,0,0,0,0,0,0]}