{"input":[[0.1201804056763649,0.10606507956981659,0.17081411182880402,0.022979427129030228,0.14481040835380554,0.03497748449444771,0.11670506000518799,0.24804353713989258,0.035424619913101196],[0.03890656307339668,0.06941413134336472,0.22134196758270264,0.011577297002077103,0.05872373282909393,0.037441153079271317,0.034220099449157715,0.4109938442707062,0.1173812597990036]],"label":[0,0,0,0,1,0,0,0,0]}