{"input":[[0.2985897958278656,0.005808576010167599,0.05297021567821503,0.00019005424110218883,0.0035369324032217264,0.005612022243440151,0.11069006472826004,0.5203233957290649,0.0022789398208260536],[0.025545842945575714,0.007764794863760471,0.23291055858135223,1.0094055141962599e-05,0.0002863276458811015,0.0009205277310684323,0.014381416141986847,0.6954908967018127,0.02268955111503601]],"label":[0,0,0,0,0,0,0,1,0]}