{"input":[[0.5288004875183105,0.0008207160863094032,0.4465266466140747,0.00018517245189286768,0.001344445045106113,0.00010876657324843109,0.0054193902760744095,0.014259908348321915,0.0025344807654619217],[0.8919650912284851,0.0009794043144211173,0.09044352173805237,4.234637526678853e-05,0.00025212817126885056,0.0006556880543939769,0.007397614885121584,0.005396591499447823,0.0028675065841525793]],"label":[1,0,0,0,0,0,0,0,0]}