{"input":[[0.005781013052910566,0.19024494290351868,0.012646851129829884,0.04500509425997734,0.0025491886772215366,0.11083848029375076,0.44992321729660034,0.12056686729192734,0.06244437023997307],[0.006704359780997038,0.013422652147710323,0.04618627950549126,0.001508460147306323,0.0038007949478924274,0.018096981570124626,0.0441509410738945,0.8385993242263794,0.027530215680599213]],"label":[0,0,0,0,0,0,0,1,0]}