{"input":[[0.08679084479808807,0.001194796641357243,0.000451632629847154,0.0003199620987288654,0.001192367635667324,0.01451779156923294,0.8879557251930237,0.004517838358879089,0.0030591257382184267],[0.031236404553055763,0.06749137490987778,0.002393135102465749,0.0156614538282156,0.0033607345540076494,0.0128787187859416,0.8616085052490234,0.00039800870581530035,0.004971682094037533]],"label":[0,0,0,0,0,0,1,0,0]}