{"input":[[0.001183170359581709,0.0006065930938348174,0.023472702130675316,0.0002229779347544536,0.0008995781536214054,0.0007948942948132753,0.004687940236181021,0.961298406124115,0.0068337819539010525],[0.006555064581334591,0.01313676219433546,0.00841514766216278,0.0003593758156057447,0.0032346616499125957,0.005692613776773214,0.01174265705049038,0.9479409456253052,0.002922742860391736]],"label":[0,0,0,0,0,0,0,1,0]}