{"input":[[0.004941802006214857,0.1837802678346634,0.004636174999177456,0.013855457305908203,0.0024559947196394205,0.002237736014649272,0.7153007984161377,0.02334819734096527,0.049443621188402176],[0.017344553023576736,0.16625665128231049,0.05517641827464104,0.020240625366568565,0.029595214873552322,0.21631325781345367,0.16278693079948425,0.2609940767288208,0.07129223644733429]],"label":[0,0,0,0,0,0,1,0,0]}