{"input":[[0.017026403918862343,0.06049717590212822,0.04223806411027908,0.011937887407839298,0.015255669131875038,0.00898837298154831,0.04542971029877663,0.7733336091041565,0.02529311180114746],[0.061274293810129166,0.10684283822774887,0.03366219624876976,0.09427278488874435,0.02150304988026619,0.05790335312485695,0.09893251955509186,0.4017217755317688,0.12388721853494644]],"label":[0,0,0,0,0,0,0,1,0]}