{"input":[[0.19396646320819855,0.0059132822789251804,0.00953840371221304,0.0013708017067983747,0.08954846113920212,0.021936455741524696,0.20948730409145355,0.267225056886673,0.20101375877857208],[0.019435392692685127,0.00636406522244215,0.8001554608345032,0.00018998664745595306,0.03036377765238285,0.001558432006277144,0.008537747897207737,0.11911702901124954,0.014278184622526169]],"label":[0,0,1,0,0,0,0,0,0]}