{"input":[[0.0033406573347747326,0.06662745028734207,0.32486027479171753,0.32081139087677,0.15107151865959167,0.02907237969338894,0.07080621272325516,0.025827134028077126,0.007582992315292358],[0.05516686663031578,0.04012320190668106,0.6534727215766907,0.0339425727725029,0.1573595106601715,0.0034387409687042236,0.018746575340628624,0.026508310809731483,0.011241463012993336]],"label":[0,0,1,0,0,0,0,0,0]}