{"input":[[0.007952081970870495,0.024914635345339775,0.06302056461572647,0.6344888210296631,0.08517014980316162,0.010041422210633755,0.11729609966278076,0.0450269989669323,0.012089267373085022],[0.026806822046637535,0.01434375625103712,0.027264337986707687,0.0007708520861342549,0.0022003985941410065,0.003559003584086895,0.0359361469745636,0.8526978492736816,0.0364207848906517]],"label":[0,0,0,0,1,0,0,0,0]}