{"input":[[0.8084291219711304,0.01863708533346653,0.10073592513799667,0.003068401012569666,0.013072886504232883,0.0034035518765449524,0.023779738694429398,0.018482631072402,0.010390670970082283],[0.9824693202972412,0.0003696460626088083,0.011130603961646557,0.00020415156905073673,0.0016962442314252257,0.000325268687447533,0.0023050953168421984,0.0005376797635108232,0.0009620326454751194]],"label":[1,0,0,0,0,0,0,0,0]}