{"input":[[0.0006647385307587683,0.02509700320661068,0.0004766373604070395,0.024550890550017357,0.003579885931685567,0.130476176738739,0.7940760850906372,0.01657966524362564,0.004498939961194992],[0.015818186104297638,0.05396565794944763,0.04705653339624405,0.3120275139808655,0.016387224197387695,0.09843884408473969,0.20472845435142517,0.21108300983905792,0.04049457237124443]],"label":[0,0,0,0,0,0,1,0,0]}