{"input":[[0.01001481618732214,0.019607987254858017,0.006185895297676325,0.14155137538909912,0.04198369011282921,0.03004375472664833,0.6992682814598083,0.02318834327161312,0.028155755251646042],[0.07109474390745163,0.04375603049993515,0.2038908749818802,0.2256760150194168,0.11115744709968567,0.027254285290837288,0.1373451054096222,0.05559314414858818,0.1242324486374855]],"label":[0,0,0,0,0,1,0,0,0]}