{"input":[[0.0026497915387153625,0.0013945169048383832,0.31527289748191833,1.407053423463367e-05,0.00796019658446312,0.0004141351964790374,0.0006440792931243777,0.6700095534324646,0.0016407255316153169],[0.01669366843998432,0.0009588890825398266,0.9357588887214661,0.0010796564165502787,0.013945242390036583,0.00021637603640556335,0.005493405275046825,0.025375746190547943,0.00047797427396290004]],"label":[0,0,1,0,0,0,0,0,0]}