{"input":[[3.2844924135133624e-05,1.2112414538023586e-07,0.9863648414611816,1.9791443151007115e-08,0.0014736838638782501,5.557713578241419e-08,5.421969035523944e-06,0.011773522011935711,0.00034954590955749154],[0.008332435041666031,0.001223273342475295,0.8070003390312195,0.023402847349643707,0.021398479118943214,0.009271266870200634,0.05445842817425728,0.05442843213677406,0.02048436738550663]],"label":[0,0,0,0,1,0,0,0,0]}