{"input":[[0.00021592933626379818,0.0005700575420632958,6.642720836680382e-05,0.04753832146525383,0.000888018577825278,0.0014415449695661664,0.9423010349273682,0.0038137827068567276,0.0031648515723645687],[0.08048445731401443,0.11699774861335754,0.05028080567717552,0.2959536015987396,0.024626486003398895,0.062286101281642914,0.27077463269233704,0.053286097943782806,0.0453098900616169]],"label":[0,0,0,0,0,0,1,0,0]}