{"input":[[0.017688870429992676,0.3716764450073242,0.026892222464084625,0.03856794908642769,0.029281506314873695,0.17742933332920074,0.1823635846376419,0.057490866631269455,0.09860938042402267],[0.05218204855918884,0.08557353168725967,0.07303381711244583,0.12041079252958298,0.24318885803222656,0.08816997706890106,0.19185099005699158,0.013663914985954762,0.13192594051361084]],"label":[0,0,0,0,0,0,0,0,1]}