{"input":[[0.0062845791690051556,0.020069101825356483,0.00786988902837038,0.0309593565762043,0.012820602394640446,0.39082491397857666,0.47308334708213806,0.0002713867579586804,0.05781685933470726],[0.023426750674843788,0.019430063664913177,0.0157596655189991,0.15977799892425537,0.011597397737205029,0.10634206235408783,0.6251868605613708,0.007116181310266256,0.031363096088171005]],"label":[0,0,0,0,0,1,0,0,0]}