{"input":[[0.05222285911440849,0.02691188082098961,0.05607690289616585,0.06862927228212357,0.007561602164059877,0.02878136746585369,0.260605126619339,0.08049897849559784,0.4187120199203491],[0.08940668404102325,0.055504266172647476,0.05286146700382233,0.04346008226275444,0.00537871103733778,0.033779166638851166,0.34981846809387207,0.25913718342781067,0.11065396666526794]],"label":[0,0,0,0,1,0,0,0,0]}