{"input":[[0.0005061640404164791,0.005627140402793884,0.0010147005086764693,0.004801631905138493,0.002054967451840639,0.5189813375473022,0.4348687529563904,0.0035222950391471386,0.02862303890287876],[0.07027965039014816,0.06111641228199005,0.045068543404340744,0.13987520337104797,0.05414307117462158,0.07372064143419266,0.10495567321777344,0.29309743642807007,0.15774334967136383]],"label":[0,0,0,0,0,1,0,0,0]}