{"input":[[0.0021354358177632093,0.003480770858004689,0.8879653811454773,0.0024279486387968063,0.013547577895224094,0.032986775040626526,0.04266340658068657,0.004333849996328354,0.010458827018737793],[0.02952658385038376,0.3165946304798126,0.0345146581530571,0.008851510472595692,0.0034359300043433905,0.18016941845417023,0.08002891391515732,0.3182332217693329,0.028645165264606476]],"label":[0,0,0,0,1,0,0,0,0]}