{"input":[[0.4439028203487396,0.23753389716148376,0.05901125445961952,0.0013423074269667268,0.018077291548252106,0.11217603087425232,0.05039868876338005,0.05057787522673607,0.026979858055710793],[0.02750445157289505,0.002444410463795066,0.07447809725999832,0.0004161946417298168,0.010193458758294582,0.001220004283823073,0.006108526606112719,0.8539655804634094,0.02366924099624157]],"label":[1,0,0,0,0,0,0,0,0]}