{"input":[[0.0018255405593663454,0.02037692815065384,0.06429145485162735,0.31253141164779663,0.05304839834570885,0.026554835960268974,0.4950195550918579,0.0016772339586168528,0.024674713611602783],[0.02837499976158142,0.1555689424276352,0.1054171696305275,0.019170906394720078,0.015147598460316658,0.0646839365363121,0.11359015107154846,0.38283368945121765,0.11521259695291519]],"label":[0,0,0,0,0,0,0,0,1]}