{"input":[[0.2692801356315613,0.11715961992740631,0.033161651343107224,0.012821458280086517,0.06725727021694183,0.08042136579751968,0.35141244530677795,0.0011057737283408642,0.06738018244504929],[0.007904067635536194,0.3843430280685425,0.03153081610798836,0.022869901731610298,0.0040978980250656605,0.03487401455640793,0.18442559242248535,0.0760122761130333,0.2539423406124115]],"label":[0,0,0,0,0,0,1,0,0]}