{"input":[[0.0002368965360801667,6.794494765927084e-06,0.021217359229922295,0.45793962478637695,0.5166157484054565,0.00038986484287306666,0.00331683736294508,0.0002010146708926186,7.586116407765076e-05],[0.0007805138011462986,3.675758534882334e-06,0.04149223119020462,0.44051051139831543,0.5154978632926941,1.932636951096356e-05,0.0006751493201591074,0.00012798099487554282,0.0008927018498070538]],"label":[0,0,0,0,1,0,0,0,0]}