{"input":[[0.005023448262363672,0.07985695451498032,0.009418296627700329,0.3191465437412262,0.01098884828388691,0.02931331656873226,0.5387127995491028,0.0023911662865430117,0.0051486436277627945],[0.018791010603308678,0.07059311866760254,0.0697990357875824,0.1297582983970642,0.01157438289374113,0.053939417004585266,0.52044278383255,0.0890742763876915,0.03602771461009979]],"label":[0,0,0,0,0,0,1,0,0]}