{"input":[[0.032764777541160583,0.005119864828884602,0.0019261803245171905,0.0407923199236393,0.003336530877277255,0.8402336835861206,0.02370322123169899,0.046657297760248184,0.005466081667691469],[0.0030216367449611425,0.0008612107485532761,0.003529404988512397,0.005963387433439493,0.0029270986560732126,0.22436313331127167,0.22086378931999207,0.5369637608528137,0.001506504137068987]],"label":[0,0,0,0,0,1,0,0,0]}