{"input":[[0.0018284913385286927,0.0002146780607290566,0.023287992924451828,0.7955520749092102,0.09865869581699371,0.00015612873539794236,0.008113475516438484,0.008243837393820286,0.06394470483064651],[0.01235787570476532,0.0022462394554167986,0.056609056890010834,0.5664401650428772,0.20234446227550507,0.0010342890163883567,0.03137923404574394,0.039541251957416534,0.08804744482040405]],"label":[0,0,0,1,0,0,0,0,0]}