{"input":[[0.00208700611256063,7.64228715866011e-08,0.80531245470047,0.00014298049791250378,0.0022601140663027763,1.8842573012989305e-07,0.0001879100891528651,0.18965549767017365,0.00035379829932935536],[0.000986117753200233,4.729993815999478e-05,0.7650908827781677,0.0008176910923793912,0.08148878067731857,5.3022093197796494e-05,0.004159208852797747,0.1449441760778427,0.002412899862974882]],"label":[0,0,0,0,0,0,0,1,0]}