{"input":[[0.002093494636937976,0.002020136220380664,0.002699505537748337,0.6892653703689575,0.016121720895171165,0.03609594702720642,0.22743777930736542,0.00589674012735486,0.018369285389780998],[0.009453053586184978,0.005559578072279692,0.008977745659649372,0.7863251566886902,0.05445953086018562,0.0153693538159132,0.043353475630283356,0.006708766333758831,0.06979329138994217]],"label":[0,0,0,0,1,0,0,0,0]}