{"input":[[0.005217303987592459,0.028605083003640175,0.849068284034729,0.00753379613161087,0.038495540618896484,0.0007565994746983051,0.005926699377596378,0.05352073162794113,0.010875998996198177],[0.0521499328315258,0.0050950259901583195,0.785365104675293,0.003177293110638857,0.00675928546115756,0.00770894018933177,0.006797221023589373,0.10547808557748795,0.027469221502542496]],"label":[0,0,1,0,0,0,0,0,0]}