{"input":[[0.0037041748873889446,0.13929782807826996,0.010309314355254173,0.0005702121998183429,0.013103828765451908,0.5392061471939087,0.18485401570796967,0.000743648677598685,0.10821080207824707],[0.014246880076825619,0.007152892183512449,0.5154337882995605,0.008552816696465015,0.07018983364105225,0.06397394090890884,0.2515929043292999,0.015772880986332893,0.053084127604961395]],"label":[0,0,0,0,1,0,0,0,0]}