{"input":[[0.1193644180893898,0.007615296170115471,0.13836872577667236,0.5058836936950684,0.09024694561958313,0.0009487277711741626,0.04155948385596275,0.03945295885205269,0.05655974522233009],[0.07841050624847412,0.0033635254949331284,0.16924721002578735,0.580899715423584,0.08587425947189331,0.002149138366803527,0.02919306792318821,0.03284948691725731,0.018013015389442444]],"label":[0,0,0,0,1,0,0,0,0]}