{"input":[[0.014719773083925247,0.03594952076673508,0.04339699447154999,0.06809525936841965,0.1963350623846054,0.12987913191318512,0.4217163920402527,0.009199981577694416,0.08070793002843857],[0.02200530841946602,0.19170063734054565,0.036294564604759216,0.008689682930707932,0.04395277425646782,0.4177331030368805,0.0710345134139061,0.15166576206684113,0.056923698633909225]],"label":[1,0,0,0,0,0,0,0,0]}