{"input":[[0.01718669757246971,0.0005760721396654844,0.006085788365453482,0.0028943836223334074,0.0005083961877971888,0.0006088400259613991,0.8675194978713989,0.09932924807071686,0.0052910917438566685],[0.032302312552928925,0.04838930442929268,0.016287943348288536,0.00025169356376864016,0.001178403035737574,0.18304182589054108,0.1585340052843094,0.5349380373954773,0.025076529011130333]],"label":[0,0,0,0,0,0,1,0,0]}