{"input":[[0.020692003890872,0.013375813141465187,0.09871365875005722,0.001599957817234099,0.12456721812486649,0.034440815448760986,0.07395336776971817,0.07691600173711777,0.5557412505149841],[0.31262221932411194,0.0027896109968423843,0.027530472725629807,0.0011233189143240452,0.028414975851774216,0.005439617671072483,0.06933675706386566,0.5484918355941772,0.004251199308782816]],"label":[0,0,0,0,0,0,0,0,1]}