{"input":[[0.17340858280658722,0.031092697754502296,0.5364411473274231,0.013277810998260975,0.0058131590485572815,0.0073658376932144165,0.06583317369222641,0.03665595129132271,0.13011176884174347],[0.017779624089598656,0.043141841888427734,0.08993016183376312,0.019779758527874947,0.02316763810813427,0.046283282339572906,0.27900728583335876,0.08992242068052292,0.3909880518913269]],"label":[1,0,0,0,0,0,0,0,0]}