{"input":[[0.048353612422943115,0.0008143354207277298,0.5590271949768066,0.28560709953308105,0.013144525699317455,0.0005860034143552184,0.006624463479965925,0.022576937451958656,0.06326586753129959],[0.37448176741600037,0.002117875264957547,0.11915156990289688,0.192138671875,0.02086763270199299,0.0020603109151124954,0.052306756377220154,0.17298156023025513,0.06389372795820236]],"label":[0,0,0,0,1,0,0,0,0]}