{"input":[[0.001980585278943181,0.0036990437656641006,0.12900538742542267,0.24126867949962616,0.10140925645828247,0.010815517045557499,0.47726118564605713,0.019735846668481827,0.014824431389570236],[0.002329953946173191,0.0028409629594534636,0.055547989904880524,0.06691401451826096,0.005379762500524521,0.0799972265958786,0.7314630150794983,0.0007823280757293105,0.054744746536016464]],"label":[0,0,0,0,0,0,0,0,1]}