{"input":[[0.28460559248924255,0.0070769283920526505,0.0006326547008939087,6.000396751915105e-05,0.0002177380956709385,0.005322550423443317,0.6696383953094482,0.031212061643600464,0.0012341351248323917],[0.1208113357424736,0.011222684755921364,0.00026369260740466416,1.9884157154592685e-05,5.143764792592265e-05,0.016844362020492554,0.8180958032608032,0.032410651445388794,0.0002801257069222629]],"label":[1,0,0,0,0,0,0,0,0]}