{"input":[[0.008736277930438519,0.000848267343826592,0.00407844502478838,0.7783482670783997,0.14174260199069977,0.0013850482646375895,0.012727396562695503,0.03664001077413559,0.015493679791688919],[0.007234886288642883,0.0003457657585386187,0.0078043085522949696,0.8234941363334656,0.12328912317752838,0.0009339567623101175,0.008657757192850113,0.005225241184234619,0.023014917969703674]],"label":[0,0,0,1,0,0,0,0,0]}