{"input":[[0.6526143550872803,0.0012856335379183292,0.2024955302476883,0.0004250106867402792,0.009012599475681782,0.00018588549573905766,0.009954323060810566,0.11632678657770157,0.007699928246438503],[0.3155856728553772,0.006076039746403694,0.10890135169029236,0.0023477363865822554,0.005908699240535498,0.0012586137745529413,0.005103582516312599,0.5446882247924805,0.010130041278898716]],"label":[1,0,0,0,0,0,0,0,0]}