{"input":[[0.0010398983722552657,0.014413800090551376,0.025625210255384445,0.023068062961101532,0.01261973101645708,0.03463079780340195,0.8657456636428833,0.01109799463301897,0.011758743785321712],[0.05057673156261444,0.01686316728591919,0.13057872653007507,0.03250493109226227,0.011729948222637177,0.027195023372769356,0.5503829121589661,0.1629713922739029,0.01719718985259533]],"label":[0,0,0,0,0,1,0,0,0]}