{"input":[[3.162457505823113e-05,0.00015776001964695752,0.00018446319154463708,0.010378499515354633,0.00010723993182182312,0.0006765279686078429,0.9843947887420654,0.0006118330056779087,0.0034572489093989134],[0.0035065924748778343,0.0046990253031253815,0.24468682706356049,0.03217271715402603,0.0036733916494995356,0.00908387079834938,0.4479480981826782,0.18934266269207,0.06488685309886932]],"label":[0,0,0,0,0,0,1,0,0]}