{"input":[[0.9110009670257568,0.00026356239686720073,0.004174846224486828,3.1152172397241884e-08,4.2324289097450674e-05,3.1063648293638835e-06,0.00025686100707389414,0.08424476534128189,1.3541685802920256e-05],[0.5485416650772095,0.03811837360262871,0.02354699932038784,0.004157921764999628,0.0013648188905790448,0.018691355362534523,0.1049618348479271,0.247672900557518,0.012944058515131474]],"label":[1,0,0,0,0,0,0,0,0]}