{"input":[[0.0027026725001633167,0.0012705166591331363,0.8726919889450073,0.004734394606202841,0.041926562786102295,0.00021695894247386605,0.026762425899505615,0.006203648168593645,0.043490856885910034],[0.014467633329331875,0.006685951724648476,0.01689278334379196,0.03876611962914467,0.016539085656404495,0.003905203193426132,0.015354476869106293,0.8835800290107727,0.0038086632266640663]],"label":[0,0,0,0,0,0,0,1,0]}