{"input":[[0.6408921480178833,0.07853548228740692,0.06438741087913513,0.01285319123417139,0.030883923172950745,0.057160839438438416,0.10014596581459045,0.006561913527548313,0.008579071611166],[0.0014166401233524084,0.000746815581806004,0.8789458274841309,0.008288480341434479,0.09875374287366867,0.0011542763095349073,0.006093149073421955,0.0022375578992068768,0.0023635225370526314]],"label":[1,0,0,0,0,0,0,0,0]}