{"input":[[0.030290452763438225,0.00018926238408312201,0.8306239247322083,0.0006213082815520465,0.004227955359965563,7.985303091118112e-05,0.0009908684296533465,0.1143159493803978,0.0186604131013155],[0.20950056612491608,0.0002145018515875563,0.40251919627189636,0.0009930286323651671,0.019077949225902557,0.00038660663994960487,0.0012137300800532103,0.34412065148353577,0.02197367325425148]],"label":[0,0,0,0,0,0,0,1,0]}