{"input":[[0.018646445125341415,0.30932286381721497,0.053630851209163666,0.004830922000110149,0.0016945861279964447,0.4664301872253418,0.11005881428718567,0.018860993906855583,0.01652424968779087],[0.03083869442343712,0.025541920214891434,0.7267993092536926,0.003263982245698571,0.02901165373623371,0.013668215833604336,0.1587248146533966,0.005843501538038254,0.006307949312031269]],"label":[0,1,0,0,0,0,0,0,0]}