{"input":[[0.17953649163246155,0.008611737750470638,0.3804056644439697,0.02430601418018341,0.0193940382450819,0.0022273226641118526,0.3175739645957947,0.0621151439845562,0.005829619709402323],[0.17620299756526947,0.03679843619465828,0.46084871888160706,0.012397154234349728,0.01693551428616047,0.005886205472052097,0.045439641922712326,0.1718621850013733,0.07362925261259079]],"label":[1,0,0,0,0,0,0,0,0]}