{"input":[[0.3259488344192505,0.012943231500685215,0.023749154061079025,0.0077598425559699535,0.01888246089220047,0.006518769543617964,0.44580885767936707,0.05500902235507965,0.10337986797094345],[0.09492988884449005,0.004828978329896927,0.3226749300956726,0.09272279590368271,0.05533868446946144,0.054437436163425446,0.2293437421321869,0.0608767494559288,0.08484692126512527]],"label":[1,0,0,0,0,0,0,0,0]}