{"input":[[0.006594953592866659,1.3006503650103696e-05,0.00600599916651845,0.6733532547950745,0.27600571513175964,0.0008368022972717881,0.0038757200818508863,0.010747291147708893,0.022567234933376312],[0.02765333652496338,0.00019027113739866763,0.15165235102176666,0.23950299620628357,0.1891617476940155,0.002171723637729883,0.27217158675193787,0.05930420011281967,0.058191798627376556]],"label":[1,0,0,0,0,0,0,0,0]}