{"input":[[0.03434021770954132,0.003053054679185152,0.05767153203487396,0.28897151350975037,0.13630828261375427,0.08194644004106522,0.337478369474411,0.0017866881098598242,0.058443810790777206],[0.0169389471411705,0.0014877080684527755,0.40493524074554443,0.024144133552908897,0.4782024323940277,0.0034315583761781454,0.05593542754650116,0.00489705940708518,0.010027407668530941]],"label":[0,0,0,0,1,0,0,0,0]}