{"input":[[0.22345176339149475,0.03654397651553154,0.09666376560926437,0.014779273420572281,0.02291913703083992,0.0066206203773617744,0.081634022295475,0.4478812515735626,0.06950630992650986],[0.22179238498210907,0.025299636647105217,0.4638769030570984,0.09929224103689194,0.04792482405900955,0.006309711840003729,0.04480208083987236,0.02959972433745861,0.06110247224569321]],"label":[0,0,1,0,0,0,0,0,0]}