{"input":[[0.002354830037802458,0.0019952922593802214,0.36533069610595703,0.07364791631698608,0.360731840133667,0.003130574943497777,0.11077486723661423,0.01247965544462204,0.0695541724562645],[0.009202881716191769,0.0010877144522964954,0.05083300545811653,0.1880178451538086,0.18674734234809875,0.0037330009508877993,0.05393705144524574,0.10180912166833878,0.404632031917572]],"label":[0,0,0,0,0,0,0,1,0]}