{"input":[[0.0005230625392869115,0.9626500606536865,0.0004358939768280834,0.00019360911392141134,0.00013796168786939234,0.01129915937781334,0.023939449340105057,0.00019422605691943318,0.0006266197306104004],[0.0004329960502218455,0.8642110228538513,0.01625165157020092,0.00034018189762718976,0.003611872438341379,0.03864573687314987,0.07242228090763092,0.00197624578140676,0.0021080004516988993]],"label":[0,1,0,0,0,0,0,0,0]}