{"input":[[0.023109260946512222,0.0007482064538635314,0.029510818421840668,0.8215255737304688,0.024011462926864624,0.00071086420211941,0.07578573375940323,0.02019871026277542,0.004399443976581097],[0.04006512835621834,0.0006372497882694006,0.47455915808677673,0.3754352331161499,0.021777404472231865,0.0005724437069147825,0.003230667905882001,0.06762038916349411,0.01610233634710312]],"label":[0,0,0,0,1,0,0,0,0]}