{"input":[[0.2522317171096802,9.71846966422163e-05,0.47957515716552734,0.0001252124784514308,0.0026914491318166256,0.0001533181784907356,0.016146833077073097,0.24657870829105377,0.0024003018625080585],[0.16226240992546082,0.00021508320060092956,0.6624715924263,0.0005745674134232104,0.006249513942748308,0.0015698327915742993,0.026201672852039337,0.11649786680936813,0.023957429453730583]],"label":[0,0,1,0,0,0,0,0,0]}