{"input":[[0.035667065531015396,0.037485599517822266,0.011555098928511143,0.002702280879020691,0.0020981437992304564,0.04605478793382645,0.8354594111442566,0.0030350734014064074,0.025942601263523102],[0.012584925629198551,0.008029801771044731,0.14359329640865326,0.019598009064793587,0.03581586480140686,0.012729205191135406,0.5618807673454285,0.20204073190689087,0.0037273999769240618]],"label":[0,0,0,0,0,1,0,0,0]}