{"input":[[0.0037260546814650297,0.018847985193133354,0.8159867525100708,0.0005573800299316645,0.04409363120794296,0.004587715025991201,0.09235993772745132,0.0009000312420539558,0.018940480425953865],[0.0006723260739818215,0.0009389588376507163,0.9591072201728821,0.00010135133197763935,0.028926121070981026,0.0016986822010949254,0.0055741057731211185,0.0012491150991991162,0.0017321014311164618]],"label":[0,0,1,0,0,0,0,0,0]}