{"input":[[0.001753437565639615,0.0018139660824090242,0.005117238964885473,0.14100077748298645,0.8326291441917419,0.0003163059300277382,0.015326468273997307,0.00023506420257035643,0.001807598164305091],[0.012410171329975128,0.00024195763398893178,0.049844447523355484,0.09548047184944153,0.8352894186973572,0.00015284211258403957,0.0021429473999887705,0.0006663030362688005,0.0037713535130023956]],"label":[0,0,0,0,1,0,0,0,0]}