{"input":[[0.0011357616167515516,0.5341823101043701,0.00027261945069767535,0.0008740415214560926,0.00010191494948230684,0.05036063864827156,0.40621376037597656,0.0020050357561558485,0.004853938706219196],[0.006732618901878595,0.4075416028499603,0.022837214171886444,0.001230750698596239,0.00043121911585330963,0.35808873176574707,0.18403372168540955,0.009344383142888546,0.009759685024619102]],"label":[0,1,0,0,0,0,0,0,0]}