{"input":[[0.00014873406325932592,0.8979908227920532,0.00011148774501634762,7.45287979952991e-05,2.9600985726574436e-05,0.024492163211107254,0.07649696618318558,0.00010506467515369877,0.0005507056484930217],[0.00195531384088099,0.8875948190689087,0.07254134863615036,0.00015850093041080981,0.0014310587430372834,0.028122788295149803,0.007274266332387924,0.0007624393911100924,0.00015936790441628546]],"label":[0,1,0,0,0,0,0,0,0]}