{"input":[[0.011347245424985886,0.0073449513874948025,0.000675612420309335,0.008952604606747627,0.0027678348124027252,0.07690351456403732,0.8854682445526123,0.0005567138432525098,0.005983297247439623],[0.02027474343776703,0.036190278828144073,0.01614559255540371,0.14637385308742523,0.019486406818032265,0.11518606543540955,0.582935094833374,0.04238096997141838,0.021026989445090294]],"label":[0,0,0,0,0,1,0,0,0]}