{"input":[[0.028521422296762466,0.0003130976401735097,0.018199607729911804,0.5230158567428589,0.3993683159351349,0.0006517955334857106,0.018600644543766975,0.006527936551719904,0.00480128126218915],[0.034960318356752396,0.0006890645017847419,0.006400441750884056,0.35337650775909424,0.5177590250968933,0.0018649561097845435,0.008889595977962017,0.009390613995492458,0.0666695088148117]],"label":[0,0,0,0,1,0,0,0,0]}