{"input":[[0.0006752616609446704,0.0004734967660624534,9.1027532107546e-06,2.1187397578614764e-05,0.0004821238399017602,0.1520526111125946,0.8461158275604248,7.401848506560782e-06,0.00016308405611198395],[0.015497632324695587,0.0018719428917393088,0.0006831074133515358,0.23965920507907867,0.0729173794388771,0.16379541158676147,0.4946974217891693,0.0029275231063365936,0.007950383238494396]],"label":[0,0,0,0,0,0,1,0,0]}