{"input":[[0.7850923538208008,0.002668311120942235,0.08695011585950851,0.02038504183292389,0.010161594487726688,0.007150385994464159,0.07076221704483032,0.0077248732559382915,0.009105228818953037],[0.06103508919477463,0.02640431746840477,0.09293105453252792,0.09263728559017181,0.07255895435810089,0.04212705418467522,0.25683653354644775,0.1386539787054062,0.2168157696723938]],"label":[0,0,0,0,1,0,0,0,0]}