{"input":[[0.00024041265714913607,0.0011793996673077345,0.00196614908054471,0.5213368535041809,0.05837336182594299,0.0027184009086340666,0.4124271273612976,0.0003547461819835007,0.001403521397151053],[0.005562815815210342,0.0029253321699798107,0.017433248460292816,0.8235040307044983,0.045753031969070435,0.00822473969310522,0.061892855912446976,0.014232084155082703,0.020471977069973946]],"label":[0,0,0,0,0,0,1,0,0]}