{"input":[[0.006085849367082119,7.405368523905054e-05,0.7222599387168884,0.028149908408522606,0.05692075192928314,0.0003031516680493951,0.009664968587458134,0.1719607710838318,0.004580569453537464],[0.11027024686336517,0.013997272588312626,0.5222934484481812,0.0837022215127945,0.1384051889181137,0.010725057683885098,0.019558044150471687,0.09031679481267929,0.010731702670454979]],"label":[0,0,1,0,0,0,0,0,0]}