{"input":[[0.00780086312443018,0.0024120646994560957,0.01832328736782074,6.538615252793534e-06,0.004368886351585388,0.001286931918002665,0.0022017923183739185,0.9487435221672058,0.014856154099106789],[0.0008846299606375396,0.00020077347289770842,0.0013601852115243673,2.859934227217309e-07,8.27907060738653e-05,0.00028757989639416337,0.0005418673972599208,0.9936195015907288,0.0030223974026739597]],"label":[0,0,0,0,0,0,0,1,0]}