{"input":[[0.008159364573657513,0.2424740493297577,0.5677893757820129,0.018828772008419037,0.041285667568445206,0.03862981125712395,0.04122335836291313,0.011519163846969604,0.030090436339378357],[0.04182277247309685,0.2347794771194458,0.23792679607868195,0.004052659962326288,0.018133442848920822,0.08420797437429428,0.10119517147541046,0.19078703224658966,0.08709470927715302]],"label":[0,0,1,0,0,0,0,0,0]}