{"input":[[0.0002641078899614513,0.14944997429847717,0.003653221530839801,0.02240721508860588,0.001481796381995082,0.30545490980148315,0.5116726756095886,0.0015909192152321339,0.004025154281407595],[2.7260241040494293e-05,0.8867093324661255,0.002721429103985429,0.0005545732565224171,0.0015080429147928953,0.07314682006835938,0.034241270273923874,0.0003187450929544866,0.0007725561736151576]],"label":[0,0,0,0,0,1,0,0,0]}