{"input":[[0.0005068635218776762,0.0015387913445010781,0.045562393963336945,0.6506618857383728,0.15505118668079376,0.003281482495367527,0.11393211036920547,0.009757190942764282,0.019708065316081047],[0.011879348196089268,0.0032185944728553295,0.03929859399795532,0.24532438814640045,0.09866601228713989,0.003699509659782052,0.04069313406944275,0.5199684500694275,0.0372520312666893]],"label":[0,0,1,0,0,0,0,0,0]}