{"input":[[0.00033795024501159787,4.435166920302436e-05,0.0010873499559238553,0.029091348871588707,0.13690105080604553,0.0001515883341198787,0.8287628293037415,0.003110086778178811,0.0005134763778187335],[0.0012186320964246988,0.0283897053450346,0.507778525352478,0.08317884057760239,0.1917719691991806,0.00031551055144518614,0.18430547416210175,0.00048827845603227615,0.002553121652454138]],"label":[0,0,0,0,0,0,1,0,0]}