{"input":[[0.008230200968682766,0.0026203871238976717,0.03755149617791176,0.676253080368042,0.26793256402015686,0.00035021876101382077,0.005497157573699951,0.0001929404097609222,0.001372057944536209],[0.002050938317552209,0.000221979251364246,0.11763432621955872,0.5687815546989441,0.24715381860733032,0.0004998230724595487,0.024823486804962158,0.0024802181869745255,0.03635386377573013]],"label":[0,0,0,1,0,0,0,0,0]}