{"input":[[0.00019371458620298654,0.005333887413144112,0.00040394632378593087,0.0007494969177059829,0.0003068740479648113,0.006304529961198568,0.9639430046081543,0.001773018972016871,0.02099146507680416],[0.16994300484657288,0.06775305420160294,0.04915208742022514,0.15347789227962494,0.029940947890281677,0.03682056814432144,0.173436239361763,0.03449169173836708,0.2849845886230469]],"label":[0,1,0,0,0,0,0,0,0]}