{"input":[[0.001809686073102057,0.0013423432828858495,0.0050400178879499435,0.04852849990129471,0.9233179688453674,0.0004912439035251737,0.018657701089978218,0.00014978827675804496,0.0006627022521570325],[0.006546783726662397,0.06216631829738617,0.023032885044813156,0.6782235503196716,0.12084656953811646,0.0019153188914060593,0.02224557101726532,0.03945901617407799,0.04556391388177872]],"label":[0,0,0,0,1,0,0,0,0]}