{"input":[[0.0012591197155416012,0.006730124820023775,0.00427102018147707,0.013914801180362701,0.01027812622487545,0.21132583916187286,0.45560652017593384,0.2724456191062927,0.024168817326426506],[0.03217054903507233,0.024549666792154312,0.2181505709886551,0.09967463463544846,0.16806688904762268,0.0629289522767067,0.050331853330135345,0.3013741374015808,0.042752739042043686]],"label":[0,0,0,0,0,0,0,1,0]}