{"input":[[0.05130616948008537,0.0014777631731703877,0.10285458713769913,0.0003038941358681768,0.0016098743071779609,0.15349623560905457,0.24192576110363007,0.42491012811660767,0.02211560308933258],[0.07835946977138519,0.004175746347755194,0.02453927882015705,0.0013730848440900445,0.003937780857086182,0.0432511642575264,0.1151234433054924,0.5938614010810852,0.1353786438703537]],"label":[0,0,1,0,0,0,0,0,0]}