{"input":[[0.1004246398806572,0.021550364792346954,0.004017376806586981,0.002513166517019272,0.0036050346679985523,0.03001989610493183,0.830432653427124,0.00055070617236197,0.006886109244078398],[0.002543591195717454,0.0033696515019983053,0.0005106343305669725,1.4198685676092282e-05,0.00025450022076256573,0.02297234535217285,0.04785832390189171,0.921288788318634,0.00118801009375602]],"label":[0,1,0,0,0,0,0,0,0]}