{"input":[[0.03834870457649231,0.058939628303050995,0.025429461151361465,0.15538036823272705,0.11310083419084549,0.06821859627962112,0.3567008972167969,0.10297626256942749,0.0809052512049675],[0.026779621839523315,0.12967009842395782,0.0301353856921196,0.15357933938503265,0.05471573770046234,0.03575602173805237,0.47312304377555847,0.018995504826307297,0.07724527269601822]],"label":[0,0,0,0,0,0,1,0,0]}