{"input":[[0.03017723187804222,0.00792359933257103,0.0401851125061512,0.0011249639792367816,0.0023547615855932236,0.0011782142100855708,0.01418440230190754,0.85603928565979,0.04683239385485649],[0.10112949460744858,0.09243034571409225,0.12130042910575867,0.12630881369113922,0.041967399418354034,0.037676841020584106,0.09947699308395386,0.24159568548202515,0.13811394572257996]],"label":[0,0,0,0,0,0,0,1,0]}