{"input":[[4.993092443328351e-05,0.0007243495201691985,0.0002861201937776059,0.006651412229984999,0.0010551658924669027,0.0009702370152808726,0.9883835911750793,0.0012925536138936877,0.0005866545834578574],[0.003413290483877063,0.07062132656574249,0.17970600724220276,0.020572373643517494,0.006257249042391777,0.10637696087360382,0.5843670964241028,0.0015744431875646114,0.027111239731311798]],"label":[0,0,0,0,0,0,1,0,0]}