{"input":[[0.002427560742944479,0.04536978900432587,0.010926280170679092,0.023906784132122993,0.012095125392079353,0.022983185946941376,0.868675947189331,0.008597414009273052,0.005017973016947508],[0.0060769845731556416,0.004268621560186148,0.034139033406972885,0.1793324500322342,0.17400206625461578,0.06040697917342186,0.14543157815933228,0.04262401908636093,0.35371822118759155]],"label":[0,0,0,1,0,0,0,0,0]}