{"input":[[0.050602469593286514,0.04908732324838638,0.07793613523244858,0.012819844298064709,0.009317700751125813,0.017467040568590164,0.25241219997406006,0.48725220561027527,0.04310512915253639],[0.008137823082506657,0.0019770318176597357,0.03222979977726936,0.0004897413891740143,0.0014365323586389422,0.0023514044005423784,0.003424830036237836,0.937508761882782,0.012444114312529564]],"label":[0,0,0,0,0,0,0,0,1]}