{"input":[[0.012160890735685825,0.0005239712190814316,0.01063178014010191,0.7794637680053711,0.03524431213736534,0.0037948659155517817,0.05554009974002838,0.013964892365038395,0.08867545425891876],[0.05966835096478462,0.004024591762572527,0.015183618292212486,0.1712953746318817,0.12934757769107819,0.042712464928627014,0.3917333781719208,0.03371848165988922,0.1523161679506302]],"label":[0,0,0,0,0,0,0,0,1]}