{"input":[[0.004551453050225973,0.0016710711643099785,0.0970550999045372,0.42293253540992737,0.4139416217803955,0.002377253258600831,0.03490631654858589,0.003364969277754426,0.019199691712856293],[0.008716200478374958,0.007145191542804241,0.11031587421894073,0.3656080663204193,0.3438783884048462,0.006379293277859688,0.0680781826376915,0.006821742281317711,0.08305706828832626]],"label":[0,0,0,0,0,0,0,0,1]}