{"input":[[0.0002330446004634723,0.002849763026461005,4.01691295337514e-07,1.0058130328616244e-06,1.0874628486590154e-07,1.5083952348504681e-05,0.004452854860574007,0.992426872253418,2.0936382497893646e-05],[0.041016917675733566,0.009971467778086662,0.4004516005516052,0.005975060630589724,0.006966788787394762,0.006081616505980492,0.07940033078193665,0.44744426012039185,0.002691915025934577]],"label":[0,0,0,0,0,0,0,1,0]}