{"input":[[0.004240155685693026,0.012137179262936115,0.0024041198194026947,0.0033693977165967226,0.014113029465079308,0.012140264734625816,0.0068280817940831184,0.9394116401672363,0.005356134846806526],[0.042777787894010544,0.007778265047818422,0.09869880974292755,0.000812266836874187,0.017094453796744347,0.0006589043769054115,0.004775352776050568,0.8216590881347656,0.005745055619627237]],"label":[0,0,0,0,0,0,0,1,0]}