{"input":[[0.0012153006391599774,1.5732182873762213e-05,0.000176089713932015,0.8974592685699463,0.09809177368879318,0.00017086401931010187,0.0004976124037057161,0.0012398980325087905,0.0011335330782458186],[0.0288191270083189,0.0006420803256332874,0.023729100823402405,0.7507017850875854,0.141740083694458,0.0017916003707796335,0.03019978106021881,0.01644337736070156,0.005933075677603483]],"label":[0,0,0,1,0,0,0,0,0]}