{"input":[[0.03698999807238579,0.013935078866779804,0.20955517888069153,0.00014421451487578452,0.04651355370879173,0.060511715710163116,0.6202178597450256,0.0011346508981660008,0.0109978336840868],[0.005103409755975008,0.0019750897772610188,0.9480521082878113,0.0009355671936646104,0.007617275696247816,0.02201538346707821,0.005472296383231878,0.0037902849726378918,0.005038583185523748]],"label":[1,0,0,0,0,0,0,0,0]}