{"input":[[0.0008613257086835802,0.0007079435745254159,0.0007409130339510739,0.05351535975933075,0.08839580416679382,0.05178767815232277,0.7060264945030212,0.07822930812835693,0.019735168665647507],[0.005505315959453583,0.0047898069024086,0.013902776874601841,0.0550101101398468,0.044614095240831375,0.04558466747403145,0.7626712322235107,0.02640855498611927,0.04151349514722824]],"label":[0,0,0,0,0,1,0,0,0]}