{"input":[[0.0009087977814488113,5.589404281636234e-06,0.0012709560105577111,0.8610690832138062,0.13059478998184204,0.00011771320714615285,0.001574904192239046,0.0009704438271000981,0.0034877455327659845],[0.007892407476902008,8.205920312320814e-05,0.01794804446399212,0.7332178354263306,0.14654149115085602,0.00030207663075998425,0.006825402844697237,0.0047112503089010715,0.08247935026884079]],"label":[0,0,0,0,1,0,0,0,0]}