{"input":[[0.4914179742336273,0.01940837875008583,0.030371950939297676,0.006884526461362839,0.01997581496834755,0.015992622822523117,0.09590578824281693,0.17653410136699677,0.14350885152816772],[0.004293020814657211,0.0137421740218997,0.1421329528093338,0.00011937402450712398,0.002238438231870532,0.006835355889052153,0.007942941039800644,0.7689629197120667,0.05373285710811615]],"label":[0,0,0,0,0,0,0,1,0]}