{"input":[[0.004266637843102217,0.5350865125656128,0.001975459046661854,0.015561352483928204,0.0019500642083585262,0.16606293618679047,0.2498120218515396,0.0015918237622827291,0.02369333803653717],[0.00258829933591187,0.061794329434633255,0.012666145339608192,0.0976942852139473,0.01535618957132101,0.07680752128362656,0.6818058490753174,0.0067687323316931725,0.044518645852804184]],"label":[0,1,0,0,0,0,0,0,0]}