{"input":[[0.0006769209867343307,0.03586212545633316,4.620886466000229e-05,0.0006659119972027838,0.00027939947904087603,0.016072265803813934,0.9393941760063171,0.002725951373577118,0.0042770300060510635],[0.00864853523671627,0.27302855253219604,0.017735440284013748,0.16374635696411133,0.055865511298179626,0.09043978899717331,0.32676196098327637,0.03846445679664612,0.025309477001428604]],"label":[0,0,0,0,0,0,1,0,0]}