{"input":[[0.00024338462390005589,1.492132582825434e-06,0.9764629006385803,6.247976125450805e-05,0.009725376963615417,1.4195794619809021e-06,5.424827031674795e-05,0.012647809460759163,0.000800864421762526],[0.007521785795688629,0.0005465034046210349,0.7665128111839294,0.14993682503700256,0.03626750782132149,0.0007988563156686723,0.008022832684218884,0.022099895402789116,0.008292904123663902]],"label":[0,0,1,0,0,0,0,0,0]}