{"input":[[0.0007733855163678527,0.0006687708664685488,0.10562212765216827,0.13243722915649414,0.01812192052602768,0.0027987470384687185,0.7102649211883545,0.0209987573325634,0.008314074948430061],[0.057326044887304306,0.07380066066980362,0.0938773825764656,0.29299136996269226,0.05503159761428833,0.010940199717879295,0.15072977542877197,0.06142149493098259,0.20388151705265045]],"label":[0,0,0,0,0,0,1,0,0]}