{"input":[[0.002969123423099518,0.00031305733136832714,0.11242648214101791,4.728221392724663e-05,0.008951114490628242,0.00012363868881948292,0.0047486042603850365,0.8638352155685425,0.0065855104476213455],[0.049181319773197174,0.0008395928889513016,0.2791268527507782,1.1808509043476079e-05,0.0016920201014727354,0.008928291499614716,0.029611971229314804,0.5849841833114624,0.045623939484357834]],"label":[0,0,1,0,0,0,0,0,0]}