{"input":[[0.03625234588980675,0.31819823384284973,0.12370947003364563,0.01684747077524662,0.030129853636026382,0.17488625645637512,0.29097867012023926,0.006630214862525463,0.0023673800751566887],[0.02830854244530201,0.10032472014427185,0.16686418652534485,0.03377857059240341,0.011265615932643414,0.5393123030662537,0.06633900851011276,0.006399547681212425,0.047407425940036774]],"label":[0,0,1,0,0,0,0,0,0]}