{"input":[[0.023069730028510094,0.0056738280691206455,0.030855543911457062,0.0031044429633766413,0.006717848125845194,0.010597105138003826,0.7963472604751587,0.10582264512777328,0.017811546102166176],[0.008192209526896477,0.0019258414395153522,0.017098816111683846,0.6972466111183167,0.12858812510967255,0.003608236787840724,0.08425690233707428,0.04601941257715225,0.013063856400549412]],"label":[0,0,0,1,0,0,0,0,0]}