{"input":[[0.00198796926997602,0.0338437594473362,0.1442798525094986,0.008647075854241848,0.371848464012146,0.1961878389120102,0.16035877168178558,0.05203210934996605,0.03081407956779003],[0.012093286029994488,0.07137982547283173,0.32790109515190125,0.005250126123428345,0.06581448763608932,0.14996005594730377,0.061607491225004196,0.027968700975179672,0.27802497148513794]],"label":[1,0,0,0,0,0,0,0,0]}