{"input":[[0.012354240752756596,0.022898845374584198,0.07955302298069,0.35014140605926514,0.06271548569202423,0.03390004113316536,0.33521541953086853,0.011718465015292168,0.09150322526693344],[0.006669047754257917,0.001612285035662353,0.08624383062124252,0.03895018622279167,0.285222589969635,0.001206258893944323,0.3890478312969208,0.13521215319633484,0.05583589896559715]],"label":[0,0,0,0,1,0,0,0,0]}