{"input":[[0.000876139965839684,0.0038959369994699955,0.04484931752085686,0.20201627910137177,0.6939821839332581,0.0073839519172906876,0.03342573717236519,0.0025142859667539597,0.011056171730160713],[0.017391229048371315,0.008844785392284393,0.20384496450424194,0.11560395359992981,0.3470054268836975,0.007863253355026245,0.21633462607860565,0.02634819783270359,0.05676355957984924]],"label":[0,0,1,0,0,0,0,0,0]}