{"input":[[0.023222805932164192,0.12792569398880005,0.19389982521533966,0.008981483057141304,0.11441673338413239,0.030123360455036163,0.2051851600408554,0.24775360524654388,0.04849136248230934],[0.10912934690713882,0.1408708095550537,0.16223879158496857,0.0244638342410326,0.05225282534956932,0.07976464927196503,0.15935370326042175,0.17486770451068878,0.09705838561058044]],"label":[0,1,0,0,0,0,0,0,0]}