{"input":[[0.010656360536813736,0.16680386662483215,0.005119501147419214,0.2486094832420349,0.01465288084000349,0.03371155261993408,0.4584713876247406,0.00044436618918552995,0.06153066083788872],[0.03518304228782654,0.07491939514875412,0.2228230983018875,0.2914472222328186,0.08203094452619553,0.017396768555045128,0.14203505218029022,0.027293365448713303,0.10687106847763062]],"label":[0,0,0,1,0,0,0,0,0]}