{"input":[[0.0018485520267859101,0.05749896913766861,0.0007330836378969252,0.0013744604075327516,0.0006877481937408447,0.005010018590837717,0.8544561862945557,0.07799630612134933,0.0003947477671317756],[0.47963401675224304,0.001818053307943046,0.11028681695461273,0.0005679943133145571,0.000309289142023772,0.001469238311983645,0.01698191463947296,0.38056254386901855,0.008370250463485718]],"label":[0,0,0,0,0,0,0,1,0]}