{"input":[[0.00017171901708934456,0.0003774120123125613,0.015248824842274189,0.030245602130889893,0.0006013332167640328,0.0018753272015601397,0.9476993083953857,0.0011423996184021235,0.002637994010001421],[0.001169875031337142,0.0006845933967269957,0.010439415462315083,0.007173321209847927,0.00028890513931401074,0.006919056177139282,0.9615993499755859,0.005188225768506527,0.006537328474223614]],"label":[0,0,1,0,0,0,0,0,0]}