{"input":[[0.002529111923649907,0.10445702075958252,0.06719852238893509,0.2978079915046692,0.11576557904481888,0.008935698308050632,0.2689518630504608,0.03540946915745735,0.09894470870494843],[0.001953480765223503,0.0007654855726286769,0.10088737308979034,0.3775039613246918,0.42568644881248474,0.005223056301474571,0.04851304367184639,0.02825283631682396,0.011214297264814377]],"label":[0,0,0,0,0,1,0,0,0]}