{"input":[[0.19007834792137146,0.06571617722511292,0.00032698019640520215,0.21473903954029083,0.002757709240540862,0.04859691485762596,0.41106659173965454,0.04146849736571312,0.025249863043427467],[0.5078568458557129,0.01865275390446186,0.03882376104593277,0.005173644982278347,0.005326602607965469,0.020535551011562347,0.2046075463294983,0.1525927484035492,0.046430520713329315]],"label":[0,1,0,0,0,0,0,0,0]}