{"input":[[0.00047368466039188206,0.0017437414498999715,9.097265137825161e-05,0.008337032981216908,0.0009481281158514321,0.001325425342656672,0.9419395923614502,7.334045949392021e-05,0.04506809264421463],[0.10441949963569641,0.09430776536464691,0.056043434888124466,0.012789839878678322,0.01642027124762535,0.022039568051695824,0.05057007446885109,0.6126047372817993,0.030804838985204697]],"label":[0,0,0,0,0,0,1,0,0]}