{"input":[[1.2302395589358639e-05,0.00013657887757290155,0.0010499621275812387,0.37162187695503235,0.6222711801528931,0.00040674390038475394,0.004381951410323381,1.8796054064296186e-05,0.00010073010344058275],[0.023291829973459244,0.0021197907626628876,0.1359838992357254,0.17158079147338867,0.17544293403625488,0.003856832627207041,0.36312294006347656,0.0014948673779144883,0.12310606986284256]],"label":[0,0,0,1,0,0,0,0,0]}