{"input":[[6.1207108956296e-05,0.014814212918281555,0.0010142792016267776,0.0005581893492490053,0.0006263382965698838,0.007057820446789265,0.971827507019043,8.54802128742449e-05,0.0039550065994262695],[0.0009075675043277442,0.03223440423607826,0.0007634671637788415,0.0009667982812970877,0.009277046658098698,0.03955388441681862,0.910068154335022,0.002439609495922923,0.0037891122046858072]],"label":[0,1,0,0,0,0,0,0,0]}