{"input":[[0.01632929965853691,0.03945324197411537,0.0016174048651009798,0.0393613837659359,0.006324839778244495,0.0674310252070427,0.7703855037689209,0.0012949194060638547,0.05780230462551117],[0.0807490274310112,0.07619484513998032,0.0296291746199131,0.14063741266727448,0.008331370539963245,0.24949577450752258,0.3477345108985901,0.02068745717406273,0.046540431678295135]],"label":[0,0,0,0,0,0,1,0,0]}