{"input":[[0.021000320091843605,0.0004472325381357223,0.040155310183763504,0.0004497524059843272,0.00024897747789509594,0.016007034108042717,0.8345223665237427,0.06471887975931168,0.02245013788342476],[0.006719962693750858,0.0010791325476020575,0.5546048879623413,0.022116582840681076,0.0108118811622262,0.0012812357163056731,0.030447926372289658,0.3285026550292969,0.04443573206663132]],"label":[0,0,1,0,0,0,0,0,0]}