{"input":[[0.02515656128525734,0.06359288096427917,0.03526338189840317,0.04655848816037178,0.03204789385199547,0.007354511879384518,0.027190057560801506,0.5804884433746338,0.18234783411026],[0.03302343934774399,0.009265260770916939,0.0759541392326355,0.02490629255771637,0.008718171156942844,0.014768734574317932,0.012263447977602482,0.7918016314506531,0.029298866167664528]],"label":[0,0,1,0,0,0,0,0,0]}