{"input":[[0.01374402828514576,0.030913522467017174,0.06211826950311661,0.00024355645291507244,0.0020208144560456276,0.017052168026566505,0.05467674881219864,0.7564780116081238,0.06275290250778198],[0.013103054836392403,0.009831364266574383,0.4720481336116791,0.001057131914421916,0.01566130481660366,0.0036192997358739376,0.01102585718035698,0.45774734020233154,0.015906507149338722]],"label":[0,0,0,0,0,0,0,1,0]}