{"input":[[0.006837885826826096,0.06815996766090393,0.002993629314005375,0.026361456140875816,0.003304779063910246,0.029111262410879135,0.849114179611206,0.0013295214157551527,0.012787235900759697],[0.01974594220519066,0.31162378191947937,0.0032726505305618048,0.0010009731631726027,0.0024611165281385183,0.38826027512550354,0.24318668246269226,0.002540926681831479,0.02790776640176773]],"label":[0,0,0,0,0,0,1,0,0]}