{"input":[[0.005518746562302113,0.06474307179450989,0.022286755964159966,0.022753538563847542,0.03085724264383316,0.01823817938566208,0.6022720336914062,0.05652939900755882,0.17680096626281738],[0.0811087042093277,0.11096656322479248,0.049626048654317856,0.08118277788162231,0.030207715928554535,0.028161467984318733,0.38872426748275757,0.09998125582933426,0.1300412118434906]],"label":[0,1,0,0,0,0,0,0,0]}