{"input":[[0.013347791507840157,0.09129616618156433,0.04539906978607178,0.13390353322029114,0.010075753554701805,0.06052200123667717,0.38545873761177063,0.13365666568279266,0.12634031474590302],[0.054190751165151596,0.36292755603790283,0.05968904122710228,0.02872360683977604,0.005163439083844423,0.03489833325147629,0.23124995827674866,0.16486681997776031,0.0582905113697052]],"label":[0,0,0,0,0,0,0,1,0]}