{"input":[[0.4462020695209503,0.0016940634232014418,0.10772755742073059,0.0003918413131032139,0.005536485463380814,0.0016348472563549876,0.20963840186595917,0.20313933491706848,0.024035397917032242],[0.950874388217926,1.7215459592989646e-05,0.03654259815812111,6.354140168696176e-06,8.484994759783149e-05,2.892854536185041e-05,0.002982857171446085,0.009308308362960815,0.0001544078259030357]],"label":[0,0,1,0,0,0,0,0,0]}