{"input":[[0.0003259549557697028,0.06451006978750229,0.001069781370460987,0.04542742669582367,0.0017351873684674501,0.47986915707588196,0.3853091895580292,0.010570719838142395,0.011182530783116817],[0.0009805159643292427,0.10900162160396576,0.002668498083949089,0.042639195919036865,0.003510319860652089,0.21849757432937622,0.5743324160575867,0.014280091039836407,0.03408973664045334]],"label":[0,0,0,0,0,1,0,0,0]}