{"input":[[0.0024899658747017384,0.0008949603652581573,0.6877897381782532,0.07203969359397888,0.06651807576417923,0.0010873520513996482,0.09437841922044754,0.033432431519031525,0.04136929288506508],[0.03044833429157734,0.0031274952925741673,0.16610294580459595,0.4454996585845947,0.05999167263507843,0.0033415702637284994,0.04094642400741577,0.1946125328540802,0.05592929571866989]],"label":[0,0,1,0,0,0,0,0,0]}