{"input":[[0.12280480563640594,0.48796287178993225,0.182843416929245,0.007696628570556641,0.028270475566387177,0.017710991203784943,0.11174421012401581,0.011000173166394234,0.029966428875923157],[0.05233986675739288,0.07738975435495377,0.18244986236095428,0.09651332348585129,0.05375250056385994,0.04977332428097725,0.17976287007331848,0.198397696018219,0.10962092876434326]],"label":[0,0,0,0,1,0,0,0,0]}