{"input":[[0.0676586851477623,0.0022749346680939198,0.011968614533543587,0.4509010314941406,0.23981884121894836,0.007708392571657896,0.12017040699720383,0.04172063246369362,0.057778485119342804],[0.11814522743225098,0.008360536769032478,0.14352133870124817,0.2080896496772766,0.14910031855106354,0.0032452521845698357,0.04923957586288452,0.02509181573987007,0.295206218957901]],"label":[0,0,0,1,0,0,0,0,0]}