{"input":[[0.021641576662659645,0.005712640937417746,0.07118809968233109,0.5840997695922852,0.049013905227184296,0.012158211320638657,0.0627363920211792,0.04410001263022423,0.1493494212627411],[0.046477071940898895,0.031832922250032425,0.33483776450157166,0.08799093216657639,0.03477560728788376,0.06938466429710388,0.12077289074659348,0.16834092140197754,0.10558725893497467]],"label":[0,0,0,0,1,0,0,0,0]}