{"input":[[0.3079184889793396,0.016881559044122696,0.1976432502269745,0.20954695343971252,0.15660430490970612,0.0009336660150438547,0.056525491178035736,0.02009977214038372,0.03384634107351303],[0.2074519395828247,0.0021583586931228638,0.4586704671382904,0.015271637588739395,0.07895733416080475,0.0014161329017952085,0.1322948932647705,0.09937010705471039,0.004409001208841801]],"label":[0,0,0,0,0,0,0,0,1]}