{"input":[[0.012293354608118534,2.0657349523389712e-05,0.8615227937698364,0.0027462744619697332,0.036490440368652344,6.603282236028463e-05,0.00046018947614356875,0.059326302260160446,0.027073994278907776],[0.007654355838894844,0.0003429753996897489,0.2697659134864807,0.32493093609809875,0.08034654706716537,0.0022519188933074474,0.02009345218539238,0.017870502546429634,0.2767433822154999]],"label":[0,0,0,0,0,0,0,0,1]}