{"input":[[0.02388409897685051,0.03535480797290802,0.14807464182376862,0.3261839747428894,0.018167022615671158,0.023403985425829887,0.36906561255455017,0.008417447097599506,0.04744839295744896],[0.01449947152286768,0.005745362024754286,0.08165024220943451,0.46539855003356934,0.04339216277003288,0.03981900215148926,0.25924307107925415,0.04358425736427307,0.046667955815792084]],"label":[0,0,0,1,0,0,0,0,0]}