{"input":[[0.026973465457558632,0.8443455100059509,0.006853766739368439,0.003983191214501858,0.001033287844620645,0.002785482443869114,0.10349927842617035,0.004249874036759138,0.00627612229436636],[0.06313695758581161,0.5845669507980347,0.0669797882437706,0.007865836843848228,0.0032751529943197966,0.10660208016633987,0.12025816738605499,0.030242083594202995,0.017072981223464012]],"label":[0,0,1,0,0,0,0,0,0]}