{"input":[[0.014751554466784,0.08405134081840515,0.32202741503715515,0.029723504558205605,0.08702133595943451,0.03314884006977081,0.28294122219085693,0.001066909171640873,0.14526787400245667],[0.01686098799109459,0.026721009984612465,0.6440450549125671,0.0822734460234642,0.06351061910390854,0.009044069796800613,0.07016754150390625,0.023574473336338997,0.06380272656679153]],"label":[0,0,1,0,0,0,0,0,0]}