{"input":[[0.00023946601140778512,0.6557379364967346,0.0016340219881385565,0.0010880496120080352,0.0003909676743205637,0.04208609461784363,0.29575780034065247,0.0007066410616971552,0.0023589772172272205],[0.004022473935037851,0.7829088568687439,0.004394227638840675,0.0008656415739096701,0.0007228051545098424,0.050242841243743896,0.15131033957004547,0.003713994286954403,0.0018187278183177114]],"label":[0,1,0,0,0,0,0,0,0]}