{"input":[[0.031530920416116714,0.0037483801133930683,0.6384826302528381,0.029192958027124405,0.07432548701763153,0.0019691409543156624,0.016230208799242973,0.10538581013679504,0.09913463145494461],[0.032314881682395935,0.03002043254673481,0.3639020025730133,0.047938283532857895,0.10211209207773209,0.03230449929833412,0.10539143532514572,0.2545911967754364,0.03142524138092995]],"label":[1,0,0,0,0,0,0,0,0]}