{"input":[[0.012086829170584679,0.5555186867713928,0.0006369627080857754,0.002622603438794613,0.0001797065051505342,0.1381206512451172,0.2839760184288025,0.0031063843052834272,0.0037522087804973125],[0.02908778376877308,0.6547388434410095,0.014550918713212013,0.0045191701501607895,0.0007135341293178499,0.07137218862771988,0.19032366573810577,0.0247615035623312,0.009932375513017178]],"label":[0,1,0,0,0,0,0,0,0]}