{"input":[[0.00033176469150930643,0.04555339738726616,5.1964179874630645e-05,0.004138951655477285,1.549441003589891e-05,0.13108842074871063,0.8175313472747803,0.000572250981349498,0.0007163951522670686],[0.06948727369308472,0.0681123435497284,0.01018925104290247,0.009533415548503399,0.0008669369854032993,0.3932047188282013,0.36533820629119873,0.0679050087928772,0.015362811274826527]],"label":[0,0,0,0,0,1,0,0,0]}