{"input":[[0.08839007467031479,0.0007206353475339711,0.0646214485168457,0.06762903183698654,0.03588768467307091,0.00818407628685236,0.5088738203048706,0.04869183152914047,0.17700140178203583],[0.019067594781517982,0.0026011941954493523,0.033863864839076996,0.012285109609365463,0.0033892772626131773,0.011553209275007248,0.8484537601470947,0.019915634766221046,0.04887034371495247]],"label":[0,0,0,0,0,0,0,0,1]}