{"input":[[0.03538084402680397,0.0002584187895990908,0.49526873230934143,0.03863958269357681,0.05098208785057068,0.00021471040963660926,0.019766351208090782,0.27514442801475525,0.08434481173753738],[0.07711046934127808,0.0009605062659829855,0.10512662678956985,0.3912757635116577,0.05269503965973854,0.0010933487210422754,0.05882209911942482,0.1108287051320076,0.2020874321460724]],"label":[0,0,1,0,0,0,0,0,0]}