{"input":[[0.005634150933474302,0.08218888938426971,0.0001100147856050171,0.00014376423496287316,0.0002425816928735003,0.20432870090007782,0.7050409317016602,0.000284195615677163,0.0020268207881599665],[0.002475683344528079,0.19215631484985352,0.000458341819467023,0.0024281663354486227,0.0016944075468927622,0.3433791697025299,0.4516383111476898,0.00291241891682148,0.002857193583622575]],"label":[0,1,0,0,0,0,0,0,0]}