{"input":[[0.00045420436072163284,0.004379041492938995,0.005283412057906389,0.30091091990470886,0.029931211844086647,0.07781875133514404,0.5472498536109924,0.0006814189837314188,0.033291175961494446],[0.02090303786098957,0.0035677168052643538,0.004861851688474417,0.00014879435184411705,0.00023221420997288078,0.001359355985186994,0.0026695632841438055,0.9628592729568481,0.0033981744199991226]],"label":[0,0,0,0,0,0,1,0,0]}