{"input":[[0.7885690331459045,0.05256761237978935,0.003371327882632613,0.006780500989407301,0.008616987615823746,0.07132036983966827,0.04470311850309372,0.0006155312294140458,0.023455612361431122],[0.23052892088890076,0.06346450001001358,0.04418237507343292,0.021864144131541252,0.0027860882692039013,0.43186312913894653,0.17888155579566956,0.009150813333690166,0.01727849803864956]],"label":[1,0,0,0,0,0,0,0,0]}