{"input":[[0.009005086496472359,0.1039937362074852,0.008760242722928524,0.2057955116033554,0.022250430658459663,0.06932102143764496,0.4002700746059418,0.07799260318279266,0.10261128842830658],[0.014890821650624275,0.03849475085735321,0.06247957423329353,0.48469626903533936,0.05373900756239891,0.04980434104800224,0.14912603795528412,0.07825062423944473,0.06851853430271149]],"label":[0,0,0,0,0,0,0,0,1]}