{"input":[[9.676389890955761e-05,0.9450215101242065,0.0007656651432625949,0.0003295673814136535,0.0010590825695544481,0.015251399949193,0.036987461149692535,1.431872988177929e-05,0.0004743023600894958],[0.00024358641530852765,0.23389214277267456,0.0008647368522360921,0.010339546948671341,0.007461827248334885,0.1424088329076767,0.6020188331604004,0.0003270678280387074,0.002443452598527074]],"label":[0,0,0,0,0,1,0,0,0]}