{"input":[[0.7279842495918274,0.0010438439203426242,0.21212130784988403,0.0014555033994838595,0.005339269060641527,0.0008031907491385937,0.005020663142204285,0.03888333588838577,0.007348661310970783],[0.2415279597043991,0.005441911052912474,0.5862394571304321,0.0015060653677210212,0.005599293392151594,0.0030877988319844007,0.02162589691579342,0.12070950120687485,0.01426206436008215]],"label":[0,0,0,0,0,0,0,1,0]}