{"input":[[0.0031976765021681786,0.005905361846089363,0.001423204317688942,0.08747551590204239,0.022440891712903976,0.012169249355793,0.8423478603363037,0.008060122840106487,0.016980059444904327],[0.00371168227866292,0.015940219163894653,0.0016022275667637587,0.053432513028383255,0.005954255349934101,0.03400128707289696,0.8431000113487244,0.028769273310899734,0.01348856557160616]],"label":[0,0,0,0,0,0,0,0,1]}