{"input":[[0.003662987845018506,0.0046016559936106205,0.002229806035757065,0.04116750881075859,0.01075987983494997,0.00939065869897604,0.9143452048301697,0.0008583879680372775,0.012983906082808971],[0.002038418548181653,0.0002822527603711933,0.00862903892993927,0.8043733835220337,0.09101372212171555,0.0022006987128406763,0.0829869732260704,0.00021784486307296902,0.008257643319666386]],"label":[0,1,0,0,0,0,0,0,0]}