{"input":[[0.00015334479394368827,0.9047814607620239,8.391893788939342e-05,0.00014835030015092343,0.00011261500912951306,0.028890294954180717,0.06487777084112167,0.00010321753507014364,0.0008491090848110616],[0.0044830781407654285,0.6001493334770203,0.03681330755352974,0.006951050367206335,0.008960330858826637,0.14156585931777954,0.1914871484041214,0.005757415201514959,0.003832499496638775]],"label":[0,1,0,0,0,0,0,0,0]}