{"input":[[0.006348105147480965,0.02575354464352131,0.0006389287300407887,0.06748184561729431,0.10114895552396774,0.3669242262840271,0.38395246863365173,0.007756409235298634,0.03999548777937889],[0.0054151457734405994,0.035395145416259766,0.0027999216690659523,0.02867317944765091,0.006535268388688564,0.08986309170722961,0.7738310098648071,0.013254051096737385,0.044233039021492004]],"label":[0,0,0,0,1,0,0,0,0]}