{"input":[[0.3058137893676758,0.05112750083208084,0.061762355268001556,0.12571118772029877,0.1415819376707077,0.013558660633862019,0.20209382474422455,0.028176190331578255,0.07017458975315094],[0.37270182371139526,0.010538439266383648,0.06458446383476257,0.04607659950852394,0.22461837530136108,0.002820552559569478,0.22720694541931152,0.02470780909061432,0.026744993403553963]],"label":[1,0,0,0,0,0,0,0,0]}