{"input":[[0.06699594855308533,0.026733772829174995,0.03713604807853699,0.07867822051048279,0.11293967068195343,0.026364196091890335,0.17164640128612518,0.42213302850723267,0.05737268552184105],[0.14145874977111816,0.022939708083868027,0.12936583161354065,0.07355926185846329,0.053427089005708694,0.027329321950674057,0.10925144702196121,0.31914451718330383,0.12352409213781357]],"label":[0,0,0,0,0,0,0,0,1]}