{"input":[[0.02186298742890358,0.01039288192987442,0.024043984711170197,0.04265705123543739,0.0024931547231972218,0.006610610987991095,0.16300803422927856,0.3652753233909607,0.36365601420402527],[0.04495023190975189,0.01648469641804695,0.17443051934242249,0.12480619549751282,0.10878263413906097,0.02227024734020233,0.23077905178070068,0.12975195050239563,0.14774447679519653]],"label":[0,0,0,0,0,0,0,0,1]}