{"input":[[0.006245075259357691,0.6774656176567078,0.010275082662701607,0.04568135365843773,0.0012101955944672227,0.01777423359453678,0.22153541445732117,0.007582203950732946,0.012230774387717247],[0.05523521080613136,0.041818227618932724,0.10600733757019043,0.2727939486503601,0.04961760342121124,0.036164335906505585,0.03898349404335022,0.08842666447162628,0.31095317006111145]],"label":[0,0,0,0,0,0,0,0,1]}