{"input":[[0.003403434995561838,0.0002709174295887351,0.0031611518934369087,0.7409458160400391,0.17358176410198212,0.0005573834641836584,0.06309659779071808,0.009653476998209953,0.005329407751560211],[0.010592876002192497,0.00034748256439343095,0.007004395592957735,0.8870816826820374,0.018790652975440025,0.0009276657365262508,0.0419737808406353,0.02881644107401371,0.004465118981897831]],"label":[0,0,0,1,0,0,0,0,0]}