{"input":[[0.007611669600009918,0.018223818391561508,0.006644641049206257,0.007195012643933296,0.004116690251976252,0.007128156255930662,0.8994437456130981,0.031433284282684326,0.01820291392505169],[0.19291742146015167,0.009740334935486317,0.6326509118080139,1.1881244972755667e-05,0.00042409502202644944,0.0004303489695303142,0.0634741485118866,0.07995081692934036,0.020400021225214005]],"label":[0,0,0,0,0,0,1,0,0]}