{"input":[[0.0004472549189813435,0.0004475704627111554,0.00011487896699691191,0.7115585207939148,0.005527859088033438,0.0025856164284050465,0.27378135919570923,4.294814061722718e-05,0.005494052544236183],[0.0023287897929549217,0.00021733646281063557,0.013536735437810421,0.8185964226722717,0.09355685859918594,0.0006568414974026382,0.00881355069577694,0.00355157139711082,0.05874180793762207]],"label":[0,0,0,1,0,0,0,0,0]}