{"input":[[0.004687126725912094,0.6171968579292297,0.0004186440201010555,0.016115956008434296,0.00859433226287365,0.15814189612865448,0.192265123128891,0.00020490896713454276,0.002375091426074505],[0.005168218165636063,0.07681980729103088,0.0026207969058305025,0.012096792459487915,0.0020891865715384483,0.2903604805469513,0.6008328795433044,0.0028974588494747877,0.00711436290293932]],"label":[0,1,0,0,0,0,0,0,0]}