{"input":[[0.003364661242812872,0.028082571923732758,0.00730911223217845,0.33612483739852905,0.019064590334892273,0.03239789605140686,0.43263566493988037,0.03789375349879265,0.10312694311141968],[0.010211761109530926,0.05969410762190819,0.019728967919945717,0.363549143075943,0.05035965144634247,0.03823404014110565,0.32010748982429504,0.05768916383385658,0.08042575418949127]],"label":[0,0,0,1,0,0,0,0,0]}