{"input":[[0.00020204560132697225,9.81616153694631e-07,0.5492989420890808,5.309328480507247e-05,0.43358784914016724,2.1357736841309816e-06,0.00040144086233340204,0.01494921650737524,0.001504223677329719],[0.0003073778352700174,1.304166653426364e-05,0.8753659129142761,0.06665132939815521,0.0492962971329689,8.031302422750741e-05,0.006928445305675268,0.0004504200769588351,0.0009068329818546772]],"label":[0,0,1,0,0,0,0,0,0]}