{"input":[[0.0008421891834586859,0.2600604295730591,0.0008048166637308896,0.0013557316269725561,0.0007145089330151677,0.09059431403875351,0.634053111076355,0.006791586987674236,0.004783302079886198],[0.0495292991399765,0.11969682574272156,0.06048490107059479,0.26883670687675476,0.14287272095680237,0.06143353134393692,0.13301150500774384,0.06675490736961365,0.09737955778837204]],"label":[0,0,0,0,0,0,1,0,0]}