{"input":[[0.02668844908475876,0.0031484749633818865,0.14617018401622772,0.30938252806663513,0.18085217475891113,0.0019078872865065932,0.02833368256688118,0.03600192815065384,0.2675146460533142],[0.012231503613293171,0.00017451238818466663,0.024458207190036774,0.8480281829833984,0.07868632674217224,0.00024197448510676622,0.001808547298423946,0.0035432998556643724,0.030827483162283897]],"label":[0,0,0,1,0,0,0,0,0]}