{"input":[[0.9039556384086609,7.107838609954342e-05,0.09110640734434128,6.240949005587026e-05,0.0025713492650538683,1.7692858818918467e-05,0.0008624304318800569,0.0009756208746694028,0.0003774150973185897],[0.9245538115501404,0.0013470593839883804,0.05389215424656868,2.2349366190610453e-05,0.00027847400633618236,8.661684114485979e-05,0.0038452032022178173,0.015682736411690712,0.0002915033546742052]],"label":[1,0,0,0,0,0,0,0,0]}