{"input":[[0.04440324008464813,0.004462932702153921,0.05417155474424362,0.020814551040530205,0.003716956591233611,0.005645265337079763,0.05999177321791649,0.5541417598724365,0.25265201926231384],[0.08046923577785492,0.01339364517480135,0.09995630383491516,0.03545033931732178,0.019705232232809067,0.010741758160293102,0.04373704642057419,0.6603619456291199,0.036184463649988174]],"label":[0,0,0,0,0,0,0,1,0]}