{"input":[[0.0021925203036516905,0.0014712229603901505,0.34305310249328613,0.00042377866338938475,0.632700502872467,0.0010274333180859685,0.006096621975302696,0.010830756276845932,0.0022040866315364838],[0.0910826027393341,0.009455721825361252,0.2595333755016327,0.008282135240733624,0.12008253484964371,0.011422008275985718,0.02133692242205143,0.4413492977619171,0.03745533898472786]],"label":[0,0,0,0,1,0,0,0,0]}