{"input":[[0.1615598201751709,0.007131865248084068,0.21967796981334686,0.013532036915421486,0.009374266490340233,0.007226838730275631,0.012826184742152691,0.4360060393810272,0.1326650232076645],[0.1049700379371643,0.009342667646706104,0.04016515985131264,5.2876963309245184e-05,0.0005503457505255938,0.003316114656627178,0.06499574333429337,0.6852906346321106,0.09131640940904617]],"label":[0,0,1,0,0,0,0,0,0]}