{"input":[[0.0010894030565395951,0.0010743786115199327,0.003435243619605899,0.04900308698415756,0.22155438363552094,0.05779336392879486,0.6391258239746094,0.00020544315339066088,0.026718933135271072],[0.016391826793551445,0.00916623417288065,0.03245246037840843,0.16190965473651886,0.02925029583275318,0.15414446592330933,0.5400192737579346,0.01282946951687336,0.043836381286382675]],"label":[0,0,0,0,0,0,1,0,0]}