{"input":[[0.01549612544476986,0.0017400577198714018,0.0505019873380661,0.49602213501930237,0.20977197587490082,0.0014508144231513143,0.14208358526229858,0.016122765839099884,0.06681058555841446],[0.043400056660175323,0.006362193264067173,0.09494815766811371,0.33057060837745667,0.12407843768596649,0.009699493646621704,0.04451948404312134,0.1787520945072174,0.16766947507858276]],"label":[0,0,0,0,0,0,1,0,0]}