{"input":[[0.01840255595743656,0.032796647399663925,0.0872911736369133,0.002810203470289707,0.00856089498847723,0.04538009688258171,0.6111351847648621,0.08721502125263214,0.10640828311443329],[0.09327489137649536,0.01393506582826376,0.30290475487709045,0.00011516350787132978,0.0011345027014613152,0.0009304624400101602,0.03150509297847748,0.5201678276062012,0.03603220731019974]],"label":[0,1,0,0,0,0,0,0,0]}