{"input":[[0.15682722628116608,0.0080845532938838,0.26753273606300354,0.07093492895364761,0.02638254500925541,0.008948886767029762,0.3888065814971924,0.03951896354556084,0.03296360746026039],[0.2613321542739868,0.023489447310566902,0.026301251724362373,0.00222843699157238,0.007223279681056738,0.0037913317792117596,0.10566061735153198,0.4905024468898773,0.07947111129760742]],"label":[0,0,0,0,0,0,0,0,1]}