{"input":[[0.00047365552745759487,0.0010729660280048847,0.0005075389635749161,0.04930422082543373,0.9294489026069641,0.0003848145133815706,0.017747292295098305,2.9137396268197335e-05,0.0010314963292330503],[0.001637640525586903,0.0004034210287500173,0.06704689562320709,0.12642952799797058,0.7853258848190308,0.00037927020457573235,0.016094062477350235,0.0005368597339838743,0.002146386541426182]],"label":[0,0,0,0,1,0,0,0,0]}