{"input":[[0.4316951036453247,0.0009328849846497178,0.5212918519973755,9.932520697475411e-06,0.019970443099737167,0.00015279983927030116,0.0008615709375590086,0.017281556501984596,0.007803873158991337],[0.5029568076133728,0.0005436783540062606,0.37492644786834717,8.155357500072569e-05,0.006059443578124046,0.000931670016143471,0.002277732826769352,0.10328546166419983,0.008937220089137554]],"label":[1,0,0,0,0,0,0,0,0]}