{"input":[[0.0018787049921229482,0.5213648080825806,0.00015563370834570378,0.0005895941285416484,0.0001761185994837433,0.07917092740535736,0.3943190276622772,0.0007867664098739624,0.0015584193170070648],[0.018503762781620026,0.17382171750068665,0.055011555552482605,0.018431447446346283,0.03266771882772446,0.05537577345967293,0.41801100969314575,0.10438475012779236,0.12379235029220581]],"label":[0,0,0,0,0,1,0,0,0]}