{"input":[[0.000377977907191962,0.004073753487318754,0.0010494031012058258,0.0370098315179348,0.005404850468039513,0.03233253210783005,0.8859767913818359,0.0016052398132160306,0.03216956555843353],[0.002965424908325076,0.005981634370982647,0.010292819701135159,0.12809230387210846,0.0168159119784832,0.039258383214473724,0.7441390752792358,0.027761569246649742,0.024692809209227562]],"label":[0,0,0,0,0,0,1,0,0]}