{"input":[[0.10031048953533173,0.000221045091166161,3.3239983167732134e-05,0.015293718315660954,0.02024284563958645,0.14453350007534027,0.7003830075263977,0.0013040616177022457,0.017678052186965942],[0.13640964031219482,0.006178834475576878,0.06476858258247375,0.12699362635612488,0.09746777266263962,0.2007383108139038,0.2272152602672577,0.09036112576723099,0.04986687749624252]],"label":[0,0,0,0,0,0,0,0,1]}