{"input":[[0.003437903244048357,0.08489933609962463,0.00013626729196403176,0.0038942061364650726,0.0006774586508981884,0.28152671456336975,0.6241754293441772,1.7041509636328556e-05,0.0012356743682175875],[0.01741144247353077,0.3304513096809387,0.005376208573579788,0.026647578924894333,0.002135430695489049,0.31960824131965637,0.29581671953201294,0.0007231564377434552,0.0018298798240721226]],"label":[0,1,0,0,0,0,0,0,0]}