{"input":[[2.6855211672227597e-06,0.9537485837936401,3.554273280315101e-05,1.743923348840326e-05,0.00013117300113663077,0.03993837907910347,0.0060990676283836365,2.5303409074695082e-06,2.463551572873257e-05],[0.00028567929985001683,0.047466155141592026,0.001358174835331738,0.0008637713035568595,0.00045044522266834974,0.06360334157943726,0.8840500712394714,0.0012721334351226687,0.0006502566975541413]],"label":[0,0,0,0,0,1,0,0,0]}