{"input":[[0.015746107324957848,0.05604672059416771,0.021256646141409874,0.27509933710098267,0.09715425968170166,0.054806217551231384,0.2716933488845825,0.1340651512145996,0.0741322860121727],[0.03588053956627846,0.05376600846648216,0.11207583546638489,0.16578257083892822,0.17304830253124237,0.030259624123573303,0.2795025706291199,0.1077074483036995,0.04197722300887108]],"label":[1,0,0,0,0,0,0,0,0]}