{"input":[[0.20388484001159668,0.0013924437807872891,0.0965205505490303,0.016491064801812172,0.40860238671302795,0.032717831432819366,0.12802745401859283,0.021338092163205147,0.09102515876293182],[0.008597283624112606,0.0002770829596556723,0.6335368752479553,0.0011299174511805177,0.2864573299884796,0.0012309449957683682,0.011297882534563541,0.05001697689294815,0.007455713581293821]],"label":[1,0,0,0,0,0,0,0,0]}