{"input":[[0.29598045349121094,0.286888062953949,0.1365591585636139,0.001346768345683813,0.03194050490856171,0.15388038754463196,0.05651775747537613,0.0010344403563067317,0.03585255146026611],[0.14012359082698822,0.11403853446245193,0.1808413416147232,0.015173804014921188,0.1363600492477417,0.07473812252283096,0.21505208313465118,0.047371767461299896,0.07630068063735962]],"label":[1,0,0,0,0,0,0,0,0]}