{"input":[[0.002595712663605809,0.001138337654992938,0.0028709557373076677,0.699500322341919,0.026879388839006424,0.021690143272280693,0.23701350390911102,0.0047277663834393024,0.003583865473046899],[0.025479815900325775,0.024306338280439377,0.012297441251575947,0.46029001474380493,0.03722891956567764,0.0708729550242424,0.2898344099521637,0.01653839275240898,0.06315170973539352]],"label":[0,0,0,1,0,0,0,0,0]}