{"input":[[0.019707728177309036,0.20146027207374573,0.0032324520871043205,0.15630470216274261,0.019626518711447716,0.10869855433702469,0.42481017112731934,0.0018219246994704008,0.06433772295713425],[0.06488630920648575,0.034264497458934784,0.1291860193014145,0.3535931706428528,0.062395986169576645,0.02925116755068302,0.2091730386018753,0.07549655437469482,0.04175331071019173]],"label":[0,1,0,0,0,0,0,0,0]}