{"input":[[0.9318081736564636,0.0012177398893982172,0.013592795468866825,5.336919639375992e-05,0.0007242003339342773,0.00018550084496382624,0.043381694704294205,0.00675021531060338,0.002286264905706048],[0.7440704703330994,1.035950754157966e-05,0.007158604450523853,1.3112251906477468e-07,1.713155688776169e-05,4.5614882537847734e-07,9.094562301470432e-06,0.24867066740989685,6.308814772637561e-05]],"label":[1,0,0,0,0,0,0,0,0]}