{"input":[[0.01151682436466217,0.005491652991622686,0.005133762955665588,0.6951977014541626,0.056666284799575806,0.010701639577746391,0.19167836010456085,0.017219657078385353,0.006394154857844114],[0.007785152178257704,0.009090106002986431,0.028950655832886696,0.6961731910705566,0.08894949406385422,0.009498698636889458,0.09123075753450394,0.021355992183089256,0.04696584865450859]],"label":[0,0,0,1,0,0,0,0,0]}