{"input":[[0.09078908711671829,0.014065725728869438,0.07262692600488663,0.00857476145029068,0.24111011624336243,0.0026894041802734137,0.37562957406044006,0.19119764864444733,0.003316737711429596],[0.03283826634287834,0.002530706813558936,0.01765081286430359,0.10041235387325287,0.209855854511261,0.009774071164429188,0.5766922831535339,0.0435878224670887,0.006657793186604977]],"label":[0,0,0,0,0,0,0,1,0]}