{"input":[[0.0037589422427117825,0.006011254154145718,0.1557663232088089,0.06815293431282043,0.017576465383172035,0.10889452695846558,0.5711321830749512,0.014752926304936409,0.05395444110035896],[0.00028271370683796704,0.03935627639293671,0.0058975666761398315,0.030141694471240044,0.003413521684706211,0.1289229542016983,0.7905182838439941,0.00014322165225166827,0.001323748379945755]],"label":[0,0,0,0,0,1,0,0,0]}