{"input":[[0.0001738850842230022,0.0015649739652872086,0.0012118835002183914,0.0010954951867461205,0.0003366646415088326,0.0052131833508610725,0.954729437828064,0.02855500765144825,0.007119504269212484],[0.022243710234761238,0.02211618795990944,0.026676584035158157,0.018097413703799248,0.003143896348774433,0.03170514479279518,0.7942076325416565,0.05604982376098633,0.02575959824025631]],"label":[0,0,0,0,0,0,1,0,0]}