{"input":[[0.0167931467294693,0.08399705588817596,0.0933954119682312,0.21157017350196838,0.298368901014328,0.021041471511125565,0.198530375957489,0.010619989596307278,0.065683513879776],[0.0208860095590353,0.03657471016049385,0.3018328845500946,0.12348881363868713,0.04446142166852951,0.21021491289138794,0.1904020756483078,0.02690013498067856,0.04523909091949463]],"label":[0,0,0,0,1,0,0,0,0]}