{"input":[[0.9251164197921753,1.1331434507155791e-05,0.07264640182256699,1.4337600077851675e-05,0.001493534306064248,1.055910161085194e-06,0.00010718614794313908,0.000495965825393796,0.00011374249152140692],[0.8829238414764404,0.0006216075853444636,0.020827462896704674,1.1963210454268847e-05,0.00011395801993785426,3.488453876343556e-05,0.0004487911646720022,0.09110920876264572,0.003908370155841112]],"label":[1,0,0,0,0,0,0,0,0]}