{"input":[[0.027098437771201134,0.0057579041458666325,0.1397073119878769,0.1834341436624527,0.18138693273067474,0.004879879765212536,0.12210475653409958,0.10276925563812256,0.23286142945289612],[0.20661170780658722,0.0024490468204021454,0.08816232532262802,0.08518243581056595,0.10682648420333862,0.006342114415019751,0.09821292757987976,0.3381110429763794,0.0681019127368927]],"label":[0,0,0,0,0,0,0,0,1]}