{"input":[[0.00029824773082509637,0.8528021574020386,0.0021697001066058874,5.242980842012912e-05,0.0003761565312743187,0.03163938224315643,0.10268062353134155,0.0006024445174261928,0.009378951974213123],[0.0041586910374462605,0.11043263226747513,0.013747797347605228,0.028619633987545967,0.013281609863042831,0.15121588110923767,0.6495180130004883,0.0012923151953145862,0.027733460068702698]],"label":[0,1,0,0,0,0,0,0,0]}