{"input":[[0.002283757785335183,0.6885148286819458,0.007108815014362335,0.030607920140028,0.003583675716072321,0.015773452818393707,0.24824632704257965,0.0016529159620404243,0.0022282840218394995],[0.0642683357000351,0.05706898868083954,0.13241620361804962,0.14250066876411438,0.03460953012108803,0.06454755365848541,0.26767390966415405,0.1639896184206009,0.07292517274618149]],"label":[0,0,0,0,0,0,1,0,0]}