{"input":[[0.004720906727015972,0.00040659750811755657,0.6519303321838379,0.16502538323402405,0.13391976058483124,0.0001060256254277192,0.01619451493024826,0.00471461471170187,0.02298186533153057],[0.08314864337444305,0.0030010584741830826,0.046221960335969925,0.02213756926357746,0.5302702784538269,0.0013201150577515364,0.0029129604808986187,0.2829577624797821,0.028029635548591614]],"label":[0,0,1,0,0,0,0,0,0]}