{"input":[[0.16196781396865845,0.03174278140068054,0.26570019125938416,0.022677507251501083,0.04543963447213173,0.0022635762579739094,0.03159681335091591,0.27662718296051025,0.1619846075773239],[0.17406262457370758,0.10192183405160904,0.08448764681816101,0.05886729061603546,0.019124716520309448,0.03542368859052658,0.1532343178987503,0.2574482560157776,0.11542955785989761]],"label":[1,0,0,0,0,0,0,0,0]}