{"input":[[0.008344041183590889,0.04886913299560547,0.04783238098025322,0.12372878938913345,0.005182800814509392,0.06992799043655396,0.5381760597229004,0.06556516885757446,0.09237361699342728],[0.10159584134817123,0.12707100808620453,0.06943033635616302,0.053599558770656586,0.023694530129432678,0.14573688805103302,0.0774196907877922,0.09959099441766739,0.3018611967563629]],"label":[0,1,0,0,0,0,0,0,0]}