{"input":[[0.5771673321723938,0.011447460390627384,0.10417332500219345,0.009561454877257347,0.06942818313837051,0.00367256673052907,0.21020150184631348,0.006053656339645386,0.008294478058815002],[0.16470101475715637,0.005553851835429668,0.45839011669158936,0.006065222434699535,0.02401437610387802,0.003719598287716508,0.15158063173294067,0.16673484444618225,0.019240332767367363]],"label":[0,0,0,0,0,0,0,1,0]}