{"input":[[0.003673088736832142,0.36639297008514404,0.04191092401742935,0.0004975222400389612,0.008384043350815773,0.03957892209291458,0.03953124210238457,0.17568747699260712,0.32434386014938354],[0.010640508495271206,0.01676815003156662,0.5753287672996521,0.003911373671144247,0.05307891219854355,0.06467556208372116,0.04511839523911476,0.11198536306619644,0.11849282681941986]],"label":[1,0,0,0,0,0,0,0,0]}