{"input":[[0.0058037168346345425,0.03776777535676956,0.07514318823814392,0.030764618888497353,0.07822602242231369,0.011162892915308475,0.14988799393177032,0.4776235520839691,0.13362011313438416],[0.21851377189159393,0.022987037897109985,0.05399739742279053,0.05780404061079025,0.05070992186665535,0.00690080551430583,0.06638915091753006,0.10307780653238297,0.4196201264858246]],"label":[0,0,0,0,0,0,0,0,1]}