{"input":[[0.4261906147003174,6.382109859259799e-05,0.00392113858833909,0.00033079288550652564,0.014847401529550552,0.0003586674283724278,0.003028378589078784,0.5423492789268494,0.008909884840250015],[0.32247263193130493,0.001041319454088807,0.5205872654914856,0.0021907552145421505,0.02159941755235195,0.00038608419708907604,0.0006928980583325028,0.1276453733444214,0.0033843517303466797]],"label":[0,0,1,0,0,0,0,0,0]}