{"input":[[0.03992984816431999,0.0027771100867539644,0.03281775116920471,0.7013445496559143,0.023255957290530205,0.0012039580615237355,0.052156735211610794,0.009645388461649418,0.1368686854839325],[0.0019257927779108286,0.00038723135367035866,0.541769802570343,0.08111024647951126,0.09559255838394165,0.006667731329798698,0.01167000737041235,0.026498883962631226,0.23437774181365967]],"label":[0,0,0,1,0,0,0,0,0]}