{"input":[[0.0766245424747467,0.07479282468557358,0.2568901777267456,0.005060540046542883,0.013680343516170979,0.02216254733502865,0.35112208127975464,0.1460573673248291,0.053609564900398254],[0.03710338473320007,0.0940353274345398,0.036268044263124466,0.0013521813089028,0.008156707510352135,0.0334891751408577,0.33790072798728943,0.415321946144104,0.03637252002954483]],"label":[1,0,0,0,0,0,0,0,0]}