{"input":[[0.004932877141982317,0.016826940700411797,0.6730976104736328,0.006919316481798887,0.04885479435324669,0.009133572690188885,0.022204680368304253,0.039422307163476944,0.1786079704761505],[0.012885002419352531,0.007688646670430899,0.34262651205062866,0.03936118632555008,0.037981633096933365,0.047243885695934296,0.45265883207321167,0.004229560494422913,0.0553247407078743]],"label":[0,0,0,0,0,0,0,0,1]}