{"input":[[0.028582129627466202,0.0014515977818518877,0.016708465293049812,0.02415613830089569,0.019727416336536407,0.13572071492671967,0.08737654983997345,0.29188278317451477,0.3943941593170166],[0.07361557334661484,0.000808886019513011,0.1660650223493576,0.00037065247306600213,0.0006013900274410844,0.003612271975725889,0.012704876251518726,0.7389358282089233,0.0032854718156158924]],"label":[0,0,0,0,0,0,0,1,0]}