{"input":[[0.0026004277169704437,0.10827191174030304,0.010586639866232872,0.003625761717557907,0.05368552729487419,0.07930978387594223,0.700756311416626,0.005122685339301825,0.036040883511304855],[0.14082922041416168,0.010750018060207367,0.03456859290599823,0.02040892466902733,0.007639599032700062,0.13841205835342407,0.22658143937587738,0.026318639516830444,0.3944914937019348]],"label":[0,0,0,0,0,1,0,0,0]}