{"input":[[0.03491676226258278,0.0022981909569352865,0.10707096755504608,0.2192830741405487,0.27652716636657715,0.0036828662268817425,0.07621695846319199,0.1756882667541504,0.10431578755378723],[0.0025321166031062603,4.7157205699477345e-05,0.0006613073055632412,0.8988238573074341,0.08084280043840408,0.0005498150712810457,0.00908066239207983,0.002053589327260852,0.0054087769240140915]],"label":[0,0,1,0,0,0,0,0,0]}