{"input":[[0.035590123385190964,0.0018410467309877276,0.0002195090492023155,0.0014906144933775067,0.00023236461856868118,0.005516373552381992,0.6969018578529358,0.2381632924079895,0.020044861361384392],[0.010670267045497894,0.04701504111289978,0.0015121884644031525,0.0009007740300148726,0.00024181438493542373,0.4931170642375946,0.33119988441467285,0.05924220383167267,0.05610073357820511]],"label":[0,0,0,0,0,0,0,1,0]}