{"input":[[0.02383962646126747,0.014753573574125767,0.33668240904808044,0.14667761325836182,0.04541508108377457,0.062282271683216095,0.1891557276248932,0.03872019425034523,0.1424734890460968],[0.012128102593123913,0.004042367450892925,0.45571497082710266,0.42600226402282715,0.010504473932087421,0.005123320501297712,0.04522233456373215,0.02417517453432083,0.017086956650018692]],"label":[0,0,0,1,0,0,0,0,0]}