{"input":[[0.002935850527137518,1.5996442016330548e-05,0.9676727652549744,4.826491704079672e-07,0.0002951035276055336,6.606148303944792e-07,4.3254945921944454e-05,0.02892289310693741,0.00011299142352072522],[0.018047982826828957,0.005304384510964155,0.48960936069488525,0.0871146023273468,0.1152898371219635,0.009722043760120869,0.08265072852373123,0.11955202370882034,0.07270906120538712]],"label":[0,0,1,0,0,0,0,0,0]}