{"input":[[0.0037998345214873552,0.08029782772064209,0.0006603336078114808,0.014442337676882744,0.004150554537773132,0.3885073661804199,0.46301737427711487,0.03955120965838432,0.0055731250904500484],[0.009453247301280499,0.14238786697387695,0.006257559172809124,0.05576283484697342,0.018990227952599525,0.09844513237476349,0.46930745244026184,0.17154690623283386,0.02784884348511696]],"label":[0,0,0,0,0,1,0,0,0]}