{"input":[[0.001664143637754023,0.000869516225066036,0.06389349699020386,1.3936347386334091e-05,0.005822446662932634,0.0004386385262478143,0.008210249245166779,0.8871163725852966,0.031971126794815063],[0.015923552215099335,0.0005457645747810602,0.26917773485183716,0.013032710179686546,0.12559081614017487,0.0003749786992557347,0.005911444313824177,0.5313519835472107,0.03809107467532158]],"label":[0,0,1,0,0,0,0,0,0]}