{"input":[[0.05773311108350754,8.309073018608615e-05,0.026420772075653076,0.0001341733441222459,0.005376582499593496,0.0002504551666788757,0.001865887432359159,0.9055893421173096,0.002546608215197921],[0.1338762789964676,8.786941907601431e-05,0.1757604330778122,0.0001380976609652862,0.016571901738643646,0.00015741496463306248,0.0014603663003072143,0.6531935334205627,0.018754059448838234]],"label":[1,0,0,0,0,0,0,0,0]}