{"input":[[0.11427821218967438,0.06694656610488892,0.39218488335609436,0.1434834599494934,0.031875286251306534,0.008747770451009274,0.09411758184432983,0.06390480697154999,0.08446154743432999],[0.06648939102888107,0.09955305606126785,0.08628720790147781,0.25340521335601807,0.059941116720438004,0.02675587311387062,0.0847991555929184,0.26807740330696106,0.054691556841135025]],"label":[0,0,1,0,0,0,0,0,0]}