{"input":[[0.01155338529497385,0.01067831926047802,5.978394619887695e-05,0.7552310228347778,0.0022595084737986326,0.039718855172395706,0.17722298204898834,0.000329481263179332,0.0029465879779309034],[0.014348243363201618,0.0029875445179641247,0.003244559047743678,0.4453846216201782,0.01743249222636223,0.43934789299964905,0.036387570202350616,0.005807927809655666,0.035059165209531784]],"label":[0,0,0,0,0,1,0,0,0]}