{"input":[[0.8883601427078247,0.010820954106748104,0.046091917902231216,0.0034739079419523478,0.004498898983001709,0.0015890791546553373,0.0033540602307766676,0.034578047692775726,0.007233013398945332],[0.744851291179657,0.0018151713302358985,0.17570307850837708,0.0011604196624830365,0.0011727262753993273,0.001597698894329369,0.010971706360578537,0.055015698075294495,0.007712090853601694]],"label":[0,0,1,0,0,0,0,0,0]}