{"input":[[0.005646754056215286,0.028376739472150803,0.011555550619959831,0.002472843509167433,0.004173950757831335,0.00192501419223845,0.9440091848373413,0.0005817917408421636,0.0012581205228343606],[0.0012071087257936597,0.0004112326423637569,0.6125679612159729,0.00020950035832356662,0.00492078997194767,0.0003902074240613729,0.003346499055624008,0.3750435411930084,0.001903077121824026]],"label":[0,0,0,0,1,0,0,0,0]}