{"input":[[0.28714823722839355,0.005158672574907541,0.006303706206381321,0.16984036564826965,0.02308337390422821,0.006799765396863222,0.4524158835411072,0.047347184270620346,0.0019028339302167296],[0.012456575408577919,0.0009673654567450285,0.013990780338644981,0.00014526923769153655,0.15135028958320618,0.0011323019862174988,0.027596062049269676,0.7915084958076477,0.0008529170299880207]],"label":[1,0,0,0,0,0,0,0,0]}