{"input":[[0.00027847322053276,8.636419079266489e-05,0.9891496300697327,0.0005130977951921523,0.0014900864334776998,1.8167947928304784e-05,0.0016668055905029178,0.006195007357746363,0.0006023660534992814],[0.0017010425217449665,0.0008327123941853642,0.8692718744277954,0.0059392210096120834,0.016302723437547684,0.000959823199082166,0.018561920151114464,0.0805242583155632,0.005906491074711084]],"label":[0,0,1,0,0,0,0,0,0]}