{"input":[[0.0006011543446220458,4.702481237472966e-05,0.00881118979305029,0.740104615688324,0.12009395658969879,0.0028819532599300146,0.12222309410572052,0.0023096182849258184,0.0029273596592247486],[0.00019294096273370087,2.0105721887375694e-06,0.001792537746950984,0.9818738698959351,0.012268788181245327,0.00016731217328924686,0.0013425922952592373,0.0009363950812257826,0.0014237025752663612]],"label":[0,0,0,1,0,0,0,0,0]}