{"input":[[0.09453398734331131,0.0026000968646258116,0.7412111759185791,0.00679919496178627,0.08963674306869507,0.0007338355644606054,0.026224978268146515,0.0239251796156168,0.014334874227643013],[0.3852812945842743,0.012876557186245918,0.3240840435028076,0.10786896198987961,0.045741721987724304,0.010754324495792389,0.0634823814034462,0.009915982373058796,0.03999476134777069]],"label":[0,0,0,0,0,0,0,0,1]}