{"input":[[0.10897376388311386,0.019285740330815315,0.12490776181221008,0.15617384016513824,0.16057677567005157,0.06085125356912613,0.2646138370037079,0.038983214646577835,0.06563375145196915],[0.011446882039308548,0.01152107585221529,0.15088964998722076,0.12096071988344193,0.16487164795398712,0.032609909772872925,0.1354316920042038,0.023877186700701714,0.3483911454677582]],"label":[0,0,0,0,1,0,0,0,0]}