{"input":[[0.05115866661071777,3.380219641258009e-05,0.017888737842440605,0.8936881422996521,0.028018150478601456,0.0012093285331502557,0.007465610280632973,0.00024307542480528355,0.0002944639709312469],[0.08128798753023148,0.0011683409102261066,0.12365759909152985,0.4176482558250427,0.28367283940315247,0.021080266684293747,0.020598173141479492,0.024819646030664444,0.02606678009033203]],"label":[0,0,0,1,0,0,0,0,0]}