{"input":[[0.007727569900453091,0.00428906362503767,0.008046390488743782,0.47002074122428894,0.018531445413827896,0.004048159811645746,0.4625941216945648,0.008316993713378906,0.016425425186753273],[0.03105698712170124,0.0021010872442275286,0.007241937797516584,0.5956031680107117,0.17378611862659454,0.005129795987159014,0.13516782224178314,0.03561776131391525,0.014295331202447414]],"label":[0,0,0,0,0,0,1,0,0]}