{"input":[[0.002284049754962325,0.0025152056477963924,0.0013636875664815307,0.01245636772364378,0.01252864208072424,0.4106295704841614,0.5257878303527832,0.0011707311496138573,0.03126395866274834],[0.07855118066072464,0.0011168313212692738,0.026553785428404808,0.009445879608392715,0.011207443661987782,0.04112554341554642,0.76116943359375,0.053030163049697876,0.01779969409108162]],"label":[0,0,0,0,0,1,0,0,0]}