{"input":[[0.19363127648830414,0.03255438059568405,0.5177726745605469,0.01815362647175789,0.08839511126279831,0.0038509208243340254,0.03342309966683388,0.07229558378458023,0.03992335870862007],[0.13639789819717407,0.02853357046842575,0.019068945199251175,0.007880873046815395,0.023258894681930542,0.026491012424230576,0.17731830477714539,0.37909770011901855,0.20195272564888]],"label":[1,0,0,0,0,0,0,0,0]}