{"input":[[0.0022298218682408333,0.005175833590328693,7.492781878681853e-05,0.012424944899976254,0.012028460390865803,0.11214388906955719,0.8080877661705017,0.0023929981980472803,0.04544132202863693],[0.006025864277034998,0.030326249077916145,0.044367749243974686,0.012044398114085197,0.007952828891575336,0.3805224299430847,0.3458671271800995,0.09853915870189667,0.07435416430234909]],"label":[0,0,0,0,0,0,1,0,0]}