{"input":[[8.522218558937311e-05,0.2787053883075714,0.00019245561270508915,0.0005652319523505867,0.0005960681010037661,0.02302355132997036,0.6966282725334167,5.886819417355582e-05,0.00014494721835944802],[0.001199591439217329,0.6589092016220093,0.002648773370310664,0.0008869855664670467,0.0010825489880517125,0.07677692174911499,0.25004398822784424,0.002891755662858486,0.0055601587519049644]],"label":[0,1,0,0,0,0,0,0,0]}