{"input":[[0.013600504025816917,0.008925376459956169,0.0127112390473485,0.3357437551021576,0.052997250109910965,0.004778703674674034,0.5226441025733948,0.0211167111992836,0.027482375502586365],[0.02583898976445198,0.024039145559072495,0.012780414894223213,0.07638829201459885,0.021772824227809906,0.032652728259563446,0.7736949920654297,0.01694837585091591,0.015884192660450935]],"label":[0,0,0,1,0,0,0,0,0]}