{"input":[[0.007013131398707628,0.03305428475141525,0.010822114534676075,0.0001289636129513383,0.0003909451188519597,0.006326972506940365,0.7554115056991577,0.1480155885219574,0.038836508989334106],[0.10922381281852722,0.0030873732175678015,0.06359028816223145,0.005973735824227333,0.002984649734571576,0.0030554330442100763,0.09734383225440979,0.6151856184005737,0.09955529123544693]],"label":[0,0,0,0,0,0,0,1,0]}