{"input":[[0.0701851099729538,0.017151739448308945,0.05118706822395325,0.03574700281023979,0.022314632311463356,0.08668742328882217,0.34999752044677734,0.259475439786911,0.10725405812263489],[0.07790488749742508,0.005323931574821472,0.4006870687007904,0.00043668661965057254,0.0052925474010407925,0.004918410908430815,0.011538244783878326,0.4880777597427368,0.005820403806865215]],"label":[0,0,0,0,0,0,1,0,0]}