{"input":[[0.0001657293614698574,0.01253003440797329,0.0009708789293654263,0.00011160603753523901,0.00011821810767287388,0.00011848459689645097,0.9853357076644897,0.00037342417635954916,0.0002759577182587236],[0.03920961916446686,0.02949540689587593,0.09458831697702408,0.27290862798690796,0.049181368201971054,0.09015488624572754,0.0996505618095398,0.033898260444402695,0.2909128665924072]],"label":[0,0,0,0,0,0,1,0,0]}