{"input":[[0.001271199667826295,0.016283253207802773,0.42083144187927246,0.0025315142702311277,0.31430286169052124,0.0008403835236094892,0.11094090342521667,0.0064298417419195175,0.12656863033771515],[1.7896740246214904e-05,8.476721268380061e-05,0.976511538028717,0.0005400671507231891,0.016267545521259308,0.00013356628187466413,0.0008729698020033538,0.0012739005032926798,0.004297938663512468]],"label":[0,0,1,0,0,0,0,0,0]}