{"input":[[0.047233108431100845,0.005395837593823671,0.6907564997673035,0.028302907943725586,0.04153383895754814,0.0021945955231785774,0.039392683655023575,0.05434475466609001,0.09084568917751312],[0.3323092758655548,0.022596921771764755,0.3396669030189514,0.04484214261174202,0.01732988841831684,0.01932208053767681,0.08725932240486145,0.06705645471811295,0.06961698085069656]],"label":[0,0,1,0,0,0,0,0,0]}