{"input":[[0.07625661790370941,0.041117239743471146,0.0625135600566864,0.47380802035331726,0.07734131813049316,0.06283773481845856,0.1968155950307846,0.005842674057930708,0.003467301605269313],[0.0861579179763794,0.06680571287870407,0.16716274619102478,0.11733156442642212,0.18500015139579773,0.025083016604185104,0.14100655913352966,0.20672808587551117,0.004724264610558748]],"label":[0,0,1,0,0,0,0,0,0]}