{"input":[[0.0006101906183175743,0.010872908867895603,0.00021978135919198394,0.0033226278610527515,0.0029847421683371067,0.032212577760219574,0.9402478337287903,0.004248008131980896,0.005281432531774044],[0.02674257755279541,0.023876361548900604,0.03688820078969002,0.5410897731781006,0.056423768401145935,0.02626228891313076,0.1706731617450714,0.04178858548402786,0.0762551799416542]],"label":[0,0,0,0,0,1,0,0,0]}