{"input":[[0.0011134648229926825,0.007921752519905567,0.0016874766442924738,0.051928963512182236,0.01496658381074667,0.10652872920036316,0.7990984320640564,0.00463154586032033,0.012123031541705132],[0.0013252312783151865,0.0009993254207074642,0.022831955924630165,0.13552077114582062,0.0539792999625206,0.002467184327542782,0.7739340662956238,0.0013560567749664187,0.00758608803153038]],"label":[0,0,0,0,0,1,0,0,0]}