{"input":[[0.0003834771632682532,0.00032318371813744307,0.00013478778419084847,0.6729698777198792,0.006710932590067387,0.002462566364556551,0.31564271450042725,0.0008153363014571369,0.0005571960937231779],[0.004624422173947096,0.0003348543541505933,0.005135422572493553,0.9268556237220764,0.042707931250333786,0.0007060782518237829,0.015481199137866497,0.0009501579334028065,0.0032043466344475746]],"label":[0,0,0,1,0,0,0,0,0]}