{"input":[[0.0007134565967135131,0.004327361937612295,0.061625413596630096,0.0865110382437706,0.009410705417394638,0.021881671622395515,0.3739425539970398,0.41160058975219727,0.029987184330821037],[0.003935760818421841,0.010181838646531105,0.022121919319033623,0.5851695537567139,0.12738052010536194,0.008808521553874016,0.18137040734291077,0.05062159523367882,0.010409933514893055]],"label":[0,0,0,0,0,0,1,0,0]}