{"input":[[0.0334806963801384,0.018361249938607216,0.08803071826696396,0.0027229764964431524,0.023656118661165237,0.028364110738039017,0.27227139472961426,0.20893758535385132,0.3241751194000244],[0.03243677318096161,0.20334477722644806,0.11487256735563278,0.0062010870315134525,0.015133736655116081,0.07419172674417496,0.3981718122959137,0.06346770375967026,0.09217987954616547]],"label":[0,0,0,0,0,0,0,1,0]}