{"input":[[0.0002957887772936374,0.022026382386684418,0.0001537771022412926,0.01403974648565054,0.002349620219320059,0.12128394842147827,0.8032400608062744,0.010883105918765068,0.025727542117238045],[0.00819922424852848,0.10004263371229172,0.004746772814542055,0.22679364681243896,0.03863873705267906,0.22602610290050507,0.34397920966148376,0.03418033570051193,0.01739339344203472]],"label":[0,0,0,0,0,1,0,0,0]}