{"input":[[0.0014470593305304646,0.43855324387550354,0.0005140577559359372,0.009253565222024918,0.0006041461019776762,0.07085666805505753,0.4726204574108124,0.00047927562263794243,0.0056714559905231],[0.03431191295385361,0.07880818843841553,0.04750153422355652,0.5562058687210083,0.008417816832661629,0.1654776632785797,0.09416265040636063,0.0041853985749185085,0.010928905569016933]],"label":[0,1,0,0,0,0,0,0,0]}