{"input":[[0.0015005178283900023,0.004097417462617159,0.0004912783042527735,0.16262787580490112,0.0002842349058482796,0.15989188849925995,0.6688159704208374,0.00025665067369118333,0.002034104662016034],[0.01638868637382984,0.0013518879422917962,0.023224206641316414,0.20477834343910217,0.004629854578524828,0.47158005833625793,0.2693224251270294,0.004511343780905008,0.0042131091468036175]],"label":[0,0,0,0,0,1,0,0,0]}