{"input":[[0.0031876745633780956,0.008862808346748352,0.7421641945838928,0.053199853748083115,0.022607700899243355,0.0012147751403972507,0.028785033151507378,0.1356920450925827,0.004285984672605991],[0.0062802862375974655,0.0004775692068506032,0.015587999485433102,0.04558464512228966,0.03212472051382065,0.0004747152852360159,0.002801615046337247,0.8859013915061951,0.010767044499516487]],"label":[0,0,0,0,0,0,0,0,1]}