{"input":[[0.023336848244071007,0.09997963905334473,0.38555335998535156,0.0017874737968668342,0.012984512373805046,0.0056373244151473045,0.005673205945640802,0.4170030653476715,0.048044487833976746],[0.04751730337738991,0.0017613440286368132,0.671381950378418,0.001371528021991253,0.00986477080732584,0.0021727345883846283,0.009499658830463886,0.2171618491411209,0.039268866181373596]],"label":[0,0,0,0,0,0,0,0,1]}