{"input":[[0.01427098922431469,0.2320346087217331,0.013042843900620937,0.14925523102283478,0.014458565041422844,0.03909815102815628,0.5232853889465332,0.006908615119755268,0.00764553202316165],[0.055776700377464294,0.1897994577884674,0.03309588134288788,0.07834166288375854,0.005221749190241098,0.05517939105629921,0.5040884613990784,0.0631229430437088,0.015373796224594116]],"label":[0,0,0,0,0,0,1,0,0]}