{"input":[[0.010807803831994534,0.0004067914269398898,0.0121997632086277,0.761869490146637,0.11602315306663513,0.0005064634024165571,0.01859692484140396,0.04316455125808716,0.03642505779862404],[0.026924781501293182,0.00011161551083205268,0.010973082855343819,0.5623282790184021,0.3732249438762665,0.00040819801506586373,0.005080724600702524,0.010964489541947842,0.009983942843973637]],"label":[0,0,0,1,0,0,0,0,0]}