{"input":[[0.8044269680976868,6.176300757942954e-06,0.16789129376411438,9.966898687707726e-06,0.00040069903479889035,7.979257929946471e-07,4.476015874388395e-06,0.026622183620929718,0.000637306016869843],[0.06416758894920349,0.002570732496678829,0.4955727458000183,0.018729545176029205,0.02471543289721012,0.0006584367365576327,0.004643015563488007,0.3695736527442932,0.019368799403309822]],"label":[1,0,0,0,0,0,0,0,0]}