{"input":[[0.002836102619767189,3.350155020598322e-05,0.006500056013464928,0.00038582267006859183,0.0012734984047710896,0.00014850289153400809,0.0002697801683098078,0.9883085489273071,0.00024415249936282635],[0.6353645920753479,1.3090675565763377e-05,0.028101861476898193,1.858923951658653e-06,0.00021827491582371294,1.5341829566750675e-05,6.38322380837053e-05,0.33611586689949036,0.00010523394303163514]],"label":[1,0,0,0,0,0,0,0,0]}