{"input":[[0.23531728982925415,3.86703231924912e-06,0.03157581016421318,3.419069685151044e-07,9.4709059339948e-05,1.8217830074718222e-05,0.0011394444154575467,0.7317096590995789,0.0001405989023623988],[0.39195409417152405,5.569065615418367e-05,0.10934851318597794,1.3178948393033352e-05,0.007941184565424919,7.306414772756398e-05,0.002435010625049472,0.4875129461288452,0.0006662210798822343]],"label":[1,0,0,0,0,0,0,0,0]}