{"input":[[0.0014091390185058117,0.02032054215669632,0.0001282217854168266,0.015295315533876419,0.00034253703779540956,0.5390737652778625,0.417440801858902,0.0002870420285034925,0.005702617112547159],[0.005071071907877922,0.006545878481119871,0.009251249022781849,0.06060962378978729,0.004981019534170628,0.1855199933052063,0.7105987668037415,0.007164771668612957,0.010257596150040627]],"label":[0,0,0,0,0,1,0,0,0]}