{"input":[[0.9844695329666138,2.1400011974037625e-05,0.0019478867761790752,4.510771395871416e-05,0.0023010573349893093,1.4493913113255985e-05,0.010337539948523045,0.00045238612801767886,0.00041049913852475584],[0.10480973869562149,0.003827871521934867,0.8411227464675903,0.0010491794673725963,0.006154161877930164,0.0010490993736311793,0.005474405363202095,0.02891581878066063,0.007596839219331741]],"label":[1,0,0,0,0,0,0,0,0]}