{"input":[[0.0006021403823979199,0.14467459917068481,1.3179538655094802e-05,4.1580977267585695e-05,0.0003003253077622503,0.7854559421539307,0.06554895639419556,0.0005177191342227161,0.002845548326149583],[0.0010568663710728288,0.12679754197597504,0.0006655066390521824,0.0006240865914151073,0.003146460745483637,0.8003934025764465,0.054405517876148224,0.0028114996384829283,0.010099116712808609]],"label":[0,0,0,0,0,1,0,0,0]}