{"input":[[0.002309933304786682,0.11049834638834,0.0038783526979386806,0.03432361036539078,0.002522984752431512,0.45563602447509766,0.3828459680080414,0.004905627109110355,0.0030791445169597864],[0.002383999526500702,0.06145646050572395,0.025780728086829185,0.3202505111694336,0.03587537258863449,0.16392646729946136,0.34278324246406555,0.030604440718889236,0.01693875342607498]],"label":[0,1,0,0,0,0,0,0,0]}