{"input":[[0.005366992671042681,0.013583231717348099,0.10774774104356766,0.16782520711421967,0.02897961251437664,0.013113799504935741,0.2281752973794937,0.0853777527809143,0.34983041882514954],[0.05593886971473694,0.023510189726948738,0.07761012017726898,0.0667957067489624,0.06825897842645645,0.019351830706000328,0.3645443320274353,0.07847551256418228,0.245514377951622]],"label":[0,0,0,0,0,0,0,0,1]}