{"input":[[0.026984231546521187,0.0031407526694238186,0.6955736875534058,0.08697507530450821,0.02381983771920204,0.0015694309258833528,0.06448743492364883,0.08649954944849014,0.010950115509331226],[0.07304025441408157,0.009157509543001652,0.14182591438293457,0.017713356763124466,0.038671839982271194,0.007231106050312519,0.052744701504707336,0.6253493428230286,0.03426598384976387]],"label":[0,0,0,0,0,0,0,0,1]}