{"input":[[0.002415135269984603,0.0006537281442433596,0.26262232661247253,0.373623788356781,0.31235960125923157,0.00017185499018523842,0.01030424702912569,0.013429739512503147,0.02441958151757717],[0.00254390062764287,0.0003042162861675024,0.16750210523605347,0.16735152900218964,0.637126624584198,6.667320849373937e-05,0.005572102032601833,0.007491360884159803,0.012041452340781689]],"label":[0,0,0,0,1,0,0,0,0]}