{"input":[[0.0027055132668465376,0.013418953865766525,0.009106331504881382,0.10138855874538422,0.013764405623078346,0.005785839166492224,0.8517798185348511,0.00012507069914136082,0.001925454824231565],[0.008237000554800034,0.12964119017124176,0.09087701141834259,0.023280931636691093,0.07816746085882187,0.05474475771188736,0.46778604388237,0.07551158964633942,0.07175396382808685]],"label":[0,0,0,0,0,0,1,0,0]}