{"input":[[0.37431600689888,0.03069978766143322,0.011417695321142673,0.05088963359594345,0.06370222568511963,0.09780777990818024,0.17776159942150116,0.008917476050555706,0.18448776006698608],[0.21992237865924835,0.06271545588970184,0.07895945757627487,0.010305932722985744,0.03061016835272312,0.05557582154870033,0.12312985211610794,0.14715085923671722,0.2716301679611206]],"label":[1,0,0,0,0,0,0,0,0]}