{"input":[[0.020124169066548347,0.0015695244073867798,0.052739281207323074,0.040403399616479874,0.5609957575798035,0.0010690026683732867,0.3087107539176941,0.0009017620468512177,0.01348634622991085],[0.08779845386743546,0.05842108651995659,0.10999640822410583,0.22949698567390442,0.0629471093416214,0.039248544722795486,0.40009447932243347,0.003841554280370474,0.008155366405844688]],"label":[0,0,0,1,0,0,0,0,0]}