{"input":[[0.004898836370557547,0.0228190366178751,0.00774255208671093,0.21821773052215576,0.012298631481826305,0.002149063628166914,0.7270505428314209,0.000605011242441833,0.004218605346977711],[0.19976645708084106,0.07561998814344406,0.02568785473704338,0.007730765268206596,0.06308755278587341,0.019423801451921463,0.5702109932899475,0.008316842839121819,0.030155668035149574]],"label":[1,0,0,0,0,0,0,0,0]}