{"input":[[0.019326692447066307,0.03744886815547943,0.025832800194621086,0.15280422568321228,0.061095114797353745,0.03367513045668602,0.6479836106300354,0.01997230388224125,0.0018612327985465527],[0.015981782227754593,0.0006264772382564843,0.8401380777359009,0.032347697764635086,0.015502303838729858,0.000707625993527472,0.043037187308073044,0.04098375141620636,0.010675137862563133]],"label":[0,0,0,0,0,0,1,0,0]}