{"input":[[0.04300917685031891,0.4576722979545593,0.0257854126393795,0.001768413931131363,0.00806423183530569,0.004408833105117083,0.4362218677997589,0.0024878201074898243,0.020581958815455437],[0.059755563735961914,0.16114483773708344,0.16522158682346344,0.03639759123325348,0.08146721869707108,0.014751083217561245,0.05618920177221298,0.38956964015960693,0.03550321236252785]],"label":[0,0,0,1,0,0,0,0,0]}