{"input":[[0.0009304775157943368,0.009906251914799213,0.0009585429797880352,0.043172989040613174,0.0011133039370179176,0.0754534974694252,0.7570262551307678,0.08775877952575684,0.023679904639720917],[0.05523340776562691,0.0033000754192471504,0.02303677424788475,0.5288165807723999,0.14134520292282104,0.004085150547325611,0.06996112316846848,0.043385595083236694,0.13083603978157043]],"label":[0,0,0,0,0,0,0,1,0]}