{"input":[[0.0030275569297373295,0.196793332695961,0.1300387978553772,0.04640185087919235,0.014109133742749691,0.20973733067512512,0.22394829988479614,0.13621118664741516,0.03973257169127464],[0.049322303384542465,0.056877896189689636,0.12603320181369781,0.04007023200392723,0.005726066883653402,0.04489101842045784,0.0748145654797554,0.4490858018398285,0.1531788408756256]],"label":[0,0,0,0,0,0,0,0,1]}