{"input":[[0.779312789440155,0.0014296224107965827,0.1328849345445633,1.1377379451005254e-05,0.00016957719344645739,0.0005257544107735157,0.006767441518604755,0.07401890307664871,0.004879758693277836],[0.8379285931587219,0.0011309367837384343,0.03726173937320709,5.465591311804019e-05,0.00020068904268555343,0.00047855169395916164,0.09550077468156815,0.01882953941822052,0.008614547550678253]],"label":[1,0,0,0,0,0,0,0,0]}