{"input":[[0.9579891562461853,9.527589281788096e-05,0.022022055462002754,1.602295469638193e-06,0.0010734942043200135,4.229963451507501e-05,0.01097156573086977,0.007370661478489637,0.00043396028922870755],[0.9695119261741638,0.00026828385307453573,0.0028253919444978237,0.00014465748972725123,0.0004622457781806588,0.0001883521763375029,0.021134313195943832,0.0053472695872187614,0.00011737467139028013]],"label":[1,0,0,0,0,0,0,0,0]}