{"input":[[1.616841836948879e-05,0.9886730313301086,4.3989148252876475e-05,2.4664886950631626e-06,5.452661753224675e-06,0.0011510158656165004,0.010013794526457787,7.593934424221516e-05,1.824067294364795e-05],[0.000322981271892786,0.8273528814315796,0.00044338792213238776,0.0006615012534894049,0.00013106997357681394,0.12420108914375305,0.045791152864694595,0.00018527667270973325,0.000910587958060205]],"label":[0,1,0,0,0,0,0,0,0]}