{"input":[[0.007986011914908886,0.013419107533991337,0.0638517439365387,0.0019760639406740665,0.07526202499866486,0.00796476099640131,0.1390538215637207,0.5438781976699829,0.14660827815532684],[0.04562585428357124,0.10792246460914612,0.4226931929588318,0.003288394771516323,0.007156949024647474,0.014415690675377846,0.18020837008953094,0.1621435284614563,0.05654563009738922]],"label":[0,1,0,0,0,0,0,0,0]}