{"input":[[0.0004993254551663995,9.296938515035436e-05,0.00903945229947567,0.8808106184005737,0.07345585525035858,0.00041610930929891765,0.024341214448213577,0.0017960011027753353,0.009548451751470566],[0.06346921622753143,0.039808064699172974,0.4244554936885834,0.08734825998544693,0.04133845120668411,0.007736787665635347,0.1987144947052002,0.09570053219795227,0.04142877832055092]],"label":[0,0,0,1,0,0,0,0,0]}