{"input":[[0.0345635823905468,0.00014647326315753162,0.6610596776008606,0.008661803789436817,0.04831080138683319,0.0002401981473667547,0.0034197629429399967,0.23271913826465607,0.010878457687795162],[0.25509166717529297,0.0006271120510064065,0.35163775086402893,0.009021538309752941,0.033830657601356506,0.0012239577481523156,0.0034046671353280544,0.32113775610923767,0.024024810642004013]],"label":[0,0,0,0,0,0,0,1,0]}