{"input":[[0.011339391581714153,0.0027044336311519146,0.0012717810459434986,0.004005443304777145,0.007455183658748865,0.018293136730790138,0.9293340444564819,0.007652863394469023,0.017943713814020157],[0.28192654252052307,0.0420440137386322,0.14821287989616394,0.06901431083679199,0.06642875075340271,0.05104595422744751,0.1052132323384285,0.08151458948850632,0.15459974110126495]],"label":[0,0,0,0,0,0,1,0,0]}