{"input":[[0.004438492935150862,0.00440956698730588,0.04551989585161209,0.6589713096618652,0.15936940908432007,0.0033597666770219803,0.014497058466076851,0.0595490001142025,0.049885544925928116],[0.015027504414319992,0.006942543666809797,0.04987439140677452,0.6267174482345581,0.08390406519174576,0.005653104279190302,0.05074038729071617,0.13472996652126312,0.026410594582557678]],"label":[0,0,0,1,0,0,0,0,0]}