{"input":[[0.001391732133924961,0.044830672442913055,0.0002349893475184217,0.01316747348755598,0.0007108174031600356,0.07445863634347916,0.86290442943573,0.00013280558050610125,0.002168446546420455],[0.06672125309705734,0.04501258581876755,0.057133276015520096,0.08501969277858734,0.02932610735297203,0.12221528589725494,0.4470108449459076,0.01100058201700449,0.13656044006347656]],"label":[0,0,0,0,0,1,0,0,0]}