{"input":[[0.9712278842926025,4.267473286745371e-06,0.027699995785951614,6.764633297962064e-09,5.112977305543609e-05,6.991737677708443e-07,4.754855399369262e-05,0.0009625814855098724,5.810248694615439e-06],[0.977946400642395,2.9711483875871636e-05,0.0008786967373453081,5.07263621329912e-07,5.5325661378446966e-05,1.0257072062813677e-05,0.0015471427468582988,0.018656952306628227,0.0008751070126891136]],"label":[1,0,0,0,0,0,0,0,0]}