{"input":[[0.0026430203579366207,3.460075458860956e-05,0.9741889834403992,0.0008932272903621197,0.012980074621737003,4.4158034143038094e-05,0.0033960638102144003,0.0034480541944503784,0.0023718534503132105],[0.0007985813426785171,1.9592794160416815e-06,0.9673725962638855,0.001289422158151865,0.027357054874300957,6.666484296147246e-06,0.0007909790147095919,0.0021353308111429214,0.0002473178319633007]],"label":[0,0,1,0,0,0,0,0,0]}