{"input":[[0.0020528656896203756,0.000577007420361042,0.009266692213714123,0.5041552186012268,0.12107151001691818,0.0007994927000254393,0.306883841753006,0.0024984125047922134,0.05269498750567436],[0.02068421244621277,0.006119952537119389,0.06494210660457611,0.4816371500492096,0.09363839775323868,0.006291460711508989,0.2410738617181778,0.016785694286227226,0.06882715225219727]],"label":[0,0,0,0,0,0,0,0,1]}