{"input":[[0.0007060139323584735,0.056459710001945496,0.0001880321797216311,0.0019077335018664598,0.0006147972890175879,0.014659492298960686,0.9244223833084106,0.0003557857999112457,0.0006860306020826101],[0.005811900366097689,0.6792411208152771,0.03242821246385574,0.009493205696344376,0.00887337140738964,0.09578447043895721,0.10750477015972137,0.057433970272541046,0.003428929951041937]],"label":[0,1,0,0,0,0,0,0,0]}