{"input":[[0.0097500616684556,4.478509254113305e-06,0.0038064317777752876,3.5516606544661045e-07,0.00044149422319605947,0.0006031576194800436,0.0013619376113638282,0.9809530377388,0.0030790565069764853],[0.012498163618147373,7.382172952929977e-06,0.37340882420539856,2.8911624667671276e-06,0.0007685273885726929,1.7617849152884446e-05,0.001679913722909987,0.6068580150604248,0.0047586411237716675]],"label":[1,0,0,0,0,0,0,0,0]}