{"input":[[0.3995863199234009,0.0038787242956459522,0.41201961040496826,0.0010474328882992268,0.00563039630651474,0.0010034720180556178,0.035549603402614594,0.10257841646671295,0.03870595991611481],[0.37281540036201477,0.0004039594205096364,0.11656557023525238,0.0025843800976872444,0.13507115840911865,0.0006095119169913232,0.011688373982906342,0.3423483073711395,0.0179133303463459]],"label":[1,0,0,0,0,0,0,0,0]}