{"input":[[0.8925462365150452,0.0004973332397639751,0.0020728365052491426,0.0007728431955911219,0.005188059993088245,0.0002741632051765919,0.09282442927360535,0.0014619213761761785,0.004362096078693867],[0.9639449119567871,0.0006882160087116063,0.007127476390451193,0.00011378914496162906,0.00319468486122787,0.00035486731212586164,0.02240564487874508,0.0009808980394154787,0.0011897056829184294]],"label":[1,0,0,0,0,0,0,0,0]}