{"input":[[0.01932975836098194,3.2922478567343205e-05,0.011321459896862507,0.007143402937799692,0.031987205147743225,8.255646389443427e-05,0.0017418101197108626,0.9157048463821411,0.012656062841415405],[0.4135270118713379,0.003509022993966937,0.21829582750797272,0.04108038544654846,0.16689832508563995,0.006758280098438263,0.0159478597342968,0.0718938484787941,0.06208939850330353]],"label":[0,0,0,0,1,0,0,0,0]}