{"input":[[0.009461824782192707,0.0020676725544035435,0.031250208616256714,0.02929801493883133,0.18534348905086517,0.07503385841846466,0.639387309551239,0.007320901844650507,0.02083674445748329],[0.0043249852024018764,0.0004556647327262908,0.0008881037356331944,0.11775843799114227,0.0027338634245097637,0.11954313516616821,0.7383830547332764,0.000384953455068171,0.01552786398679018]],"label":[0,0,0,0,0,1,0,0,0]}