{"input":[[0.9492406845092773,0.0003620744391810149,0.00903130043298006,0.0002981072466354817,0.0032699129078537226,0.00018428912153467536,0.0005249831010587513,0.02543538622558117,0.011653236113488674],[0.1889685094356537,0.0007651086198166013,0.06492239236831665,0.0008929509203881025,0.048711445182561874,0.0004537480417639017,0.008473201654851437,0.6115021705627441,0.07531040161848068]],"label":[0,0,0,0,1,0,0,0,0]}