{"input":[[0.00980034563690424,0.31673580408096313,0.039786793291568756,0.04721487686038017,0.019661063328385353,0.22507724165916443,0.3143070340156555,0.022597650066018105,0.004819241352379322],[0.006244089920073748,0.07994172722101212,0.2321951538324356,0.0013581463135778904,0.0068595013581216335,0.30604714155197144,0.11276029050350189,0.06737886369228363,0.18721510469913483]],"label":[0,0,1,0,0,0,0,0,0]}