{"input":[[0.0008244552882388234,0.015679221600294113,6.059420411475003e-05,0.0003085196658503264,0.0001254010567208752,0.9031974673271179,0.07829111814498901,0.00036653588176704943,0.0011467122239992023],[0.023236967623233795,0.02293211780488491,0.19227571785449982,0.3914080560207367,0.07405602186918259,0.023612476885318756,0.12044806778430939,0.04788733646273613,0.10414312779903412]],"label":[0,0,0,0,0,1,0,0,0]}