{"input":[[0.007161482237279415,0.003384058130905032,0.00014143080625217408,3.4456047615094576e-06,0.00010954251047223806,0.10298861563205719,0.8858733177185059,9.442596638109535e-05,0.00024368840968236327],[0.0988730937242508,0.02593603916466236,0.0007387445075437427,0.000489600352011621,0.008126283064484596,0.05404706299304962,0.7939807176589966,0.014763341285288334,0.0030451221391558647]],"label":[0,1,0,0,0,0,0,0,0]}