{"input":[[0.007953966967761517,1.610903927939944e-05,0.00019560738292057067,2.720656993915327e-06,1.2861987670476083e-05,7.734094106126577e-05,0.0004113144241273403,0.9891023635864258,0.002227681688964367],[0.009925443679094315,0.004746309015899897,0.13904449343681335,0.09261250495910645,0.07260945439338684,0.005316911730915308,0.01895219460129738,0.5953793525695801,0.06141331046819687]],"label":[0,0,0,0,0,0,0,1,0]}