{"input":[[0.01907484233379364,1.4092719538894016e-05,0.8495403528213501,0.03580253943800926,0.03798822686076164,5.776309080829378e-06,0.00020299488096497953,0.05636858567595482,0.001002506003715098],[0.06046160310506821,3.7998756852175575e-06,0.7418062686920166,0.022031236439943314,0.15684670209884644,3.7922300180071034e-06,0.0003577805473469198,0.018091753125190735,0.0003970459511037916]],"label":[0,0,1,0,0,0,0,0,0]}