{"input":[[0.0036244289949536324,8.152884402079508e-05,0.34970465302467346,5.9620993852149695e-05,0.061703894287347794,0.00013628872693516314,0.001037235022522509,0.5808861255645752,0.0027662396896630526],[0.000751786632463336,4.136553980060853e-05,0.8960570096969604,0.00043625684338621795,0.07509257644414902,0.0004601050168275833,0.0022019215393811464,0.023524222895503044,0.00143488182220608]],"label":[0,0,0,0,0,0,0,1,0]}