{"input":[[0.001660092850215733,0.2299477905035019,0.0035206577740609646,0.015398865565657616,0.0010380330495536327,0.07055848836898804,0.6609649658203125,0.003653171006590128,0.013257894665002823],[0.009339554235339165,0.015674810856580734,0.5682501792907715,0.010034816339612007,0.002228642115369439,0.019640758633613586,0.36552542448043823,0.006355837918817997,0.0029499817173928022]],"label":[0,0,0,0,0,1,0,0,0]}