{"input":[[0.0036701159551739693,0.00984098855406046,0.021131815388798714,0.20819132030010223,0.0946732610464096,0.0025034258142113686,0.6485199332237244,0.0023308629170060158,0.009138255380094051],[0.0031373174861073494,0.0596301406621933,0.0085403211414814,0.08848289400339127,0.16578947007656097,0.012139946222305298,0.6259850263595581,0.020792344585061073,0.015502591617405415]],"label":[0,0,0,0,1,0,0,0,0]}