{"input":[[0.00474124401807785,0.002541836816817522,0.0033399835228919983,0.1586528867483139,0.504098117351532,0.005324644967913628,0.3065560460090637,0.0009269807487726212,0.013818291015923023],[0.035029709339141846,0.07019656151533127,0.31701838970184326,0.09683499485254288,0.09914949536323547,0.08508521318435669,0.20200535655021667,0.04672009125351906,0.04796021059155464]],"label":[0,0,0,1,0,0,0,0,0]}