{"input":[[0.00023588836484123021,4.466709287953563e-05,0.010636718943715096,0.5764225125312805,0.3802984654903412,0.00033316612825728953,0.01279033999890089,0.0010807185899466276,0.018157480284571648],[0.008272149600088596,0.0002792545419652015,0.036673013120889664,0.5518828630447388,0.3449947237968445,0.001373315928503871,0.027142858132719994,0.004558396991342306,0.024823367595672607]],"label":[0,0,0,0,1,0,0,0,0]}