{"input":[[2.850015698641073e-05,0.8626025319099426,0.00012299587251618505,0.0001058601337717846,0.00016367598436772823,0.005020385142415762,0.13164682686328888,0.0002373517636442557,7.183096749940887e-05],[0.02018227055668831,0.1501743197441101,0.07244367897510529,0.0038343037012964487,0.002786939963698387,0.1751013547182083,0.452930748462677,0.10117601603269577,0.021370427682995796]],"label":[0,1,0,0,0,0,0,0,0]}