{"input":[[0.0006196313188411295,0.4813746511936188,0.0024744842667132616,0.018089795485138893,0.002020545769482851,0.12906064093112946,0.31628498435020447,0.012211170978844166,0.03786414861679077],[0.001969639677554369,0.42677390575408936,0.00615906435996294,0.017627060413360596,0.001262583420611918,0.3449799120426178,0.13472488522529602,0.022280534729361534,0.04422233626246452]],"label":[0,0,0,0,0,0,0,0,1]}