{"input":[[0.14702223241329193,0.0011701093753799796,0.023026499897241592,0.10140649974346161,0.24082504212856293,0.0497652068734169,0.315166175365448,0.036359358578920364,0.0852588340640068],[0.017366666346788406,0.0017096898518502712,0.006258550100028515,0.1435985565185547,0.15978007018566132,0.01615055836737156,0.5399345755577087,0.01119992695748806,0.10400144755840302]],"label":[0,0,0,0,0,0,0,0,1]}