{"input":[[0.05309745669364929,0.0004957052879035473,0.1458745002746582,0.0760355293750763,0.650255024433136,0.0002968688786495477,0.003035297617316246,0.0573994480073452,0.013510167598724365],[0.04621988907456398,0.009753753431141376,0.314694344997406,0.11245843768119812,0.3190590739250183,0.01680702157318592,0.062075067311525345,0.05925953760743141,0.05967281758785248]],"label":[0,0,0,0,1,0,0,0,0]}