{"input":[[0.3461378216743469,0.016622981056571007,0.02208794839680195,0.004784957971423864,0.04934358969330788,0.007143327966332436,0.45018473267555237,0.07161752134561539,0.032077085226774216],[0.8227778673171997,0.001368471421301365,0.014608489349484444,0.0006174864247441292,0.010811567306518555,0.0025341156870126724,0.026692789047956467,0.1112375408411026,0.00935164000838995]],"label":[1,0,0,0,0,0,0,0,0]}