{"input":[[0.006602873560041189,0.34655022621154785,0.004546587821096182,0.2791026532649994,0.009386012330651283,0.1944199949502945,0.14267320930957794,0.0022651287727057934,0.014453263953328133],[0.003058097558096051,0.7588760852813721,0.003957302309572697,0.053321417421102524,0.002956066047772765,0.10299961268901825,0.0646694228053093,0.0014467061264440417,0.008715386502444744]],"label":[0,0,0,0,0,0,0,0,1]}