{"input":[[0.014392728917300701,0.005838076118379831,0.8355237245559692,0.011011183261871338,0.07247821241617203,0.0009684043470770121,0.04963140934705734,0.0031265425495803356,0.007029697764664888],[0.010768605396151543,0.01162662822753191,0.6538698077201843,0.03910075128078461,0.15470147132873535,0.00629753852263093,0.10704998672008514,0.007957308553159237,0.008627788163721561]],"label":[0,0,1,0,0,0,0,0,0]}