{"input":[[0.022526482120156288,0.0012887711636722088,0.01659967750310898,0.6557015180587769,0.12744015455245972,0.01056103128939867,0.10697479546070099,0.025939812883734703,0.03296773508191109],[0.005146005190908909,0.0020838547497987747,0.02805548906326294,0.8783268332481384,0.013001829385757446,0.0033283839002251625,0.02750355377793312,0.01614794135093689,0.02640611119568348]],"label":[0,0,0,1,0,0,0,0,0]}