{"input":[[0.0005992890801280737,0.04115518555045128,0.0001649556215852499,0.0011780873173847795,0.00023268860240932554,0.0035030930303037167,0.9324551224708557,0.00392401497811079,0.01678762398660183],[0.030268138274550438,0.2583646774291992,0.0776028260588646,0.16629375517368317,0.019900796934962273,0.0713404044508934,0.2751225531101227,0.07050958275794983,0.030597342178225517]],"label":[0,1,0,0,0,0,0,0,0]}