{"input":[[0.001527277985587716,0.003633465152233839,0.002885737456381321,0.6807812452316284,0.03292984515428543,0.010609137825667858,0.24875763058662415,0.00926136039197445,0.009614209644496441],[0.008944476023316383,0.015499258413910866,0.01153603382408619,0.6578788161277771,0.044198304414749146,0.040567804127931595,0.1214834600687027,0.016844771802425385,0.0830470472574234]],"label":[0,0,0,1,0,0,0,0,0]}