{"input":[[0.0019238103413954377,0.0040338775143027306,0.0007213332573883235,0.028632430359721184,0.0005228837253525853,0.0018989526433870196,0.8203896284103394,0.0003202948719263077,0.14155682921409607],[0.12518851459026337,0.03453218936920166,0.014023875817656517,0.0011781142093241215,0.009071854874491692,0.035670023411512375,0.06101815029978752,0.5065608024597168,0.21275639533996582]],"label":[0,0,0,0,0,0,1,0,0]}