{"input":[[0.3116992115974426,0.08093374967575073,0.26994428038597107,0.0013718354748561978,0.05562630295753479,0.01729317009449005,0.07208125293254852,0.06479483842849731,0.12625530362129211],[0.022810522466897964,0.01140880212187767,0.7531006932258606,0.004876116290688515,0.010713858529925346,0.014819108881056309,0.004882770590484142,0.10987038910388947,0.06751765310764313]],"label":[0,0,1,0,0,0,0,0,0]}