{"input":[[0.016586797311902046,0.0024805127177387476,0.6431549191474915,0.002971378155052662,0.10311388969421387,0.0015942826867103577,0.0012483142782002687,0.18690502643585205,0.04194483906030655],[0.06585286557674408,0.001417140127159655,0.09109489619731903,0.005976151674985886,0.024488793686032295,0.0012804814614355564,0.017428968101739883,0.6894338726997375,0.1030268520116806]],"label":[0,0,0,0,1,0,0,0,0]}