{"input":[[0.030940156430006027,0.002748057246208191,0.09058456867933273,0.15803763270378113,0.6397181749343872,0.0019696857780218124,0.05405630171298981,0.006864599417895079,0.015080869197845459],[0.010246660560369492,5.782584412372671e-05,0.020469263195991516,0.3350704312324524,0.6206985116004944,9.632224100641906e-05,0.007042692042887211,0.002796791261062026,0.0035215409006923437]],"label":[0,0,0,0,1,0,0,0,0]}