{"input":[[0.0016084647504612803,6.10113529546652e-05,0.0002892914053518325,0.768484354019165,0.22802677750587463,1.7918035155162215e-05,0.0006677715573459864,0.0003371869388502091,0.0005070953047834337],[0.0019104982493445277,0.001787643413990736,0.004175339825451374,0.8282725811004639,0.09656297415494919,0.003832557937130332,0.046179816126823425,0.0011405168334022164,0.01613811030983925]],"label":[0,0,0,1,0,0,0,0,0]}