{"input":[[0.0001941380905918777,1.1746446944016498e-06,0.00717586325481534,6.724161266902229e-06,0.0015419423580169678,5.168971597413474e-07,6.889379619678948e-06,0.9908131957054138,0.00025954205193556845],[0.0003045907651539892,2.5807717065617908e-06,0.009862400591373444,2.0405734630912775e-06,0.00032205425668507814,3.633145979620167e-06,1.344584052276332e-05,0.9886753559112549,0.0008138630073517561]],"label":[0,0,0,0,0,0,0,1,0]}