{"input":[[0.3748748302459717,0.031096315011382103,0.32681718468666077,0.03526652976870537,0.05320291221141815,0.009922069497406483,0.04175223782658577,0.08387789875268936,0.043189916759729385],[0.3983379900455475,0.023678995668888092,0.33121541142463684,0.01412220485508442,0.02238093502819538,0.004851146135479212,0.018143026158213615,0.1300211250782013,0.05724916234612465]],"label":[1,0,0,0,0,0,0,0,0]}