{"input":[[0.04782990738749504,0.007072465028613806,0.009266413748264313,0.6003091931343079,0.23770476877689362,0.002439376898109913,0.05541815608739853,0.002824100200086832,0.037135686725378036],[0.008633418008685112,0.0009185366798192263,0.02611997164785862,0.566495954990387,0.22708304226398468,0.0019390903180465102,0.12950100004673004,0.018278619274497032,0.021030372008681297]],"label":[0,0,0,1,0,0,0,0,0]}