{"input":[[0.10381408035755157,0.03943963348865509,0.5692996978759766,0.005701407324522734,0.01235742773860693,0.0008442530524916947,0.031208021566271782,0.22420617938041687,0.013129291124641895],[0.05083215609192848,0.07844072580337524,0.47378018498420715,0.0011522426502779126,0.007105768192559481,0.010663578286767006,0.07219919562339783,0.2976272404193878,0.008198837749660015]],"label":[0,0,0,0,0,0,0,0,1]}