{"input":[[0.20453062653541565,0.005305269733071327,0.4465935230255127,0.028984248638153076,0.0892360582947731,0.0018470920622348785,0.06026444956660271,0.08041373640298843,0.08282502740621567],[0.23116622865200043,0.001826771884225309,0.7256677150726318,0.00034993496956303716,0.004655559081584215,0.0007230195915326476,0.006818405818194151,0.013302120380103588,0.015490192919969559]],"label":[0,0,0,0,0,0,0,1,0]}