{"input":[[0.0038505003321915865,2.2886066290084273e-05,0.6791009306907654,0.0004415835137479007,0.06870392709970474,3.984906470577698e-06,7.083606033120304e-05,0.2280547171831131,0.019750621169805527],[0.004251922946423292,0.0025804827455431223,0.7756701111793518,0.006594868842512369,0.035217441618442535,0.005620519630610943,0.004452623426914215,0.14903873205184937,0.016573214903473854]],"label":[0,0,1,0,0,0,0,0,0]}