{"input":[[0.11828933656215668,0.00464665237814188,0.0043273307383060455,0.0023211934603750706,0.005081872921437025,0.02158987708389759,0.5632219314575195,0.23070254921913147,0.04981929436326027],[0.01292046532034874,0.011711454950273037,0.7474315166473389,0.001374373328872025,0.02133592590689659,0.013390732929110527,0.03251440450549126,0.13161975145339966,0.027701422572135925]],"label":[0,0,0,0,1,0,0,0,0]}