{"input":[[0.0014582572039216757,0.0006410407950170338,0.014068637043237686,0.015859339386224747,0.11317932605743408,0.007868699729442596,0.3266106843948364,0.0017669093795120716,0.5185471177101135],[0.0998830497264862,0.003531534457579255,0.013442899100482464,0.002951599657535553,0.009558902122080326,0.12746109068393707,0.1068531796336174,0.1897556632757187,0.4465620219707489]],"label":[0,0,0,0,1,0,0,0,0]}