{"input":[[0.0008966377936303616,0.05950361490249634,0.005013871006667614,0.06816300749778748,0.002353446092456579,0.414411336183548,0.4386145770549774,0.007007916923612356,0.004035611171275377],[0.03152509406208992,0.02915489673614502,0.04360372573137283,0.1824219524860382,0.08676603436470032,0.0834885686635971,0.282722145318985,0.05160098150372505,0.20871654152870178]],"label":[1,0,0,0,0,0,0,0,0]}