{"input":[[0.008921721018850803,0.9177895784378052,0.008910305798053741,0.0005210255621932447,0.005779356695711613,0.023983066901564598,0.025288166478276253,0.0020573607180267572,0.006749472115188837],[0.049029577523469925,0.33941829204559326,0.07799822092056274,0.021628795191645622,0.009677696973085403,0.3671908676624298,0.09195951372385025,0.029485303908586502,0.013611831702291965]],"label":[0,1,0,0,0,0,0,0,0]}