{"input":[[0.0007301239529624581,0.006529356352984905,0.001013387693092227,0.12176456302404404,0.567037045955658,0.13552537560462952,0.1545981764793396,0.006314554717391729,0.006487428676337004],[0.0025070575065910816,0.005871264263987541,0.032159242779016495,0.5119649171829224,0.10192625969648361,0.0448896698653698,0.15406401455402374,0.07914378494024277,0.06747379153966904]],"label":[0,0,0,1,0,0,0,0,0]}