{"input":[[0.00397601630538702,0.00019910087576135993,0.00047587024164386094,7.146786083467305e-05,0.00018786100554279983,0.00030397993396036327,0.982900083065033,0.010740420781075954,0.0011451866012066603],[0.20089726150035858,0.003334444249048829,0.0330539233982563,0.005785541608929634,0.004509094171226025,0.001649676589295268,0.49653130769729614,0.22971408069133759,0.024524686858057976]],"label":[1,0,0,0,0,0,0,0,0]}