{"input":[[0.006638788152486086,0.3478430509567261,0.08818217366933823,0.2650764286518097,0.00682758679613471,0.04239951819181442,0.06267297267913818,0.02886021137237549,0.15149934589862823],[0.026208721101284027,0.19278421998023987,0.0871247798204422,0.15660493075847626,0.03452683985233307,0.05426408350467682,0.01888073794543743,0.1275717169046402,0.3020339906215668]],"label":[0,0,0,0,0,0,0,0,1]}