{"input":[[5.580767538049258e-05,0.9727029800415039,0.0013727732002735138,0.00015769549645483494,0.0001653752406127751,0.00505151366814971,0.019967466592788696,0.0002604381297715008,0.0002659377350937575],[0.00883220974355936,0.8179674744606018,0.014900026842951775,0.008501721546053886,0.013037956319749355,0.08289498090744019,0.04179631918668747,0.00814985390752554,0.0039194729179143906]],"label":[0,1,0,0,0,0,0,0,0]}