{"input":[[0.0004245956370141357,2.497042623872403e-05,0.019454121589660645,0.9544795751571655,0.017090264707803726,0.000961219659075141,0.006645147688686848,9.206739196088165e-05,0.0008280014735646546],[0.005104504991322756,0.0011887643486261368,0.36970025300979614,0.5363694429397583,0.03650783747434616,0.005635760258883238,0.04494278505444527,0.00036730238934978843,0.00018344831187278032]],"label":[0,0,0,1,0,0,0,0,0]}