{"input":[[0.010145733132958412,0.1661195605993271,0.006141234189271927,0.011856304481625557,0.0013138791546225548,0.6863393783569336,0.09852325171232224,0.00419597327709198,0.015364723280072212],[0.03032529540359974,0.08407523483037949,0.21807660162448883,0.047995489090681076,0.008771679364144802,0.08074609935283661,0.2136889100074768,0.20505215227603912,0.11126852035522461]],"label":[0,0,0,0,0,1,0,0,0]}