{"input":[[0.0002337201003683731,1.7512864758373325e-07,0.9962595701217651,5.4257066949503496e-05,0.0007886297535151243,4.4988192371420155e-07,1.7521602785564028e-05,0.0022876455914229155,0.0003580254560802132],[0.12209092825651169,0.00022954473388381302,0.8296619057655334,0.008171029388904572,0.006898755673319101,0.0014421665109694004,0.006700505502521992,0.016632353886961937,0.008172736503183842]],"label":[0,0,1,0,0,0,0,0,0]}