{"input":[[0.00033076986437663436,0.00028900214238092303,0.004322204273194075,0.8137112855911255,0.07436079531908035,0.0011249156668782234,0.10369265079498291,0.0011606403859332204,0.0010077647166326642],[0.019843926653265953,0.0020455841440707445,0.04715675115585327,0.14436936378479004,0.6723234057426453,0.002465312136337161,0.06278418004512787,0.0025563365779817104,0.04645503684878349]],"label":[0,0,0,0,1,0,0,0,0]}