{"input":[[0.0018817075761035085,0.0014345438685268164,0.18664686381816864,0.38192567229270935,0.28898996114730835,0.0014578740810975432,0.0856931135058403,0.02338210493326187,0.028588194400072098],[0.0037405025213956833,0.0008250664686784148,0.3335910737514496,0.42062440514564514,0.1414315551519394,0.0007695229724049568,0.022817637771368027,0.018764127045869827,0.05743603780865669]],"label":[0,0,1,0,0,0,0,0,0]}