{"input":[[0.03377394750714302,0.04348815232515335,0.02149065211415291,0.06548024713993073,0.01052889134734869,0.07513344287872314,0.6969154477119446,0.03809434548020363,0.015094912610948086],[0.048973314464092255,0.07491614669561386,0.046878743916749954,0.365715891122818,0.058023445308208466,0.041572585701942444,0.09682723879814148,0.1166440024971962,0.15044863522052765]],"label":[0,1,0,0,0,0,0,0,0]}