{"input":[[0.0003424607857596129,0.00047798134619370103,0.0006948412046767771,0.829841673374176,0.08254732191562653,0.0006390594062395394,0.08461026847362518,0.00019099087512586266,0.000655321404337883],[0.008620583452284336,0.00038070997106842697,0.004243248142302036,0.8247029781341553,0.09273546189069748,0.0005906102014705539,0.03898719325661659,0.007226194255053997,0.022513113915920258]],"label":[0,0,0,1,0,0,0,0,0]}