{"input":[[0.00013591219612862915,8.651046101704196e-08,0.14774200320243835,0.0013994209002703428,0.8506288528442383,6.266301397772622e-07,5.532676732400432e-05,1.4131775969872251e-05,2.36923988268245e-05],[0.008842280134558678,0.041530542075634,0.17347796261310577,0.036405157297849655,0.006125850137323141,0.009509828872978687,0.6424710154533386,0.04807044193148613,0.03356687352061272]],"label":[0,0,1,0,0,0,0,0,0]}