{"input":[[0.4860277771949768,0.0021012125071138144,0.09511139988899231,0.019550835713744164,0.117127925157547,0.0016913352301344275,0.024779509752988815,0.0988156646490097,0.1547943502664566],[0.24553243815898895,0.009218196384608746,0.1372862011194229,0.19424816966056824,0.24980150163173676,0.004102369304746389,0.02721879631280899,0.06452728807926178,0.06806516647338867]],"label":[1,0,0,0,0,0,0,0,0]}