{"input":[[0.0008166767656803131,0.010058664716780186,0.0013091899454593658,0.0909707248210907,0.004417951684445143,0.0033058745320886374,0.8716150522232056,0.00031803123420104384,0.017187828198075294],[0.01799059472978115,0.001634172280319035,0.1274259090423584,0.27369168400764465,0.21462145447731018,0.004262934438884258,0.05306815728545189,0.03446150943636894,0.272843599319458]],"label":[0,0,0,0,0,0,1,0,0]}