{"input":[[0.11511430144309998,0.046755749732255936,0.33385634422302246,0.08012716472148895,0.07244908064603806,0.09294140338897705,0.20672912895679474,0.010303087532520294,0.04172372445464134],[0.035328079015016556,0.09614525735378265,0.2906627058982849,0.032984502613544464,0.06163712590932846,0.2553083598613739,0.07274925708770752,0.019366776570677757,0.13581794500350952]],"label":[0,0,1,0,0,0,0,0,0]}