{"input":[[0.013374671339988708,0.019550109282135963,0.010688833892345428,0.0025268904864788055,0.0004916267935186625,0.0281847957521677,0.9205717444419861,0.00011945306323468685,0.004491788800805807],[0.007094335276633501,0.10782663524150848,0.015145315788686275,9.03326363186352e-05,0.0002658893063198775,0.010447263717651367,0.3396064341068268,0.5055258274078369,0.013998026959598064]],"label":[0,1,0,0,0,0,0,0,0]}