{"input":[[0.021961113438010216,0.05627935007214546,0.7610647678375244,2.1957478111289674e-06,0.0686202421784401,0.0004918380291201174,0.013271632604300976,0.035483263432979584,0.042825546115636826],[0.001192176016047597,0.008117848075926304,0.9186027646064758,3.607771986935404e-06,0.0014804855454713106,0.0022686526644974947,0.0007346212514676154,0.009037141688168049,0.05856260657310486]],"label":[1,0,0,0,0,0,0,0,0]}