{"input":[[0.008575554937124252,0.8832122683525085,0.004011794924736023,0.008461488410830498,0.004016087856143713,0.010826733894646168,0.07752382755279541,0.0006231620791368186,0.0027490623760968447],[0.0022054805886000395,0.5900377631187439,0.2094436138868332,0.0016197975492104888,0.028446028009057045,0.02361062541604042,0.057052094489336014,0.03304273262619972,0.05454175919294357]],"label":[0,1,0,0,0,0,0,0,0]}