{"input":[[0.006382892839610577,0.0002441841643303633,0.026134081184864044,0.18643620610237122,0.21081621944904327,0.0007412823033519089,0.3983767628669739,0.010783244855701923,0.16008517146110535],[0.002273586578667164,0.00332429981790483,0.7735820412635803,0.030348483473062515,0.10881757736206055,0.000856634636875242,0.06371372938156128,0.004618796054273844,0.012464906089007854]],"label":[0,0,1,0,0,0,0,0,0]}