{"input":[[0.0718737319111824,0.0006761113181710243,0.5318542122840881,1.2840527233493049e-05,0.0021957731805741787,3.791794370044954e-05,0.005208343267440796,0.3876934349536896,0.00044758967123925686],[0.44306841492652893,1.858442738011945e-05,0.0027403212152421474,3.7239977245917544e-05,5.920792682445608e-05,8.069700925261714e-06,0.008345099166035652,0.5455237030982971,0.00019935490854550153]],"label":[0,0,0,0,0,0,0,1,0]}