{"input":[[0.22874245047569275,0.11551099270582199,0.06006477773189545,0.03942299261689186,0.12352302670478821,0.03972342982888222,0.12678807973861694,0.11802515387535095,0.1481991708278656],[0.0091764060780406,0.1389894187450409,0.012886034324765205,0.03646690770983696,0.03407025337219238,0.16317971050739288,0.39883533120155334,0.03640668839216232,0.16998916864395142]],"label":[0,0,0,0,0,0,0,0,1]}