{"input":[[0.015992265194654465,3.148091855109669e-05,5.597552444669418e-05,0.9675361514091492,0.0003319488896522671,0.0028437685687094927,0.013053825125098228,7.13515401002951e-05,8.310079283546656e-05],[0.010234443470835686,0.00361252180300653,0.12311311811208725,0.3253324031829834,0.14327697455883026,0.012202939949929714,0.0243380106985569,0.26990267634391785,0.08798686414957047]],"label":[0,0,0,0,0,0,1,0,0]}