{"input":[[0.007983140647411346,0.0015568938106298447,0.00953628495335579,0.7421535849571228,0.005939150229096413,0.0017311287811025977,0.22163988649845123,0.007369937375187874,0.002090002642944455],[0.0016601458191871643,0.0030937115661799908,0.007192738354206085,0.535162627696991,0.027187159284949303,0.0044535002671182156,0.4034489393234253,0.012128177098929882,0.005672975908964872]],"label":[0,0,0,1,0,0,0,0,0]}