{"input":[[0.00025985113461501896,7.168841693783179e-05,0.0037700769025832415,0.5192022919654846,0.02739005722105503,0.0010284165618941188,0.43863946199417114,0.00033884370350278914,0.009299204684793949],[0.0022435567807406187,0.0005410138401202857,0.005035415291786194,0.5813946723937988,0.052231062203645706,0.0005361398216336966,0.34201863408088684,0.0015306624118238688,0.014468854293227196]],"label":[0,0,0,0,1,0,0,0,0]}