{"input":[[0.008593738079071045,0.025870421901345253,0.02911732904613018,0.49939900636672974,0.057119954377412796,0.011989961378276348,0.054689157754182816,0.158786803483963,0.15443365275859833],[0.011101678013801575,0.0576164647936821,0.06313230097293854,0.3137897253036499,0.038766201585531235,0.02937210164964199,0.053592339158058167,0.241094708442688,0.19153450429439545]],"label":[0,0,0,0,0,0,0,0,1]}