{"input":[[0.9302859306335449,0.004420958925038576,0.020155631005764008,0.00024378766829613596,0.003972074948251247,0.00012983930355403572,0.005628114566206932,0.032405637204647064,0.0027580710593611],[0.5865986943244934,0.06407204270362854,0.09124737977981567,0.006538403686136007,0.01018393225967884,0.015745805576443672,0.1354178488254547,0.07433011382818222,0.01586565561592579]],"label":[0,0,1,0,0,0,0,0,0]}