{"input":[[0.029337668791413307,0.0008438191725872457,0.7128473520278931,0.03614119067788124,0.10041436553001404,0.000698584655765444,0.006723558995872736,0.08100509643554688,0.03198835626244545],[0.015280283987522125,0.0013530675787478685,0.2482321411371231,0.3408206105232239,0.1478455662727356,0.002667362103238702,0.05596198886632919,0.14758272469043732,0.04025624692440033]],"label":[0,0,0,0,0,0,0,0,1]}