{"input":[[0.018605004996061325,0.5274671316146851,0.049013249576091766,0.03289751708507538,0.03649219870567322,0.062173787504434586,0.05492555722594261,0.02454698085784912,0.19387857615947723],[0.03844675421714783,0.06891345232725143,0.06732041388750076,0.21098755300045013,0.12583725154399872,0.05113760381937027,0.1901358813047409,0.1310601681470871,0.11616083234548569]],"label":[0,0,0,0,0,0,1,0,0]}