{"input":[[0.0019999558571726084,0.0016305863391608,0.0018045296892523766,0.6422691345214844,0.005932441912591457,0.016133848577737808,0.3196772038936615,0.001852237619459629,0.008700123056769371],[0.00287753832526505,0.0014320696936920285,0.003083058400079608,0.904094934463501,0.024115385487675667,0.005687076132744551,0.05394242703914642,0.0016626976430416107,0.0031047435477375984]],"label":[0,0,0,1,0,0,0,0,0]}