{"input":[[0.023708822205662727,0.02190827950835228,0.10241104662418365,0.00882263295352459,0.11067132651805878,0.0123900743201375,0.1657494157552719,0.30759119987487793,0.24674728512763977],[0.08369538187980652,0.0017859614454209805,0.3938702940940857,0.0009460678556933999,0.09289804846048355,0.00048135293764062226,0.02068535052239895,0.1394721269607544,0.26616543531417847]],"label":[0,0,0,0,0,0,0,1,0]}