{"input":[[0.25085386633872986,0.003688922617584467,0.20280613005161285,0.0008100412669591606,0.005265419837087393,0.0010847585508599877,0.0033183321356773376,0.47919875383377075,0.052973803132772446],[0.209832563996315,0.03886527195572853,0.12784719467163086,0.18401992321014404,0.06075906753540039,0.025347091257572174,0.13660719990730286,0.16783407330513,0.048887696117162704]],"label":[1,0,0,0,0,0,0,0,0]}