{"input":[[0.1005120649933815,0.002048204652965069,0.11006663739681244,0.19086869060993195,0.26293104887008667,0.006794777233153582,0.21828146278858185,0.060271866619586945,0.04822529852390289],[0.21056947112083435,0.0026541645638644695,0.32407146692276,0.09430241584777832,0.0469246581196785,0.003051069565117359,0.16101448237895966,0.1293342560529709,0.02807801403105259]],"label":[0,0,0,1,0,0,0,0,0]}