{"input":[[6.93143520038575e-05,0.9455282092094421,2.36606956605101e-05,3.7740406355624145e-07,9.534887794870883e-07,0.0014726308872923255,0.052899666130542755,1.5047852457428235e-06,3.782766270887805e-06],[0.022237049415707588,0.13545088469982147,0.4603104293346405,0.11299622803926468,0.04394599422812462,0.11340281367301941,0.02396707981824875,0.010331163182854652,0.07735828310251236]],"label":[0,1,0,0,0,0,0,0,0]}