{"input":[[0.18351377546787262,0.0040861633606255054,0.7703954577445984,4.867873576586135e-05,0.015154635533690453,0.0020280671305954456,0.003770700888708234,0.019128460437059402,0.0018741346430033445],[0.0012982147745788097,0.3229585587978363,0.46362555027008057,3.193976226611994e-05,0.01046272274106741,0.017198042944073677,0.03744792938232422,0.09172241389751434,0.055254559963941574]],"label":[0,1,0,0,0,0,0,0,0]}