{"input":[[0.010071435943245888,0.0020808083936572075,0.0023057558573782444,1.2731345577776665e-07,2.7643460271065123e-05,6.561521786352387e-06,0.00016704767767805606,0.9852871894836426,5.348031481844373e-05],[0.01575978472828865,0.035051196813583374,0.005786918103694916,0.0004637249221559614,0.0017323145875707269,0.004750008229166269,0.007238495629280806,0.9280234575271606,0.001194131444208324]],"label":[0,0,0,0,0,0,0,1,0]}