{"input":[[0.00021343097614590079,0.0008896372164599597,0.0014760089106857777,0.0012962340842932463,0.0006828413461335003,0.018779169768095016,0.9643471240997314,0.0072759659960865974,0.005039575509727001],[0.021447885781526566,0.027142612263560295,0.15642116963863373,0.006029046140611172,0.0025571142323315144,0.2538813054561615,0.151662677526474,0.37646231055259705,0.004395927302539349]],"label":[0,0,0,0,0,1,0,0,0]}