{"input":[[0.014098440296947956,0.0003268355503678322,0.05873619392514229,0.2298082709312439,0.2129865437746048,0.0004968229332007468,0.013791795819997787,0.37218567728996277,0.09756944328546524],[0.0041345031931996346,0.0002576028637122363,0.062002044171094894,0.47363466024398804,0.2169344425201416,0.00015846964379306883,0.0025963452644646168,0.19807034730911255,0.04221167787909508]],"label":[0,0,0,0,0,0,0,0,1]}