{"input":[[0.027332443743944168,0.0033659450709819794,0.06839554011821747,0.4002724587917328,0.2978866696357727,0.0044981976971030235,0.039062753319740295,0.019489916041493416,0.13969604671001434],[0.012337880209088326,0.008085621520876884,0.2716212868690491,0.17400774359703064,0.09675131738185883,0.010635461658239365,0.3565659523010254,0.055199310183525085,0.014795363880693913]],"label":[0,0,0,1,0,0,0,0,0]}