{"input":[[0.0009174126316793263,0.21089956164360046,0.0032566057052463293,0.0027048964984714985,0.0005371004226617515,0.021182680502533913,0.7566678524017334,0.00017372363072354347,0.0036601403262466192],[0.07171503454446793,0.0014160849386826158,0.00043191693839617074,4.716525654657744e-05,0.001226211548782885,0.0019016873557120562,0.0017567063914611936,0.8634074926376343,0.05809767171740532]],"label":[0,0,0,0,0,0,1,0,0]}