{"input":[[0.01645502634346485,0.02038954384624958,0.01622144877910614,0.017480038106441498,0.005138266831636429,0.023047221824526787,0.8155734539031982,0.08056393265724182,0.005131065845489502],[0.001629011007025838,0.0008260080358013511,0.08495738357305527,0.0031513466965407133,0.1096896082162857,0.0009642453514970839,0.025264808908104897,0.76799076795578,0.005526818335056305]],"label":[0,0,0,0,0,0,0,1,0]}