{"input":[[0.03160581737756729,0.03786170110106468,0.1787310689687729,0.414827823638916,0.009896582923829556,0.013917163014411926,0.24611243605613708,0.029626525938510895,0.03742086887359619],[0.008484509773552418,0.02720312960445881,0.014159911312162876,0.4275237023830414,0.024283256381750107,0.05028080567717552,0.39632394909858704,0.027583636343479156,0.024157121777534485]],"label":[0,0,0,0,0,0,0,0,1]}