{"input":[[0.09232044219970703,0.3251056373119354,0.030729811638593674,0.011404157616198063,0.015758296474814415,0.34772297739982605,0.08914393931627274,0.050229188054800034,0.03758566081523895],[0.19997286796569824,0.02156982198357582,0.06988362222909927,0.014621507376432419,0.013875788077712059,0.04244471713900566,0.6150767207145691,0.01570550911128521,0.006849346216768026]],"label":[0,1,0,0,0,0,0,0,0]}