{"input":[[0.02929612062871456,0.00028450501849874854,0.08315585553646088,0.623203456401825,0.23599740862846375,0.0005302214412949979,0.0023266831412911415,0.012896066531538963,0.012309761717915535],[0.020895862951874733,5.254621555650374e-06,0.19638806581497192,0.2396986335515976,0.5101179480552673,2.4634693545522168e-05,0.0002491658378858119,0.031033139675855637,0.001587323728017509]],"label":[0,0,0,0,1,0,0,0,0]}