{"input":[[0.0006778218084946275,0.0003733508347067982,0.001452279044315219,0.9508944153785706,0.021303744986653328,0.005891192238777876,0.013620376586914062,6.947437941562384e-05,0.005717333406209946],[0.02496601827442646,0.009619446471333504,0.05796704441308975,0.615362286567688,0.17233805358409882,0.021824156865477562,0.028540754690766335,0.013515328988432884,0.05586693808436394]],"label":[0,0,0,1,0,0,0,0,0]}