{"input":[[0.01728134974837303,0.0002933067153207958,0.2859053313732147,0.002240333706140518,0.015885459259152412,0.00019210463506169617,0.0013756091939285398,0.6725364923477173,0.004290034994482994],[0.0556299090385437,0.004912492819130421,0.08786852657794952,0.0013930500717833638,0.009294802322983742,0.001744963345117867,0.06525237113237381,0.7195467352867126,0.054357197135686874]],"label":[0,0,0,0,0,0,0,1,0]}