{"input":[[0.028910504654049873,0.00038566632429137826,0.056789591908454895,0.466477632522583,0.17529110610485077,0.0037103514187037945,0.20401005446910858,0.03489641100168228,0.029528668150305748],[0.05680222436785698,0.0006575384759344161,0.05955280736088753,0.6609072685241699,0.08755017071962357,0.0007943115197122097,0.1138353943824768,0.006757938303053379,0.013142294250428677]],"label":[0,0,0,0,0,0,0,0,1]}