{"input":[[0.0005767461261712015,0.008083319291472435,0.0007267124019563198,0.08957424014806747,0.004668029490858316,0.04626596346497536,0.8356920480728149,0.0038791627157479525,0.010533807799220085],[0.015779320150613785,0.03164484351873398,0.039293646812438965,0.4057520627975464,0.03837965801358223,0.12319474667310715,0.25318223237991333,0.05466332286596298,0.03811007738113403]],"label":[0,0,0,0,0,0,1,0,0]}