{"input":[[0.0048730759881436825,0.45493337512016296,0.00013253065117169172,0.0016042925417423248,0.0007284109597094357,0.2710269093513489,0.25717994570732117,0.00013725472672376782,0.00938429869711399],[0.00896765198558569,0.15241774916648865,0.13866423070430756,0.12804698944091797,0.07479920983314514,0.05612565577030182,0.3861657679080963,0.020995838567614555,0.033816996961832047]],"label":[0,0,0,0,0,1,0,0,0]}