{"input":[[0.0015824688598513603,0.36520496010780334,0.004855799954384565,0.008035983890295029,0.0017243953188881278,0.10411112755537033,0.4538482129573822,0.0032597174867987633,0.05737733468413353],[0.0046537392772734165,0.5045804381370544,0.004555624444037676,0.012931824661791325,0.004136948846280575,0.13555367290973663,0.3227761685848236,0.0007919965428300202,0.010019698180258274]],"label":[0,0,0,0,0,1,0,0,0]}