{"input":[[0.013856078498065472,1.3952424524177331e-05,0.0070852781645953655,2.7659980332828127e-06,0.0014726343797519803,1.1556491699593607e-05,7.599998207297176e-05,0.9755302667617798,0.0019514334853738546],[0.021776344627141953,0.0007535408949479461,0.4933744966983795,2.2154050384415314e-05,0.021666770800948143,0.00023727412917651236,0.004435384646058083,0.4548259675502777,0.002908082213252783]],"label":[0,0,0,0,0,0,0,1,0]}