{"input":[[0.7063279747962952,0.006023729685693979,0.043428439646959305,6.967761873966083e-05,0.00198162067681551,0.009937808848917484,0.006435853894799948,0.09047764539718628,0.13531728088855743],[0.0155497370287776,0.001233985647559166,0.09446531534194946,0.0001610296603757888,0.0017905858112499118,0.016432756558060646,0.012369873002171516,0.5362385511398315,0.3217581808567047]],"label":[1,0,0,0,0,0,0,0,0]}