{"input":[[0.042639438062906265,0.053273092955350876,0.003575825598090887,0.27288874983787537,0.02560160867869854,0.23285089433193207,0.35282617807388306,0.005473374389111996,0.010870767757296562],[0.053256556391716,0.04872475564479828,0.06321960687637329,0.461508572101593,0.040282610803842545,0.1791992038488388,0.06881149858236313,0.009566129185259342,0.07543106377124786]],"label":[0,0,0,0,0,0,0,0,1]}