{"input":[[0.002072216011583805,9.926806524163112e-05,0.02069885842502117,0.8736730217933655,0.0684819221496582,0.0002515577361918986,0.005721069872379303,0.00022464620997197926,0.02877751924097538],[0.00010345828923163936,2.5955678211175837e-05,0.02811019867658615,0.8854959011077881,0.05995951220393181,0.00010742396989371628,0.007668797392398119,0.00011764766531996429,0.01841111294925213]],"label":[0,0,0,0,1,0,0,0,0]}