{"input":[[0.030795205384492874,0.10029535740613937,0.4279615581035614,0.11244036257266998,0.03703397139906883,0.037716709077358246,0.2389344573020935,0.0016807822976261377,0.013141561299562454],[0.028762901201844215,0.2125663459300995,0.10683835297822952,0.018895400688052177,0.08975524455308914,0.11490524560213089,0.3458669185638428,0.021437905728816986,0.06097165867686272]],"label":[0,0,0,0,0,0,0,0,1]}