{"input":[[0.008270134218037128,0.08136408776044846,0.05902528390288353,0.007094122003763914,0.010662668384611607,0.2627720832824707,0.5418740510940552,0.0009497923892922699,0.027987878769636154],[0.009517904371023178,0.014461632817983627,0.0387563519179821,0.025072326883673668,0.006863610818982124,0.024040527641773224,0.8632408976554871,0.002153143985196948,0.015893619507551193]],"label":[0,0,0,0,0,1,0,0,0]}