{"input":[[8.985595195554197e-05,0.0002481736009940505,2.5111106879194267e-05,0.16385377943515778,0.0006000457215122879,0.0056955027393996716,0.8289012908935547,0.00046606475370936096,0.00012008882185909897],[0.027562133967876434,0.037154875695705414,0.030034609138965607,0.20501965284347534,0.015034413896501064,0.04622158408164978,0.5035656094551086,0.09476128965616226,0.040645912289619446]],"label":[0,0,0,0,0,0,1,0,0]}