{"input":[[0.0018247633706778288,0.0008649682276882231,0.04419316351413727,0.6647568345069885,0.07349154353141785,0.0009267425630241632,0.11409521102905273,0.006955479737371206,0.0928911566734314],[0.002618366153910756,7.13515401002951e-05,0.19530615210533142,0.28451064229011536,0.3970949649810791,8.435536437900737e-05,0.0021925088949501514,0.024331247434020042,0.09379050880670547]],"label":[0,0,0,0,1,0,0,0,0]}