{"input":[[0.009330718778073788,0.10642627626657486,0.26794329285621643,0.010606173425912857,0.22031491994857788,0.022314393892884254,0.02188269980251789,0.2798319458961487,0.06134951859712601],[0.10483083128929138,0.023110246285796165,0.34070098400115967,0.04274103790521622,0.09896846860647202,0.12597066164016724,0.09370124340057373,0.12872391939163208,0.0412527434527874]],"label":[0,0,1,0,0,0,0,0,0]}