{"input":[[0.001265019178390503,0.13418474793434143,0.000900260463822633,0.02476828172802925,0.00544589851051569,0.23342196643352509,0.5684961676597595,0.002678705845028162,0.028838956728577614],[0.010528364218771458,0.06879555433988571,0.06936550885438919,0.05437450110912323,0.013683429919183254,0.24356111884117126,0.3504626154899597,0.08423173427581787,0.10499709844589233]],"label":[0,0,0,0,0,1,0,0,0]}