{"input":[[0.0036673482973128557,0.45738279819488525,0.006458775606006384,0.0008892826153896749,0.0006294536287896335,0.07919656485319138,0.32727208733558655,0.0920543372631073,0.032449349761009216],[0.04292784631252289,0.27711912989616394,0.05138423666357994,0.00010676490637706593,0.002282131463289261,0.03471526876091957,0.05449448153376579,0.5260416865348816,0.010928493924438953]],"label":[0,0,0,0,0,0,0,1,0]}