{"input":[[7.9416720836889e-05,0.9808968305587769,2.3097547455108725e-05,0.00014912265760358423,1.026401969284052e-05,0.004710372071713209,0.014060904271900654,4.938560232403688e-05,2.0558240066748112e-05],[0.022505642846226692,0.056201059371232986,0.21756400167942047,0.08962783217430115,0.06383410096168518,0.1427670419216156,0.2154701054096222,0.05472799018025398,0.13730230927467346]],"label":[0,1,0,0,0,0,0,0,0]}