{"input":[[0.016121789813041687,0.09820981323719025,0.005925399716943502,0.024958934634923935,0.0032492997124791145,0.15929487347602844,0.6399558186531067,0.017623387277126312,0.0346607081592083],[0.026028431951999664,0.0698939859867096,0.1116126999258995,0.04390772804617882,0.0059038749895989895,0.1617072969675064,0.43655723333358765,0.11876261979341507,0.02562613971531391]],"label":[0,0,0,0,0,0,1,0,0]}