{"input":[[5.6796910939738154e-05,0.9742324352264404,3.6017234378959984e-05,5.86443638894707e-06,8.99058795766905e-06,0.002017807448282838,0.023423567414283752,7.776528946124017e-06,0.00021091203961987048],[0.03462018445134163,0.044497422873973846,0.04750407114624977,0.0023419491481035948,0.008546460419893265,0.02057158760726452,0.0646965354681015,0.7685967087745667,0.00862511433660984]],"label":[0,1,0,0,0,0,0,0,0]}