{"input":[[0.007595825009047985,0.07057061791419983,0.30275723338127136,0.00035931463935412467,0.0038813496939837933,0.002046332461759448,0.010603968985378742,0.5573123097419739,0.04487302154302597],[0.05504148080945015,0.005525911692529917,0.3282124698162079,0.0021265598479658365,0.014801510609686375,0.0022764471359550953,0.030629076063632965,0.5359147787094116,0.025471815839409828]],"label":[0,0,0,0,0,0,0,1,0]}