{"input":[[0.17111778259277344,0.0003839109558612108,0.02448447421193123,0.6301530599594116,0.10054804384708405,0.0013521671062335372,0.03875282034277916,0.0075798798352479935,0.02562793530523777],[0.006155103910714388,2.8150690923212096e-05,0.0033849843312054873,0.7620920538902283,0.22154997289180756,0.0001742710592225194,0.0006702946848236024,0.001022036885842681,0.004923179280012846]],"label":[0,0,0,0,1,0,0,0,0]}