{"input":[[0.00969953928142786,0.14612768590450287,0.0027002610731869936,0.046698085963726044,0.0027948995120823383,0.21659283339977264,0.534247636795044,0.03488829359412193,0.006250810343772173],[0.05813681334257126,0.16319908201694489,0.04705285653471947,0.012271912768483162,0.0098940534517169,0.3207307755947113,0.1949736773967743,0.15417009592056274,0.03957075998187065]],"label":[0,0,0,0,0,0,0,0,1]}