{"input":[[0.32878467440605164,0.042754948139190674,0.1190955638885498,0.0011189886135980487,0.007943070493638515,0.03557853400707245,0.16688096523284912,0.1348298341035843,0.16301333904266357],[0.37393659353256226,0.01049889624118805,0.16766110062599182,0.0022801952436566353,0.006212742067873478,0.03888832405209541,0.09831631183624268,0.15842436254024506,0.14378146827220917]],"label":[0,0,0,0,0,0,0,0,1]}