{"input":[[0.021177122369408607,0.007984747178852558,0.1724853515625,0.46166515350341797,0.052110251039266586,0.010070374235510826,0.06879361718893051,0.10846129804849625,0.09725217521190643],[0.01857694610953331,0.007306680083274841,0.03063194639980793,0.5709682106971741,0.05974726006388664,0.008055311627686024,0.026333395391702652,0.1307980716228485,0.14758212864398956]],"label":[0,0,0,0,0,0,0,0,1]}