{"input":[[0.00013967888662591577,0.6097505688667297,0.00153832184150815,0.011499346233904362,0.0007556609925813973,0.05495655909180641,0.31685298681259155,0.0005319239571690559,0.003974899649620056],[0.0018884401069954038,0.3370688557624817,0.0015868234913796186,0.022272026166319847,0.006102319806814194,0.2853300869464874,0.3272472321987152,0.009839998558163643,0.00866418331861496]],"label":[0,1,0,0,0,0,0,0,0]}