{"input":[[0.15254375338554382,0.049149248749017715,0.014119282364845276,0.3312250077724457,0.020189138129353523,0.1072114109992981,0.26248830556869507,0.0392066165804863,0.023867210373282433],[0.12919987738132477,0.30022913217544556,0.04047955200076103,0.011975168250501156,0.01183931715786457,0.03260171413421631,0.2828485369682312,0.17952555418014526,0.011301012709736824]],"label":[1,0,0,0,0,0,0,0,0]}