{"input":[[0.000629199726972729,0.00016511473222635686,0.04629774019122124,0.010187769308686256,0.13011091947555542,0.005954323802143335,0.7833788394927979,0.007356942631304264,0.01591910421848297],[0.0062379296869039536,0.011732012033462524,0.14473304152488708,0.0870676338672638,0.1847812831401825,0.11242733895778656,0.412067174911499,0.01985294185578823,0.02110065147280693]],"label":[0,0,0,0,1,0,0,0,0]}