{"input":[[0.008907982148230076,0.24060256779193878,0.010141336359083652,0.365734338760376,0.0012522455072030425,0.03314840421080589,0.33474892377853394,0.00168602482881397,0.003778189653530717],[0.010152149945497513,0.018842989578843117,0.356716126203537,0.05697933956980705,0.05247841402888298,0.006012839265167713,0.2513130307197571,0.08038808405399323,0.16711699962615967]],"label":[0,0,0,1,0,0,0,0,0]}