{"input":[[0.01739852875471115,0.0009864408057183027,0.10066106170415878,0.4458651840686798,0.32744961977005005,0.001749934395775199,0.0894009917974472,0.010941467247903347,0.005546698346734047],[0.010414074175059795,0.00012677522317972034,0.19469933211803436,0.2043941617012024,0.5691432952880859,0.0013678307877853513,0.010190261527895927,0.0012936023995280266,0.008370772935450077]],"label":[0,0,1,0,0,0,0,0,0]}