{"input":[[0.02166392095386982,0.0001137081126216799,0.010462618432939053,0.8420194387435913,0.016497105360031128,0.0017442478565499187,0.09123905003070831,0.0113827520981431,0.0048771207220852375],[0.0220582727342844,0.0010891028214246035,0.07277900725603104,0.742967963218689,0.09908519685268402,0.0034867727663367987,0.02867128700017929,0.009818986058235168,0.020043380558490753]],"label":[0,0,0,1,0,0,0,0,0]}