{"input":[[0.0001000033225864172,0.007334284018725157,4.188045204500668e-05,0.028878547251224518,0.0005706308293156326,0.12758994102478027,0.7905704379081726,0.008422658778727055,0.03649163246154785],[0.00024267748813144863,0.014404798857867718,0.0005915349465794861,0.00847981870174408,0.0002738984767347574,0.25871169567108154,0.7004684805870056,0.0004569985903799534,0.016370033845305443]],"label":[0,0,0,0,0,1,0,0,0]}