{"input":[[0.005920409224927425,0.0018553482368588448,0.0011951100314036012,0.39539968967437744,0.00740462401881814,0.01194932870566845,0.5290759801864624,0.0012179204495623708,0.04598154127597809],[0.012852786108851433,0.0332157127559185,0.021590925753116608,0.33364516496658325,0.13556049764156342,0.00811881572008133,0.3999989330768585,0.015733085572719574,0.0392841100692749]],"label":[0,0,0,1,0,0,0,0,0]}