{"input":[[0.003066201228648424,0.00345476227812469,0.015683364123106003,0.0008022055262699723,0.0004129705484956503,0.0036436808295547962,0.48889636993408203,0.4666765034198761,0.017364000901579857],[0.025380441918969154,0.04352230578660965,0.4753725826740265,0.04153335466980934,0.23951511085033417,0.017962101846933365,0.07584834843873978,0.03625736013054848,0.04460831731557846]],"label":[0,0,0,0,0,0,0,1,0]}