{"input":[[0.0003109498065896332,0.14184987545013428,0.002240066649392247,0.0023245273623615503,0.0015200967900454998,0.03430642932653427,0.803947389125824,5.145614704815671e-05,0.01344926655292511],[0.006246582139283419,0.07173065096139908,0.005930264480412006,0.0681067556142807,0.0042776563204824924,0.06548815965652466,0.7475723624229431,0.007754364516586065,0.022893227636814117]],"label":[0,0,0,0,0,0,1,0,0]}