{"input":[[0.0009894703980535269,0.0007103494717739522,0.006629311013966799,0.9115921854972839,0.03716673329472542,0.0014009384904056787,0.01807660236954689,0.0033999443985521793,0.020034322515130043],[0.001759506412781775,0.001702613546513021,0.003387235105037689,0.8907842636108398,0.007174946367740631,0.00280114752240479,0.025863390415906906,0.0024964166805148125,0.06403055042028427]],"label":[0,0,0,1,0,0,0,0,0]}