{"input":[[0.015961021184921265,0.0003639416245277971,0.2608693242073059,0.2623355984687805,0.24908964335918427,0.0006762496195733547,0.039284899830818176,0.014700939878821373,0.1567184031009674],[0.00790412351489067,3.615147579694167e-05,0.02175617404282093,0.6913509368896484,0.25113117694854736,0.00015118812734726816,0.002219198737293482,0.014389668591320515,0.011061418801546097]],"label":[0,0,0,0,0,0,0,0,1]}