{"input":[[0.0009931039530783892,0.7677602767944336,0.005390493664890528,0.003661983646452427,0.0007521803490817547,0.007144489791244268,0.21276208758354187,0.00040601531509310007,0.001129412790760398],[0.00635144766420126,0.07383304089307785,0.025535132735967636,0.12056040018796921,0.03052557073533535,0.5361778736114502,0.14103862643241882,0.024085843935608864,0.041892070323228836]],"label":[0,1,0,0,0,0,0,0,0]}