{"input":[[2.4543553536204854e-06,0.9817133545875549,1.972428071894683e-05,5.813676762045361e-05,1.6574129404034466e-05,0.008744342252612114,0.009442542679607868,6.837972819084825e-07,2.124993443430867e-06],[0.014401000924408436,0.10833708941936493,0.459120512008667,0.02303752675652504,0.09846419095993042,0.06461799889802933,0.11335337162017822,0.06479684263467789,0.053871482610702515]],"label":[0,1,0,0,0,0,0,0,0]}