{"input":[[0.005105410702526569,1.8617245586938225e-05,0.012785827741026878,0.2965370714664459,0.6813451647758484,6.544701318489388e-05,0.0011924420250579715,0.000274043733952567,0.0026759470347315073],[0.002587739145383239,0.002035663928836584,0.45280176401138306,0.14437797665596008,0.2218477874994278,0.005343991331756115,0.0272926427423954,0.025145702064037323,0.11856672167778015]],"label":[0,0,0,0,1,0,0,0,0]}