{"input":[[0.0035622448194772005,3.502173910874262e-07,0.9518440365791321,0.0020073000341653824,0.037363722920417786,4.038552106067073e-06,0.000277555052889511,0.0045427847653627396,0.0003978976747021079],[0.0009873848175629973,5.149463322595693e-05,0.8933170437812805,0.0337677001953125,0.04992586746811867,3.744689092854969e-05,0.00042960370774380863,0.01625155843794346,0.005231880582869053]],"label":[0,0,1,0,0,0,0,0,0]}