{"input":[[0.11846816539764404,0.00013581773964688182,0.04221336916089058,2.1438486328406725e-06,0.000475172302685678,0.0002435694623272866,0.0006301791872829199,0.836855411529541,0.0009761192486621439],[0.4277787208557129,0.0003827628679573536,0.07774893194437027,3.104429561062716e-05,0.0006248521385714412,0.0001278819254366681,0.0011297035962343216,0.481103777885437,0.011072389781475067]],"label":[1,0,0,0,0,0,0,0,0]}