{"input":[[0.002750495681539178,0.017370393499732018,0.0023971747141331434,0.4871724247932434,0.03161359205842018,0.014377453364431858,0.41583314538002014,0.017453843727707863,0.011031420901417732],[0.029536772519350052,0.014005158096551895,0.03279466927051544,0.5580258369445801,0.12223175168037415,0.00865453016012907,0.08896504342556,0.08498143404722214,0.060804832726716995]],"label":[0,0,0,0,0,0,1,0,0]}