{"input":[[0.002596610225737095,0.019786786288022995,0.004566067364066839,0.3581019639968872,0.023459773510694504,0.0209834985435009,0.5055937170982361,0.01991802267730236,0.04499348625540733],[0.0462464839220047,0.010007207281887531,0.04621586576104164,0.6308772563934326,0.06724808365106583,0.01153162308037281,0.06042981147766113,0.012232786044478416,0.1152108684182167]],"label":[0,0,0,0,1,0,0,0,0]}