{"input":[[0.05544646456837654,0.05894821509718895,0.02549630217254162,0.007241254206746817,0.001801566919311881,0.08351635932922363,0.6118156313896179,0.0730203241109848,0.08271390944719315],[0.013592517003417015,0.05397668853402138,0.1536421775817871,0.07481822371482849,0.010217294096946716,0.07362828403711319,0.5265260338783264,0.017958709970116615,0.07564002275466919]],"label":[0,0,0,0,0,0,0,0,1]}