{"input":[[0.0006286392454057932,8.447575055470224e-06,0.12551918625831604,1.7359759567625588e-06,0.00023353027063421905,2.7908015454158885e-06,3.4942007914651185e-05,0.8719478845596313,0.0016228219028562307],[0.005915662739425898,3.6505483876680955e-05,0.3481031656265259,3.0791588869760744e-06,0.0008925682050175965,3.9054972148733214e-05,7.468689727829769e-05,0.6413713693618774,0.003563821315765381]],"label":[0,0,0,0,0,0,0,1,0]}