{"input":[[0.0030315383337438107,0.0004560199158731848,0.3594098687171936,0.030272474512457848,0.2954845130443573,0.00025668495800346136,0.009017608128488064,0.19836419820785522,0.10370699316263199],[0.004710140638053417,0.0007302392041310668,0.04302753508090973,0.3018341362476349,0.5697369575500488,0.00023066917492542416,0.00897495448589325,0.013691489584743977,0.05706391483545303]],"label":[0,0,0,0,0,0,0,1,0]}