{"input":[[0.002771846018731594,0.31968531012535095,0.00037574744783341885,5.5752832849975675e-05,0.001681891968473792,0.008282399736344814,0.6666929125785828,5.2295232308097184e-05,0.00040178000926971436],[0.007331305183470249,0.07128491252660751,0.016199558973312378,0.0019169964361935854,0.00011976926180068403,0.005283172708004713,0.01873992197215557,0.8754804134368896,0.003644017968326807]],"label":[0,1,0,0,0,0,0,0,0]}