{"input":[[0.0010012881830334663,0.0010758903808891773,0.002019626786932349,0.05962632969021797,0.041961636394262314,0.007706161588430405,0.8782699108123779,0.0007286742911674082,0.007610457483679056],[0.0030305844265967607,0.00019548821728676558,0.013740044087171555,0.8881396055221558,0.04988108575344086,0.00047511112643405795,0.03318822756409645,0.0004792374384123832,0.010870669037103653]],"label":[0,0,0,0,1,0,0,0,0]}