{"input":[[0.001359747489914298,0.5996426343917847,0.0023311451077461243,0.03393293544650078,0.006265907548367977,0.06785240769386292,0.2668556869029999,0.009074917994439602,0.012684646062552929],[0.005984195973724127,0.2810078263282776,0.0419185496866703,0.14608913660049438,0.04115408658981323,0.05940509960055351,0.3828657567501068,0.008023012429475784,0.03355235978960991]],"label":[0,1,0,0,0,0,0,0,0]}