{"input":[[0.04769684374332428,0.11340395361185074,0.09765206277370453,0.016757871955633163,0.04301668331027031,0.19550608098506927,0.4796232283115387,0.00435336260125041,0.001989923883229494],[0.006566974800080061,0.1651485711336136,0.690441906452179,0.003770217066630721,0.08313106000423431,0.004758437164127827,0.030895676463842392,0.00949894730001688,0.005788165610283613]],"label":[0,0,1,0,0,0,0,0,0]}