{"input":[[0.6153234839439392,2.9938404622953385e-05,0.0043711476027965546,1.1106727697551833e-06,0.00011118673137389123,3.817650576820597e-05,0.0014036974171176553,0.3724575340747833,0.006263801362365484],[0.11988198012113571,0.00023570307530462742,0.01519942469894886,1.2773681191902142e-05,0.000533411861397326,0.0005919051473028958,0.0012353650527074933,0.8515635132789612,0.010745927691459656]],"label":[0,0,0,0,0,0,0,1,0]}