{"input":[[3.7363737646956e-05,0.0005554132512770593,0.00010137153731193393,0.00033896215609274805,4.9788748583523557e-05,0.001510577742010355,0.9969552755355835,0.00010627922165440395,0.0003450285876169801],[0.06262917816638947,0.0011468210723251104,0.2729438841342926,0.11736015975475311,0.08451428264379501,0.004563246853649616,0.3549894690513611,0.03354690596461296,0.06830618530511856]],"label":[0,0,0,0,1,0,0,0,0]}