{"input":[[1.8875703972298652e-05,0.00016913190484046936,1.1254698620177805e-05,0.00036187266232445836,1.2135876204411034e-05,0.0018323613330721855,0.9975287318229675,3.1341457997768885e-06,6.252929597394541e-05],[0.004200545605272055,0.020491288974881172,0.019813288003206253,0.04557542875409126,0.0188002772629261,0.07338391244411469,0.7606313824653625,0.03558789938688278,0.02151603437960148]],"label":[0,0,0,0,0,0,1,0,0]}