{"input":[[0.0012272280873730779,0.0023783701471984386,0.0005949986516498029,0.10628574341535568,0.0515117309987545,0.07528526335954666,0.7442692518234253,0.01297315675765276,0.005474170204252005],[0.017519373446702957,0.012144681997597218,0.02924690581858158,0.42622143030166626,0.07073763757944107,0.03142540901899338,0.30621907114982605,0.01789410412311554,0.08859141170978546]],"label":[0,0,0,1,0,0,0,0,0]}