{"input":[[0.07575555145740509,0.005590667948126793,0.03235235810279846,0.6796265840530396,0.10762117058038712,0.008029303513467312,0.041599784046411514,0.01891912892460823,0.03050544671714306],[0.060942359268665314,0.00029836237081326544,0.16376450657844543,0.11536955088376999,0.5174886584281921,0.0006639190251007676,0.004554401617497206,0.051548466086387634,0.0853697881102562]],"label":[0,0,0,0,1,0,0,0,0]}