{"input":[[0.01008727215230465,0.006300244480371475,0.11830747127532959,0.27631381154060364,0.14106839895248413,0.022855281829833984,0.16898316144943237,0.06504803150892258,0.19103629887104034],[0.0557706244289875,0.005911901127547026,0.17351123690605164,0.06563995033502579,0.15949082374572754,0.07288981229066849,0.4211585819721222,0.028211237862706184,0.017415858805179596]],"label":[0,0,0,0,0,1,0,0,0]}