{"input":[[0.30227240920066833,0.017548520117998123,0.03692076355218887,0.07908802479505539,0.0019144295947626233,0.0075649418868124485,0.4924688935279846,0.02832850068807602,0.03389351814985275],[0.14267496764659882,0.018709644675254822,0.5489791035652161,0.03752899542450905,0.05572868883609772,0.018022965639829636,0.0558273121714592,0.06422092765569687,0.058307401835918427]],"label":[0,0,0,0,0,0,0,1,0]}