{"input":[[0.18472862243652344,0.11927634477615356,0.278687447309494,0.014602472074329853,0.008298184722661972,0.01061792392283678,0.23220780491828918,0.10582102835178375,0.045760199427604675],[0.0417463518679142,0.00846186000853777,0.2981868386268616,0.010164623148739338,0.011365765705704689,0.004778578411787748,0.030643027275800705,0.5148325562477112,0.07982044667005539]],"label":[0,0,0,0,1,0,0,0,0]}