{"input":[[0.00041308143408969045,2.637131001392845e-05,0.0008860082598403096,6.449840128652795e-08,0.00022963581432122737,2.543893060646951e-06,6.159528129501268e-05,0.9983763694763184,4.347100002632942e-06],[0.10501793026924133,0.005202284082770348,0.6571224927902222,0.0015655762981623411,0.006349373608827591,0.013464904390275478,0.11308228224515915,0.0911007821559906,0.007094402797520161]],"label":[0,0,0,0,0,0,0,1,0]}