{"input":[[0.5331880450248718,0.005161644890904427,0.009377109818160534,6.817637768108398e-05,0.0010788855142891407,0.0006081422325223684,0.07698291540145874,0.3651163578033447,0.008418699726462364],[0.9560325145721436,2.01099319383502e-05,0.03924029320478439,2.5054390789591707e-05,0.001162953325547278,3.2600422855466604e-05,0.00010970487346639857,0.00282188318669796,0.0005548563203774393]],"label":[1,0,0,0,0,0,0,0,0]}