{"input":[[0.004382680635899305,0.011419132351875305,0.0049537778832018375,0.06887669116258621,0.0034045486245304346,0.018282027915120125,0.8306435942649841,0.005749421194195747,0.052288178354501724],[0.008959608152508736,0.008382048457860947,0.0014885887503623962,0.000594024604652077,0.0002619856095407158,0.027678856626152992,0.7656161785125732,0.18374182283878326,0.0032769336830824614]],"label":[0,0,0,0,0,0,1,0,0]}