{"input":[[0.0504133403301239,0.00265703396871686,0.6089614033699036,2.498027470210218e-06,0.022158833220601082,0.000176359448232688,0.3125162422657013,0.0014041238464415073,0.0017101612174883485],[0.0017738156020641327,0.0011814531171694398,0.8190532922744751,0.00014828029088675976,0.15960316359996796,0.0012443911982700229,0.015395686030387878,0.0015359580283984542,6.389235204551369e-05]],"label":[0,0,1,0,0,0,0,0,0]}