{"input":[[0.0010416681179776788,0.6538786888122559,0.0029567258898168802,0.00039399234810844064,0.001945953001268208,0.20403723418712616,0.130554661154747,8.311624696943909e-05,0.005107819102704525],[0.008935242891311646,0.07335212826728821,0.08582136780023575,0.08064403384923935,0.03961103782057762,0.41204744577407837,0.2035468965768814,0.0010914537124335766,0.09495037794113159]],"label":[0,0,0,0,0,0,1,0,0]}