{"input":[[0.0013687324244529009,0.0004098630743101239,0.07119258493185043,0.06484681367874146,0.8428919315338135,0.00020841647346969694,0.001592131215147674,0.014983786270022392,0.0025058265309780836],[0.09465940296649933,0.008845839649438858,0.3903157711029053,0.04140353947877884,0.29910463094711304,0.005127306561917067,0.07332518696784973,0.025601772591471672,0.061616525053977966]],"label":[0,0,0,0,1,0,0,0,0]}