{"input":[[0.07051850855350494,0.0916394367814064,0.10600577294826508,0.059234436601400375,0.17288683354854584,0.010844720527529716,0.15467140078544617,0.29572340846061707,0.03847547248005867],[0.210251122713089,0.12423529475927353,0.04767410457134247,0.02228851430118084,0.16536813974380493,0.025485873222351074,0.1682387739419937,0.16457122564315796,0.07188703119754791]],"label":[0,0,0,0,0,0,0,0,1]}