{"input":[[0.0146254263818264,0.1731317937374115,0.28559207916259766,0.09148617088794708,0.04097882658243179,0.024750016629695892,0.176494300365448,0.033940814435482025,0.15900051593780518],[0.018247948959469795,0.18041406571865082,0.23067191243171692,0.15351158380508423,0.016174180433154106,0.017277905717492104,0.16711865365505219,0.1242632046341896,0.09232039749622345]],"label":[0,0,1,0,0,0,0,0,0]}