{"input":[[0.008511112071573734,0.000312151329126209,0.0009418291738256812,0.0038126972503960133,0.002474535023793578,0.305239200592041,0.626045286655426,0.01884712651371956,0.033816151320934296],[0.10290057212114334,0.03763819858431816,0.00015780485409777611,2.004846464842558e-05,0.00022005212667863816,0.08366227895021439,0.714855968952179,0.027155771851539612,0.03338935971260071]],"label":[0,0,0,0,0,1,0,0,0]}