{"input":[[0.006882648915052414,0.043889548629522324,0.0008556254906579852,9.975799912353978e-06,9.271801536669955e-05,0.0011275095166638494,0.0057644229382276535,0.9399811625480652,0.0013964013196527958],[0.10085564851760864,0.002737762639299035,0.02418236806988716,6.476990529336035e-05,0.0032452321611344814,0.0019137486815452576,0.007010827772319317,0.8535635471343994,0.006426120642572641]],"label":[0,0,0,0,0,1,0,0,0]}