{"input":[[0.19815123081207275,0.16018854081630707,0.06839216500520706,0.1432637721300125,0.05310400202870369,0.02777085080742836,0.11883600056171417,0.05529021844267845,0.17500324547290802],[0.3626152575016022,0.06516425311565399,0.07395677268505096,0.06408104300498962,0.030548328533768654,0.030383365228772163,0.16264688968658447,0.12477055191993713,0.08583351969718933]],"label":[0,1,0,0,0,0,0,0,0]}