{"input":[[0.0011452679755166173,0.020351219922304153,0.00191988714504987,0.003880650270730257,0.031494300812482834,0.200430229306221,0.7208470702171326,0.0008270090911537409,0.019104350358247757],[0.010495762340724468,0.06303445249795914,0.01706303469836712,0.08955807238817215,0.007668684236705303,0.2307748645544052,0.5606354475021362,0.005708948243409395,0.015060761012136936]],"label":[0,0,0,0,0,1,0,0,0]}