{"input":[[0.010268289595842361,0.01945612020790577,0.05884817615151405,0.037937749177217484,0.019356099888682365,0.0025362095329910517,0.7690169811248779,0.05429893359541893,0.028281444683670998],[0.5616518259048462,0.0008592783124186099,0.002887462265789509,1.2722680367005523e-05,0.00019815734412986785,0.0011535829398781061,0.001441496075130999,0.42654159665107727,0.005253910552710295]],"label":[0,0,0,0,1,0,0,0,0]}