{"input":[[0.0011519213439896703,0.13535776734352112,0.00024634800502099097,0.00033122379682026803,0.002361191902309656,0.2957308292388916,0.5644261837005615,1.65747624123469e-05,0.00037797322147525847],[0.003336992347612977,0.17188923060894012,0.6225322484970093,0.011958237737417221,0.06330056488513947,0.03027160093188286,0.03478186950087547,0.04768207296729088,0.01424717903137207]],"label":[0,1,0,0,0,0,0,0,0]}