{"input":[[0.6303810477256775,1.523290848126635e-05,0.08053705096244812,0.00032896228367462754,0.03351885825395584,2.4980192392831668e-05,0.0006273803301155567,0.2500188946723938,0.004547528922557831],[0.37884923815727234,4.80041817354504e-05,0.08846396952867508,6.849198689451441e-05,0.0027295113541185856,5.243526175036095e-05,0.00011716117296600714,0.523417592048645,0.006253567989915609]],"label":[1,0,0,0,0,0,0,0,0]}