{"input":[[0.044170524924993515,0.029033366590738297,0.012973391450941563,0.2169228047132492,0.038363099098205566,0.08708582073450089,0.474344938993454,0.015931207686662674,0.0811748057603836],[0.07932831346988678,0.06204808130860329,0.07260081171989441,0.4227323532104492,0.028680475428700447,0.050849344581365585,0.09910357743501663,0.14249387383460999,0.04216310754418373]],"label":[0,0,0,0,1,0,0,0,0]}