{"input":[[0.040347106754779816,0.05857640504837036,0.34351488947868347,0.0016479406040161848,0.0040540010668337345,0.021241994574666023,0.08262428641319275,0.3759585916996002,0.0720347985625267],[0.05335766077041626,0.014817441813647747,0.8135939240455627,0.001439071143977344,0.0026639695279300213,0.0043345424346625805,0.01455511711537838,0.07503435760736465,0.020203901454806328]],"label":[1,0,0,0,0,0,0,0,0]}