{"input":[[0.0479123592376709,0.034657273441553116,0.02330777421593666,0.0062194704078137875,0.003791837953031063,0.020813211798667908,0.7486739158630371,0.042747754603624344,0.07187650352716446],[0.042166564613580704,0.165985107421875,0.06675703823566437,0.008875000290572643,0.00891017448157072,0.05126573517918587,0.12047179043292999,0.5037053823471069,0.03186319023370743]],"label":[0,0,0,0,0,0,0,0,1]}