{"input":[[0.19803506135940552,0.00019734282977879047,0.06315141916275024,4.268403790774755e-05,5.569235509028658e-05,0.00032065369305200875,0.00013771455269306898,0.7332065105438232,0.004852917976677418],[0.293856143951416,0.03194894269108772,0.13445226848125458,0.013311663642525673,0.017216134816408157,0.010438424535095692,0.023502914234995842,0.41379523277282715,0.06147816404700279]],"label":[0,0,0,0,0,0,0,1,0]}