{"input":[[0.3708718419075012,0.030596379190683365,0.05642625689506531,0.035079680383205414,0.020817473530769348,0.07934904843568802,0.01745036616921425,0.3236027956008911,0.06580613553524017],[0.021527251228690147,0.009407470002770424,0.27793070673942566,0.02975321188569069,0.03717878460884094,0.13747653365135193,0.009684750810265541,0.41293883323669434,0.06410252302885056]],"label":[0,1,0,0,0,0,0,0,0]}