{"input":[[0.03484927862882614,0.06245898827910423,0.10623593628406525,0.29129114747047424,0.04716229438781738,0.03576349839568138,0.17528073489665985,0.055524010211229324,0.19143421947956085],[0.0286592785269022,0.19564321637153625,0.024671243503689766,0.10204793512821198,0.017302557826042175,0.06921537965536118,0.401923269033432,0.06692139804363251,0.09361562877893448]],"label":[0,0,0,0,0,0,0,0,1]}