{"input":[[0.008450521156191826,0.2545737326145172,0.1256580948829651,0.013467934913933277,0.0102645643055439,0.04039265215396881,0.13798008859157562,0.21869653463363647,0.1905158907175064],[0.011941513977944851,0.14066219329833984,0.170363649725914,0.04084788262844086,0.058361783623695374,0.0358109213411808,0.2906947731971741,0.05549698695540428,0.19582030177116394]],"label":[0,0,0,0,0,0,0,0,1]}