{"input":[[0.3150482773780823,0.001977672101929784,0.12541081011295319,0.00036190872197039425,0.13043715059757233,0.0026249391958117485,0.36909574270248413,0.034214578568935394,0.020828941836953163],[0.3390841484069824,0.0021512145176529884,0.24015642702579498,0.0061408765614032745,0.1079505980014801,0.00339600071310997,0.045656464993953705,0.05691596120595932,0.1985483318567276]],"label":[0,0,0,0,0,0,0,0,1]}