{"input":[[0.002614053664728999,0.009898224845528603,0.47695010900497437,0.007292607333511114,0.17134107649326324,0.004406750202178955,0.31017178297042847,0.003269931534305215,0.014055393636226654],[0.009233206510543823,0.0650026723742485,0.08906155824661255,0.15459592640399933,0.03590588644146919,0.04633253440260887,0.5721696019172668,0.01313355565071106,0.014565108343958855]],"label":[0,0,0,0,1,0,0,0,0]}