{"input":[[0.00012255152978468686,0.005007971543818712,0.9557589292526245,8.485977559757885e-06,0.006390317343175411,7.635097063030116e-06,0.0315527580678463,0.0008756517199799418,0.0002756841422524303],[0.003391365986317396,0.07608336955308914,0.45563679933547974,0.003039684845134616,0.05118215084075928,0.025518596172332764,0.19183707237243652,0.18357354402542114,0.009737484157085419]],"label":[0,0,1,0,0,0,0,0,0]}