{"input":[[0.10131703317165375,0.0012590483529493213,0.18420055508613586,0.03684580698609352,0.3352382779121399,0.0005347098340280354,0.025338245555758476,0.035633694380521774,0.279632568359375],[0.02811780571937561,0.0031753377988934517,0.12544918060302734,0.38613566756248474,0.39099591970443726,0.0012799656251445413,0.01695733144879341,0.026951339095830917,0.02093752846121788]],"label":[0,0,0,0,0,0,0,0,1]}