{"input":[[0.0020295220892876387,0.001026469049975276,0.14319677650928497,0.252424418926239,0.4107258915901184,0.0013878176687285304,0.044615838676691055,0.07965997606515884,0.06493338942527771],[0.04845648258924484,0.00040227576391771436,0.18781988322734833,0.10982269793748856,0.10559148341417313,0.0019275015220046043,0.036201361566782,0.18025155365467072,0.3295266330242157]],"label":[0,0,0,1,0,0,0,0,0]}