{"input":[[0.04498719051480293,0.016862209886312485,0.0021564874332398176,0.03182714059948921,0.0024980504531413317,0.12112986296415329,0.633486807346344,0.002489010337740183,0.14456328749656677],[0.11507868021726608,0.07044047862291336,0.00254021561704576,0.04989149421453476,0.003499274840578437,0.1883699744939804,0.44998985528945923,0.03728935867547989,0.08290071785449982]],"label":[1,0,0,0,0,0,0,0,0]}