{"input":[[0.0038200453855097294,0.019046267494559288,0.057476285845041275,0.023886866867542267,0.03285517916083336,0.008174809627234936,0.4771319627761841,0.16985279321670532,0.20775572955608368],[0.019035015255212784,0.00895994994789362,0.15255789458751678,0.3011239767074585,0.23861190676689148,0.02920287661254406,0.1778014451265335,0.03041282668709755,0.042294032871723175]],"label":[0,0,0,0,0,0,0,1,0]}