{"input":[[0.15507018566131592,0.02178225852549076,0.004247932694852352,0.05146493390202522,0.0973462462425232,0.020854240283370018,0.318359375,0.11816131323575974,0.21271346509456635],[0.3553818464279175,0.0022058654576539993,0.016380732879042625,0.0036088477354496717,0.22080151736736298,0.014330923557281494,0.06044510006904602,0.25358644127845764,0.07325875014066696]],"label":[1,0,0,0,0,0,0,0,0]}