{"input":[[0.06741783022880554,0.02794199436903,0.5126733779907227,0.0072530414909124374,0.03463343158364296,0.0020730984397232533,0.2671073079109192,0.0742843896150589,0.006615485996007919],[0.007272962015122175,0.02298511564731598,0.07625572383403778,0.10744227468967438,0.1448553055524826,0.02391497604548931,0.5814461708068848,0.0029076815117150545,0.0329197496175766]],"label":[0,0,1,0,0,0,0,0,0]}