{"input":[[0.014055179432034492,0.004349078051745892,0.002537212334573269,0.07786320149898529,0.010775123722851276,0.23817774653434753,0.6285839080810547,0.005767574068158865,0.017890922725200653],[0.020068934187293053,0.013543947599828243,0.016530578956007957,0.00010895344166783616,0.00029908056603744626,0.005626864265650511,0.010067992843687534,0.925473153591156,0.008280472829937935]],"label":[0,0,0,0,0,0,1,0,0]}