{"input":[[0.0010500132339075208,0.02019415982067585,0.0005193146062083542,0.6559230089187622,0.028954479843378067,0.11634889245033264,0.17037023603916168,0.001900566858239472,0.004739302676171064],[0.0037725837901234627,0.004774505738168955,0.005512216128408909,0.456354022026062,0.016795726493000984,0.03526444360613823,0.4608607888221741,0.013723929412662983,0.002941872226074338]],"label":[0,0,0,0,0,0,1,0,0]}