{"input":[[0.0008973165531642735,0.0002346769324503839,0.028944209218025208,0.04626497998833656,0.84089195728302,0.00014053469931241125,0.0024513122625648975,0.037507474422454834,0.04266751557588577],[0.03403770178556442,0.005356185603886843,0.44825175404548645,0.11422877013683319,0.10155808180570602,0.00836730096489191,0.019063418731093407,0.11860401928424835,0.1505328118801117]],"label":[0,0,0,0,1,0,0,0,0]}