{"input":[[0.0003375907544977963,0.016705278307199478,0.0008949876646511257,0.03789637237787247,0.0004881450440734625,0.09673496335744858,0.8381946086883545,0.0013674590736627579,0.007380607537925243],[0.0023167934268712997,0.022221960127353668,0.006658288650214672,0.06735194474458694,0.0040276022627949715,0.2169121950864792,0.6589710712432861,0.002738113747909665,0.018802057951688766]],"label":[0,0,0,0,0,1,0,0,0]}