{"input":[[0.05938047170639038,0.05235262215137482,0.03907382860779762,0.1002710610628128,0.005004240665584803,0.0035122737754136324,0.07235367596149445,0.6184051632881165,0.049646686762571335],[0.08032836765050888,0.008101409301161766,0.00359743251465261,0.0015507914358749986,0.0071544344536960125,0.009313032031059265,0.004711654968559742,0.8640955686569214,0.02114725671708584]],"label":[0,0,1,0,0,0,0,0,0]}