{"input":[[0.001209828071296215,3.714939467158729e-08,0.009497118182480335,4.269626785458058e-08,2.0833291273447685e-05,1.3863669323654904e-08,1.9268552478024503e-06,0.9891794919967651,9.073861292563379e-05],[0.0026359721086919308,1.9278266449873627e-07,0.0156296044588089,2.9984491334289487e-07,1.5364537830464542e-05,5.011396524423617e-07,1.1652451576082967e-05,0.9813748598098755,0.0003315543581265956]],"label":[0,0,0,0,0,0,0,1,0]}