{"input":[[0.01694893278181553,0.008155999705195427,0.0025631338357925415,0.014902818948030472,0.02587735466659069,0.039233941584825516,0.8807762265205383,0.0005564691382460296,0.01098513975739479],[0.025570472702383995,0.03608398512005806,0.07280252128839493,0.1978151947259903,0.1813114434480667,0.08128060400485992,0.15905430912971497,0.10026446729898453,0.14581702649593353]],"label":[0,0,0,0,0,0,1,0,0]}