{"input":[[1.3388286788540427e-05,0.0004987322026863694,5.1267466915305704e-05,8.020731911528856e-05,1.3330521142052021e-05,2.3873779355199076e-05,0.9992998838424683,5.0023363655782305e-06,1.4332473256217781e-05],[0.106609046459198,0.0164885725826025,0.021513167768716812,0.003064232412725687,0.0029762759804725647,0.03599338233470917,0.73064786195755,0.07653012871742249,0.00617727916687727]],"label":[0,0,0,0,0,1,0,0,0]}