{"input":[[0.5625600218772888,0.0007517238846048713,0.016849471256136894,0.0011166476178914309,0.02401828207075596,0.00021053082309663296,0.013586878776550293,0.37088528275489807,0.010021203197538853],[0.024093683809041977,0.054604433476924896,0.1821877509355545,0.03712151199579239,0.026223070919513702,0.11094322800636292,0.13689769804477692,0.23526735603809357,0.19266140460968018]],"label":[0,0,0,0,0,0,0,1,0]}