{"input":[[0.023047590628266335,0.0005974863888695836,0.05644512176513672,0.349993497133255,0.39051249623298645,0.005754239857196808,0.08537942171096802,0.006956000346690416,0.0813140943646431],[0.02104458212852478,0.013605809770524502,0.18245398998260498,0.12360575050115585,0.13507507741451263,0.04566331207752228,0.23701579868793488,0.14386583864688873,0.09766989946365356]],"label":[0,0,0,0,0,0,0,0,1]}