{"input":[[0.16598621010780334,0.003530812216922641,0.05062636360526085,0.001494139083661139,0.008480792865157127,0.003214506898075342,0.10658404231071472,0.629707396030426,0.030375797301530838],[0.02854408137500286,0.0141748683527112,0.02777843177318573,0.0001818740856833756,0.0002314991143066436,0.018596556037664413,0.03420711308717728,0.8694269061088562,0.006858667358756065]],"label":[0,0,1,0,0,0,0,0,0]}