{"input":[[0.0019170732703059912,0.02679802104830742,0.04383041337132454,0.14557209610939026,0.008564610965549946,0.033671148121356964,0.33026525378227234,0.18856392800807953,0.2208174616098404],[0.005832886788994074,0.0053089214488863945,0.04223082214593887,0.5261569619178772,0.09204593300819397,0.0131309125572443,0.1241333857178688,0.0718148723244667,0.1193452700972557]],"label":[0,0,0,0,0,0,1,0,0]}