{"input":[[0.0011682824697345495,0.043423209339380264,0.03354860097169876,0.26780903339385986,0.5311597585678101,0.02364959940314293,0.06153085082769394,0.015956714749336243,0.021754032000899315],[0.008237558417022228,0.0006242571398615837,0.7464529871940613,0.10676787048578262,0.0629206970334053,0.0003390502533875406,0.00352040259167552,0.03871745243668556,0.03241979703307152]],"label":[0,0,0,0,1,0,0,0,0]}