{"input":[[3.881810334860347e-05,0.015812069177627563,0.0001677533145993948,0.008069848641753197,0.0019518885528668761,0.012022788636386395,0.9615131616592407,3.7326200981624424e-05,0.00038628693437203765],[0.03042537346482277,0.06004301458597183,0.06364895403385162,0.008922342211008072,0.04519763961434364,0.014426610432565212,0.7440521717071533,0.0014415504410862923,0.03184238076210022]],"label":[0,0,0,0,1,0,0,0,0]}