{"input":[[0.017563195899128914,0.00023221287119667977,0.009295533411204815,0.0014368242118507624,0.38314419984817505,0.00012956939463037997,0.0014486126601696014,0.5853857398033142,0.0013641200494021177],[0.07662099599838257,4.727959822048433e-05,0.006253138650208712,0.020980192348361015,0.7768206000328064,1.1708795682352502e-05,0.003321545897051692,0.11107325553894043,0.004871272947639227]],"label":[0,0,1,0,0,0,0,0,0]}