{"input":[[0.00036303079104982316,0.008059857413172722,0.00011418265785323456,5.8469602663535625e-05,5.439716187538579e-05,0.9892194867134094,0.0019251712365075946,0.00011578737030504271,8.9544482761994e-05],[0.003100389614701271,0.004704796243458986,0.012846793979406357,0.15519940853118896,0.007549997419118881,0.1914854645729065,0.6120527386665344,0.0034988110419362783,0.009561514481902122]],"label":[0,0,0,0,0,1,0,0,0]}