{"input":[[0.03061586245894432,0.024924850091338158,0.2954649329185486,0.08070152252912521,0.10386337339878082,0.01835872419178486,0.06112862750887871,0.24765309691429138,0.13728901743888855],[0.030695602297782898,0.0396212674677372,0.10452296584844589,0.3470246493816376,0.12863117456436157,0.08442941308021545,0.08069396018981934,0.05400823801755905,0.13037285208702087]],"label":[0,0,1,0,0,0,0,0,0]}