{"input":[[0.01032349094748497,0.00819096714258194,0.029302246868610382,0.005704531911760569,0.008063801564276218,0.007514382712543011,0.9106622338294983,0.00535244308412075,0.014885922893881798],[0.1519746631383896,0.058007292449474335,0.40242889523506165,0.01566740684211254,0.04751385748386383,0.018524469807744026,0.07475271075963974,0.07053147256374359,0.1605992317199707]],"label":[0,0,0,0,0,0,1,0,0]}