{"input":[[0.07267653197050095,0.0025962030049413443,0.7731161713600159,0.03729397431015968,0.038124047219753265,0.0009034250397235155,0.00731485802680254,0.0648379847407341,0.003136731218546629],[0.29788801074028015,0.003347737481817603,0.5655418634414673,0.003012833185493946,0.02000262588262558,0.006299695000052452,0.029570473358035088,0.058848049491643906,0.015488723292946815]],"label":[1,0,0,0,0,0,0,0,0]}