{"input":[[0.0032285242341458797,0.0295497328042984,0.006711140740662813,0.15094265341758728,0.0021019889973104,0.21920375525951385,0.35575369000434875,0.1343344897031784,0.09817404299974442],[0.013121786527335644,0.17273837327957153,0.07856970280408859,0.04584476351737976,0.07865368574857712,0.13306355476379395,0.254151314496994,0.16258461773395538,0.06127214431762695]],"label":[0,0,0,0,0,0,1,0,0]}