{"input":[[0.003258056240156293,0.0499059222638607,0.0030114413239061832,0.00040805849130265415,0.001527111977338791,0.008970774710178375,0.08305328339338303,0.803687572479248,0.046177733689546585],[0.009168353863060474,0.22341807186603546,0.04863176867365837,0.03263324126601219,0.010905022732913494,0.11866972595453262,0.1467251181602478,0.18720200657844543,0.22264660894870758]],"label":[0,1,0,0,0,0,0,0,0]}