{"input":[[0.021816395223140717,0.00016332062659785151,0.05073064938187599,0.4942012131214142,0.3105616569519043,0.0003488014917820692,0.044229041785001755,0.048113130033016205,0.02983572706580162],[0.007511692587286234,0.00019879351020790637,0.6271788477897644,0.150202676653862,0.15633165836334229,0.0003077562141697854,0.0022697218228131533,0.010091039352118969,0.04590776562690735]],"label":[0,0,0,0,1,0,0,0,0]}