{"input":[[0.012020272202789783,0.002717840950936079,0.0023919555824249983,0.1973777562379837,0.009496529586613178,0.01064878236502409,0.7452006936073303,0.002972968388348818,0.017173228785395622],[0.10088647902011871,0.10460074245929718,0.09861137717962265,0.23254776000976562,0.04064808413386345,0.024179352447390556,0.26026055216789246,0.07947014272212982,0.05879557132720947]],"label":[0,0,0,0,0,0,1,0,0]}