{"input":[[0.0033288521226495504,0.17361077666282654,0.001135229947976768,0.011267689056694508,0.0006031199591234326,0.5241976976394653,0.2567777633666992,0.024258142337203026,0.004820769652724266],[0.003344950033351779,0.03217226639389992,0.002288567367941141,0.00015252336743287742,0.00011774733866332099,0.05750804394483566,0.01778876595199108,0.8728151321411133,0.013812006451189518]],"label":[0,0,0,0,0,1,0,0,0]}