{"input":[[0.0008071449119597673,0.018388666212558746,0.0012231322471052408,9.211565156874713e-06,5.183549365028739e-05,0.006160303950309753,0.9684516191482544,0.00292007252573967,0.0019879930187016726],[0.029381850734353065,0.23509415984153748,0.03540331497788429,0.053049486130476,0.023101139813661575,0.09007517248392105,0.11051244288682938,0.2637818157672882,0.159600630402565]],"label":[0,1,0,0,0,0,0,0,0]}