{"input":[[0.004407166503369808,0.2666410803794861,0.039389170706272125,0.08550924807786942,0.05813147872686386,0.2562265694141388,0.248207226395607,0.00267825392074883,0.03880978003144264],[0.01082542259246111,0.2956792116165161,0.10519998520612717,0.18255111575126648,0.03701956197619438,0.1099383607506752,0.208779975771904,0.030908983200788498,0.019097335636615753]],"label":[0,0,0,0,0,1,0,0,0]}