{"input":[[0.013495108112692833,0.0009227659902535379,0.21183793246746063,0.10960603505373001,0.4970283508300781,0.008201617747545242,0.04657513275742531,0.1080898717045784,0.004243242088705301],[0.0015243939124047756,4.771071326103993e-05,0.4616146981716156,0.41471731662750244,0.08317431807518005,0.0006083597545512021,0.011746123433113098,0.01848854497075081,0.008078530430793762]],"label":[0,0,0,0,1,0,0,0,0]}