{"input":[[0.0012802403653040528,0.05537891387939453,0.17026746273040771,0.0003274439077358693,0.08430128544569016,0.0031494253780692816,0.5183178186416626,0.16307415068149567,0.003903311677277088],[0.11211039125919342,0.029735475778579712,0.7388948798179626,4.1184943256666884e-05,0.0062288548797369,0.0009491160162724555,0.06209912151098251,0.04654013365507126,0.003400708083063364]],"label":[0,0,1,0,0,0,0,0,0]}