{"input":[[0.011571044102311134,0.12765225768089294,0.09733016043901443,0.035983745008707047,0.01611015573143959,0.16418232023715973,0.5145948529243469,0.01571257971227169,0.01686285436153412],[0.015648307278752327,0.12862259149551392,0.14990340173244476,0.06641779094934464,0.04703338444232941,0.38363486528396606,0.12583017349243164,0.052705682814121246,0.030203791335225105]],"label":[0,0,0,0,0,0,1,0,0]}