{"input":[[0.04309821128845215,0.00044361251639202237,0.013455282896757126,0.5536707043647766,0.18567027151584625,0.005334439221769571,0.07137240469455719,0.012035648338496685,0.11491943895816803],[0.23552575707435608,0.007922458462417126,0.0688086748123169,0.15066733956336975,0.15472941100597382,0.004269505385309458,0.04832993820309639,0.08378826081752777,0.24595877528190613]],"label":[0,0,0,0,1,0,0,0,0]}