{"input":[[0.4575267434120178,0.004225000739097595,0.03872781991958618,0.00015994619752746075,0.0010259377304464579,0.001043790252879262,0.0019674140494316816,0.4891327917575836,0.006190548650920391],[0.5547555088996887,0.004179887939244509,0.39333751797676086,0.00015585843357257545,0.0038343677297234535,0.0014495676150545478,0.023120524361729622,0.010494356043636799,0.008672322146594524]],"label":[1,0,0,0,0,0,0,0,0]}