{"input":[[0.0011864934349432588,0.0171463992446661,0.007025817409157753,0.0030848451424390078,0.0032977741211652756,0.01589815877377987,0.9044031500816345,0.030458861961960793,0.017498502507805824],[0.005052891559898853,0.029986534267663956,0.008778328076004982,0.014499063603579998,0.009588150307536125,0.015599822625517845,0.5475538372993469,0.3127295672893524,0.05621185898780823]],"label":[0,0,0,0,0,0,0,1,0]}