{"input":[[0.0031883660703897476,0.1357114613056183,0.004078700207173824,0.06170083209872246,0.02255834825336933,0.06554166227579117,0.6775819063186646,0.001581875141710043,0.02805686742067337],[0.0022089537233114243,0.04095127433538437,0.007103000767529011,0.10641970485448837,0.00889596901834011,0.2405029684305191,0.5711161494255066,0.0031795301474630833,0.019622424617409706]],"label":[0,0,0,0,0,1,0,0,0]}