{"input":[[0.12146179378032684,0.005350072402507067,0.5440787672996521,0.003754684003069997,0.010467703454196453,0.0003520931350067258,0.010187963023781776,0.28755664825439453,0.016790233552455902],[0.2564524710178375,0.010258447378873825,0.45487499237060547,0.010423374362289906,0.031158283352851868,0.0006911995587870479,0.016367748379707336,0.19568343460559845,0.02409001998603344]],"label":[1,0,0,0,0,0,0,0,0]}