{"input":[[0.0009700311929918826,3.473677497822791e-05,0.00012506902567110956,2.7881613277713768e-05,0.016255488619208336,9.639355266699567e-05,0.00138888880610466,0.9791344404220581,0.001967082032933831],[0.058161091059446335,0.0005797410267405212,0.005646964069455862,3.7848214560654014e-05,0.0038544186390936375,0.00016932703147176653,0.009892591275274754,0.9190227389335632,0.002635279670357704]],"label":[0,0,0,0,0,0,0,1,0]}