{"input":[[0.013612039387226105,0.004449601285159588,0.21867291629314423,0.2118721604347229,0.13931824266910553,0.009161470457911491,0.39855867624282837,0.00019365620391909033,0.004161287564784288],[0.0010062227956950665,0.0030112862586975098,0.5031886696815491,0.1369788944721222,0.04870738089084625,0.006764157209545374,0.2769508361816406,0.0035236019175499678,0.019868899136781693]],"label":[0,0,1,0,0,0,0,0,0]}