{"input":[[0.0014758181059733033,0.012890742160379887,0.0020439003128558397,0.042239099740982056,0.024487953633069992,0.035549744963645935,0.8487510085105896,0.0010884595103561878,0.031473200768232346],[0.022701483219861984,0.004674778785556555,0.018604999408125877,0.4065415561199188,0.05539090558886528,0.023750269785523415,0.3833214044570923,0.014499049633741379,0.07051553577184677]],"label":[0,1,0,0,0,0,0,0,0]}