{"input":[[0.0031387361232191324,0.00014672393444925547,0.0019001963082700968,0.8080136775970459,0.15918292105197906,0.004961051512509584,0.02187458798289299,0.0004399636818561703,0.0003421780711505562],[0.0034691437613219023,0.007874194532632828,0.26431581377983093,0.22731469571590424,0.1647457778453827,0.031269751489162445,0.07125101238489151,0.22029584646224976,0.009463715367019176]],"label":[0,0,0,1,0,0,0,0,0]}