{"input":[[0.04117591306567192,0.00018333201296627522,0.5352455377578735,7.667257887078449e-05,0.003831585869193077,6.658577331108972e-05,6.030348231433891e-05,0.414556622505188,0.0048034340143203735],[0.0689043179154396,0.055248185992240906,0.17309483885765076,0.13123908638954163,0.07329847663640976,0.03034934587776661,0.09259475022554398,0.2393852323293686,0.13588592410087585]],"label":[0,0,0,0,0,0,0,1,0]}