{"input":[[0.10796230286359787,0.0034126476384699345,0.0678606778383255,0.11052872240543365,0.23936845362186432,0.001979672349989414,0.1411478966474533,0.12267016619443893,0.20506946742534637],[0.006187116261571646,0.0020025859121233225,0.14896169304847717,0.6433774828910828,0.13659250736236572,0.002278441097587347,0.017252927646040916,0.014665421098470688,0.02868177369236946]],"label":[0,0,0,0,0,0,0,0,1]}