{"input":[[[0.048259854316711426,0.37782642245292664,0.26841074228286743,0.11644552648067474,0.189057394862175]],[[0.059648651629686356,0.3738243877887726,0.26316165924072266,0.11742834746837616,0.18593694269657135]],[[0.06527097523212433,0.3738449513912201,0.2559836208820343,0.12750345468521118,0.1773969829082489]],[[0.058512140065431595,0.37503373622894287,0.2618400752544403,0.12118551880121231,0.1834285408258438]],[[0.06254079192876816,0.3727703094482422,0.26189833879470825,0.11753569543361664,0.18525482714176178]]],"label":[0,0,0,1,0]}