{"input":[[[0.05819538235664368,0.3737849295139313,0.2650449275970459,0.11477600038051605,0.18819868564605713]],[[0.05182472616434097,0.3791894018650055,0.2608497440814972,0.12910786271095276,0.1790282428264618]],[[0.06271917372941971,0.37289515137672424,0.26138123869895935,0.1184612363576889,0.1845431923866272]],[[0.047715842723846436,0.38082078099250793,0.26233431696891785,0.12960460782051086,0.17952454090118408]],[[0.044400300830602646,0.38339534401893616,0.260677307844162,0.13596715033054352,0.1755599081516266]]],"label":[0,0,1,0,0]}