{"input":[[[0.6658939123153687,-2.2129745483398438,-0.3937971293926239,1.7187535762786865,1.2221243381500244]],[[0.45807090401649475,-0.3323417603969574,0.19007644057273865,0.33125805854797363,0.35293635725975037]],[[0.0742429569363594,0.37443363666534424,0.2432035505771637,0.1463623046875,0.16175752878189087]],[[0.3430950939655304,-0.2590830326080322,0.24278126657009125,0.3547671437263489,0.3184394836425781]],[[-0.2190837860107422,0.397911012172699,0.26932042837142944,0.44568932056427,0.10616299510002136]]],"label":[0,0,0,1,0]}