{"input":[[[0.49679064750671387,-0.4293782114982605,0.20907771587371826,0.3218233585357666,0.40168651938438416]],[[0.47229117155075073,-0.37809547781944275,0.20849739015102386,0.32297417521476746,0.3743326961994171]],[[0.07902007550001144,0.3649311363697052,0.2587972581386566,0.10960423946380615,0.1876472532749176]],[[0.10344690829515457,0.3433552086353302,0.2768285274505615,0.05058708041906357,0.22578227519989014]],[[0.08295702934265137,0.3601086437702179,0.2648247480392456,0.09355980902910233,0.19854973256587982]]],"label":[0,0,0,0,1]}