{"input":[[[0.12974339723587036,0.3182605504989624,0.3003389835357666,-0.021479085087776184,0.27313607931137085]],[[0.06329001486301422,0.369983971118927,0.2672801613807678,0.10564028471708298,0.19380563497543335]],[[0.10433859378099442,0.34886860847473145,0.26320338249206543,0.07825721055269241,0.2053322196006775]],[[0.07375099509954453,0.36456403136253357,0.2663653790950775,0.09839516133069992,0.19692444801330566]],[[0.06592082977294922,0.37102943658828735,0.2615787088871002,0.11524515599012375,0.18622584640979767]]],"label":[0,0,1,0,0]}