{"input":[[[0.05709298327565193,0.375544935464859,0.26248258352279663,0.12108378112316132,0.18379570543766022]],[[0.05300820991396904,0.37785056233406067,0.26240330934524536,0.12482582032680511,0.18191216886043549]],[[0.08847778290510178,0.3572787940502167,0.2643027901649475,0.08981196582317352,0.2001286745071411]],[[-1.901734471321106,-0.0716213807463646,1.5276864767074585,0.7597984075546265,0.6858709454536438]],[[0.05896370857954025,0.3754855692386627,0.26025819778442383,0.12409084290266037,0.18120166659355164]]],"label":[0,0,0,0,1]}