{"input":[[[0.07262225449085236,0.3693029582500458,0.2570357024669647,0.11886633187532425,0.18217279016971588]],[[0.06539493054151535,0.36867308616638184,0.2675982713699341,0.10313330590724945,0.19520045816898346]],[[0.5020073056221008,-0.5056309700012207,0.20230837166309357,0.38027289509773254,0.42104244232177734]],[[0.06348489224910736,0.37090516090393066,0.26494279503822327,0.11035089939832687,0.19031623005867004]],[[-1.901254415512085,-0.07424593716859818,1.527957558631897,0.7596625685691833,0.6878802180290222]]],"label":[0,0,1,0,0]}