{"input":[[[0.10507287085056305,0.3061016798019409,0.35794201493263245,-0.11994240432977676,0.35082578659057617]],[[0.0775393471121788,0.35133978724479675,0.2912619411945343,0.043155789375305176,0.23670312762260437]],[[0.49816808104515076,-0.33861711621284485,0.1733034998178482,0.3253825008869171,0.3417629897594452]],[[0.46230393648147583,-0.3156231641769409,0.1794002503156662,0.3353270888328552,0.338591992855072]],[[0.46196454763412476,-0.367075115442276,0.21743154525756836,0.31814637780189514,0.3695325553417206]]],"label":[0,0,0,1,0]}