{"input":[[[0.060320306569337845,0.37277767062187195,0.26467806100845337,0.1136760488152504,0.18854793906211853]],[[0.03637513518333435,0.3862327039241791,0.2643447816371918,0.13533839583396912,0.17770901322364807]],[[0.08050437271595001,0.364635705947876,0.25766417384147644,0.11065669357776642,0.18653899431228638]],[[0.07294654846191406,0.36786848306655884,0.25987714529037476,0.11264961212873459,0.18665826320648193]],[[0.056974202394485474,0.3760327398777008,0.26152119040489197,0.12319629639387131,0.18227559328079224]]],"label":[0,0,1,0,0]}