{"input":[[[0.4481144845485687,-0.34761306643486023,0.19478508830070496,0.3407834470272064,0.3639300763607025]],[[0.48470208048820496,-0.4410671889781952,0.19666679203510284,0.34821775555610657,0.41148051619529724]],[[0.48531806468963623,-0.3292713165283203,0.16285578906536102,0.3397047519683838,0.3413926362991333]],[[0.4647999405860901,-0.3292122185230255,0.1686924248933792,0.35119399428367615,0.34452584385871887]],[[0.4748660624027252,-0.3960079848766327,0.1954457014799118,0.3394303619861603,0.3862658739089966]]],"label":[0,0,1,0,0]}