{"input":[[[0.6396171450614929,-0.5890495181083679,0.23961013555526733,0.2436976581811905,0.4661245346069336]],[[0.05732153728604317,0.3623453974723816,0.2919910252094269,0.059293948113918304,0.22904802858829498]],[[0.5099949836730957,-0.3160656690597534,0.16142110526561737,0.3198356032371521,0.32481399178504944]],[[0.4459405839443207,-0.28984490036964417,0.18890154361724854,0.33059585094451904,0.32440686225891113]],[[0.5089412927627563,-0.41794446110725403,0.22227993607521057,0.2977069914340973,0.3890162706375122]]],"label":[0,0,0,1,0]}