{"input":[[[0.02801687642931938,0.10561854392290115,0.25354549288749695,0.40689539909362793,0.2059236615896225]],[[0.05392049252986908,0.3766200840473175,0.264017254114151,0.12066230177879333,0.18477991223335266]],[[0.5385363101959229,-0.5606222748756409,0.2174367606639862,0.3319758176803589,0.4726733863353729]],[[0.03808926045894623,0.380313515663147,0.2755066156387329,0.11055082082748413,0.19553983211517334]],[[0.38859614729881287,-0.29918840527534485,0.20707905292510986,0.3664599359035492,0.3370532691478729]]],"label":[0,0,0,1,0]}