{"input":[[[0.049410514533519745,0.3794492185115814,0.26330623030662537,0.12609173357486725,0.181742325425148]],[[0.05904680863022804,0.3725709915161133,0.26675722002983093,0.11044834554195404,0.19117659330368042]],[[0.07313217222690582,0.37858879566192627,0.2351972460746765,0.16404984891414642,0.14903195202350616]],[[0.04634662717580795,0.3840370774269104,0.25675952434539795,0.14244571328163147,0.17041106522083282]],[[0.04599730297923088,0.38245314359664917,0.2608029842376709,0.1343059539794922,0.17644058167934418]]],"label":[0,0,0,0,1]}