{"input":[[[0.07957141846418381,0.36083024740219116,0.26748406887054443,0.09096542000770569,0.2011488825082779]],[[0.09091155230998993,0.33573460578918457,0.3100508153438568,-0.007838818244636059,0.2711418569087982]],[[-0.64295893907547,0.6932746767997742,0.6716220378875732,0.3048691153526306,-0.026806874200701714]],[[1.9856042861938477,-3.240079402923584,-0.0832982212305069,0.5368847846984863,1.8008884191513062]],[[0.09179964661598206,0.1679612398147583,0.27889302372932434,0.33429616689682007,0.12704984843730927]]],"label":[0,1,0,0,0]}