{"input":[[[0.4558694362640381,-0.3137286901473999,0.1769854724407196,0.3392878770828247,0.3415859043598175]],[[0.5038862228393555,-0.3761085569858551,0.16423089802265167,0.3415393531322479,0.36645203828811646]],[[0.4643093943595886,-0.31618252396583557,0.1741141378879547,0.33781692385673523,0.3399421274662018]],[[0.49605125188827515,-0.38081181049346924,0.16980190575122833,0.34453296661376953,0.3704257309436798]],[[0.4654492735862732,-0.3185562789440155,0.17662256956100464,0.335405170917511,0.3410792648792267]]],"label":[0,0,1,0,0]}