{"input":[[[0.10278121381998062,0.3509865999221802,0.2604214549064636,0.08541800081729889,0.20039279758930206]],[[0.004664754960685968,0.2586599290370941,0.5917993783950806,-0.520294725894928,0.6651706099510193]],[[0.47380250692367554,-0.39219555258750916,0.2017412930727005,0.33450332283973694,0.3821484446525574]],[[0.4883899390697479,-0.35844138264656067,0.1911657303571701,0.3201734721660614,0.35871222615242004]],[[0.08670838922262192,0.35506364703178406,0.2714304029941559,0.07650371640920639,0.2102939486503601]]],"label":[0,0,1,0,0]}