{"input":[[[0.4823146462440491,-0.5411282181739807,0.18169626593589783,0.43497785925865173,0.44213950634002686]],[[0.02838045172393322,0.0991196259856224,0.25474461913108826,0.4067113399505615,0.21104393899440765]],[[0.03480720520019531,0.39169615507125854,0.2539263367652893,0.15846747159957886,0.16110284626483917]],[[0.0369691364467144,0.39041969180107117,0.25410225987434387,0.15620586276054382,0.16230307519435883]],[[0.47066664695739746,-0.6686586737632751,0.12963378429412842,0.5612415075302124,0.5071167945861816]]],"label":[0,0,0,0,1]}