{"input":[[[0.4404425621032715,-0.33151090145111084,0.20999038219451904,0.32849743962287903,0.35258054733276367]],[[-0.16455762088298798,0.17380134761333466,0.9873316287994385,-1.1959608793258667,1.199385404586792]],[[0.4810120463371277,-0.3398379385471344,0.25575339794158936,0.2603369355201721,0.34273552894592285]],[[-0.16320770978927612,0.15397213399410248,0.9900391101837158,-1.1944772005081177,1.2136735916137695]],[[0.07290337979793549,0.3669741451740265,0.26187655329704285,0.10852949321269989,0.18971647322177887]]],"label":[0,0,0,0,1]}