{"input":[[[0.4404393434524536,-0.307508260011673,0.190630242228508,0.33428436517715454,0.342154324054718]],[[-0.056019127368927,0.13685743510723114,0.5731538534164429,-0.29181337356567383,0.6378211975097656]],[[0.42026588320732117,-0.31866365671157837,0.20728926360607147,0.3443590998649597,0.346749484539032]],[[0.03992640599608421,0.38668501377105713,0.25884711742401123,0.14370796084403992,0.1708335131406784]],[[0.6822390556335449,-0.7115851640701294,0.2173178791999817,0.28345662355422974,0.528571605682373]]],"label":[0,0,0,1,0]}