{"input":[[[0.44618481397628784,-0.3354249894618988,0.20338016748428345,0.33369070291519165,0.35216936469078064]],[[0.035635463893413544,0.38813066482543945,0.2609233856201172,0.14314056932926178,0.17216992378234863]],[[0.05899559706449509,0.3813970983028412,0.2467355728149414,0.15231575071811676,0.16055595874786377]],[[0.06421981751918793,0.3722922205924988,0.2608621120452881,0.11823034286499023,0.18439559638500214]],[[0.05073151737451553,0.37940409779548645,0.26174578070640564,0.1281929910182953,0.1799255907535553]]],"label":[0,0,0,1,0]}