{"input":[[[0.561198353767395,-0.5095994472503662,0.23921866714954376,0.2691771984100342,0.44000521302223206]],[[0.4587024748325348,-0.3634467124938965,0.18947401642799377,0.34352752566337585,0.37174272537231445]],[[0.06394558399915695,0.3774105906486511,0.249542236328125,0.14211975038051605,0.1669817715883255]],[[0.2775527238845825,0.40239039063453674,0.07022445648908615,0.38665521144866943,-0.1368226557970047]],[[0.01858503185212612,0.4022349417209625,0.2503230571746826,0.18022634088993073,0.14863057434558868]]],"label":[0,0,0,1,0]}