{"input":[[[0.08345452696084976,0.35703882575035095,0.2711481750011444,0.07992233335971832,0.20843610167503357]],[[0.6173979043960571,-0.632670521736145,0.20375654101371765,0.33903834223747253,0.4724777340888977]],[[0.450139582157135,-0.2715013027191162,0.17492303252220154,0.3333359360694885,0.31310275197029114]],[[0.6091829538345337,-0.38834503293037415,0.12949414551258087,0.302227646112442,0.347440242767334]],[[0.06776022911071777,0.3683564364910126,0.26529639959335327,0.10587672889232635,0.19271016120910645]]],"label":[0,0,0,1,0]}