{"input":[[[0.9756548404693604,-1.3799233436584473,0.09563221782445908,0.4696912169456482,0.8389451503753662]],[[-0.16471533477306366,0.17611834406852722,0.9870152473449707,-1.196134090423584,1.1977158784866333]],[[0.4300214946269989,-0.31348198652267456,0.20398308336734772,0.33687421679496765,0.3426032066345215]],[[0.3811420798301697,-0.30138030648231506,0.24451221525669098,0.3363262712955475,0.3393997251987457]],[[-0.0028790622018277645,0.41985204815864563,0.23736163973808289,0.22609856724739075,0.11956685781478882]]],"label":[0,0,0,1,0]}