{"input":[[[0.47584378719329834,-0.38380855321884155,0.23771212995052338,0.3047112822532654,0.36554139852523804]],[[0.052875109016895294,0.37788793444633484,0.26248660683631897,0.12476830184459686,0.18198208510875702]],[[0.1296180784702301,0.3169954717159271,0.3009757399559021,-0.02220855839550495,0.27461934089660645]],[[0.08647088706493378,0.3585525453090668,0.26395756006240845,0.09228729456663132,0.19873173534870148]],[[0.06961219012737274,0.37271177768707275,0.25309470295906067,0.12973220646381378,0.17484913766384125]]],"label":[0,0,0,0,1]}