{"input":[[[-0.016025157645344734,0.1217040866613388,0.42116373777389526,0.04056807607412338,0.43258926272392273]],[[0.07685881108045578,0.3403981029987335,0.3169425427913666,-0.009874977171421051,0.27567559480667114]],[[0.42437881231307983,-0.3047124743461609,0.21130234003067017,0.33237943053245544,0.33665183186531067]],[[0.8945960402488708,-15.384517669677734,3.1116373538970947,-0.031831495463848114,12.410116195678711]],[[0.3024735450744629,-0.11986761540174484,0.27690503001213074,0.3002689480781555,0.2402200847864151]]],"label":[0,0,0,1,0]}