{"input":[[[0.07218062877655029,0.3366899788379669,0.33123037219047546,-0.03561016172170639,0.2955092489719391]],[[0.0421135276556015,0.3848978877067566,0.26015567779541016,0.13905799388885498,0.17377498745918274]],[[0.32092979550361633,-0.21605488657951355,0.24480628967285156,0.3585496246814728,0.29176920652389526]],[[0.08974529802799225,0.35467126965522766,0.2685791254043579,0.07978061586618423,0.20722369849681854]],[[0.06110654026269913,0.3757304251194,0.2569773197174072,0.12907063961029053,0.17711511254310608]]],"label":[0,0,1,0,0]}