{"input":[[[0.0535011850297451,0.37767982482910156,0.2621707022190094,0.12487944960594177,0.18176881968975067]],[[0.047617919743061066,0.3819321393966675,0.2599239647388458,0.13472624123096466,0.17579977214336395]],[[0.07756920903921127,0.36402878165245056,0.26276320219039917,0.10257451236248016,0.19306430220603943]],[[0.06137148663401604,0.37409135699272156,0.26038098335266113,0.1217271238565445,0.18242910504341125]],[[0.08060066401958466,0.36323076486587524,0.26077449321746826,0.10406827181577682,0.19132573902606964]]],"label":[0,0,0,1,0]}