{"input":[[[0.04330378398299217,0.3838631510734558,0.26099732518196106,0.13625921308994293,0.17557649314403534]],[[0.054647140204906464,0.37685632705688477,0.26259157061576843,0.12299776077270508,0.18290723860263824]],[[0.09354793280363083,0.3639664053916931,0.24251964688301086,0.1309053748846054,0.1690606325864792]],[[0.04615485295653343,0.3817025423049927,0.26231297850608826,0.1310136616230011,0.17881599068641663]],[[0.07035338878631592,0.3544490337371826,0.2680945098400116,0.1157800555229187,0.19132298231124878]]],"label":[0,0,0,0,1]}