{"input":[[[0.4813985824584961,-0.40260398387908936,0.20075789093971252,0.3360748887062073,0.38437262177467346]],[[0.5545998215675354,-0.5832759737968445,0.2020140439271927,0.34917622804641724,0.47748586535453796]],[[0.49820676445961,-0.5144246816635132,0.19841064512729645,0.3902917802333832,0.42751553654670715]],[[0.5431382060050964,-0.5724838972091675,0.20173166692256927,0.3493996560573578,0.4782143235206604]],[[0.9786723256111145,-1.3048043251037598,0.0831097885966301,0.5139641165733337,0.7290580868721008]]],"label":[0,0,0,0,1]}