{"input":[[[0.4487929046154022,-0.3247758150100708,0.18988914787769318,0.3367862403392792,0.34930750727653503]],[[0.4923071265220642,-0.4394848644733429,0.2298039346933365,0.3102228343486786,0.4071509838104248]],[[0.47257888317108154,-0.321098268032074,0.1736259013414383,0.33567824959754944,0.3392151892185211]],[[0.4643603563308716,-0.3002289831638336,0.17391550540924072,0.3338834345340729,0.32806962728500366]],[[-1.899188756942749,-0.08556125313043594,1.5291284322738647,0.7590777277946472,0.6965438723564148]]],"label":[0,0,0,0,1]}