{"input":[[[0.5553351640701294,-0.5300705432891846,0.22500912845134735,0.3061446249485016,0.4435817301273346]],[[-0.1642654538154602,0.16950984299182892,0.9879175424575806,-1.1956396102905273,1.2024776935577393]],[[0.07635604590177536,0.35941943526268005,0.25903671979904175,0.1225099265575409,0.18267786502838135]],[[0.061040960252285004,0.3733178377151489,0.2625172436237335,0.1175626888871193,0.18556122481822968]],[[0.059132207185029984,0.3746057450771332,0.26203492283821106,0.12023449689149857,0.18399260938167572]]],"label":[0,0,0,1,0]}