{"input":[[[0.45354902744293213,-0.3556135594844818,0.19804523885250092,0.33852818608283997,0.36549100279808044]],[[0.059993926435709,0.3708113431930542,0.26954981684684753,0.1037885993719101,0.19585628807544708]],[[-0.1637195497751236,0.16149060428142548,0.9890125393867493,-1.1950397491455078,1.2082561254501343]],[[0.5524049997329712,-0.46995681524276733,0.16136972606182098,0.3424779176712036,0.41370415687561035]],[[0.5675546526908875,-0.5648008584976196,0.19873015582561493,0.3274303674697876,0.47108572721481323]]],"label":[0,0,0,0,1]}