{"input":[[[0.45808494091033936,-0.39048588275909424,0.20422804355621338,0.34349656105041504,0.38467633724212646]],[[0.07370869815349579,0.3633553385734558,0.2691308856010437,0.09266335517168045,0.20114175975322723]],[[0.08349349349737167,0.3596881926059723,0.26212576031684875,0.10084012150764465,0.19385235011577606]],[[0.09657704830169678,0.35184937715530396,0.2664121389389038,0.0783146470785141,0.20684674382209778]],[[0.061254099011421204,0.37271812558174133,0.2636425793170929,0.11501936614513397,0.18736588954925537]]],"label":[0,0,1,0,0]}