{"input":[[[0.06667064875364304,0.37022292613983154,0.2624559998512268,0.11275813728570938,0.187892347574234]],[[0.053522542119026184,0.37631791830062866,0.265219509601593,0.11849702149629593,0.1864430010318756]],[[0.5220578908920288,-0.43362680077552795,0.18136066198349,0.33292651176452637,0.3972817361354828]],[[0.06188986822962761,0.37237226963043213,0.2636268138885498,0.11449532955884933,0.1876157522201538]],[[0.0775558203458786,0.357656329870224,0.26465103030204773,0.10752949118614197,0.1926073431968689]]],"label":[0,0,0,1,0]}