{"input":[[[0.09089069068431854,0.349684476852417,0.27849704027175903,0.0580570213496685,0.2228708565235138]],[[0.10903175175189972,0.3210653066635132,0.3204496204853058,-0.04541296139359474,0.29486626386642456]],[[0.4821058213710785,-0.3471289873123169,0.18813090026378632,0.32529908418655396,0.3515931963920593]],[[0.48323994874954224,-0.3843992054462433,0.20123445987701416,0.3272607922554016,0.3726640045642853]],[[1.0653077363967896,-1.164820909500122,0.2342224419116974,0.10763507336378098,0.7576556205749512]]],"label":[0,0,0,0,1]}