{"input":[[[0.09500347822904587,0.344704806804657,0.28453534841537476,0.041861481964588165,0.23389491438865662]],[[6.330090045928955,-9.41694450378418,-0.6486666202545166,0.4884544312953949,4.247066497802734]],[[0.47062236070632935,-0.5284419655799866,0.18209750950336456,0.43769198656082153,0.4380301237106323]],[[0.6663299798965454,-2.238081216812134,-0.38711562752723694,1.7154171466827393,1.2434496879577637]],[[0.10123346000909805,0.3425118327140808,0.2816358506679535,0.042465291917324066,0.23215359449386597]]],"label":[1,0,0,0,0]}