{"input":[[[0.07222729176282883,0.365640252828598,0.2658572196960449,0.10078789293766022,0.19548732042312622]],[[0.08525363355875015,0.3528686463832855,0.278367817401886,0.06326517462730408,0.2202446460723877]],[[0.06427179276943207,0.3728354871273041,0.2595643699169159,0.12089460343122482,0.18243370950222015]],[[0.07741279155015945,0.361943781375885,0.26052823662757874,0.11243913322687149,0.1876760572195053]],[[0.05906638130545616,0.37475430965423584,0.2617727518081665,0.12084128707647324,0.18356524407863617]]],"label":[0,0,1,0,0]}