{"input":[[[1.031218409538269,-0.013258054852485657,-0.4746827185153961,0.5523583292961121,-0.09563584625720978]],[[-1.9021483659744263,-0.06935115903615952,1.5274512767791748,0.7599155902862549,0.6841325759887695]],[[0.4551417827606201,-0.26764944195747375,0.17278653383255005,0.33051517605781555,0.30920591950416565]],[[0.08216942101716995,0.36074647307395935,0.2644186317920685,0.09508775174617767,0.19757770001888275]],[[1.6426331996917725,-0.46216881275177,-0.5419871807098389,0.18987587094306946,0.1716470569372177]]],"label":[0,0,1,0,0]}