{"input":[[[-0.1647728830575943,0.17696337401866913,0.9868999719619751,-1.1961976289749146,1.197107195854187]],[[0.0260197501629591,0.39540809392929077,0.25655797123908997,0.1606719046831131,0.1613423228263855]],[[0.06436773389577866,0.37624591588974,0.2504616379737854,0.14068087935447693,0.16824384033679962]],[[0.06446769088506699,0.3748394846916199,0.25475597381591797,0.13076715171337128,0.17516964673995972]],[[0.03896714374423027,0.388031005859375,0.25701647996902466,0.14836786687374115,0.16761745512485504]]],"label":[0,0,0,1,0]}