{"input":[[[0.06496462225914001,0.37087222933769226,0.26309484243392944,0.11292578279972076,0.18814250826835632]],[[-0.04525824263691902,0.472247838973999,0.3381575345993042,0.23692966997623444,-0.0020767671521753073]],[[0.04855123162269592,0.3815508782863617,0.2595808207988739,0.1346319615840912,0.1756851226091385]],[[0.06741977483034134,0.3705393373966217,0.26080143451690674,0.11555568128824234,0.18568381667137146]],[[0.06244530528783798,0.37324970960617065,0.26092201471328735,0.11966007947921753,0.18372295796871185]]],"label":[0,0,1,0,0]}