{"input":[[[0.5596550703048706,-0.4684326648712158,0.2430271953344345,0.2642326056957245,0.4015178084373474]],[[0.07961103320121765,0.35916653275489807,0.2711758017539978,0.08322814106941223,0.2068183869123459]],[[0.059141747653484344,0.3756938576698303,0.25949904322624207,0.12553289532661438,0.1801324039697647]],[[0.8945960402488708,-15.384517669677734,3.1116373538970947,-0.031831495463848114,12.410116195678711]],[[0.04381300508975983,0.3842340111732483,0.2594670057296753,0.13901866972446442,0.17346735298633575]]],"label":[0,0,0,1,0]}