{"input":[[[0.08364356309175491,0.3549058139324188,0.2757921814918518,0.07005022466182709,0.21560820937156677]],[[0.06442471593618393,0.37018898129463196,0.26538097858428955,0.10861334949731827,0.19139204919338226]],[[0.07466410845518112,0.3630795478820801,0.26857051253318787,0.09299304336309433,0.20069269835948944]],[[0.06006742641329765,0.3739354908466339,0.2623802423477173,0.11869373172521591,0.18492309749126434]],[[0.08850306272506714,0.38040757179260254,0.21146777272224426,0.20018914341926575,0.11943244189023972]]],"label":[0,0,0,0,1]}