{"input":[[[0.00567031791433692,0.1888689398765564,0.27561071515083313,0.3613017201423645,0.1685483306646347]],[[2.613403797149658,-3.3079097270965576,-0.055515505373477936,0.3314875066280365,1.4185338020324707]],[[0.3871740996837616,-0.23638980090618134,0.22362695634365082,0.3276776969432831,0.2979110777378082]],[[0.4418657720088959,-0.2955286204814911,0.19119034707546234,0.33041656017303467,0.332055926322937]],[[0.9641062617301941,-1.1534886360168457,0.17945802211761475,0.2756127119064331,0.7343116998672485]]],"label":[0,0,0,0,1]}