{"input":[[[0.6823551058769226,-0.7925549149513245,0.1792270988225937,0.37340834736824036,0.5575643181800842]],[[0.4915775656700134,-0.4443068504333496,0.19691656529903412,0.34753045439720154,0.4082823097705841]],[[0.45742619037628174,-0.30384722352027893,0.17925184965133667,0.3364146649837494,0.3307545483112335]],[[0.4467073082923889,-0.3368630111217499,0.20499244332313538,0.33192551136016846,0.35323774814605713]],[[0.454480916261673,-0.34876418113708496,0.19710569083690643,0.33755069971084595,0.3596269190311432]]],"label":[0,0,0,1,0]}