{"input":[[[0.0659029558300972,0.36751145124435425,0.2694751024246216,0.09879345446825027,0.19831709563732147]],[[0.06346479803323746,0.3711066246032715,0.2645080089569092,0.11127697676420212,0.18964353203773499]],[[0.05269485339522362,0.3790879249572754,0.25998079776763916,0.13016095757484436,0.17807543277740479]],[[0.0995168536901474,0.33927226066589355,0.27435144782066345,0.07105722278356552,0.21580222249031067]],[[0.10433807224035263,0.3629589080810547,0.23132097721099854,0.14481818675994873,0.1565639078617096]]],"label":[0,0,0,1,0]}