{"input":[[[0.0597318671643734,0.37366217374801636,0.2634150981903076,0.11682818084955215,0.186362624168396]],[[0.055403150618076324,0.3760022222995758,0.26356613636016846,0.12030263245105743,0.1847258359193802]],[[0.04623187705874443,0.38338372111320496,0.25839129090309143,0.13913770020008087,0.17285539209842682]],[[0.05618750676512718,0.36437636613845825,0.2707815170288086,0.11736942082643509,0.19128520786762238]],[[0.07464846968650818,0.36817842721939087,0.257038950920105,0.11708396673202515,0.18305020034313202]]],"label":[0,0,0,0,1]}