{"input":[[[0.4405675530433655,-0.3188193142414093,0.1950589120388031,0.3358648419380188,0.3473280072212219]],[[0.49249058961868286,-0.47411075234413147,0.20000247657299042,0.3518351912498474,0.429782509803772]],[[0.5317851901054382,-0.5292120575904846,0.18459796905517578,0.36236652731895447,0.45046231150627136]],[[0.5680080056190491,-0.46775344014167786,0.14600591361522675,0.3473072350025177,0.40643221139907837]],[[0.44107988476753235,-0.2994571924209595,0.18338027596473694,0.3402770459651947,0.33472004532814026]]],"label":[0,1,0,0,0]}