{"input":[[[0.05155814439058304,0.3802046477794647,0.25887033343315125,0.13347725570201874,0.17588961124420166]],[[0.07500503212213516,0.36263513565063477,0.2691427171230316,0.09150098264217377,0.2017161101102829]],[[0.06170351803302765,0.37326550483703613,0.2617998421192169,0.11848092079162598,0.1847502589225769]],[[0.07460585981607437,0.36513009667396545,0.2640111744403839,0.10256105661392212,0.19369177520275116]],[[0.05445673689246178,0.37749341130256653,0.261388897895813,0.12567538022994995,0.18098561465740204]]],"label":[0,0,1,0,0]}