{"input":[[[0.5157656669616699,-0.44782358407974243,0.20856031775474548,0.3181430995464325,0.40535449981689453]],[[0.0710354819893837,0.35863903164863586,0.2831767797470093,0.06567804515361786,0.22147062420845032]],[[0.40589404106140137,-0.269149512052536,0.21137166023254395,0.3342452049255371,0.31763866543769836]],[[0.4071090817451477,-0.2614672780036926,0.1993878185749054,0.34172874689102173,0.3132416903972626]],[[0.5468039512634277,-0.5132573246955872,0.20257991552352905,0.3270370066165924,0.43683645129203796]]],"label":[0,0,0,1,0]}