{"input":[[[0.03640167415142059,0.2738359570503235,0.5178303122520447,-0.39371731877326965,0.5656493902206421]],[[0.06003942713141441,0.37213894724845886,0.2664543688297272,0.11021813005208969,0.19114913046360016]],[[0.07676682621240616,0.3738379180431366,0.2413357049226761,0.14806056022644043,0.1599990278482437]],[[0.07072265446186066,0.36938032507896423,0.2592425048351288,0.11592389643192291,0.1847306191921234]],[[-0.7509527802467346,0.7359373569488525,0.4592648148536682,0.4185953438282013,0.1371552050113678]]],"label":[0,0,0,1,0]}