{"input":[[[0.07085167616605759,0.36507847905158997,0.2688460946083069,0.09575510025024414,0.19946864247322083]],[[0.6312341094017029,-0.6214647889137268,0.23466072976589203,0.25651055574417114,0.4990592896938324]],[[0.3960181176662445,-0.2600458264350891,0.22591987252235413,0.325432687997818,0.3126751184463501]],[[0.06693772226572037,0.3727880120277405,0.25628188252449036,0.12542088329792023,0.17857152223587036]],[[0.05620462819933891,0.3782907724380493,0.25732529163360596,0.13264107704162598,0.17553824186325073]]],"label":[0,0,0,0,1]}