{"input":[[[0.44337666034698486,-0.3430415093898773,0.19535167515277863,0.3435974419116974,0.36071571707725525]],[[0.419232040643692,-0.3048534095287323,0.24971705675125122,0.2926117777824402,0.34329259395599365]],[[0.43042805790901184,-0.5533765554428101,0.1578890085220337,0.5073403716087341,0.45771920680999756]],[[0.4770490229129791,-0.3341260254383087,0.1703973412513733,0.33986276388168335,0.34681689739227295]],[[0.504107654094696,-0.4500229060649872,0.23281428217887878,0.3045119047164917,0.4085890054702759]]],"label":[0,0,1,0,0]}