{"input":[[[0.447464257478714,-0.34662163257598877,0.23266379535198212,0.30992555618286133,0.35656800866127014]],[[-0.05550007522106171,0.3535917401313782,0.45342496037483215,-0.17889036238193512,0.4273737370967865]],[[-0.021027911454439163,0.432756632566452,0.23063845932483673,0.25609683990478516,0.10153596103191376]],[[0.07100535929203033,0.3787790536880493,0.23733657598495483,0.16146735846996307,0.15141168236732483]],[[-0.09074167907238007,0.32693904638290405,0.31552207469940186,0.44980692863464355,-0.0015264094108715653]]],"label":[0,0,1,0,0]}