{"input":[[[0.4929088354110718,-0.43988272547721863,0.20735830068588257,0.3382454812526703,0.401370108127594]],[[0.06641680002212524,0.3657401502132416,0.2729322016239166,0.09110651165246964,0.20380432903766632]],[[0.44976451992988586,-0.28339558839797974,0.17637799680233002,0.33426612615585327,0.322986900806427]],[[0.4538465142250061,-0.2897135019302368,0.1751440465450287,0.33461469411849976,0.3261081874370575]],[[0.4444262981414795,-0.3283463418483734,0.19431425631046295,0.33964893221855164,0.3499568998813629]]],"label":[1,0,0,0,0]}