{"input":[[[0.08932507783174515,0.35543033480644226,0.26741716265678406,0.08256875723600388,0.20525860786437988]],[[0.061979856342077255,0.3720290958881378,0.264290988445282,0.11302968114614487,0.1886703372001648]],[[0.081464484333992,0.3610500693321228,0.26454880833625793,0.09544754028320312,0.1974891722202301]],[[0.06497782468795776,0.3700237572193146,0.2650618553161621,0.1087946817278862,0.19114187359809875]],[[0.05863569304347038,0.37307554483413696,0.26613619923591614,0.11210409551858902,0.19004841148853302]]],"label":[0,0,1,0,0]}