{"input":[[[0.4307149350643158,-0.31578007340431213,0.2046474665403366,0.3353675305843353,0.3450501263141632]],[[0.025634977966547012,0.39157766103744507,0.26573699712753296,0.1418401151895523,0.17521028220653534]],[[0.0388428196310997,0.3891647756099701,0.2545833885669708,0.1535612940788269,0.16384780406951904]],[[0.054108522832393646,0.37852874398231506,0.2594679594039917,0.12999385595321655,0.17790091037750244]],[[0.04250872880220413,0.38512668013572693,0.25913962721824646,0.14083336293697357,0.17239156365394592]]],"label":[0,0,0,1,0]}