{"input":[[[0.4666416347026825,-0.37794485688209534,0.24465762078762054,0.2883768081665039,0.378268837928772]],[[0.5059940814971924,-0.4356827735900879,0.22623473405838013,0.3023761510848999,0.4010777473449707]],[[0.05823011323809624,0.3757757842540741,0.2604612112045288,0.12432227283716202,0.18121063709259033]],[[0.05356799438595772,0.3792099356651306,0.2585858106613159,0.1323130577802658,0.17632320523262024]],[[0.055972445756196976,0.37631845474243164,0.26211661100387573,0.12283418327569962,0.1827583760023117]]],"label":[0,0,0,1,0]}