{"input":[[[0.02828155644237995,0.10088741034269333,0.2544184625148773,0.40676143765449524,0.2096511721611023]],[[0.5234717130661011,-0.4673885405063629,0.2075144648551941,0.3219289779663086,0.4144733250141144]],[[0.43035098910331726,-0.2750106453895569,0.2081933170557022,0.31623566150665283,0.3202306628227234]],[[0.48786139488220215,-0.39868414402008057,0.23665307462215424,0.30347660183906555,0.37069305777549744]],[[0.48566821217536926,-0.3891228437423706,0.2065252661705017,0.31851357221603394,0.3784157931804657]]],"label":[0,0,0,1,0]}