{"input":[[[0.08431162685155869,0.35959479212760925,0.26427146792411804,0.09353142231702805,0.19829069077968597]],[[-0.1647229790687561,0.17623062431812286,0.9869999885559082,-1.1961426734924316,1.1976349353790283]],[[0.09980791062116623,0.3487529456615448,0.26923835277557373,0.06960959732532501,0.21259121596813202]],[[0.06821279972791672,0.3672547936439514,0.26723557710647583,0.10142891108989716,0.19586791098117828]],[[0.09302783757448196,0.3507642447948456,0.27324286103248596,0.06718014180660248,0.2157849371433258]]],"label":[0,0,1,0,0]}