{"input":[[[0.06941702216863632,0.37000516057014465,0.25949299335479736,0.11653950065374374,0.18454521894454956]],[[0.053275130689144135,0.3782210648059845,0.2612232565879822,0.12705682218074799,0.18022367358207703]],[[0.061690766364336014,0.3738492429256439,0.2605153024196625,0.12116963416337967,0.1827750951051712]],[[0.04874040558934212,0.38131511211395264,0.25992363691329956,0.13374082744121552,0.1762799322605133]],[[0.058304958045482635,0.37620797753334045,0.2594330906867981,0.12639407813549042,0.1796598732471466]]],"label":[0,0,1,0,0]}