{"input":[[[0.5493388772010803,-0.5059895515441895,0.22227878868579865,0.31754082441329956,0.41683104634284973]],[[-0.001981191337108612,0.4281497597694397,0.34616559743881226,0.20189443230628967,0.025771452113986015]],[[0.4735342562198639,-0.30162930488586426,0.16282989084720612,0.33990728855133057,0.3253578841686249]],[[0.489805668592453,-0.34084761142730713,0.16457228362560272,0.3395337462425232,0.34693586826324463]],[[0.5212157368659973,-0.5062651634216309,0.17416228353977203,0.3702388107776642,0.44064831733703613]]],"label":[0,0,1,0,0]}