{"input":[[[0.05200301483273506,0.3741244971752167,0.27209460735321045,0.10547427088022232,0.1963035762310028]],[[0.061266593635082245,0.3538318872451782,0.3063133955001831,0.02593502588570118,0.2526530623435974]],[[0.061407603323459625,0.3745681047439575,0.25923317670822144,0.12409655004739761,0.18069453537464142]],[[0.053058817982673645,0.37994834780693054,0.2575465142726898,0.1349303275346756,0.17451591789722443]],[[0.05863885208964348,0.3747009336948395,0.2623591721057892,0.12000621110200882,0.18429486453533173]]],"label":[0,0,0,1,0]}