{"input":[[[0.01969568058848381,0.3909047245979309,0.274681955575943,0.12837600708007812,0.18634171783924103]],[[0.04479779675602913,0.3829652965068817,0.2611481547355652,0.13463656604290009,0.176452174782753]],[[0.05833970382809639,0.37641578912734985,0.25892847776412964,0.12741521000862122,0.1789007931947708]],[[0.05832359194755554,0.37541255354881287,0.261220782995224,0.12264331430196762,0.1823997050523758]],[[0.105751171708107,0.32668715715408325,0.23542729020118713,0.1889437735080719,0.1431906521320343]]],"label":[0,0,0,1,0]}