{"input":[[[0.036169540137052536,0.39067453145980835,0.25454142689704895,0.15598709881305695,0.1626274734735489]],[[0.04770737141370773,0.38153740763664246,0.26073113083839417,0.1329573541879654,0.17706677317619324]],[[0.058341626077890396,0.3840690553188324,0.24149814248085022,0.16382531821727753,0.15226583182811737]],[[0.09100636839866638,0.35747426748275757,0.2606477737426758,0.09523522853851318,0.1956363469362259]],[[0.06229988858103752,0.3759070336818695,0.25508031249046326,0.1319853663444519,0.17472736537456512]]],"label":[0,0,0,1,0]}