{"input":[[[4.182642459869385,-15.207778930664062,-3.898547649383545,8.91316032409668,7.010523796081543]],[[0.07217727601528168,0.36769452691078186,0.26123571395874023,0.1104874387383461,0.1884050816297531]],[[0.04267610237002373,0.38586071133613586,0.25723111629486084,0.14467886090278625,0.1695532649755478]],[[-0.16456691920757294,0.17393805086612701,0.9873129725456238,-1.1959710121154785,1.199286937713623]],[[0.055854346603155136,0.3773155212402344,0.26001131534576416,0.1273321956396103,0.17948661744594574]]],"label":[0,0,1,0,0]}