{"input":[[[0.05284629017114639,0.3805901110172272,0.25632840394973755,0.13766638934612274,0.17256879806518555]],[[0.04948414862155914,0.38028672337532043,0.26131105422973633,0.13019408285617828,0.1787240356206894]],[[0.8945960402488708,-15.384517669677734,3.1116373538970947,-0.031831495463848114,12.410116195678711]],[[0.05787809193134308,0.37467625737190247,0.26344338059425354,0.11839405447244644,0.18560819327831268]],[[0.02334873378276825,0.39487990736961365,0.24271436035633087,0.20490746200084686,0.13414962589740753]]],"label":[0,0,0,0,1]}