{"input":[[[0.045949582010507584,0.38531067967414856,0.25436243414878845,0.1478007733821869,0.16657654941082]],[[0.04688166081905365,0.3817020654678345,0.2613980770111084,0.13228769600391388,0.1777305006980896]],[[0.11132113635540009,0.3370683789253235,0.2711407542228699,0.06272079050540924,0.21774892508983612]],[[0.0008359038038179278,0.20647187530994415,0.2805076241493225,0.35136476159095764,0.16081984341144562]],[[0.05681066960096359,0.3764268159866333,0.26083889603614807,0.12476317584514618,0.18116046488285065]]],"label":[0,0,0,0,1]}