{"input":[[[0.050933461636304855,0.3790777027606964,0.2622379660606384,0.1269870400428772,0.18076378107070923]],[[0.05937904492020607,0.3741934597492218,0.26267096400260925,0.11868775635957718,0.18506881594657898]],[[0.04603970795869827,0.3836997151374817,0.25790879130363464,0.14031511545181274,0.17203664779663086]],[[0.05635712295770645,0.37649908661842346,0.26124992966651917,0.12430129200220108,0.18159256875514984]],[[0.07438988238573074,0.3631819188594818,0.2626457214355469,0.10988715291023254,0.18989534676074982]]],"label":[0,0,0,1,0]}