{"input":[[[0.06537755578756332,0.3676426410675049,0.26991134881973267,0.0983278676867485,0.19874067604541779]],[[0.05300689488649368,0.37761515378952026,0.2629280686378479,0.12373335659503937,0.18271656334400177]],[[0.05664237216114998,0.3765413463115692,0.2607592046260834,0.12508349120616913,0.1809735745191574]],[[0.06089896708726883,0.37484514713287354,0.2592545449733734,0.1244954913854599,0.18050578236579895]],[[0.04915197938680649,0.38414937257766724,0.25295108556747437,0.1479455679655075,0.16580191254615784]]],"label":[0,0,0,0,1]}