{"input":[[[0.45389214158058167,-0.36707159876823425,0.19682739675045013,0.34400811791419983,0.3723439872264862]],[[0.06783020496368408,0.35950034856796265,0.2852851152420044,0.06407757848501205,0.22330673038959503]],[[0.4444577097892761,-0.34944796562194824,0.19915108382701874,0.34346500039100647,0.3623741865158081]],[[1.1142349243164062,-1.423317551612854,0.18170054256916046,0.2107747346162796,0.9166072607040405]],[[0.8944279551506042,-1.1787165403366089,0.15597297251224518,0.3328251540660858,0.7954904437065125]]],"label":[0,0,1,0,0]}