{"input":[[[0.04480290040373802,0.3841552138328552,0.25844448804855347,0.14027747511863708,0.17231988906860352]],[[0.053840141743421555,0.3777616024017334,0.2615528106689453,0.1258738785982132,0.18097145855426788]],[[0.03975160792469978,0.38610440492630005,0.26038819551467896,0.1406422108411789,0.17311358451843262]],[[0.049105819314718246,0.3815077841281891,0.25902876257896423,0.13528907299041748,0.17506858706474304]],[[0.05882135033607483,0.3761577904224396,0.25891196727752686,0.12702687084674835,0.1790820062160492]]],"label":[0,0,0,1,0]}