{"input":[[[0.44394397735595703,-0.27765318751335144,0.17826375365257263,0.3339978754520416,0.3214476704597473]],[[0.4846932590007782,-0.42817384004592896,0.23172466456890106,0.31373563408851624,0.39802029728889465]],[[0.5400220155715942,-0.5683656334877014,0.20763033628463745,0.3470955789089203,0.47361764311790466]],[[0.4442429840564728,-0.27370622754096985,0.1772576868534088,0.334501177072525,0.3177044093608856]],[[0.4289318025112152,-0.2800597548484802,0.18497173488140106,0.3404161036014557,0.32574012875556946]]],"label":[1,0,0,0,0]}