{"input":[[[0.4816974997520447,-0.4132220149040222,0.2041867971420288,0.3326804041862488,0.39465728402137756]],[[0.4575646221637726,-0.3672362267971039,0.1976778656244278,0.33886829018592834,0.37312546372413635]],[[0.4871818423271179,-0.32910677790641785,0.16997277736663818,0.3301239311695099,0.34182822704315186]],[[0.5048637390136719,-0.3483394682407379,0.16193373501300812,0.33113887906074524,0.35040315985679626]],[[0.47936946153640747,-0.3353148400783539,0.1757238358259201,0.33171796798706055,0.34850361943244934]]],"label":[0,0,0,0,1]}