{"input":[[[0.49207037687301636,-0.3807336390018463,0.23851162195205688,0.28260236978530884,0.367549329996109]],[[0.4547114670276642,-0.26264914870262146,0.23904438316822052,0.26020851731300354,0.3086847960948944]],[[0.15218719840049744,0.32814931869506836,0.24827049672603607,0.06787362694740295,0.20351934432983398]],[[0.06480537354946136,0.36949488520622253,0.26640158891677856,0.10616381466388702,0.19313424825668335]],[[-0.0013785146875306964,0.11353732645511627,0.3665635883808136,0.16097432374954224,0.3603033125400543]]],"label":[0,0,0,0,1]}