{"input":[[[0.4670568108558655,-0.3492114543914795,0.1894945502281189,0.33188408613204956,0.36077603697776794]],[[0.44540271162986755,-0.3131272494792938,0.19373999536037445,0.3296617269515991,0.3443228602409363]],[[0.43052756786346436,-0.30028119683265686,0.212466299533844,0.32310619950294495,0.33418118953704834]],[[0.44761818647384644,-0.3245590329170227,0.2051047682762146,0.3231702446937561,0.3486658036708832]],[[0.43365901708602905,-0.2983877956867218,0.2002076953649521,0.3284711241722107,0.33604997396469116]]],"label":[0,0,0,1,0]}