{"input":[[[0.06058704853057861,0.37152573466300964,0.26719120144844055,0.1081925630569458,0.1925034523010254]],[[0.06653127074241638,0.3681721091270447,0.2673141360282898,0.1027291789650917,0.1952533721923828]],[[0.058246828615665436,0.37438952922821045,0.26364409923553467,0.11764903366565704,0.18607056140899658]],[[0.06733015179634094,0.3691835403442383,0.2639855742454529,0.10898586362600327,0.19051487743854523]],[[0.056516390293836594,0.374973863363266,0.2645014822483063,0.11737345159053802,0.18663479387760162]]],"label":[0,0,0,1,0]}