{"input":[[[0.44728970527648926,-0.31647971272468567,0.18578514456748962,0.33718016743659973,0.34622472524642944]],[[0.4739488661289215,-0.3713010549545288,0.1896822601556778,0.3357751667499542,0.3718947768211365]],[[-6.17348575592041,22.921308517456055,6.464056491851807,-12.297786712646484,-9.914092063903809]],[[0.5089228749275208,-0.33820074796676636,0.15524251759052277,0.3326859176158905,0.3413495123386383]],[[0.7196927666664124,-0.7441794276237488,0.21109510958194733,0.2863668203353882,0.5270247459411621]]],"label":[0,0,0,0,1]}