{"input":[[[0.04836277291178703,0.3815271258354187,0.25989991426467896,0.13412505388259888,0.1760852038860321]],[[0.0559515580534935,0.36329135298728943,0.2769702970981598,0.1021953672170639,0.2015914022922516]],[[0.04174136742949486,0.386286199092865,0.2574535310268402,0.14503097534179688,0.16948796808719635]],[[0.055298153311014175,0.37681877613067627,0.26184436678886414,0.12399038672447205,0.1820482760667801]],[[0.054368697106838226,0.3784852921962738,0.25924152135849,0.13023827970027924,0.17766620218753815]]],"label":[0,0,0,1,0]}