{"input":[[[0.05141684412956238,0.37892287969589233,0.2619718611240387,0.12712116539478302,0.18056727945804596]],[[0.07783577591180801,0.36001062393188477,0.2715611755847931,0.08396527171134949,0.20662720501422882]],[[0.04759768396615982,0.38364705443382263,0.2560630440711975,0.14280550181865692,0.16988669335842133]],[[0.05441844463348389,0.3768427073955536,0.26291391253471375,0.12252415716648102,0.18330071866512299]],[[0.060932569205760956,0.3734964430332184,0.2622861862182617,0.11813242733478546,0.18515229225158691]]],"label":[0,0,1,0,0]}