{"input":[[[0.13461555540561676,0.32068994641304016,0.28895506262779236,-0.002028387039899826,0.25776779651641846]],[[0.061695367097854614,0.3710428476333618,0.266890287399292,0.10785026848316193,0.19252118468284607]],[[0.062221262603998184,0.3736686706542969,0.2602500021457672,0.12126044183969498,0.18259969353675842]],[[0.1052589863538742,0.34499672055244446,0.27086418867111206,0.061446234583854675,0.2174338847398758]],[[0.1008622869849205,0.35000455379486084,0.2651793956756592,0.07713980227708817,0.2068139612674713]]],"label":[0,0,1,0,0]}