{"input":[[[0.4800262749195099,-0.1952344924211502,0.3084295988082886,0.1357315629720688,0.27104711532592773]],[[-4.00917911529541,2.2744317054748535,1.0622789859771729,2.0153157711029053,-0.3428472578525543]],[[0.027611341327428818,0.4102567732334137,0.22050359845161438,0.23464180529117584,0.10698649287223816]],[[0.05962391197681427,0.3745414614677429,0.26155999302864075,0.12079598754644394,0.1834787279367447]],[[0.03742387518286705,0.38835614919662476,0.2581027150154114,0.14747586846351624,0.1686413288116455]]],"label":[0,0,0,1,0]}