{"input":[[[0.021215001121163368,0.1083349883556366,0.27933835983276367,0.35043662786483765,0.24067500233650208]],[[0.07149698585271835,0.3640735149383545,0.2703222930431366,0.09210534393787384,0.20200181007385254]],[[0.07283838093280792,0.3654594421386719,0.26548251509666443,0.10103826224803925,0.19518133997917175]],[[0.6306520104408264,-0.657459020614624,0.16944260895252228,0.3417285978794098,0.5156358480453491]],[[0.05997546762228012,0.37493810057640076,0.2602006494998932,0.12333007156848907,0.18155570328235626]]],"label":[0,1,0,0,0]}