{"input":[[[0.059413183480501175,0.37452176213264465,0.2618635296821594,0.12034804373979568,0.18385355174541473]],[[0.06131800636649132,0.3726281523704529,0.26374518871307373,0.11475331336259842,0.18755528330802917]],[[0.09280341863632202,0.35463947057724,0.26483389735221863,0.08491597324609756,0.20280729234218597]],[[0.07290512323379517,0.3659172058105469,0.2643405795097351,0.10336843878030777,0.19346868991851807]],[[0.08696366846561432,0.36073943972587585,0.25831279158592224,0.1036560982465744,0.19032803177833557]]],"label":[0,0,1,0,0]}