{"input":[[[0.42416369915008545,-0.2882671058177948,0.19605813920497894,0.33740758895874023,0.33063769340515137]],[[0.049824852496385574,0.3794122338294983,0.2628740668296814,0.12663008272647858,0.18125881254673004]],[[0.11793076246976852,0.356958270072937,0.22777502238750458,0.1403254121541977,0.15701055526733398]],[[0.0900939330458641,0.35524559020996094,0.26688143610954285,0.08301126956939697,0.20476774871349335]],[[0.4128725230693817,-0.18325412273406982,0.2001265436410904,0.3110538423061371,0.2592012286186218]]],"label":[0,0,0,1,0]}