{"input":[[[0.064260333776474,0.3729235827922821,0.2593676447868347,0.1213178038597107,0.1821306198835373]],[[0.06198835372924805,0.370985209941864,0.26665300130844116,0.10808898508548737,0.1922844499349594]],[[0.6662924289703369,-2.2359275817871094,-0.387688547372818,1.715703010559082,1.2416207790374756]],[[0.07279220223426819,0.3693511188030243,0.2566581070423126,0.11951717734336853,0.18168148398399353]],[[0.042490992695093155,0.3860599100589752,0.2570352852344513,0.14524510502815247,0.1691686362028122]]],"label":[0,0,0,0,1]}