{"input":[[[-3.977670431137085,2.160958766937256,1.0754483938217163,2.002161979675293,-0.2608985900878906]],[[0.04150012135505676,0.3835802674293518,0.26388636231422424,0.13181118667125702,0.17922213673591614]],[[0.0585356242954731,0.3810059130191803,0.2481943964958191,0.1496739238500595,0.1625901162624359]],[[-0.05352118983864784,0.281030535697937,0.4158448874950409,0.031081046909093857,0.3255647122859955]],[[0.8945960402488708,-15.384517669677734,3.1116373538970947,-0.031831495463848114,12.410116195678711]]],"label":[0,0,0,1,0]}