{"input":[[[0.08234446495771408,0.35768789052963257,0.2708114683628082,0.08165158331394196,0.20750463008880615]],[[0.03757667914032936,0.22609198093414307,0.4355427026748657,-0.1539958119392395,0.45478445291519165]],[[0.4413268566131592,-0.29909539222717285,0.20322319865226746,0.32080313563346863,0.3337421715259552]],[[0.45555561780929565,-0.2904137670993805,0.1920568197965622,0.3185248076915741,0.32427647709846497]],[[0.5218752026557922,-0.4243006110191345,0.23304690420627594,0.27681201696395874,0.392566442489624]]],"label":[0,0,0,0,1]}