{"input":[[[0.4723319113254547,-0.35409778356552124,0.2570536434650421,0.2567249536514282,0.3679872751235962]],[[0.493339866399765,-0.43170374631881714,0.19785432517528534,0.3371472656726837,0.4033622145652771]],[[0.05549211427569389,0.38437002897262573,0.2444271743297577,0.1602000594139099,0.15551066398620605]],[[0.08858957141637802,0.37773141264915466,0.21213459968566895,0.19348643720149994,0.12805788218975067]],[[0.03714060038328171,0.3894023299217224,0.25615236163139343,0.15178315341472626,0.1655215173959732]]],"label":[0,0,0,1,0]}