{"input":[[[-11.238943099975586,24.186038970947266,5.004576683044434,-7.314213275909424,-9.637459754943848]],[[-0.16477566957473755,0.17700456082820892,0.9868942499160767,-1.1962004899978638,1.1970773935317993]],[[0.8945960402488708,-15.384517669677734,3.1116373538970947,-0.031831495463848114,12.410116195678711]],[[0.5083926916122437,-0.4093823730945587,0.16102877259254456,0.35714203119277954,0.38281890749931335]],[[0.9930490851402283,-1.2637834548950195,0.1644735485315323,0.29715627431869507,0.8091045618057251]]],"label":[1,0,0,0,0]}