{"input":[[[0.5486941933631897,-0.5892712473869324,0.21248184144496918,0.339806467294693,0.4882887303829193]],[[0.0752657875418663,0.3571940064430237,0.28103387355804443,0.06646690517663956,0.220039501786232]],[[0.03717769682407379,0.39270636439323425,0.24863220751285553,0.16744987666606903,0.154033824801445]],[[0.035837285220623016,0.3933126926422119,0.2489517331123352,0.16795527935028076,0.1539430022239685]],[[0.021665234118700027,0.3974015414714813,0.25740665197372437,0.1627368927001953,0.16078969836235046]]],"label":[0,0,0,0,1]}