{"input":[[[0.07709244638681412,0.3424927592277527,0.31198441982269287,0.0002559137938078493,0.2681744396686554]],[[0.06623482704162598,0.35916051268577576,0.288003534078598,0.05981098860502243,0.22679011523723602]],[[0.4574812948703766,-0.383877158164978,0.20713837444782257,0.34030747413635254,0.37894999980926514]],[[0.45650365948677063,-0.3080703318119049,0.17171362042427063,0.3462648391723633,0.33358824253082275]],[[0.03512438014149666,0.3853771388530731,0.2676258981227875,0.1296304613351822,0.18224214017391205]]],"label":[0,0,0,1,0]}