{"input":[[[0.06720227748155594,0.36733171343803406,0.26834192872047424,0.10000210255384445,0.1971220076084137]],[[0.47414630651474,-0.41686978936195374,0.19864210486412048,0.34841302037239075,0.3956683278083801]],[[0.5154718160629272,-0.48773351311683655,0.20758329331874847,0.33202579617500305,0.4326525926589966]],[[0.531600296497345,-0.4415038228034973,0.17329473793506622,0.33685779571533203,0.3997510075569153]],[[0.43400123715400696,-0.29938238859176636,0.18593083322048187,0.34127387404441833,0.3381764888763428]]],"label":[1,0,0,0,0]}