{"input":[[[0.024258185178041458,0.11857328563928604,0.25757426023483276,0.3990379571914673,0.20055629312992096]],[[-0.013039898127317429,0.2570638358592987,0.29454225301742554,0.32285571098327637,0.13857804238796234]],[[0.33396974205970764,-0.25346580147743225,0.2367856651544571,0.3719854950904846,0.31072482466697693]],[[0.4235741198062897,-0.32666081190109253,0.22879835963249207,0.3252984881401062,0.348989874124527]],[[0.06488388031721115,0.3702141046524048,0.26473841071128845,0.10955438762903214,0.19060920178890228]]],"label":[0,0,0,0,1]}