{"input":[[[0.09719216078519821,0.3325790464878082,0.30918216705322266,-0.011501899920403957,0.27254849672317505]],[[0.06201065331697464,0.3691837787628174,0.27069589495658875,0.09963017702102661,0.19847944378852844]],[[0.04334844648838043,0.3856116831302643,0.25697603821754456,0.14461709558963776,0.16944675147533417]],[[0.05737293139100075,0.3757829964160919,0.26157447695732117,0.12273810803890228,0.18253153562545776]],[[0.00819528941065073,0.24945825338363647,0.2940532863140106,0.3186800479888916,0.12961313128471375]]],"label":[0,0,0,1,0]}