{"input":[[[0.027997976168990135,0.10595639795064926,0.2534831762313843,0.40690499544143677,0.2056574821472168]],[[0.9627193808555603,-0.7441116571426392,0.2866324484348297,0.03717420995235443,0.4575856029987335]],[[0.8945960402488708,-15.384517669677734,3.1116373538970947,-0.031831495463848114,12.410116195678711]],[[0.48219719529151917,-0.3892103433609009,0.21320602297782898,0.31626221537590027,0.37754490971565247]],[[0.45729437470436096,-0.34709492325782776,0.22393570840358734,0.31548553705215454,0.3503793179988861]]],"label":[0,0,0,1,0]}