{"input":[[[0.041577983647584915,0.38718685507774353,0.255627304315567,0.14898531138896942,0.16662254929542542]],[[0.03924032673239708,0.3868287205696106,0.2593977451324463,0.14315646886825562,0.17137672007083893]],[[0.3320147395133972,-0.3608691692352295,0.19761577248573303,0.4718642234802246,0.359374463558197]],[[0.07498008012771606,0.36605364084243774,0.2614477872848511,0.10758554190397263,0.1899329274892807]],[[0.05962960794568062,0.37780460715293884,0.25413236021995544,0.13630500435829163,0.17212837934494019]]],"label":[0,0,0,0,1]}