{"input":[[[0.6328319311141968,-0.6555576324462891,0.22009465098381042,0.28924277424812317,0.5133882761001587]],[[0.4629077613353729,-0.36280593276023865,0.18387116491794586,0.34462910890579224,0.3713979423046112]],[[0.16003185510635376,0.34844857454299927,0.19302155077457428,0.17623455822467804,0.12226344645023346]],[[0.42464837431907654,-0.2574780285358429,0.18788453936576843,0.33953362703323364,0.3054114878177643]],[[0.5998063087463379,-0.6137896776199341,0.210180401802063,0.32742536067962646,0.4763776361942291]]],"label":[0,0,0,1,0]}