{"input":[[[0.4929247200489044,-0.4526228904724121,0.1976195126771927,0.3451480567455292,0.41693058609962463]],[[0.7468697428703308,-0.8746570348739624,0.21123164892196655,0.2672147750854492,0.6493409276008606]],[[0.4622439444065094,-0.3511599898338318,0.200581356883049,0.33065065741539,0.35768404603004456]],[[0.48414769768714905,-0.31433290243148804,0.16996705532073975,0.32814130187034607,0.3320768475532532]],[[0.08161475509405136,0.28974008560180664,0.41408655047416687,-0.2144812047481537,0.429039865732193]]],"label":[0,0,0,0,1]}