{"input":[[[0.7787984013557434,-0.8198292851448059,0.2052975594997406,0.28177815675735474,0.5539552569389343]],[[0.05859974026679993,0.13532991707324982,0.26572710275650024,0.37209126353263855,0.16825196146965027]],[[0.4657147228717804,-0.2963288128376007,0.1669064611196518,0.33757758140563965,0.3261300027370453]],[[0.48798102140426636,-0.32050469517707825,0.15850423276424408,0.3373382091522217,0.3366812467575073]],[[0.5652362704277039,-0.6005387902259827,0.2037941962480545,0.3528037369251251,0.4787046015262604]]],"label":[0,0,1,0,0]}