{"input":[[[0.6242190003395081,-0.5551421046257019,0.22940166294574738,0.2783640921115875,0.42315739393234253]],[[0.11963117867708206,0.33358538150787354,0.27869001030921936,0.03250780329108238,0.23558565974235535]],[[0.059663426131010056,0.37642526626586914,0.2572006285190582,0.12987197935581207,0.1768387109041214]],[[0.9202396273612976,-1.187645435333252,0.16558250784873962,0.3170344829559326,0.7847887873649597]],[[0.09425564855337143,0.3563234508037567,0.25919926166534424,0.09540726244449615,0.19481439888477325]]],"label":[0,0,1,0,0]}