{"input":[[[0.5101395845413208,-0.4662034511566162,0.21580897271633148,0.32134008407592773,0.4189148247241974]],[[0.060465097427368164,0.37252771854400635,0.2650699019432068,0.11272955685853958,0.1892077773809433]],[[0.6664442420005798,-2.244670867919922,-0.38536158204078674,1.714540719985962,1.2490473985671997]],[[0.05635758116841316,0.3777620792388916,0.2583707869052887,0.13031594455242157,0.17719365656375885]],[[0.06254446506500244,0.37104666233062744,0.265810489654541,0.10936178267002106,0.19123660027980804]]],"label":[0,0,1,0,0]}