{"input":[[[0.06033233925700188,0.37242791056632996,0.2653748691082001,0.11222711950540543,0.18963775038719177]],[[0.06403525173664093,0.36904263496398926,0.2684374451637268,0.1025790199637413,0.1959056854248047]],[[0.05452535301446915,0.3841049373149872,0.24551795423030853,0.15891829133033752,0.15693339705467224]],[[0.05183061584830284,0.3794686198234558,0.2601441442966461,0.13058942556381226,0.1779671609401703]],[[0.01834949105978012,0.40235593914985657,0.2503372132778168,0.18040476739406586,0.1485525667667389]]],"label":[0,0,0,1,0]}