{"input":[[[0.05857789143919945,0.3737933933734894,0.26456964015960693,0.11542829126119614,0.1876307874917984]],[[0.06114600598812103,0.37340572476387024,0.26222315430641174,0.11807707697153091,0.1851479858160019]],[[0.4292299747467041,-0.2659282088279724,0.18522197008132935,0.33892783522605896,0.31254833936691284]],[[0.06823702901601791,0.3699952960014343,0.26099535822868347,0.11443710327148438,0.18633520603179932]],[[0.6239190697669983,0.08121931552886963,-0.16255339980125427,0.4922069013118744,-0.034791938960552216]]],"label":[0,0,0,0,1]}