{"input":[[[0.4693780541419983,-0.3921333849430084,0.20129013061523438,0.3385399281978607,0.38292527198791504]],[[0.5112955570220947,-0.489946573972702,0.2106597125530243,0.3342439532279968,0.4337473511695862]],[[0.4873332381248474,-0.4412834048271179,0.20145107805728912,0.3424478769302368,0.4100511968135834]],[[0.5779519081115723,-0.6164895296096802,0.2089238166809082,0.33492520451545715,0.49468860030174255]],[[0.4811308979988098,-0.3631330132484436,0.19049710035324097,0.3284788429737091,0.36302614212036133]]],"label":[1,0,0,0,0]}