{"input":[[[0.06749239563941956,0.369805246591568,0.2623499035835266,0.11226366460323334,0.18808875977993011]],[[0.061734843999147415,0.3717837333679199,0.26515305042266846,0.11144479364156723,0.1898835450410843]],[[0.05409437045454979,0.37875258922576904,0.25897932052612305,0.13102637231349945,0.17714734375476837]],[[0.06099995598196983,0.3729677200317383,0.2633931040763855,0.11576364934444427,0.18687567114830017]],[[0.0636122077703476,0.37190303206443787,0.26249298453330994,0.11536043137311935,0.18663139641284943]]],"label":[0,0,0,0,1]}