{"input":[[[0.44839751720428467,-0.33694446086883545,0.20184925198554993,0.3311302661895752,0.35556745529174805]],[[0.45035532116889954,-0.3312073349952698,0.19038882851600647,0.33549410104751587,0.3549690544605255]],[[0.4588645398616791,-0.3763372600078583,0.20908072590827942,0.33513882756233215,0.3732531666755676]],[[0.008216014131903648,0.41158583760261536,0.24197730422019958,0.20677550137043,0.13144537806510925]],[[0.4465925991535187,-0.2814280092716217,0.19259893894195557,0.3250364065170288,0.3172000050544739]]],"label":[0,0,0,1,0]}