{"input":[[[-0.04000740870833397,0.35694512724876404,0.32134711742401123,0.2677287459373474,0.09398632496595383]],[[0.6033448576927185,-0.504079282283783,0.24031706154346466,0.25884538888931274,0.40157195925712585]],[[0.3312702476978302,-0.17957083880901337,0.223770409822464,0.3574988543987274,0.2670312523841858]],[[0.04049961268901825,-0.1175108477473259,0.29471519589424133,0.40057572722435,0.38172027468681335]],[[0.43102943897247314,-0.24608294665813446,0.27469602227211,0.23821167647838593,0.3021458685398102]]],"label":[0,0,0,0,1]}