{"input":[[[0.06961143761873245,0.3700701892375946,0.259088933467865,0.11721542477607727,0.1840139776468277]],[[0.04271334782242775,0.3848978579044342,0.25939735770225525,0.14011675119400024,0.17287474870681763]],[[0.07673685997724533,0.36882779002189636,0.25292065739631653,0.12385758757591248,0.17765700817108154]],[[-0.10172391682863235,0.16910281777381897,0.5190623998641968,0.19526082277297974,0.2182978093624115]],[[0.04575945809483528,0.37884068489074707,0.26922762393951416,0.11693636327981949,0.18923598527908325]]],"label":[0,0,0,0,1]}