{"input":[[[0.01301250047981739,0.4087829291820526,0.24252554774284363,0.20138226449489594,0.13429680466651917]],[[0.02963649481534958,0.39376020431518555,0.25575700402259827,0.15917332470417023,0.1616729497909546]],[[0.05052734166383743,0.3806428015232086,0.259156197309494,0.13378703594207764,0.17588669061660767]],[[0.052144646644592285,0.37760257720947266,0.26401397585868835,0.12222681194543839,0.1840120106935501]],[[0.05362962186336517,0.3811109960079193,0.2541988492012024,0.14141924679279327,0.16964122653007507]]],"label":[0,0,0,0,1]}