{"input":[[[0.5714893341064453,-0.5810602903366089,0.22665922343730927,0.3029330372810364,0.47997865080833435]],[[0.02804667130112648,0.10508599877357483,0.25364378094673157,0.40688034892082214,0.20634324848651886]],[[0.4379356801509857,-0.2914202809333801,0.1892523318529129,0.3367781937122345,0.3274541199207306]],[[0.06698745489120483,0.37144550681114197,0.2592634856700897,0.11915131658315659,0.1831522285938263]],[[0.09092218428850174,0.35417383909225464,0.268216997385025,0.0795077532529831,0.2071792036294937]]],"label":[0,0,0,1,0]}