{"input":[[[0.42090117931365967,-0.4175358712673187,0.20482122898101807,0.39949628710746765,0.39231717586517334]],[[0.09215382486581802,0.34910228848457336,0.2781035304069519,0.05779764801263809,0.222842738032341]],[[0.4294886887073517,-0.2963806092739105,0.18724356591701508,0.34228014945983887,0.3373681604862213]],[[0.08269467204809189,0.3541116714477539,0.2731824517250061,0.08029396086931229,0.209717258810997]],[[0.05500936880707741,0.30017051100730896,0.36953914165496826,-0.053781427443027496,0.3290623128414154]]],"label":[1,0,0,0,0]}