{"input":[[[0.48505792021751404,-0.403637558221817,0.20145007967948914,0.33310025930404663,0.3840292990207672]],[[0.44658952951431274,-0.300670862197876,0.184366837143898,0.33201485872268677,0.33769962191581726]],[[0.1496698260307312,0.23638372123241425,0.3377302587032318,0.18765197694301605,0.08856417238712311]],[[0.48329687118530273,-0.3491142988204956,0.1962243765592575,0.3157593011856079,0.35383376479148865]],[[0.4563756287097931,-0.35970747470855713,0.21341188251972198,0.3217887580394745,0.36813122034072876]]],"label":[0,0,0,0,1]}