{"input":[[[0.09878477454185486,0.3498409688472748,0.2681465148925781,0.07276768982410431,0.21046005189418793]],[[0.06548681110143661,0.36896225810050964,0.2668270766735077,0.10466304421424866,0.1940607726573944]],[[0.06601142883300781,0.36011457443237305,0.2861284017562866,0.06392074376344681,0.22382484376430511]],[[0.06401122361421585,0.36975914239883423,0.2668755054473877,0.10585483908653259,0.19349926710128784]],[[0.053096748888492584,0.37890174984931946,0.25991183519363403,0.1299498975276947,0.17813971638679504]]],"label":[0,1,0,0,0]}