{"input":[[[0.06770908087491989,0.3654591739177704,0.27190834283828735,0.09211956709623337,0.2028038054704666]],[[0.053542450070381165,0.36627835035324097,0.28787747025489807,0.07118389755487442,0.22111782431602478]],[[0.09213414788246155,0.3596191108226776,0.25436073541641235,0.10737628489732742,0.18650969862937927]],[[0.05675793066620827,0.37629279494285583,0.2611977159976959,0.1240624412894249,0.18168914318084717]],[[0.056427888572216034,0.3763277530670166,0.261546790599823,0.12361989170312881,0.18207763135433197]]],"label":[0,0,0,1,0]}