{"input":[[[0.4536784887313843,-0.33157336711883545,0.19151774048805237,0.33909571170806885,0.34728139638900757]],[[0.042256779968738556,0.3843076825141907,0.26129350066185,0.13656063377857208,0.17558135092258453]],[[0.058176327496767044,0.3757716119289398,0.2605862021446228,0.12409861385822296,0.18136726319789886]],[[0.0533081591129303,0.37830913066864014,0.2609880268573761,0.12751780450344086,0.17987684905529022]],[[0.0650608167052269,0.3708600103855133,0.2630314528942108,0.1129678264260292,0.18807990849018097]]],"label":[0,0,0,1,0]}