{"input":[[[0.45975369215011597,-0.33919334411621094,0.18374305963516235,0.3389764428138733,0.35672008991241455]],[[0.5689924955368042,-0.5448601245880127,0.22554630041122437,0.2949010133743286,0.4554203748703003]],[[0.023718537762761116,0.3798263669013977,0.2550033628940582,0.19253866374492645,0.14891310036182404]],[[0.05045958235859871,0.39116570353507996,0.23525771498680115,0.1837744265794754,0.13934259116649628]],[[0.11626969277858734,0.33701032400131226,0.2750486135482788,0.04307768866419792,0.22859375178813934]]],"label":[0,0,0,0,1]}