{"input":[[[0.07640974223613739,0.36002451181411743,0.27328428626060486,0.08162455260753632,0.208656907081604]],[[-0.16463933885097504,0.17500221729278564,0.9871676564216614,-1.1960505247116089,1.1985200643539429]],[[0.4723207950592041,-0.36022621393203735,0.18034960329532623,0.34594857692718506,0.36160722374916077]],[[0.5098347663879395,-0.44240903854370117,0.173231840133667,0.3591808080673218,0.40016165375709534]],[[0.5228212475776672,-0.47000086307525635,0.21334420144557953,0.3147311210632324,0.41910430788993835]]],"label":[1,0,0,0,0]}