{"input":[[[0.09182930737733841,0.3572467565536499,0.2600908875465393,0.09568487852811813,0.19514818489551544]],[[0.0865829586982727,0.35530272126197815,0.2711745500564575,0.07712144404649734,0.20981834828853607]],[[0.07301442325115204,0.37201693654060364,0.25032415986061096,0.13255037367343903,0.17209407687187195]],[[0.06970082223415375,0.36965450644493103,0.25993093848228455,0.11537649482488632,0.18533718585968018]],[[0.10974399745464325,0.31943973898887634,0.2826460301876068,0.06158314272761345,0.22658710181713104]]],"label":[0,0,1,0,0]}