{"input":[[[0.5169180035591125,-0.44312816858291626,0.23092815279960632,0.30795082449913025,0.38733112812042236]],[[0.48638710379600525,-0.3755508065223694,0.21868623793125153,0.30161935091018677,0.3688581883907318]],[[0.00952146202325821,0.17406882345676422,0.2719452381134033,0.3690776824951172,0.17538678646087646]],[[0.03410676121711731,0.3887578845024109,0.2614350914955139,0.14340907335281372,0.17229120433330536]],[[0.5934361815452576,-0.5341228246688843,0.23371843993663788,0.2749183475971222,0.43204987049102783]]],"label":[0,0,0,0,1]}