{"input":[[[0.027996093034744263,0.10599005967378616,0.25347697734832764,0.40690597891807556,0.20563097298145294]],[[0.0902220755815506,0.3539915084838867,0.2695270776748657,0.0773821622133255,0.20887716114521027]],[[0.05804063007235527,0.3753339648246765,0.2617669105529785,0.1217484325170517,0.1831101030111313]],[[0.07056403160095215,0.3657618761062622,0.2676813006401062,0.09843466430902481,0.19755816459655762]],[[0.07671844959259033,0.3623453974723816,0.26767221093177795,0.09306483715772629,0.20019914209842682]]],"label":[0,1,0,0,0]}