{"input":[[[0.09849455207586288,0.3166787624359131,0.3429292142391205,-0.08297359943389893,0.3248710632324219]],[[0.5986338257789612,-0.5190510749816895,0.2461710423231125,0.24227020144462585,0.43197596073150635]],[[5.050543308258057,-5.952231407165527,-3.651669502258301,3.344653367996216,2.2087039947509766]],[[0.4831344485282898,-0.3441775143146515,0.169184148311615,0.3429574966430664,0.3489014506340027]],[[0.510579526424408,-0.435895174741745,0.24874815344810486,0.26253029704093933,0.41403719782829285]]],"label":[0,0,0,0,1]}