{"input":[[[0.04659264162182808,0.3823395073413849,0.26029878854751587,0.13483993709087372,0.17592917382717133]],[[0.053151827305555344,0.3775380551815033,0.26292282342910767,0.12361684441566467,0.18277044594287872]],[[0.07271498441696167,0.36925557255744934,0.2570234537124634,0.11881113797426224,0.18219473958015442]],[[0.07149926573038101,0.3641694188117981,0.26572203636169434,0.10477615147829056,0.1938330978155136]],[[0.054032765328884125,0.3750065565109253,0.25738951563835144,0.14156000316143036,0.17201119661331177]]],"label":[0,0,0,0,1]}