{"input":[[[1.1191813945770264,-1.5471450090408325,0.1247374415397644,0.3470284342765808,0.9561977982521057]],[[0.06920946389436722,0.3670835793018341,0.26633939146995544,0.10243335366249084,0.1949341744184494]],[[0.05336325615644455,0.37869465351104736,0.26001882553100586,0.12949873507022858,0.17842456698417664]],[[0.04908396303653717,0.38207903504371643,0.25772687792778015,0.13803376257419586,0.17307642102241516]],[[0.05930842459201813,0.37775489687919617,0.25462761521339417,0.13555675745010376,0.17275236546993256]]],"label":[0,0,0,1,0]}