{"input":[[[4.6629557609558105,-6.8545355796813965,-0.30430322885513306,0.1842208206653595,3.311662197113037]],[[0.05213863402605057,0.3723995089530945,0.27581775188446045,0.09758471697568893,0.20205935835838318]],[[0.1232103556394577,0.34000149369239807,0.2591846287250519,0.07019491493701935,0.2074086219072342]],[[0.45546555519104004,-0.3101074993610382,0.17925876379013062,0.33990079164505005,0.3354823887348175]],[[0.5146101713180542,-0.49032026529312134,0.21331913769245148,0.32871121168136597,0.4336796700954437]]],"label":[0,0,0,1,0]}