{"input":[[[0.5218515396118164,-0.5067995190620422,0.20373858511447906,0.33896854519844055,0.44224080443382263]],[[0.6298967003822327,-0.6468672752380371,0.22322236001491547,0.2825232446193695,0.5112249851226807]],[[0.8945960402488708,-15.384517669677734,3.1116373538970947,-0.031831495463848114,12.410116195678711]],[[0.07641609758138657,0.35738497972488403,0.2792103588581085,0.06925518810749054,0.21773339807987213]],[[0.17859381437301636,0.2507075071334839,0.3137066960334778,0.23557479679584503,0.021417202427983284]]],"label":[0,0,1,0,0]}