{"input":[[[0.46083903312683105,-0.36227449774742126,0.23627538979053497,0.30028074979782104,0.3648793399333954]],[[0.6565427184104919,-1.6744176149368286,-0.537126898765564,1.7903308868408203,0.7646708488464355]],[[0.05860840156674385,0.39581719040870667,0.21406489610671997,0.22096960246562958,0.11053992062807083]],[[0.06109209731221199,0.3752673864364624,0.25804832577705383,0.12684635818004608,0.17874588072299957]],[[0.04032309353351593,0.38611191511154175,0.25965315103530884,0.14167623221874237,0.1722356528043747]]],"label":[0,0,0,1,0]}