{"input":[[[0.0757315382361412,0.36475369334220886,0.2634311318397522,0.1027897521853447,0.19329389929771423]],[[0.08615024387836456,0.3551415801048279,0.26719436049461365,0.08924248814582825,0.20227140188217163]],[[0.058160413056612015,0.37448519468307495,0.26351383328437805,0.11800128221511841,0.18583931028842926]],[[0.059496790170669556,0.37257224321365356,0.2661471664905548,0.11133655905723572,0.19044730067253113]],[[0.05751734599471092,0.3761836290359497,0.26048266887664795,0.12489169090986252,0.18092459440231323]]],"label":[0,0,0,0,1]}