{"input":[[[0.04776381328701973,0.36885878443717957,0.28930720686912537,0.07325857877731323,0.2208116352558136]],[[0.45542967319488525,-0.33098968863487244,0.18650469183921814,0.33529791235923767,0.35375741124153137]],[[0.4977281093597412,-0.3749116063117981,0.14699436724185944,0.3676035404205322,0.36258554458618164]],[[0.44935503602027893,-0.3010973632335663,0.16911746561527252,0.3574928939342499,0.3251320421695709]],[[0.4221859276294708,-0.314564973115921,0.23684661090373993,0.30876171588897705,0.346770703792572]]],"label":[0,0,0,0,1]}