{"input":[[[0.05455479398369789,0.3793680965900421,0.2569392919540405,0.1348961591720581,0.17424161732196808]],[[0.04842182621359825,0.3812190294265747,0.26054105162620544,0.13273106515407562,0.17708706855773926]],[[0.09103403240442276,0.3638594448566437,0.2460852414369583,0.12562942504882812,0.17339186370372772]],[[0.07782206684350967,0.36744287610054016,0.254658967256546,0.11928476393222809,0.18079134821891785]],[[0.4639883041381836,-0.25974276661872864,0.16121265292167664,0.3349158465862274,0.2996259331703186]]],"label":[0,0,0,1,0]}