{"input":[[[0.43586403131484985,-0.2869473993778229,0.18838441371917725,0.33119216561317444,0.3315068185329437]],[[0.4687971770763397,-0.3920910358428955,0.19935959577560425,0.33874592185020447,0.38518834114074707]],[[1.7992206811904907,-3.3661282062530518,-0.37917283177375793,1.3492252826690674,1.5968550443649292]],[[0.34341007471084595,-0.20873479545116425,0.23006479442119598,0.3489595055580139,0.2863004207611084]],[[0.5225503444671631,-0.4424515962600708,0.23565444350242615,0.29427000880241394,0.3899767994880676]]],"label":[0,0,0,1,0]}