{"input":[[[0.462956964969635,-0.3779902458190918,0.20722053945064545,0.3328133821487427,0.37499937415122986]],[[0.09002407640218735,0.3533608913421631,0.2712464928627014,0.0739569440484047,0.2114115208387375]],[[0.4547654688358307,-0.2918476462364197,0.17052337527275085,0.3448989689350128,0.32165980339050293]],[[0.4404999017715454,-0.3339396119117737,0.19343341886997223,0.3491058051586151,0.35090047121047974]],[[-0.1225043311715126,0.1618070900440216,0.8259171843528748,-0.8444796204566956,0.9792596697807312]]],"label":[0,0,1,0,0]}