{"input":[[[0.4705302119255066,-0.40359076857566833,0.19978435337543488,0.3422665596008301,0.39100968837738037]],[[0.5231229066848755,-0.5088100433349609,0.20602352917194366,0.33663883805274963,0.44302475452423096]],[[0.4964069724082947,-0.33738547563552856,0.16655537486076355,0.32970887422561646,0.3447142541408539]],[[0.4845448136329651,-0.3345327377319336,0.1695583164691925,0.33447423577308655,0.34595540165901184]],[[0.46583402156829834,-0.33820825815200806,0.18447555601596832,0.33401060104370117,0.3538881540298462]]],"label":[0,0,1,0,0]}