{"input":[[[0.12380654364824295,0.32056936621665955,0.3028516471385956,-0.021582037210464478,0.27435439825057983]],[[0.05322473496198654,0.3760594427585602,0.26618802547454834,0.11673396080732346,0.18779383599758148]],[[0.6252747774124146,-0.6910436749458313,0.19141142070293427,0.3638039827346802,0.5105534791946411]],[[0.059474293142557144,0.37367144227027893,0.2636983394622803,0.1164664775133133,0.18668940663337708]],[[0.06417182832956314,0.36950820684432983,0.26723167300224304,0.104972705245018,0.19411563873291016]]],"label":[0,1,0,0,0]}