{"input":[[[0.4584878087043762,-0.35161247849464417,0.1842966228723526,0.34414488077163696,0.3646830916404724]],[[-0.16485019028186798,0.17809924483299255,0.98674476146698,-1.1962822675704956,1.1962884664535522]],[[0.44760841131210327,-0.2968389391899109,0.1786365807056427,0.337808221578598,0.3327857553958893]],[[0.512772798538208,-0.4766765534877777,0.19977642595767975,0.34015774726867676,0.4239696264266968]],[[0.46010100841522217,-0.30143600702285767,0.17602744698524475,0.33420461416244507,0.3311028778553009]]],"label":[0,1,0,0,0]}