{"input":[[[0.6318442225456238,-0.5203972458839417,0.14711079001426697,0.31404224038124084,0.42739996314048767]],[[0.4599601924419403,-0.33535364270210266,0.18626664578914642,0.33562952280044556,0.35349729657173157]],[[0.1319955289363861,0.3192518949508667,0.29511454701423645,-0.012513256631791592,0.2661513090133667]],[[0.4439178705215454,-0.2945918142795563,0.22682669758796692,0.2988645136356354,0.3249827027320862]],[[0.4604180157184601,-0.3253009617328644,0.20157486200332642,0.3182167112827301,0.34509143233299255]]],"label":[0,0,0,1,0]}