{"input":[[[0.048974838107824326,0.3720947206020355,0.2804573178291321,0.0906749814748764,0.20779813826084137]],[[0.07712871581315994,0.36180517077445984,0.2683759033679962,0.09123697876930237,0.20145319402217865]],[[0.06734886020421982,0.36964917182922363,0.26290029287338257,0.11123692989349365,0.18886476755142212]],[[0.0982234999537468,0.3730587065219879,0.2157297283411026,0.18280954658985138,0.13017849624156952]],[[0.06728488206863403,0.3685784935951233,0.2654127776622772,0.10604563355445862,0.19267815351486206]]],"label":[0,0,1,0,0]}