{"input":[[[0.45029300451278687,-0.3184811770915985,0.18888196349143982,0.3344030976295471,0.3449031412601471]],[[0.5047910213470459,-0.5222316384315491,0.21314206719398499,0.34967052936553955,0.4546281099319458]],[[0.5270441174507141,-0.511437714099884,0.17013052105903625,0.372405081987381,0.4418579936027527]],[[0.5594301223754883,-0.38683509826660156,0.12386611104011536,0.34383532404899597,0.3597034811973572]],[[0.6738370060920715,-1.0435972213745117,0.10387671738862991,0.5468761324882507,0.7190074920654297]]],"label":[0,0,1,0,0]}