{"input":[[[0.04738975688815117,0.3833051025867462,0.25709450244903564,0.14083503186702728,0.1713756024837494]],[[0.05175001546740532,0.37842226028442383,0.2626994550228119,0.1253076046705246,0.18182067573070526]],[[0.05493303760886192,0.37733423709869385,0.26114407181739807,0.125770702958107,0.18081799149513245]],[[0.05457276105880737,0.3771359920501709,0.26205021142959595,0.12419348210096359,0.18204756081104279]],[[0.05471929907798767,0.37764814496040344,0.26070696115493774,0.12686952948570251,0.18005609512329102]]],"label":[0,0,1,0,0]}