{"input":[[[0.05644197389483452,0.37472859025001526,0.2651483118534088,0.11608865857124329,0.1875924915075302]],[[0.05856279283761978,0.373886376619339,0.26439762115478516,0.11579669266939163,0.18735654652118683]],[[0.05555136501789093,0.3771040439605713,0.26088976860046387,0.12575975060462952,0.18069514632225037]],[[0.0605258084833622,0.3719843327999115,0.2662186920642853,0.11027894169092178,0.19099225103855133]],[[0.08009151369333267,0.36269092559814453,0.25962361693382263,0.10904055088758469,0.1885533481836319]]],"label":[0,0,0,0,1]}