{"input":[[[0.048161379992961884,0.3808043599128723,0.2618027329444885,0.13032591342926025,0.17890560626983643]],[[0.05874005705118179,0.3738362789154053,0.2642740309238434,0.115902379155159,0.18724730610847473]],[[0.41463136672973633,-0.2534596920013428,0.19028493762016296,0.34428703784942627,0.304256409406662]],[[0.06748294830322266,0.36943623423576355,0.26318901777267456,0.11052174121141434,0.1893700659275055]],[[0.048755716532468796,0.385876327753067,0.2494976669549942,0.15551133453845978,0.1603589802980423]]],"label":[0,0,0,1,0]}