{"input":[[[0.07792172580957413,0.3629979193210602,0.2646437883377075,0.09834146499633789,0.1960950344800949]],[[0.06120756268501282,0.3729344308376312,0.2632122337818146,0.11595838516950607,0.1866874247789383]],[[0.0636061355471611,0.3726235330104828,0.2608787715435028,0.11873391270637512,0.1841576099395752]],[[0.08269456773996353,0.3600558936595917,0.26532089710235596,0.09274422377347946,0.1991843432188034]],[[0.08411984145641327,0.3593374490737915,0.26513534784317017,0.09188748151063919,0.1995198279619217]]],"label":[0,0,1,0,0]}