{"input":[[[0.0498616024851799,0.3804364502429962,0.2604980170726776,0.13156089186668396,0.1776430755853653]],[[0.060873325914144516,0.37284761667251587,0.2638382613658905,0.11494223773479462,0.18749861419200897]],[[0.07171806693077087,0.36808592081069946,0.26094383001327515,0.1114954948425293,0.18775665760040283]],[[0.08451548218727112,0.3572412431240082,0.26527976989746094,0.09413792937994003,0.19882555305957794]],[[0.08936396986246109,0.3593807816505432,0.2584359645843506,0.10128336399793625,0.19153593480587006]]],"label":[0,0,0,1,0]}