{"input":[[[0.0610353909432888,0.37305137515068054,0.26316872239112854,0.11619897931814194,0.1865454912185669]],[[0.05056992173194885,0.38013598322868347,0.26028972864151,0.13137491047382355,0.17762939631938934]],[[0.05533839017152786,0.37718093395233154,0.26098349690437317,0.12575049698352814,0.1807466745376587]],[[0.053929246962070465,0.3783555328845978,0.2600899040699005,0.12885154783725739,0.17877382040023804]],[[0.07803388684988022,0.3615533709526062,0.2622256875038147,0.10722555220127106,0.19096152484416962]]],"label":[0,0,1,0,0]}