{"input":[[[0.4410189986228943,-0.3141597509384155,0.18841299414634705,0.3397137224674225,0.3450140357017517]],[[0.43855205178260803,-0.29513174295425415,0.1843044012784958,0.337596595287323,0.33467867970466614]],[[0.4568391740322113,-0.2864869236946106,0.17314951121807098,0.33456504344940186,0.32193318009376526]],[[0.4473111927509308,-0.27704814076423645,0.17592118680477142,0.33530470728874207,0.318511039018631]],[[0.4394822120666504,-0.3099624216556549,0.18701283633708954,0.3403792977333069,0.3430880904197693]]],"label":[1,0,0,0,0]}