{"input":[[[0.08007066696882248,0.36168259382247925,0.2649068832397461,0.09591295570135117,0.1974269449710846]],[[0.47034358978271484,-0.3322277367115021,0.1755976378917694,0.3396025598049164,0.3466838598251343]],[[0.8945960402488708,-15.384517669677734,3.1116373538970947,-0.031831495463848114,12.410116195678711]],[[0.4024884104728699,-0.35232409834861755,0.22190643846988678,0.36464378237724304,0.3632854223251343]],[[0.1513650119304657,0.328518271446228,0.24996888637542725,0.06473962217569351,0.20540818572044373]]],"label":[0,0,1,0,0]}