{"input":[[[0.4454648196697235,-0.3392523527145386,0.1942012459039688,0.34835442900657654,0.3512318432331085]],[[0.0611434243619442,0.3691647946834564,0.27183854579925537,0.09800220280885696,0.19985100626945496]],[[0.47061148285865784,-0.30393651127815247,0.16407088935375214,0.3419322371482849,0.327321857213974]],[[-0.2420179694890976,0.02877860888838768,0.7133554816246033,0.19289220869541168,0.3069916367530823]],[[0.5215227603912354,-0.36602723598480225,0.15042971074581146,0.34139779210090637,0.3526769280433655]]],"label":[1,0,0,0,0]}