{"input":[[[0.06274630129337311,0.3710162341594696,0.2655985951423645,0.10963299125432968,0.1910059154033661]],[[0.057041119784116745,0.37546345591545105,0.26271581649780273,0.12064564228057861,0.18413399159908295]],[[0.06279215961694717,0.3759769797325134,0.254227876663208,0.1333494633436203,0.17365354299545288]],[[0.05552399903535843,0.3764713704586029,0.26236191391944885,0.1227089986205101,0.1829337477684021]],[[0.048171158879995346,0.3821072280406952,0.25884461402893066,0.1364925056695938,0.1743844449520111]]],"label":[0,0,1,0,0]}