{"input":[[[0.05477725714445114,0.3753221929073334,0.26586490869522095,0.11605711281299591,0.18797846138477325]],[[0.047448642551898956,0.37473976612091064,0.27638673782348633,0.10051034390926361,0.20091451704502106]],[[0.4044838547706604,-0.27829670906066895,0.21563509106636047,0.3349239230155945,0.323253870010376]],[[0.48183339834213257,-0.5210098624229431,0.18886922299861908,0.41809433698654175,0.4322128891944885]],[[0.02808256261050701,0.10444433987140656,0.2537621557712555,0.40686213970184326,0.20684877038002014]]],"label":[0,0,1,0,0]}