{"input":[[[0.04392080381512642,0.37671956419944763,0.2762393057346344,0.10392860323190689,0.19919173419475555]],[[0.5641595721244812,-0.5473489165306091,0.22663821280002594,0.297946035861969,0.458605021238327]],[[0.02353983372449875,0.12195330858230591,0.2580704092979431,0.3976989686489105,0.1987375020980835]],[[0.48763778805732727,-0.44948437809944153,0.21971572935581207,0.33174216747283936,0.41038867831230164]],[[0.41037535667419434,-0.4091286361217499,0.203853040933609,0.40491193532943726,0.38998833298683167]]],"label":[0,0,0,1,0]}