{"input":[[[0.47511059045791626,-0.3240319788455963,0.17241612076759338,0.3348810076713562,0.34162428975105286]],[[0.45445993542671204,-0.31896382570266724,0.1799885332584381,0.33977675437927246,0.34473860263824463]],[[0.46184659004211426,-0.29836368560791016,0.1714055836200714,0.33600884675979614,0.3291027247905731]],[[0.4593527019023895,-0.30215010046958923,0.17033568024635315,0.340060830116272,0.3324008584022522]],[[0.48317793011665344,-0.3210057020187378,0.1680316925048828,0.33201390504837036,0.3377821445465088]]],"label":[0,0,1,0,0]}