{"input":[[[0.045754093676805496,0.3835185766220093,0.2586804926395416,0.13895367085933685,0.17309318482875824]],[[0.053087230771780014,0.37780246138572693,0.2624150812625885,0.12473161518573761,0.181963711977005]],[[0.4199858009815216,-0.2517695426940918,0.1923510730266571,0.3339313864707947,0.3055012822151184]],[[0.09584765136241913,0.3496605455875397,0.26179414987564087,0.0959947407245636,0.19670289754867554]],[[0.09878392517566681,0.35297277569770813,0.25286784768104553,0.11043530702590942,0.18494005501270294]]],"label":[0,0,0,0,1]}