{"input":[[[0.47385933995246887,-0.38891488313674927,0.20244631171226501,0.3318663537502289,0.3807428777217865]],[[0.6234143376350403,-0.601923406124115,0.21146245300769806,0.32076355814933777,0.44628310203552246]],[[0.4745124578475952,-0.306345134973526,0.17424429953098297,0.3282897174358368,0.32929864525794983]],[[0.40864089131355286,-0.22457218170166016,0.20697234570980072,0.31919389963150024,0.28976505994796753]],[[0.4116063117980957,-0.28204381465911865,0.20565180480480194,0.33696454763412476,0.32782116532325745]]],"label":[0,0,0,1,0]}