{"input":[[[0.08087802678346634,0.36306747794151306,0.2606505751609802,0.10411384701728821,0.19129003584384918]],[[0.050216492265462875,0.3797806203365326,0.2615452706813812,0.12906183302402496,0.17939580976963043]],[[0.06919693201780319,0.37051838636398315,0.25850966572761536,0.11880549043416977,0.18296951055526733]],[[-12.724464416503906,-2.411346673965454,8.762601852416992,2.613175630569458,4.760034084320068]],[[0.05051365867257118,0.3821044862270355,0.255889892578125,0.14061304926872253,0.17087888717651367]]],"label":[0,0,0,1,0]}