{"input":[[[0.6199936270713806,-0.5358754992485046,0.24213455617427826,0.24705380201339722,0.42669346928596497]],[[0.010618125088512897,0.11132557690143585,0.32002562284469604,0.2618519067764282,0.29617881774902344]],[[0.04413340240716934,0.38635483384132385,0.2542457580566406,0.14964242279529572,0.16562360525131226]],[[0.07558411359786987,0.36589282751083374,0.2609984278678894,0.1080058366060257,0.1895187348127365]],[[0.47889116406440735,-0.36887454986572266,0.21565963327884674,0.3088451027870178,0.3654787242412567]]],"label":[0,0,0,1,0]}