{"input":[[[0.06352932006120682,0.37145742774009705,0.2636096179485321,0.11310094594955444,0.18830274045467377]],[[0.0585901103913784,0.3737885653972626,0.2645730674266815,0.11540873348712921,0.18763945996761322]],[[0.11377871036529541,0.3533238470554352,0.24131189286708832,0.11568130552768707,0.17590418457984924]],[[0.06126073747873306,0.37194332480430603,0.26536229252815247,0.11142843961715698,0.19000522792339325]],[[0.41981855034828186,-0.4249993860721588,0.20161552727222443,0.4073774516582489,0.39618778228759766]]],"label":[0,0,0,1,0]}