{"input":[[[0.08957288414239883,0.35530710220336914,0.2673167288303375,0.08257539570331573,0.20522791147232056]],[[0.04930251091718674,0.38057321310043335,0.2608937919139862,0.131223663687706,0.17800678312778473]],[[0.7674619555473328,-0.42155930399894714,0.0931396409869194,0.23466145992279053,0.3262961804866791]],[[0.6054790616035461,-0.2696398198604584,0.13329747319221497,0.2492792159318924,0.28158411383628845]],[[0.045947324484586716,0.3863423764705658,0.25199657678604126,0.1527489870786667,0.16296476125717163]]],"label":[0,0,0,1,0]}