{"input":[[[0.09662557393312454,0.3481592833995819,0.27467912435531616,0.06101784482598305,0.21951821446418762]],[[0.11936482787132263,0.3197804093360901,0.3102703392505646,-0.0331905297935009,0.2837749421596527]],[[0.5174038410186768,-0.4951307475566864,0.22300072014331818,0.3234730362892151,0.4312531352043152]],[[0.46418625116348267,-0.3348231613636017,0.18630138039588928,0.33664917945861816,0.3476863205432892]],[[0.5084299445152283,-0.489051878452301,0.2186722308397293,0.33697015047073364,0.424979567527771]]],"label":[0,0,1,0,0]}