{"input":[[[0.08209051936864853,0.3625529706478119,0.2603076994419098,0.10376438498497009,0.1912844330072403]],[[0.06901486963033676,0.36803293228149414,0.26448506116867065,0.10646498948335648,0.19200217723846436]],[[0.39144793152809143,-0.23857656121253967,0.2114662379026413,0.3305896818637848,0.3050726652145386]],[[0.06341030448675156,0.37173864245414734,0.263115793466568,0.11423764377832413,0.18749766051769257]],[[0.08306083083152771,0.36881396174430847,0.24490530788898468,0.13507328927516937,0.16814665496349335]]],"label":[0,0,0,1,0]}