{"input":[[[0.47088804841041565,-0.38851723074913025,0.2017328143119812,0.3381847143173218,0.3777117431163788]],[[0.4401698410511017,-0.28266358375549316,0.184307262301445,0.3333050310611725,0.3248814642429352]],[[0.4494244456291199,-0.278276264667511,0.17608489096164703,0.33456680178642273,0.31820014119148254]],[[0.4418833553791046,-0.27276811003685,0.17865614593029022,0.3338807225227356,0.31834787130355835]],[[0.45209750533103943,-0.2822270095348358,0.1775730550289154,0.3318811357021332,0.3206753432750702]]],"label":[1,0,0,0,0]}