{"input":[[[0.05361757427453995,0.3765176832675934,0.2646336853504181,0.11963982880115509,0.18559125065803528]],[[0.06983029097318649,0.3658728003501892,0.2683444321155548,0.09769445657730103,0.19825802743434906]],[[0.049006491899490356,0.38202574849128723,0.25795021653175354,0.13763418793678284,0.17338334023952484]],[[0.573249101638794,-0.3870144784450531,0.1226913332939148,0.3370935916900635,0.35398048162460327]],[[0.038620203733444214,-0.08391626179218292,0.28851667046546936,0.4015272557735443,0.3552521765232086]]],"label":[0,0,0,1,0]}