{"input":[[[0.07659928500652313,0.36412081122398376,0.2637394070625305,0.10139302909374237,0.1941474974155426]],[[0.06137211248278618,0.3720700740814209,0.2649615406990051,0.11216213554143906,0.18943412601947784]],[[0.05777547135949135,0.3675420880317688,0.2663635015487671,0.12179062515497208,0.1865283101797104]],[[-0.5520349740982056,0.17903241515159607,0.7542608976364136,0.12630733847618103,0.4924342632293701]],[[0.11373087763786316,0.3517007529735565,0.24503280222415924,0.10795756429433823,0.18157795071601868]]],"label":[0,0,0,0,1]}