{"input":[[[0.06211719661951065,0.3706578016281128,0.26719847321510315,0.10684415698051453,0.19318228960037231]],[[0.06257051229476929,0.36936792731285095,0.26955869793891907,0.10151755809783936,0.1969853639602661]],[[0.14843155443668365,0.3294447064399719,0.2515483796596527,0.06401345878839493,0.20656190812587738]],[[0.14919105172157288,0.32749229669570923,0.25503185391426086,0.056071728467941284,0.21221308410167694]],[[0.05773508921265602,0.37561509013175964,0.26148486137390137,0.12261102348566055,0.1825539618730545]]],"label":[0,1,0,0,0]}