{"input":[[[-0.10250949114561081,0.4701254367828369,0.2476811558008194,0.29204124212265015,0.09266163408756256]],[[0.5006842613220215,-0.3910299241542816,0.17597182095050812,0.3379603624343872,0.3764134645462036]],[[0.774099588394165,-1.031383991241455,0.16032478213310242,0.3776816129684448,0.7192780375480652]],[[0.7735963463783264,-0.8883990049362183,0.18767361342906952,0.32164886593818665,0.6054801344871521]],[[-0.16472315788269043,0.17623279988765717,0.9869997501373291,-1.1961429119110107,1.1976336240768433]]],"label":[0,0,1,0,0]}