{"input":[[[0.04508594423532486,0.3795766234397888,0.26840493083000183,0.11924439668655396,0.18768811225891113]],[[0.06009380519390106,0.371946781873703,0.2668340802192688,0.10937502980232239,0.19175025820732117]],[[0.07103443890810013,0.3679591715335846,0.26208874583244324,0.10970422625541687,0.18921345472335815]],[[0.06932351738214493,0.3692253530025482,0.2613683044910431,0.11270773410797119,0.18737509846687317]],[[0.09518305212259293,0.30197227001190186,0.38082069158554077,-0.15927204489707947,0.38129597902297974]]],"label":[0,0,0,1,0]}