{"input":[[[0.6406015753746033,-0.6516271233558655,0.199517622590065,0.3437287509441376,0.46777912974357605]],[[0.048830319195985794,0.354250431060791,0.32092028856277466,0.006347235757857561,0.26965171098709106]],[[0.6221029758453369,-0.6936646699905396,0.20752792060375214,0.3262920081615448,0.5377417802810669]],[[0.7562937140464783,-0.9038711786270142,0.1872498095035553,0.3282889425754547,0.6320387125015259]],[[0.6052863001823425,-0.634340763092041,0.22110983729362488,0.2977491319179535,0.5101954936981201]]],"label":[0,0,1,0,0]}