{"input":[[[3.629786968231201,-5.202447414398193,-0.16071870923042297,0.19604608416557312,2.537332773208618]],[[0.484719455242157,-0.3979739546775818,0.20215219259262085,0.32776543498039246,0.3833369314670563]],[[0.43942874670028687,-0.27722251415252686,0.18176795542240143,0.3345355987548828,0.32149025797843933]],[[0.41905853152275085,-0.2538328766822815,0.18405337631702423,0.3439937233924866,0.3067272901535034]],[[0.07344955205917358,0.3616056442260742,0.27342018485069275,0.08393468707799911,0.2075899839401245]]],"label":[0,0,0,1,0]}