{"input":[[[0.054947178810834885,0.37659069895744324,0.26280832290649414,0.12228383868932724,0.18336987495422363]],[[0.055526819080114365,0.37589791417121887,0.26365500688552856,0.12000714242458344,0.18491311371326447]],[[0.055108558386564255,0.3807308077812195,0.2532079219818115,0.14219124615192413,0.16876141726970673]],[[0.06308144330978394,0.37293505668640137,0.26084578037261963,0.11925967782735825,0.18387797474861145]],[[0.07013656198978424,0.36762627959251404,0.2639879286289215,0.10652203112840652,0.1917271763086319]]],"label":[0,0,0,0,1]}