{"input":[[[0.5957931876182556,-0.5709755420684814,0.22398869693279266,0.29626408219337463,0.4549295902252197]],[[0.06947529315948486,0.3666671812534332,0.26697489619255066,0.10086826235055923,0.1960143744945526]],[[0.1376667320728302,0.3300478160381317,0.2637062668800354,0.04806032031774521,0.22051885724067688]],[[0.47044259309768677,-0.31027209758758545,0.17108957469463348,0.3362242877483368,0.3325156271457672]],[[0.465278685092926,-0.3443932831287384,0.23812805116176605,0.2857767939567566,0.35520973801612854]]],"label":[0,0,1,0,0]}