{"input":[[[0.06618878990411758,0.3684227764606476,0.26716235280036926,0.10334909707307816,0.19487707316875458]],[[0.04225326329469681,0.38520824909210205,0.2592768967151642,0.14077040553092957,0.17249122262001038]],[[0.8945960402488708,-15.384517669677734,3.1116373538970947,-0.031831495463848114,12.410116195678711]],[[0.046289462596178055,0.38321608304977417,0.25870177149772644,0.1384383738040924,0.17335428297519684]],[[0.06183479726314545,0.37339553236961365,0.2613690495491028,0.11925942450761795,0.18414118885993958]]],"label":[0,0,1,0,0]}