{"input":[[[0.04128049314022064,0.38554567098617554,0.25972452759742737,0.1406901627779007,0.17275922000408173]],[[-0.021699832752346992,0.2899393141269684,0.3029073178768158,0.305297315120697,0.12355588376522064]],[[0.07563160359859467,0.3665991425514221,0.25936800241470337,0.11136242002248764,0.1870388239622116]],[[0.08235303312540054,0.36151406168937683,0.25939321517944336,0.1075730100274086,0.18916665017604828]],[[0.06655234098434448,0.3713768422603607,0.2599882483482361,0.11801458895206451,0.18406789004802704]]],"label":[0,0,0,0,1]}