{"input":[[[0.5018742084503174,-0.4492863714694977,0.20728708803653717,0.32735931873321533,0.4127658009529114]],[[0.5916085243225098,-0.6007636785507202,0.22263368964195251,0.301092267036438,0.4854291081428528]],[[0.05558416619896889,0.37462425231933594,0.26643842458724976,0.1141514703631401,0.1892016977071762]],[[0.0389828234910965,0.3871205449104309,0.25904181599617004,0.14412906765937805,0.17072580754756927]],[[0.4532676339149475,-0.3533741235733032,0.203171044588089,0.3320341110229492,0.3649013042449951]]],"label":[0,0,0,1,0]}