{"input":[[[0.07136902213096619,0.35883671045303345,0.28231361508369446,0.06718725711107254,0.22029341757297516]],[[0.06197550147771835,0.37203383445739746,0.2642703056335449,0.11307983100414276,0.18864046037197113]],[[0.060653723776340485,0.37475913763046265,0.25975510478019714,0.12366574257612228,0.18116623163223267]],[[0.08947962522506714,0.3599269688129425,0.2569643259048462,0.10427302122116089,0.18935610353946686]],[[0.13786354660987854,0.32212767004966736,0.28141796588897705,0.010903695598244667,0.24768713116645813]]],"label":[0,0,0,1,0]}