{"input":[[[-0.00773041695356369,0.23627658188343048,0.28960469365119934,0.33350738883018494,0.14834173023700714]],[[0.06508971005678177,0.36880064010620117,0.26766136288642883,0.10327533632516861,0.19517290592193604]],[[0.06539972871541977,0.37350279092788696,0.2565925419330597,0.1261201947927475,0.1783847212791443]],[[0.3624193072319031,-0.25552040338516235,0.24550402164459229,0.3355844020843506,0.3120127022266388]],[[0.07447400689125061,0.36885014176368713,0.2556978166103363,0.12004494667053223,0.18093310296535492]]],"label":[0,0,0,1,0]}