{"input":[[[0.5300357937812805,-0.44528940320014954,0.2357635647058487,0.292060911655426,0.3874291181564331]],[[0.04715748503804207,0.38186872005462646,0.26065951585769653,0.13359101116657257,0.17672324180603027]],[[0.05436795949935913,0.37695538997650146,0.26266735792160034,0.12309448421001434,0.1829148232936859]],[[0.05502542853355408,0.3782566785812378,0.2588902413845062,0.13040535151958466,0.17742227017879486]],[[0.03250899538397789,0.3920194208621979,0.2560863494873047,0.1559700220823288,0.16341520845890045]]],"label":[0,0,0,0,1]}