{"input":[[[0.03512423858046532,0.3821699917316437,0.2750217020511627,0.11416184157133102,0.1935221254825592]],[[0.8945960402488708,-15.384517669677734,3.1116373538970947,-0.031831495463848114,12.410116195678711]],[[0.1006610095500946,0.3677370548248291,0.22481633722782135,0.16168271005153656,0.14510297775268555]],[[0.42602628469467163,-0.2621246576309204,0.19346214830875397,0.33177340030670166,0.31086283922195435]],[[0.057478468865156174,0.37337446212768555,0.2668236196041107,0.111701101064682,0.19062232971191406]]],"label":[0,0,0,0,1]}