{"input":[[[0.052304819226264954,0.38324466347694397,0.2509911060333252,0.14928552508354187,0.1641739159822464]],[[0.03875960409641266,0.38756024837493896,0.2583267092704773,0.1458175629377365,0.16953587532043457]],[[0.03924597054719925,0.38719508051872253,0.25853800773620605,0.14495126903057098,0.17006970942020416]],[[0.047689374536275864,0.38173773884773254,0.26028600335121155,0.133905291557312,0.17638158798217773]],[[0.05673893913626671,0.3773624002933502,0.25879600644111633,0.12909406423568726,0.17800851166248322]]],"label":[0,0,0,1,0]}