{"input":[[[0.4708090126514435,-0.40200766921043396,0.19641408324241638,0.3452532887458801,0.38953128457069397]],[[0.6061187982559204,-0.6548445224761963,0.21639622747898102,0.31189143657684326,0.5204380750656128]],[[0.44330838322639465,-0.33274295926094055,0.1904170662164688,0.34469059109687805,0.35432684421539307]],[[-0.13550423085689545,0.16407358646392822,0.8763998746871948,-0.9538590908050537,1.0488898754119873]],[[0.059727009385824203,0.37383925914764404,0.2630070447921753,0.11768714338541031,0.18573953211307526]]],"label":[0,0,0,1,0]}