{"input":[[[0.6663554906845093,-2.2395503520965576,-0.3867246210575104,1.7152217626571655,1.2446976900100708]],[[0.07766548544168472,0.3441396653652191,0.30757957696914673,0.00894142035394907,0.26167386770248413]],[[0.46108147501945496,-0.3741283118724823,0.2150173932313919,0.3227478563785553,0.37528157234191895]],[[0.40122517943382263,-0.24303631484508514,0.26146745681762695,0.27117639780044556,0.3091672658920288]],[[0.06684891879558563,0.3721754848957062,0.25765663385391235,0.1226537674665451,0.18066516518592834]]],"label":[0,0,0,1,0]}