{"input":[[[0.44131720066070557,-0.299574613571167,0.18428610265254974,0.3374384343624115,0.3365328907966614]],[[0.496505469083786,-0.43624579906463623,0.2349855899810791,0.29697227478027344,0.4077824652194977]],[[0.424288272857666,-0.3122926652431488,0.19934594631195068,0.34364432096481323,0.34501412510871887]],[[0.4566650390625,-0.310664564371109,0.18056625127792358,0.3361351788043976,0.33729809522628784]],[[0.45859819650650024,-0.30395418405532837,0.17157618701457977,0.34102320671081543,0.33275654911994934]]],"label":[0,1,0,0,0]}