{"input":[[[0.048542048782110214,0.38219964504241943,0.2581605613231659,0.1375976949930191,0.17350009083747864]],[[0.4147476255893707,-0.2935730516910553,0.2061232626438141,0.3402782082557678,0.3324239253997803]],[[0.42317911982536316,-0.3072304129600525,0.22600232064723969,0.32116568088531494,0.3368833065032959]],[[0.4212511479854584,-0.2996915876865387,0.18273356556892395,0.3618907332420349,0.33381617069244385]],[[0.0894867330789566,0.35821494460105896,0.260934978723526,0.09595556557178497,0.19540783762931824]]],"label":[0,0,0,0,1]}