{"input":[[[0.3956718146800995,-0.2737364172935486,0.20747153460979462,0.3467666506767273,0.3238264322280884]],[[0.02726939134299755,0.3937271237373352,0.2586914896965027,0.15514375269412994,0.16516819596290588]],[[0.04879480600357056,0.38333848118782043,0.2552551031112671,0.14344422519207,0.1691674292087555]],[[0.048810653388500214,0.3838629126548767,0.254024475812912,0.14600442349910736,0.16729752719402313]],[[0.05017117038369179,0.38037344813346863,0.26025140285491943,0.13180461525917053,0.17739935219287872]]],"label":[0,0,0,1,0]}