{"input":[[[0.432269424200058,-0.3142105042934418,0.1924910992383957,0.34273141622543335,0.34671854972839355]],[[0.4274533987045288,-0.30300629138946533,0.19683566689491272,0.3385460078716278,0.3401712477207184]],[[0.41526898741722107,-0.31090182065963745,0.19326914846897125,0.3569490909576416,0.3454146087169647]],[[0.11306452751159668,0.3091123402118683,0.3367975056171417,-0.05820362642407417,0.29922938346862793]],[[0.8945960402488708,-15.384517669677734,3.1116373538970947,-0.031831495463848114,12.410116195678711]]],"label":[0,0,1,0,0]}