{"input":[[[0.04888569936156273,0.3809181749820709,0.2606443464756012,0.1321079581975937,0.177443727850914]],[[0.03754771873354912,0.38797780871391296,0.25890156626701355,0.1456795334815979,0.16989342868328094]],[[0.05850575119256973,0.3787304759025574,0.253436803817749,0.13874399662017822,0.17058292031288147]],[[0.05327988788485527,0.3783414661884308,0.26094356179237366,0.12763682007789612,0.17979827523231506]],[[0.06660044193267822,0.3714138865470886,0.2598627209663391,0.11823070794343948,0.18389219045639038]]],"label":[0,0,1,0,0]}