{"input":[[[-0.154853954911232,0.3932717740535736,0.4873693287372589,-0.16251146793365479,0.43672433495521545]],[[0.07495488971471786,0.35956504940986633,0.27616792917251587,0.07687535881996155,0.21243682503700256]],[[0.07898547500371933,0.3607375919818878,0.26378563046455383,0.10244312882423401,0.19404813647270203]],[[0.46349334716796875,-0.334776371717453,0.2432396560907364,0.2846732437610626,0.34337013959884644]],[[0.06878235936164856,0.37098708748817444,0.2580433189868927,0.12012714892625809,0.1820601373910904]]],"label":[0,0,0,1,0]}