{"input":[[[0.06900619715452194,0.3686183989048004,0.2631557881832123,0.10925085097551346,0.18996873497962952]],[[0.08264392614364624,0.35530126094818115,0.27613794803619385,0.0702071338891983,0.21570974588394165]],[[0.06874585896730423,0.36903116106987,0.2625369131565094,0.11077336966991425,0.1889127641916275]],[[0.06375288218259811,0.3706706166267395,0.2651100754737854,0.10977240651845932,0.19069398939609528]],[[0.08027677237987518,0.36446404457092285,0.25837352871894836,0.10936793684959412,0.1875176727771759]]],"label":[0,0,0,1,0]}