{"input":[[[0.05838925391435623,0.3739894926548004,0.2643098831176758,0.11614670604467392,0.18716464936733246]],[[0.04938589408993721,0.3811282813549042,0.2595231831073761,0.13401411473751068,0.17594854533672333]],[[0.05912821739912033,0.37728452682495117,0.2559388279914856,0.13297294080257416,0.17467549443244934]],[[0.04062595218420029,0.38732001185417175,0.2565264105796814,0.14794118702411652,0.16758641600608826]],[[0.05201235041022301,0.37916383147239685,0.26066961884498596,0.12932009994983673,0.17883412539958954]]],"label":[0,0,1,0,0]}