{"input":[[[-0.23937267065048218,1.0935331583023071,0.5200595855712891,-0.14013993740081787,-0.23408007621765137]],[[0.07694274932146072,0.28022313117980957,0.30307117104530334,0.284933865070343,0.05482909083366394]],[[0.034851089119911194,0.38551124930381775,0.2678731083869934,0.1293109953403473,0.1824534833431244]],[[0.029911207035183907,0.38996416330337524,0.2639908492565155,0.14174525439739227,0.1743885725736618]],[[0.04814852774143219,0.3810051679611206,0.26137182116508484,0.1312353014945984,0.17823916673660278]]],"label":[0,0,1,0,0]}