{"input":[[[0.5443999767303467,-0.539191722869873,0.20554250478744507,0.3594159185886383,0.4298332631587982]],[[0.44846948981285095,-0.32818809151649475,0.19214928150177002,0.33653146028518677,0.3510378897190094]],[[-0.04768535494804382,0.13364194333553314,0.541506290435791,-0.2225823998451233,0.5951194763183594]],[[0.02798195369541645,0.10624276846647263,0.2534303367137909,0.4069131016731262,0.20543184876441956]],[[0.07116710394620895,0.3645780086517334,0.26953619718551636,0.09404750913381577,0.20067107677459717]]],"label":[0,0,1,0,0]}