{"input":[[[0.5404799580574036,-0.5197145342826843,0.2200482189655304,0.31929177045822144,0.4398946166038513]],[[-0.091995969414711,0.5500814318656921,0.3728456199169159,0.16155873239040375,0.007510123774409294]],[[0.4566851556301117,-0.2995481789112091,0.17766711115837097,0.3335743248462677,0.33162155747413635]],[[0.5229517817497253,-0.489205926656723,0.20600526034832,0.3329263925552368,0.42732247710227966]],[[0.45127928256988525,-0.3168472945690155,0.18693390488624573,0.3349155783653259,0.3437184989452362]]],"label":[1,0,0,0,0]}