{"input":[[[0.05782126635313034,0.3740140497684479,0.264957994222641,0.11529314517974854,0.18791350722312927]],[[0.07191362231969833,0.3627481758594513,0.2726665139198303,0.08687352389097214,0.2057981938123703]],[[0.060993801802396774,0.37206125259399414,0.2653695046901703,0.11165980249643326,0.18991564214229584]],[[0.05551223084330559,0.37367168068885803,0.26866787672042847,0.10956336557865143,0.1925847977399826]],[[0.060806140303611755,0.37296634912490845,0.2636232376098633,0.11545633524656296,0.1871480494737625]]],"label":[0,0,0,1,0]}