{"input":[[[0.0663304477930069,0.3680045008659363,0.2679099440574646,0.10166849195957184,0.19608661532402039]],[[0.06981247663497925,0.3662283718585968,0.2675364911556244,0.09940202534198761,0.19702062010765076]],[[0.06988082826137543,0.36795350909233093,0.26356184482574463,0.10763698071241379,0.19096682965755463]],[[0.06218145787715912,0.37552013993263245,0.2560928165912628,0.129977747797966,0.17622779309749603]],[[0.04364239051938057,0.3845273554325104,0.25906360149383545,0.14000077545642853,0.17276586592197418]]],"label":[0,0,1,0,0]}