{"input":[[[0.05024384707212448,0.379596084356308,0.2619132101535797,0.12827284634113312,0.17997398972511292]],[[0.055838000029325485,0.3758885860443115,0.26326844096183777,0.12054505944252014,0.18445992469787598]],[[0.42585495114326477,-0.3656059801578522,0.21410410106182098,0.36019498109817505,0.3654519021511078]],[[0.06468083709478378,0.37123721837997437,0.2595507800579071,0.1227630078792572,0.18176811933517456]],[[0.007320939097553492,0.3394043445587158,0.2945646047592163,0.17726503312587738,0.18144506216049194]]],"label":[0,0,0,1,0]}