{"input":[[[0.45998403429985046,-0.3515876233577728,0.19502481818199158,0.3334663510322571,0.36311236023902893]],[[0.4620100259780884,-0.3866463601589203,0.1975550651550293,0.34525972604751587,0.38182157278060913]],[[0.46337828040122986,-0.3233802020549774,0.17291855812072754,0.3443640470504761,0.34271934628486633]],[[0.4699345827102661,-0.305184930562973,0.1691577434539795,0.3357374370098114,0.3303551971912384]],[[0.456810861825943,-0.32482460141181946,0.18502356112003326,0.335544228553772,0.34744593501091003]]],"label":[0,0,0,1,0]}