{"input":[[[0.10007055848836899,0.3442385494709015,0.27911099791526794,0.04877110570669174,0.22780880331993103]],[[0.07475762814283371,0.36188629269599915,0.27114126086235046,0.08754671365022659,0.2046680748462677]],[[0.4428129196166992,-0.28055065870285034,0.18523238599300385,0.3307897448539734,0.3217156231403351]],[[0.43896210193634033,-0.2765146791934967,0.19035077095031738,0.32815343141555786,0.31904837489128113]],[[0.07824374735355377,0.36375144124031067,0.2614825367927551,0.10537894815206528,0.19114331901073456]]],"label":[0,0,0,1,0]}