{"input":[[[0.04985370114445686,0.38341236114501953,0.25373634696006775,0.14569191634655,0.16730576753616333]],[[0.04814926162362099,0.38163304328918457,0.2598954141139984,0.13432815670967102,0.17599409818649292]],[[0.07585079967975616,0.36615028977394104,0.2600967288017273,0.10965138673782349,0.18825072050094604]],[[0.058327872306108475,0.37585359811782837,0.2602013647556305,0.12477114051580429,0.18084605038166046]],[[0.13468152284622192,0.3483273684978485,0.22601014375686646,0.12939004600048065,0.16159093379974365]]],"label":[0,0,0,1,0]}