{"input":[[[0.06049736961722374,0.3732689321041107,0.26332634687423706,0.11634654551744461,0.18656082451343536]],[[0.04529176279902458,0.3830680251121521,0.26029664278030396,0.1359812468290329,0.1753622591495514]],[[0.0776660293340683,0.365030974149704,0.26036614179611206,0.10749557614326477,0.1894412785768509]],[[0.07872755080461502,0.362449586391449,0.2648710310459137,0.09716153889894485,0.19679023325443268]],[[0.07152216136455536,0.3674342930316925,0.26267653703689575,0.1080472320318222,0.19031976163387299]]],"label":[0,0,0,0,1]}