{"input":[[[0.08611761778593063,0.3541702330112457,0.2743118703365326,0.07098131626844406,0.21441903710365295]],[[0.05661959573626518,0.37594375014305115,0.26218071579933167,0.12212734669446945,0.18312852084636688]],[[0.06531187146902084,0.37137332558631897,0.261574923992157,0.11578447371721268,0.18595539033412933]],[[0.06955069303512573,0.36835768818855286,0.26308512687683105,0.10891659557819366,0.1900898665189743]],[[0.05586123839020729,0.37690338492393494,0.2609568238258362,0.12534774839878082,0.1809307485818863]]],"label":[0,0,1,0,0]}