{"input":[[[-0.16481348872184753,0.17755970358848572,0.9868185520172119,-1.196242094039917,1.196677327156067]],[[0.05922875180840492,0.3703092336654663,0.27165108919143677,0.10007128119468689,0.1987396627664566]],[[0.6276097297668457,-0.6717067360877991,0.20544232428073883,0.32794979214668274,0.5107048153877258]],[[0.7391099333763123,-0.8940020203590393,0.1835295557975769,0.33873891830444336,0.6326236724853516]],[[-0.16479621827602386,0.17730644345283508,0.9868530631065369,-1.1962230205535889,1.1968597173690796]]],"label":[0,0,1,0,0]}