{"input":[[[0.07166502624750137,0.36807578802108765,0.261007159948349,0.11141509562730789,0.1878368854522705]],[[0.06187426298856735,0.37123236060142517,0.2662200331687927,0.10909630358219147,0.19157706201076508]],[[0.8945960402488708,-15.384517669677734,3.1116373538970947,-0.031831495463848114,12.410116195678711]],[[0.05541524663567543,0.37555140256881714,0.26456159353256226,0.11821581423282623,0.18625593185424805]],[[0.05024324357509613,0.36135026812553406,0.2677465081214905,0.1412142664194107,0.17944566905498505]]],"label":[0,0,0,1,0]}