{"input":[[[0.5499181151390076,-0.4778675436973572,0.24980130791664124,0.24989253282546997,0.428255558013916]],[[0.42296066880226135,-0.2965647280216217,0.2519296705722809,0.28692886233329773,0.33474546670913696]],[[0.5858666300773621,-0.3968885838985443,0.16623888909816742,0.2843993008136749,0.3603837192058563]],[[0.06248295679688454,0.3731907606124878,0.26101213693618774,0.11943808943033218,0.18387606739997864]],[[0.060389675199985504,0.3506802022457123,0.2797299027442932,0.10688787698745728,0.2023124396800995]]],"label":[0,0,0,1,0]}