{"input":[[[0.05185466632246971,0.3751206696033478,0.270012229681015,0.10995464771986008,0.1930578202009201]],[[0.1104096919298172,0.3086980879306793,0.34549084305763245,-0.09864895045757294,0.33405041694641113]],[[0.8945960402488708,-15.384517669677734,3.1116373538970947,-0.031831495463848114,12.410116195678711]],[[0.12477855384349823,0.314362108707428,0.3123463988304138,-0.04157094284892082,0.2900838851928711]],[[0.4376046359539032,-0.4374951124191284,0.20319032669067383,0.39781811833381653,0.39888206124305725]]],"label":[0,0,0,0,1]}