{"input":[[[0.5282261967658997,-0.5466832518577576,0.210458442568779,0.3485112488269806,0.45948731899261475]],[[0.5997800230979919,-0.6373290419578552,0.2038172483444214,0.3417377769947052,0.4919940233230591]],[[0.44553348422050476,-0.3603215217590332,0.21318362653255463,0.3370335102081299,0.3645709156990051]],[[0.00839453749358654,0.2607085704803467,0.5830307006835938,-0.505368709564209,0.6532350182533264]],[[0.450426310300827,-0.35713863372802734,0.20100334286689758,0.34047746658325195,0.365231454372406]]],"label":[0,1,0,0,0]}