{"input":[[[0.05876646563410759,0.37340158224105835,0.2652037739753723,0.11394230276346207,0.18868575990200043]],[[0.04865160956978798,0.38069969415664673,0.2614104151725769,0.1307184398174286,0.17851990461349487]],[[0.06630974262952805,0.3710576593875885,0.2610316574573517,0.11604543775320053,0.18555545806884766]],[[0.07104790955781937,0.37130463123321533,0.25422677397727966,0.1262824833393097,0.17713823914527893]],[[0.04141520708799362,0.38694319128990173,0.2563851773738861,0.14754530787467957,0.16771116852760315]]],"label":[0,0,0,1,0]}