{"input":[[[0.05414498597383499,0.3765481412410736,0.2639235854148865,0.12065605074167252,0.18472735583782196]],[[0.056593310087919235,0.37416958808898926,0.2662353515625,0.11368418484926224,0.18931756913661957]],[[-5.554181098937988,3.028662919998169,4.245639324188232,-0.5966469645500183,-0.12347432225942612]],[[0.09582432359457016,0.36129897832870483,0.24586911499500275,0.12188328802585602,0.17512431740760803]],[[0.04203873500227928,0.3872089087963104,0.25499314069747925,0.14990678429603577,0.16585242748260498]]],"label":[0,0,0,1,0]}