{"input":[[[0.5521166920661926,-0.5134415626525879,0.22240692377090454,0.2996000349521637,0.439317911863327]],[[0.6917545199394226,-0.49969619512557983,0.11587632447481155,0.2875000834465027,0.40456533432006836]],[[0.45650503039360046,-0.3479505479335785,0.19567038118839264,0.3377436399459839,0.35803157091140747]],[[0.6478704214096069,-0.7720115780830383,0.1861197054386139,0.36366647481918335,0.5743550062179565]],[[0.4499541223049164,-0.34710967540740967,0.19237017631530762,0.3477328419685364,0.3570525050163269]]],"label":[0,0,0,0,1]}