{"input":[[[0.047023314982652664,0.3812249004840851,0.26229530572891235,0.13029149174690247,0.17916500568389893]],[[0.06293897330760956,0.3706649839878082,0.26618117094039917,0.10824185609817505,0.1919730007648468]],[[0.1056894063949585,0.3493940532207489,0.2604835629463196,0.08271797746419907,0.20171500742435455]],[[0.05201927199959755,0.380130797624588,0.25847193598747253,0.13390228152275085,0.17547568678855896]],[[0.04885617643594742,0.38189777731895447,0.258435994386673,0.13675016164779663,0.1740598827600479]]],"label":[0,0,0,1,0]}