{"input":[[[0.0625612735748291,0.3707635700702667,0.26643049716949463,0.10805248469114304,0.19219212234020233]],[[0.07074051350355148,0.3647260367870331,0.269807368516922,0.09384067356586456,0.20088540017604828]],[[0.043772246688604355,0.38532501459121704,0.25709202885627747,0.1440037041902542,0.16980688273906708]],[[0.0556255578994751,0.3771616518497467,0.2606635093688965,0.12616753578186035,0.18038171529769897]],[[0.05618026480078697,0.37569794058799744,0.2632824182510376,0.12021361291408539,0.18462584912776947]]],"label":[0,1,0,0,0]}