{"input":[[[0.05252867564558983,0.3797832131385803,0.25856533646583557,0.13327209651470184,0.1758507341146469]],[[0.058945368975400925,0.3731345236301422,0.26560279726982117,0.11294867098331451,0.18936863541603088]],[[-0.042520128190517426,0.44281086325645447,0.23509438335895538,0.2655763328075409,0.09903858602046967]],[[0.054697517305612564,0.386351078748703,0.24080203473567963,0.16849304735660553,0.1496562659740448]],[[0.4187411367893219,-0.21342775225639343,0.19922958314418793,0.3160894811153412,0.27936750650405884]]],"label":[0,0,0,1,0]}