{"input":[[[-0.16152696311473846,0.12928327918052673,0.9934099912643433,-1.1926296949386597,1.2314634323120117]],[[-0.2232833355665207,0.6521061062812805,0.2999017834663391,0.3957570195198059,-0.12448151409626007]],[[0.5330154299736023,-0.5880231857299805,0.20938582718372345,0.3538840413093567,0.4917379319667816]],[[0.5809882879257202,-0.6002013683319092,0.2049558460712433,0.3257090449333191,0.4885481894016266]],[[0.10643879324197769,0.3500024974346161,0.25810644030570984,0.08703649789094925,0.19841577112674713]]],"label":[0,0,1,0,0]}