{"input":[[[0.5067803859710693,-0.3987295627593994,0.24078059196472168,0.27745869755744934,0.37370985746383667]],[[0.06982246786355972,0.3659767508506775,0.26800116896629333,0.09844215959310532,0.19775743782520294]],[[0.666536271572113,-2.249976873397827,-0.38394924998283386,1.71383535861969,1.2535545825958252]],[[0.7778650522232056,-0.794884204864502,0.22149495780467987,0.24116478860378265,0.5543593168258667]],[[0.6025006771087646,-0.5080372095108032,0.24881213903427124,0.2358710616827011,0.42085331678390503]]],"label":[0,0,0,0,1]}