{"input":[[[0.4708418846130371,-0.4204227030277252,0.225687637925148,0.3335963189601898,0.3902968168258667]],[[0.07413998991250992,0.36254018545150757,0.27046898007392883,0.08948478102684021,0.20336608588695526]],[[0.04464922472834587,0.38532912731170654,0.2559736669063568,0.1455719769001007,0.16847603023052216]],[[0.052893538028001785,0.3795194625854492,0.25875163078308105,0.13255371153354645,0.1762816607952118]],[[0.05272141844034195,0.3777885437011719,0.2628965675830841,0.12404868006706238,0.18254482746124268]]],"label":[0,0,0,1,0]}