{"input":[[[0.06335592269897461,0.37000924348831177,0.2671301066875458,0.10589782148599625,0.19360686838626862]],[[0.07560146600008011,0.3618142008781433,0.2702786326408386,0.0886014774441719,0.20370423793792725]],[[-1.0212293863296509,3.976846694946289,1.3009871244430542,-1.7406600713729858,-1.5159443616867065]],[[0.06764662265777588,0.35796546936035156,0.21033816039562225,0.42262002825737,-0.058570247143507004]],[[0.0503370575606823,0.3802405595779419,0.26034674048423767,0.13145965337753296,0.17761598527431488]]],"label":[0,0,1,0,0]}