{"input":[[[0.05968841165304184,0.3744168281555176,0.2617528736591339,0.12033840268850327,0.18380345404148102]],[[0.054547328501939774,0.37623050808906555,0.26413172483444214,0.11987010389566422,0.1852203756570816]],[[0.06172027811408043,0.37475332617759705,0.258411705493927,0.1255396455526352,0.17957507073879242]],[[0.0684453621506691,0.3730049133300781,0.2538476586341858,0.12919239699840546,0.17550966143608093]],[[0.05486665293574333,0.3865053653717041,0.24034017324447632,0.16928860545158386,0.1489991843700409]]],"label":[0,0,0,1,0]}