{"input":[[[0.051783353090286255,0.380033016204834,0.2589881122112274,0.13303156197071075,0.17616389691829681]],[[0.06040839105844498,0.3747294247150421,0.2601400315761566,0.12307514250278473,0.18164701759815216]],[[0.07516012340784073,0.36528217792510986,0.26294007897377014,0.10431800037622452,0.19229954481124878]],[[0.10701583325862885,0.3540213108062744,0.21983055770397186,0.18634794652462006,0.1327844113111496]],[[0.05559840053319931,0.3768154978752136,0.26147735118865967,0.1244930550456047,0.1816156506538391]]],"label":[0,0,0,1,0]}