{"input":[[[0.04646822437644005,0.38041946291923523,0.2647917866706848,0.12557056546211243,0.18274998664855957]],[[0.06969963759183884,0.36482882499694824,0.27088406682014465,0.09250428527593613,0.2020832896232605]],[[0.4215898811817169,-0.2980436086654663,0.19402547180652618,0.34685757756233215,0.33557069301605225]],[[0.49161747097969055,-0.44393688440322876,0.2085321694612503,0.3395756483078003,0.4042116105556488]],[[-0.09074610471725464,0.32700949907302856,0.315509557723999,0.44980907440185547,-0.0015820469707250595]]],"label":[0,0,0,0,1]}