{"input":[[[0.05560380220413208,0.37526369094848633,0.26495593786239624,0.11723154038190842,0.1869450956583023]],[[0.06097372621297836,0.37103086709976196,0.2677682340145111,0.10666096955537796,0.1935662478208542]],[[0.4252747893333435,-0.2905859649181366,0.2126377671957016,0.3262838125228882,0.3263895809650421]],[[0.05245986580848694,0.38171154260635376,0.2542644441127777,0.14231613278388977,0.16924798488616943]],[[0.09023923426866531,0.34715571999549866,0.2841235399246216,0.04706902801990509,0.23141247034072876]]],"label":[0,0,0,0,1]}