{"input":[[[0.48402518033981323,-0.39123308658599854,0.18667232990264893,0.3377950191497803,0.3827405273914337]],[[-0.07821294665336609,0.5887393951416016,0.31136608123779297,0.33006685972213745,-0.1519593596458435]],[[0.4296288788318634,-0.31953027844429016,0.19490021467208862,0.3489623963832855,0.3460387885570526]],[[0.7334796786308289,-0.6268043518066406,0.0699256882071495,0.3548489212989807,0.4685499966144562]],[[0.5867701172828674,-0.6515436172485352,0.19032242894172668,0.3567175567150116,0.5177334547042847]]],"label":[0,0,1,0,0]}