{"input":[[[0.04000943526625633,0.3867449164390564,0.25856736302375793,0.14422748982906342,0.17045080661773682]],[[0.0580730214715004,0.37437742948532104,0.2639022469520569,0.11725964397192001,0.1863875836133957]],[[0.055087290704250336,0.3818551003932953,0.2508096396923065,0.14703227579593658,0.16521567106246948]],[[0.0684848204255104,0.36149150133132935,0.26707857847213745,0.11062221974134445,0.19232292473316193]],[[0.06427052617073059,0.37456014752388,0.25565773248672485,0.1290527731180191,0.17645879089832306]]],"label":[0,0,0,0,1]}