{"input":[[[0.4673684239387512,-0.3752032220363617,0.20316052436828613,0.3322472870349884,0.37242695689201355]],[[0.4677295684814453,-0.39041584730148315,0.19784149527549744,0.34474456310272217,0.38010019063949585]],[[0.5277584791183472,-0.4571721851825714,0.2297513782978058,0.3073687255382538,0.3922936022281647]],[[0.4305991232395172,-0.5534812211990356,0.15710313618183136,0.5084993839263916,0.45727959275245667]],[[0.434768944978714,-0.3286667466163635,0.24945814907550812,0.29363352060317993,0.3508060872554779]]],"label":[0,0,0,1,0]}