{"input":[[[0.06753123551607132,0.3674571216106415,0.2676272988319397,0.10120951384305954,0.19617486000061035]],[[0.055362269282341,0.3761011064052582,0.26339879631996155,0.12068677693605423,0.18445098400115967]],[[0.08888088166713715,0.36205223202705383,0.2528786063194275,0.11333302408456802,0.1828552782535553]],[[0.07010359317064285,0.3672908842563629,0.26479774713516235,0.10485822707414627,0.19294944405555725]],[[0.07150157541036606,0.36883625388145447,0.2595173120498657,0.11466342955827713,0.1854814738035202]]],"label":[0,0,1,0,0]}