{"input":[[[0.058318864554166794,0.37483716011047363,0.26253819465637207,0.11989517509937286,0.18441060185432434]],[[0.06528066098690033,0.37022197246551514,0.26422038674354553,0.11028872430324554,0.18998824059963226]],[[0.05393936485052109,0.3782424032688141,0.2602943181991577,0.12842383980751038,0.17910005152225494]],[[0.0538237988948822,0.3778449594974518,0.2613876461982727,0.12623253464698792,0.1807110458612442]],[[0.05476079881191254,0.3785792291164398,0.2585337460041046,0.13137303292751312,0.1767532080411911]]],"label":[0,0,0,1,0]}