{"input":[[[0.05631500482559204,0.37629443407058716,0.2617146372795105,0.12337855249643326,0.18229734897613525]],[[0.04416874051094055,0.3836495578289032,0.26039278507232666,0.13676400482654572,0.17502492666244507]],[[0.17742791771888733,0.3403220474720001,0.18941262364387512,0.1685616672039032,0.12427577376365662]],[[0.061766766011714935,0.37292414903640747,0.2625347673892975,0.11688254028558731,0.1858917623758316]],[[0.037201888859272,0.37796956300735474,0.25745049118995667,0.16636578738689423,0.1610121876001358]]],"label":[0,0,0,1,0]}