{"input":[[[0.061953503638505936,0.3727944493293762,0.2625783383846283,0.11663124710321426,0.18604250252246857]],[[0.05574534088373184,0.3775668740272522,0.25958141684532166,0.12832479178905487,0.1787816286087036]],[[0.06725136935710907,0.3680005669593811,0.2667657732963562,0.10324973613023758,0.19473251700401306]],[[0.04498063400387764,0.38342827558517456,0.25986990332603455,0.13714522123336792,0.17457596957683563]],[[0.0478534922003746,0.38269755244255066,0.2578916549682617,0.1387636363506317,0.1727936863899231]]],"label":[0,0,1,0,0]}