{"input":[[[0.45812028646469116,-0.2983901798725128,0.17263276875019073,0.3381931483745575,0.32944393157958984]],[[0.46367543935775757,-0.3139954209327698,0.17360875010490417,0.3377739489078522,0.33893728256225586]],[[0.056144747883081436,0.3780609369277954,0.2579309940338135,0.13142681121826172,0.17643649876117706]],[[0.0859665796160698,0.36113834381103516,0.2582172453403473,0.10503339767456055,0.18964439630508423]],[[0.46709686517715454,-0.31342729926109314,0.1783176064491272,0.33220377564430237,0.33580902218818665]]],"label":[0,0,1,0,0]}