{"input":[[[0.05533067509531975,0.3742620646953583,0.26760441064834595,0.11193346977233887,0.19086933135986328]],[[0.07116243988275528,0.367913156747818,0.26205044984817505,0.10966828465461731,0.18920570611953735]],[[0.1539725959300995,0.3296980559825897,0.24391059577465057,0.0751267597079277,0.19729198515415192]],[[0.0916655957698822,0.33822688460350037,0.2924031913280487,0.03614378347992897,0.24156050384044647]],[[0.08922789245843887,0.3488580882549286,0.2823704779148102,0.05144444480538368,0.22809913754463196]]],"label":[0,0,0,1,0]}