{"input":[[[0.051566436886787415,0.3788776099681854,0.26189136505126953,0.12715716660022736,0.1805073767900467]],[[0.057132236659526825,0.37499064207077026,0.2636869549751282,0.1185351088643074,0.18565501272678375]],[[0.080604188144207,0.35962480306625366,0.2688824534416199,0.08714798092842102,0.20374053716659546]],[[0.06504752486944199,0.3721815347671509,0.2600570619106293,0.11918921768665314,0.18352466821670532]],[[0.08373040705919266,0.3515508472919464,0.26422223448753357,0.10761222243309021,0.19288423657417297]]],"label":[0,0,0,1,0]}