{"input":[[[0.05173302814364433,0.3791641891002655,0.26102498173713684,0.12882177531719208,0.17925602197647095]],[[0.04703788831830025,0.382000207901001,0.26052147150039673,0.1339821070432663,0.17645832896232605]],[[0.177606999874115,0.3363954722881317,0.19014230370521545,0.16851162910461426,0.12734360992908478]],[[0.047820523381233215,0.38288336992263794,0.25750303268432617,0.13960573077201843,0.17218728363513947]],[[0.07296933233737946,0.3684173822402954,0.2586234509944916,0.11524347215890884,0.1847463846206665]]],"label":[0,0,0,0,1]}