{"input":[[[0.04673648253083229,0.380714476108551,0.26381564140319824,0.12736763060092926,0.1813657581806183]],[[0.047803737223148346,0.37886038422584534,0.26666921377182007,0.12047567218542099,0.18619096279144287]],[[0.561051070690155,-0.49068111181259155,0.20206792652606964,0.3064185082912445,0.4211435914039612]],[[-13.201623916625977,53.33906173706055,14.598526954650879,-32.461421966552734,-21.274545669555664]],[[0.07238928228616714,0.3567933142185211,0.25636714696884155,0.1411702185869217,0.17328009009361267]]],"label":[0,0,0,0,1]}