{"input":[[[0.04828406497836113,0.38248980045318604,0.25782865285873413,0.1385163515806198,0.172881081700325]],[[0.0478234626352787,0.381651908159256,0.2603219151496887,0.1337108612060547,0.1764919012784958]],[[0.10058146715164185,0.35531845688819885,0.25345638394355774,0.1018703505396843,0.18877331912517548]],[[0.09680674225091934,0.35329878330230713,0.25586798787117004,0.10501574724912643,0.18901070952415466]],[[0.08986437320709229,0.358633816242218,0.2552781105041504,0.11041248589754105,0.18581122159957886]]],"label":[0,0,0,0,1]}