{"input":[[[0.5883055329322815,-0.8933295011520386,0.09052060544490814,0.6175229549407959,0.5969803929328918]],[[0.07405410706996918,0.36198723316192627,0.27184930443763733,0.08667388558387756,0.20543545484542847]],[[0.0028622944373637438,0.1159634217619896,0.3488108515739441,0.1982511579990387,0.3341122567653656]],[[0.0805976614356041,0.35787299275398254,0.2729153633117676,0.07872185856103897,0.20989219844341278]],[[0.07630791515111923,0.34752318263053894,0.3016611337661743,0.022479727864265442,0.25202804803848267]]],"label":[0,0,1,0,0]}