{"input":[[[0.8945960402488708,-15.384517669677734,3.1116373538970947,-0.031831495463848114,12.410116195678711]],[[0.8945960402488708,-15.384517669677734,3.1116373538970947,-0.031831495463848114,12.410116195678711]],[[0.49983519315719604,-0.4376155734062195,0.22665949165821075,0.3233657479286194,0.3877551555633545]],[[0.12539170682430267,0.3160098195075989,0.3105300962924957,-0.038867514580488205,0.2869358956813812]],[[0.042657557874917984,0.3834575116634369,0.2626667618751526,0.13335241377353668,0.17786578834056854]]],"label":[0,0,0,1,0]}