{"input":[[0.035610511898994446,0.49620187282562256,0.16143548488616943,0.2578299045562744,0.0489223450422287],[0.04919518157839775,0.3853297829627991,0.18411993980407715,0.3488370478153229,0.03251800313591957],[0.0548604354262352,0.27201053500175476,0.2054562121629715,0.26087501645088196,0.20679780840873718],[0.11858875304460526,0.32354438304901123,0.1725749522447586,0.21943596005439758,0.1658560037612915]],"label":[0,1,0,0,0]}