{"input":[[0.07210823148488998,0.2116468995809555,0.04033860191702843,0.30333212018013,0.37257421016693115],[0.05812179297208786,0.12101241946220398,0.04954523593187332,0.36384400725364685,0.4074765145778656],[0.07172087579965591,0.18897749483585358,0.04843883216381073,0.18383899331092834,0.5070237517356873],[0.0892966091632843,0.19505824148654938,0.040146633982658386,0.1300659030675888,0.5454325675964355]],"label":[0,0,0,1,0]}