{"input":[[0.754176914691925,0.05026203766465187,0.004288157913833857,0.017632698640227318,0.1736402064561844],[0.9493427276611328,0.009408676065504551,0.00040628190618008375,0.0008900138782337308,0.03995218873023987],[0.8011375069618225,0.06206890568137169,0.0018956230487674475,0.006881339009851217,0.1280166357755661],[0.7648249268531799,0.027758687734603882,0.0011244402267038822,0.002767686964944005,0.20352423191070557]],"label":[1,0,0,0,0]}