{"input":[[0.03221006691455841,0.2518137991428375,0.26277703046798706,0.3951794505119324,0.058019645512104034],[0.16918328404426575,0.21440201997756958,0.21037888526916504,0.1895599365234375,0.21647587418556213],[0.045313961803913116,0.12159114331007004,0.22557249665260315,0.3147045373916626,0.29281795024871826],[0.0668906569480896,0.20609061419963837,0.2107294350862503,0.14720048010349274,0.3690888285636902]],"label":[0,0,1,0,0]}