{"input":[[0.025613754987716675,0.04795437678694725,0.3341768682003021,0.5202539563179016,0.07200105488300323],[0.018935244530439377,0.03775070235133171,0.5586342811584473,0.34630122780799866,0.03837849944829941],[0.006917773745954037,0.059062305837869644,0.7543820738792419,0.1623765081167221,0.017261357977986336],[0.038021087646484375,0.0839654803276062,0.7272248268127441,0.11957678198814392,0.031211767345666885]],"label":[0,0,1,0,0]}