{"input":[[0.06336893886327744,0.2159782201051712,0.12399134784936905,0.5291445255279541,0.06751691550016403],[0.03552522510290146,0.19522710144519806,0.08719968050718307,0.6382238864898682,0.04382403567433357],[0.11686991155147552,0.19129593670368195,0.08321715891361237,0.40739956498146057,0.20121747255325317],[0.05396576225757599,0.1936727613210678,0.14009514451026917,0.5129210948944092,0.09934519976377487]],"label":[0,0,1,0,0]}