{"input":[[0.027238711714744568,0.04234684631228447,0.34655827283859253,0.5266069173812866,0.05724925547838211],[0.017944367602467537,0.01621958613395691,0.2566911578178406,0.6632882952690125,0.045856572687625885],[0.006940832827240229,0.035634588450193405,0.29544728994369507,0.6563355922698975,0.005641666706651449],[0.002358286874368787,0.014897914603352547,0.20437835156917572,0.774194061756134,0.004171372391283512]],"label":[0,0,1,0,0]}