{"input":[[0.001923145493492484,0.012154335156083107,0.7978118658065796,0.1790483593940735,0.009062370285391808],[0.003694256069138646,0.030872570350766182,0.6135332584381104,0.33482611179351807,0.017073815688490868],[0.01796003431081772,0.09091277420520782,0.8522200584411621,0.0279362965375185,0.010970897041261196],[0.007180419284850359,0.05517785996198654,0.816940188407898,0.1156422421336174,0.005059273447841406]],"label":[0,0,1,0,0]}