{"input":[[0.08876923471689224,0.11989039927721024,0.06607307493686676,0.03163931891322136,0.6936280727386475],[0.30205827951431274,0.0845782607793808,0.014325648546218872,0.005793900229036808,0.5932438969612122],[0.1466132253408432,0.20021243393421173,0.13952773809432983,0.09333296865224838,0.42031359672546387],[0.28779199719429016,0.24197131395339966,0.05277041345834732,0.025212807580828667,0.39225339889526367]],"label":[0,0,0,0,1]}