{"input":[[0.058624908328056335,0.24437034130096436,0.16874255239963531,0.4833433926105499,0.04491882398724556],[0.12534551322460175,0.40964049100875854,0.19136108458042145,0.21611884236335754,0.05753416568040848],[0.07560642808675766,0.22063274681568146,0.32516178488731384,0.3495621979236603,0.02903682552278042],[0.06070815771818161,0.29249778389930725,0.34060919284820557,0.17265863716602325,0.13352614641189575]],"label":[0,1,0,0,0]}