{"input":[[0.13829278945922852,0.5514590740203857,0.023509541526436806,0.013561809435486794,0.27317672967910767],[0.22337892651557922,0.4529355764389038,0.019468659535050392,0.010986348614096642,0.2932305634021759],[0.09626355767250061,0.6472952365875244,0.015552057884633541,0.00865676999092102,0.23223236203193665],[0.15663084387779236,0.5542027354240417,0.021724246442317963,0.008672608062624931,0.2587694525718689]],"label":[0,1,0,0,0]}