{"input":[[0.06352996081113815,0.4936210513114929,0.0740385502576828,0.06317395716905594,0.3056364357471466],[0.1306196004152298,0.27050408720970154,0.02908618003129959,0.026666510850191116,0.5431236028671265],[0.07294078916311264,0.296627402305603,0.035642869770526886,0.059693701565265656,0.5350952744483948],[0.11710221320390701,0.2342229187488556,0.08089212328195572,0.05963728204369545,0.5081454515457153]],"label":[0,1,0,0,0]}