{"input":[[0.16505849361419678,0.4370593726634979,0.06671565771102905,0.15027743577957153,0.1808890402317047],[0.1813380867242813,0.37058520317077637,0.025574693456292152,0.02919411100447178,0.3933079242706299],[0.2928970456123352,0.33541879057884216,0.016137078404426575,0.03511781617999077,0.320429265499115],[0.17304806411266327,0.36736544966697693,0.02740069292485714,0.025661468505859375,0.40652430057525635]],"label":[0,0,1,0,0]}