{"input":[[0.015109452418982983,0.09000535309314728,0.15953567624092102,0.714564323425293,0.020785260945558548],[0.16954359412193298,0.12284372001886368,0.03201720118522644,0.1433923840522766,0.5322031378746033],[0.10416178405284882,0.11271057277917862,0.12919901311397552,0.612660825252533,0.04126780852675438],[0.19286048412322998,0.10031809657812119,0.03297571465373039,0.6145864129066467,0.0592593215405941]],"label":[0,0,0,1,0]}