{"input":[[0.0463542602956295,0.5705118179321289,0.05199696496129036,0.042172785848379135,0.2889641225337982],[0.02303742803633213,0.30256372690200806,0.27888789772987366,0.2994644045829773,0.09604660421609879],[0.04442404583096504,0.33015677332878113,0.28916558623313904,0.2598293125629425,0.07642430067062378],[0.033369917422533035,0.09834592044353485,0.1912524253129959,0.6346815228462219,0.04235018789768219]],"label":[0,1,0,0,0]}