{"input":[[0.02660449780523777,0.12253809720277786,0.2562381327152252,0.5005649924278259,0.09405423700809479],[0.01830320991575718,0.06606985628604889,0.2009001225233078,0.6723163723945618,0.04241044819355011],[0.00966898538172245,0.20684030652046204,0.3196057379245758,0.41002699732780457,0.0538579560816288],[0.0016240888508036733,0.02581644244492054,0.1821703016757965,0.7859020829200745,0.004487096332013607]],"label":[0,0,0,1,0]}