{"input":[[0.024506457149982452,0.08168064802885056,0.1250055432319641,0.7175520062446594,0.05125537887215614],[0.008410902693867683,0.04890444874763489,0.1240847110748291,0.8085461258888245,0.0100537845864892],[0.054464180022478104,0.09674049913883209,0.1363079845905304,0.6696217656135559,0.042865559458732605],[0.09617668390274048,0.08401278406381607,0.1518680900335312,0.6283047795295715,0.039637550711631775]],"label":[0,0,0,1,0]}