{"input":[[0.008751433342695236,0.12006891518831253,0.10189065337181091,0.7641533613204956,0.0051357257179915905],[0.029820751398801804,0.16021552681922913,0.2926328182220459,0.5048718452453613,0.012459083460271358],[0.007095084525644779,0.09273405373096466,0.20549751818180084,0.6833838820457458,0.01128948200494051],[0.019227001816034317,0.16315142810344696,0.3139774799346924,0.47045090794563293,0.03319316357374191]],"label":[0,0,0,1,0]}