{"input":[[0.2682209014892578,0.39423391222953796,0.10581779479980469,0.060178615152835846,0.17154870927333832],[0.40150585770606995,0.48253729939460754,0.023259684443473816,0.021492602303624153,0.07120460271835327],[0.19721943140029907,0.4710858166217804,0.07586237788200378,0.08483676612377167,0.17099563777446747],[0.35895538330078125,0.2332385778427124,0.050695762038230896,0.051575835794210434,0.3055344223976135]],"label":[0,0,1,0,0]}