{"input":[[0.01960877887904644,0.089756079018116,0.16458557546138763,0.2527320981025696,0.47331756353378296],[0.024802982807159424,0.10040414333343506,0.4878748655319214,0.3032113313674927,0.08370669931173325],[0.0043033151887357235,0.06314215064048767,0.6503361463546753,0.2668110728263855,0.015407312661409378],[0.003122900379821658,0.029786238446831703,0.8874529600143433,0.07130599766969681,0.008331872522830963]],"label":[0,0,1,0,0]}