{"input":[[0.07301606237888336,0.3750295341014862,0.13327659666538239,0.21406064927577972,0.2046171873807907],[0.06713345646858215,0.2651577293872833,0.12190476804971695,0.17920340597629547,0.36660054326057434],[0.016214903444051743,0.14918439090251923,0.15771061182022095,0.6560920476913452,0.02079795114696026],[0.0017931291367858648,0.03196617588400841,0.1264503300189972,0.8376434445381165,0.0021469404455274343]],"label":[0,0,0,1,0]}