{"input":[[0.221010223031044,0.39105644822120667,0.12025686353445053,0.045992590487003326,0.22168384492397308],[0.11486729234457016,0.5423514246940613,0.09209134429693222,0.05525221675634384,0.1954376995563507],[0.1268438696861267,0.4342252314090729,0.13457170128822327,0.06800428032875061,0.23635485768318176],[0.11392179876565933,0.33392906188964844,0.018146350979804993,0.04163220152258873,0.4923706352710724]],"label":[0,0,1,0,0]}