{"input":[[0.006445618346333504,0.030114592984318733,0.0019196467474102974,0.001348209916613996,0.9601718783378601],[0.04416787996888161,0.07728246599435806,0.0027733182068914175,0.002968021435663104,0.8728082180023193],[0.01735658571124077,0.03975498676300049,0.003520205384120345,0.0018245185492560267,0.9375436305999756],[0.008334309794008732,0.03537369892001152,0.002317913807928562,0.0014017585199326277,0.9525722861289978]],"label":[0,0,0,0,1]}