{"input":[[0.08976089954376221,0.12344291061162949,0.1410830169916153,0.2470984011888504,0.3986147344112396],[0.02254829742014408,0.05764824524521828,0.13739188015460968,0.6490340828895569,0.13337741792201996],[0.009643569588661194,0.0400264635682106,0.29736077785491943,0.598243236541748,0.054725922644138336],[0.02556593529880047,0.05446643382310867,0.22853951156139374,0.6172052025794983,0.07422297447919846]],"label":[0,0,0,1,0]}