{"input":[[0.012319499626755714,0.023053886368870735,0.1163339763879776,0.821489155292511,0.026803480461239815],[0.014187267050147057,0.03834569826722145,0.0808245986700058,0.8415255546569824,0.025116855278611183],[0.004866424947977066,0.02494971640408039,0.3364811837673187,0.6258978843688965,0.007804809138178825],[0.008262877352535725,0.03220919892191887,0.10971491783857346,0.8428098559379578,0.007003102917224169]],"label":[0,0,0,1,0]}