{"input":[[0.0625053271651268,0.4046645164489746,0.07164034992456436,0.31235116720199585,0.14883863925933838],[0.017008714377880096,0.6449848413467407,0.12292978912591934,0.1896507441997528,0.02542591094970703],[0.01822108030319214,0.3293251097202301,0.10621394962072372,0.4388883411884308,0.10735153406858444],[0.08798950165510178,0.46019482612609863,0.10244875401258469,0.13708433508872986,0.21228264272212982]],"label":[0,1,0,0,0]}