{"input":[[0.015388970263302326,0.28886878490448,0.045770976692438126,0.6211492419242859,0.028822023421525955],[0.009668688289821148,0.11620602011680603,0.06194712221622467,0.7790644764900208,0.033113714307546616],[0.03389260545372963,0.1907072812318802,0.06217789277434349,0.5929878950119019,0.12023436278104782],[0.02414608560502529,0.13217827677726746,0.06493540853261948,0.6470839977264404,0.13165618479251862]],"label":[0,0,0,1,0]}