{"input":[[0.4201624095439911,0.2808588445186615,0.009157026186585426,0.02631935104727745,0.26350241899490356],[0.4297679662704468,0.24116599559783936,0.010363698936998844,0.030051423236727715,0.28865090012550354],[0.2677963078022003,0.18702134490013123,0.012053162790834904,0.03860519826412201,0.4945240318775177],[0.47299137711524963,0.2618584632873535,0.012852284125983715,0.024917975068092346,0.22737985849380493]],"label":[0,1,0,0,0]}