{"input":[[0.04085410758852959,0.514087975025177,0.17159076035022736,0.24620379507541656,0.027263343334197998],[0.13501106202602386,0.6440545320510864,0.05409306660294533,0.08513990044593811,0.08170147985219955],[0.12258009612560272,0.4515698552131653,0.040651269257068634,0.15664617717266083,0.22855263948440552],[0.08890601247549057,0.3875064551830292,0.09390438348054886,0.3642386794090271,0.06544448435306549]],"label":[0,0,0,1,0]}