{"input":[[0.05585959553718567,0.21655727922916412,0.18935061991214752,0.39007121324539185,0.14816127717494965],[0.038909491151571274,0.21862056851387024,0.23862089216709137,0.34900420904159546,0.15484482049942017],[0.00568870734423399,0.10289087146520615,0.17681404948234558,0.7038998007774353,0.010706588625907898],[0.027013998478651047,0.28005895018577576,0.18567746877670288,0.4781761169433594,0.029073484241962433]],"label":[0,0,1,0,0]}