{"input":[[0.008533052168786526,0.08087985217571259,0.35036543011665344,0.5297388434410095,0.030482830479741096],[0.009744174778461456,0.07733431458473206,0.3510783612728119,0.5506501793861389,0.011193044483661652],[0.030931387096643448,0.14328937232494354,0.21614786982536316,0.4537082314491272,0.15592317283153534],[0.015560776926577091,0.23092342913150787,0.3192231357097626,0.39769652485847473,0.03659608215093613]],"label":[0,0,1,0,0]}