{"input":[[0.10340750217437744,0.3714207112789154,0.05774064362049103,0.018016545102000237,0.44941452145576477],[0.11061590909957886,0.45964935421943665,0.02133728377521038,0.013876495882868767,0.394521027803421],[0.2239646166563034,0.39090466499328613,0.03671080246567726,0.015017502941191196,0.3334024250507355],[0.07171656936407089,0.5415679216384888,0.043147601187229156,0.03088364750146866,0.3126842677593231]],"label":[0,0,1,0,0]}