{"input":[[0.07953516393899918,0.13979379832744598,0.20771127939224243,0.13634008169174194,0.43661972880363464],[0.06534858047962189,0.22778844833374023,0.4409814178943634,0.15775607526302338,0.10812544077634811],[0.0936802551150322,0.3008349537849426,0.14801722764968872,0.18887384235858917,0.2685937285423279],[0.051211994141340256,0.24691152572631836,0.24496349692344666,0.29965004324913025,0.157262921333313]],"label":[0,0,1,0,0]}