{"input":[[0.2665656805038452,0.5862855911254883,0.011795355007052422,0.012744773179292679,0.12260859459638596],[0.10490547865629196,0.5247963666915894,0.013608435168862343,0.011825937777757645,0.34486374258995056],[0.11479070037603378,0.4627334475517273,0.022347262129187584,0.020634518936276436,0.3794940412044525],[0.08755824714899063,0.5050044059753418,0.06016277149319649,0.04315366968512535,0.3041209578514099]],"label":[0,1,0,0,0]}