{"input":[[0.17869995534420013,0.14425435662269592,0.003860503202304244,0.002624915214255452,0.6705603003501892],[0.20113205909729004,0.20076575875282288,0.0118626169860363,0.008550157770514488,0.5776894092559814],[0.12964922189712524,0.33760955929756165,0.02728755585849285,0.008963806554675102,0.49648991227149963],[0.0542755089700222,0.06546622514724731,0.008963505737483501,0.0029008621349930763,0.8683938384056091]],"label":[0,0,1,0,0]}