{"input":[[0.006562370806932449,0.06436604261398315,0.0320766307413578,0.83944171667099,0.057553309947252274],[0.005686461925506592,0.06006452068686485,0.054741378873586655,0.8189911842346191,0.06051638722419739],[0.02426239103078842,0.14522339403629303,0.0652514100074768,0.512479841709137,0.25278306007385254],[0.007300718687474728,0.07628423720598221,0.07111267745494843,0.6968663334846497,0.14843598008155823]],"label":[0,0,0,1,0]}