{"input":[[0.31755363941192627,0.056885976344347,0.009560849517583847,0.19769015908241272,0.41830942034721375],[0.5484751462936401,0.09217561036348343,0.007581229787319899,0.10945256799459457,0.24231551587581635],[0.28794652223587036,0.06786642968654633,0.007455675862729549,0.07646691799163818,0.5602644085884094],[0.27234402298927307,0.023868808522820473,0.0043653142638504505,0.03292340412735939,0.6664984226226807]],"label":[1,0,0,0,0]}