{"input":[[0.010571467690169811,0.04719684645533562,0.19243267178535461,0.7396399974822998,0.010158964432775974],[0.0207819901406765,0.06370358914136887,0.38179323077201843,0.5209280252456665,0.012793122790753841],[0.07027976959943771,0.36912474036216736,0.19447186589241028,0.32670900225639343,0.039414532482624054],[0.04238384589552879,0.23136046528816223,0.4249753952026367,0.20862777531147003,0.09265252202749252]],"label":[0,0,0,1,0]}