{"input":[[0.48160669207572937,0.14086760580539703,0.019197659566998482,0.05594145879149437,0.30238670110702515],[0.09181710332632065,0.33890315890312195,0.0767756924033165,0.10618864744901657,0.38631540536880493],[0.2917404770851135,0.2922070622444153,0.06651147454977036,0.15133652091026306,0.19820447266101837],[0.06788662075996399,0.3029090166091919,0.09810388088226318,0.17401829361915588,0.35708215832710266]],"label":[0,1,0,0,0]}