{"input":[[0.0210775937885046,0.08625546097755432,0.2470259666442871,0.6271618008613586,0.01847907155752182],[0.024007204920053482,0.17576177418231964,0.1902475357055664,0.5822920203208923,0.02769147790968418],[0.03128334879875183,0.05654733255505562,0.3896755278110504,0.506805956363678,0.01568780094385147],[0.048356350511312485,0.12639234960079193,0.6197420954704285,0.18094518780708313,0.024564003571867943]],"label":[0,1,0,0,0]}