{"input":[[0.18383261561393738,0.06888052821159363,0.009841224178671837,0.03240447863936424,0.7050411701202393],[0.1400163322687149,0.0653655007481575,0.003933177795261145,0.018171396106481552,0.7725135684013367],[0.22921140491962433,0.17274104058742523,0.004989431239664555,0.020283302292227745,0.5727748870849609],[0.5163483619689941,0.10183984786272049,0.0038899725768715143,0.013418811373412609,0.3645029664039612]],"label":[1,0,0,0,0]}