{"input":[[0.016778836026787758,0.36765074729919434,0.24434882402420044,0.3402271568775177,0.030994439497590065],[0.02877986617386341,0.2664574980735779,0.30738329887390137,0.36551550030708313,0.03186380863189697],[0.06622398644685745,0.42198190093040466,0.25099977850914,0.17825745046138763,0.08253686875104904],[0.029603321105241776,0.28766515851020813,0.3068896234035492,0.349210262298584,0.026631617918610573]],"label":[0,0,0,1,0]}