{"input":[[0.12802830338478088,0.6275942325592041,0.05743878707289696,0.10502327233552933,0.08191544562578201],[0.14325402677059174,0.4813397526741028,0.08451157063245773,0.17945334315299988,0.11144128441810608],[0.0682985708117485,0.29985514283180237,0.13802437484264374,0.3688119947910309,0.12500999867916107],[0.18895012140274048,0.4603884816169739,0.058486975729465485,0.16754548251628876,0.12462889403104782]],"label":[0,1,0,0,0]}