{"input":[[0.0985448956489563,0.08776906877756119,0.16585290431976318,0.5526044368743896,0.0952286571264267],[0.07968718558549881,0.14809317886829376,0.1894749104976654,0.5194208025932312,0.06332384794950485],[0.013276012614369392,0.052608005702495575,0.2839236855506897,0.6316356658935547,0.018556633964180946],[0.02514718472957611,0.05760866776108742,0.27216190099716187,0.6228647828102112,0.022217556834220886]],"label":[0,0,0,1,0]}