{"input":[[0.07263711094856262,0.1804456114768982,0.35976657271385193,0.3074232339859009,0.07972748577594757],[0.1031481996178627,0.27047210931777954,0.2655179798603058,0.3266308903694153,0.03423080965876579],[0.032794591039419174,0.1426316648721695,0.4817351996898651,0.2815530002117157,0.06128551438450813],[0.06601555645465851,0.3421250283718109,0.2756046950817108,0.22464106976985931,0.09161362797021866]],"label":[0,0,1,0,0]}