{"input":[[0.05371635779738426,0.07662199437618256,0.6445367932319641,0.14493238925933838,0.08019248396158218],[0.017816755920648575,0.05299517884850502,0.7856607437133789,0.11844220757484436,0.0250852070748806],[0.011225932277739048,0.044305913150310516,0.8262460231781006,0.10695310682058334,0.011269004084169865],[0.00623345049098134,0.050647418946027756,0.7741469144821167,0.16328464448451996,0.005687565542757511]],"label":[0,0,1,0,0]}