{"input":[[0.03987604007124901,0.2271726429462433,0.22756892442703247,0.3092828392982483,0.19609951972961426],[0.07822055369615555,0.36839258670806885,0.18425528705120087,0.2002444565296173,0.16888710856437683],[0.008992314338684082,0.20793777704238892,0.30040010809898376,0.4387999176979065,0.043869927525520325],[0.019673632457852364,0.26016470789909363,0.26505234837532043,0.4314851462841034,0.023624077439308167]],"label":[0,1,0,0,0]}