{"input":[[0.12550513446331024,0.4814687669277191,0.18807272613048553,0.13379795849323273,0.0711553692817688],[0.07071352750062943,0.2667876183986664,0.32569482922554016,0.15275514125823975,0.18404890596866608],[0.03885248303413391,0.5752943754196167,0.1859831064939499,0.18544159829616547,0.014428360387682915],[0.056523170322179794,0.425804078578949,0.24050475656986237,0.26254531741142273,0.01462266780436039]],"label":[0,1,0,0,0]}