{"input":[[0.02868739143013954,0.1346755027770996,0.42957162857055664,0.34025898575782776,0.06680651754140854],[0.034486282616853714,0.07937607169151306,0.21077021956443787,0.656767725944519,0.018599646165966988],[0.00630981894209981,0.08632739633321762,0.3957136273384094,0.5057666301727295,0.005882506724447012],[0.0022115351166576147,0.03380529582500458,0.3128713071346283,0.6491422057151794,0.001969626871868968]],"label":[0,0,0,1,0]}