{"input":[[0.014580843970179558,0.0814535990357399,0.5741571187973022,0.2876276671886444,0.04218077287077904],[0.01471091527491808,0.05554481968283653,0.6294940114021301,0.21142718195915222,0.08882305026054382],[0.0033050263300538063,0.023664724081754684,0.9046087861061096,0.03487482666969299,0.03354666754603386],[0.006424810737371445,0.03566631302237511,0.8584640026092529,0.05545617267489433,0.043988730758428574]],"label":[0,0,1,0,0]}