{"input":[[0.08553329855203629,0.10197189450263977,0.14656907320022583,0.14996546506881714,0.5159603357315063],[0.11765740811824799,0.3337201774120331,0.1335439234972,0.1741410493850708,0.2409374713897705],[0.1441258192062378,0.1658892184495926,0.04066077992320061,0.03132670000195503,0.6179975867271423],[0.17644846439361572,0.21327784657478333,0.07860726863145828,0.03547615185379982,0.49619027972221375]],"label":[0,1,0,0,0]}