{"input":[[0.04522598162293434,0.05810557305812836,0.06681275367736816,0.1665206402540207,0.6633350253105164],[0.06929700076580048,0.10463310778141022,0.16844671964645386,0.3743518590927124,0.28327128291130066],[0.0027526195626705885,0.026557838544249535,0.10206898301839828,0.8520212173461914,0.016599401831626892],[0.007298515178263187,0.049288053065538406,0.1632729470729828,0.7527467012405396,0.027393780648708344]],"label":[0,0,0,1,0]}