{"input":[[0.06911119818687439,0.23060834407806396,0.1805223673582077,0.4465526342391968,0.07320550084114075],[0.03719383105635643,0.12406089901924133,0.2341124415397644,0.5531790256500244,0.05145379528403282],[0.014022313058376312,0.10399490594863892,0.09654708206653595,0.7680392861366272,0.01739640347659588],[0.03864434361457825,0.13873684406280518,0.23427578806877136,0.5338031053543091,0.054539866745471954]],"label":[0,0,0,1,0]}