{"input":[[0.018857769668102264,0.032189976423978806,0.003805886022746563,0.015199600718915462,0.929946780204773],[0.011514851823449135,0.010337958112359047,0.0019158328650519252,0.0034192681778222322,0.9728121757507324],[0.011919931508600712,0.022024350240826607,0.004011272918432951,0.008074737153947353,0.9539697766304016],[0.01790936104953289,0.021919064223766327,0.00267824181355536,0.008100946433842182,0.9493923783302307]],"label":[0,0,0,0,1]}