{"input":[[0.5271263718605042,0.08087711036205292,0.003331926651299,0.01341125275939703,0.3752533197402954],[0.51183021068573,0.040963396430015564,0.003954257350414991,0.017129741609096527,0.42612236738204956],[0.6834222078323364,0.1077585443854332,0.0019412736874073744,0.008307678624987602,0.19857023656368256],[0.49489232897758484,0.1690986603498459,0.007936228066682816,0.03873584792017937,0.2893368899822235]],"label":[1,0,0,0,0]}