{"input":[[0.11506155133247375,0.39606285095214844,0.01407013088464737,0.3453024625778198,0.1295030266046524],[0.11883515119552612,0.4807482659816742,0.01947857066988945,0.28691014647483826,0.09402788430452347],[0.022510284557938576,0.13082154095172882,0.0449359156191349,0.6284320950508118,0.1733001470565796],[0.08268918097019196,0.3295676112174988,0.029411766678094864,0.41407427191734314,0.14425726234912872]],"label":[0,0,0,1,0]}