{"input":[[0.014410780742764473,0.07237813621759415,0.23859022557735443,0.6391128301620483,0.035508058965206146],[0.024463417008519173,0.09408141672611237,0.12613125145435333,0.7244861125946045,0.030837759375572205],[0.026918668299913406,0.20447738468647003,0.1454017013311386,0.5688931941986084,0.05430910363793373],[0.05058565363287926,0.3562171757221222,0.2244538962841034,0.3311726748943329,0.037570565938949585]],"label":[0,0,0,1,0]}