{"input":[[0.025248829275369644,0.11058361828327179,0.6169487833976746,0.19683712720870972,0.0503816194832325],[0.04373297095298767,0.11007947474718094,0.36849522590637207,0.3994532525539398,0.0782390832901001],[0.004716107156127691,0.12910975515842438,0.6956484913825989,0.15406811237335205,0.016457583755254745],[0.005616082344204187,0.10447654128074646,0.4977984130382538,0.38634389638900757,0.005765026900917292]],"label":[0,0,1,0,0]}