{"input":[[0.008798997849225998,0.024939129129052162,0.2589471936225891,0.6819249391555786,0.025389838963747025],[0.006135992705821991,0.019371960312128067,0.15010343492031097,0.7975757122039795,0.026812836527824402],[0.0014581504510715604,0.010444446466863155,0.15478099882602692,0.8242217302322388,0.009094643406569958],[0.004985834006220102,0.02108118310570717,0.5148919224739075,0.4457050561904907,0.013336027972400188]],"label":[0,0,1,0,0]}