{"input":[[0.18164868652820587,0.7651078701019287,0.006197630427777767,0.025983091443777084,0.02106279879808426],[0.2184590846300125,0.7493868470191956,0.0028308748733252287,0.011606913059949875,0.01771632581949234],[0.7471421957015991,0.22229264676570892,0.0036851230543106794,0.004453156143426895,0.022426927462220192],[0.5996733903884888,0.2990383207798004,0.010627309791743755,0.016387028619647026,0.074273981153965]],"label":[0,1,0,0,0]}