{"input":[[0.0677855834364891,0.3851747214794159,0.028547601774334908,0.017560159787535667,0.5009319186210632],[0.21321122348308563,0.346428781747818,0.009399077855050564,0.01181564386934042,0.41914525628089905],[0.11200489103794098,0.29597169160842896,0.17667730152606964,0.08709154278039932,0.3282546103000641],[0.042060840874910355,0.48792508244514465,0.06686880439519882,0.03909103944897652,0.36405429244041443]],"label":[0,1,0,0,0]}