{"input":[[0.006072917487472296,0.04175029322504997,0.1082523986697197,0.81757652759552,0.026347864419221878],[0.03624860197305679,0.12823882699012756,0.17502140998840332,0.5452905297279358,0.11520063132047653],[0.04656701162457466,0.15053296089172363,0.09696453809738159,0.6040652990341187,0.10187016427516937],[0.009496856480836868,0.0639130100607872,0.1362863928079605,0.7545158267021179,0.03578798100352287]],"label":[0,0,0,1,0]}