{"input":[[0.03106553666293621,0.06979316473007202,0.04712935537099838,0.3042687475681305,0.5477432608604431],[0.02638840116560459,0.23785726726055145,0.019397789612412453,0.3825143277645111,0.3338422179222107],[0.008017422631382942,0.2873026132583618,0.028806760907173157,0.6591874361038208,0.01668570190668106],[0.015205628238618374,0.38811808824539185,0.023471534252166748,0.4696248471736908,0.10357986390590668]],"label":[0,0,0,1,0]}