{"input":[[0.6094476580619812,0.0901302769780159,0.0014341414207592607,0.007557304576039314,0.29143059253692627],[0.7255852222442627,0.05293021351099014,0.0011152462102472782,0.005669272504746914,0.21470005810260773],[0.7802596092224121,0.020636815577745438,0.0004308683564886451,0.0016818931326270103,0.19699084758758545],[0.7600296139717102,0.05470897629857063,0.000543281901627779,0.005028185434639454,0.1796899288892746]],"label":[1,0,0,0,0]}