{"input":[[0.049031998962163925,0.7659526467323303,0.08467193692922592,0.059612199664115906,0.04073113203048706],[0.04906060919165611,0.48999229073524475,0.11328264325857162,0.052290115505456924,0.2953743636608124],[0.022541599348187447,0.8039171099662781,0.058030400425195694,0.06233767047524452,0.05317316949367523],[0.07831398397684097,0.5314770340919495,0.07122976332902908,0.017091749235987663,0.3018874228000641]],"label":[0,1,0,0,0]}