{"input":[[0.0693853348493576,0.42838990688323975,0.07696569710969925,0.09132412821054459,0.33393487334251404],[0.07012032717466354,0.558265745639801,0.050552185624837875,0.13847008347511292,0.18259163200855255],[0.1371709406375885,0.4677179753780365,0.05507281422615051,0.17414328455924988,0.16589494049549103],[0.1350700557231903,0.4772118926048279,0.07521741837263107,0.15786996483802795,0.15463058650493622]],"label":[0,0,1,0,0]}