{"input":[[0.029153862968087196,0.36970019340515137,0.11539986729621887,0.11475220322608948,0.37099388241767883],[0.08565226942300797,0.4045265018939972,0.10383209586143494,0.11762988567352295,0.2883591949939728],[0.055335383862257004,0.2561666965484619,0.096738301217556,0.16835542023181915,0.4234042167663574],[0.04520755633711815,0.2507535517215729,0.16475938260555267,0.13166522979736328,0.4076143205165863]],"label":[0,1,0,0,0]}