{"input":[[0.1828698217868805,0.18213535845279694,0.01822168007493019,0.07829920202493668,0.5384739637374878],[0.5587698817253113,0.15602561831474304,0.01086921151727438,0.02445986680686474,0.24987544119358063],[0.2122768610715866,0.23343154788017273,0.029844148084521294,0.08475236594676971,0.4396951198577881],[0.2648421823978424,0.2878720164299011,0.03305617719888687,0.08876431733369827,0.3254653215408325]],"label":[0,0,0,1,0]}