{"input":[[0.004806170240044594,0.1866985708475113,0.3134497404098511,0.47269734740257263,0.02234816737473011],[0.023942627012729645,0.36647018790245056,0.2548152506351471,0.2690664827823639,0.08570545166730881],[0.01897924765944481,0.22302433848381042,0.3823305070400238,0.3070063591003418,0.06865952163934708],[0.022336682304739952,0.3325653076171875,0.23724433779716492,0.3248037099838257,0.0830499529838562]],"label":[0,0,1,0,0]}