{"input":[[0.024169016629457474,0.2645871937274933,0.39779379963874817,0.2495899349451065,0.06386002898216248],[0.038477662950754166,0.46367284655570984,0.20430050790309906,0.24077482521533966,0.052774153649806976],[0.021091315895318985,0.2186979353427887,0.3248165249824524,0.40298905968666077,0.032405149191617966],[0.1216920018196106,0.6087392568588257,0.07810205966234207,0.11393199115991592,0.07753468304872513]],"label":[0,0,0,1,0]}