{"input":[[0.03178650885820389,0.006991018541157246,0.06540314108133316,0.15511789917945862,0.05895331874489784,0.03252618759870529,0.3890328109264374,0.2096940129995346,0.050495125353336334],[0.009154723025858402,0.004806093871593475,0.0009109484381042421,0.27349212765693665,0.008328939788043499,0.03152483329176903,0.057860877364873886,0.0032489371951669455,0.6106725335121155],[0.055166929960250854,0.008965416811406612,0.034234847873449326,0.4478168785572052,0.0052971732802689075,0.026676591485738754,0.3094973564147949,0.008709769695997238,0.10363509505987167],[0.006818314548581839,0.0011061170371249318,0.03915243223309517,0.8559820652008057,0.04142473265528679,0.005180698353797197,0.016622204333543777,0.0011972063221037388,0.03251611441373825],[0.005806443747133017,0.013513363897800446,0.03600003197789192,0.30697569251060486,0.015312639996409416,0.0439094640314579,0.5629628896713257,0.005959058180451393,0.009560301899909973]],"label":[0,0,0,1,0,0,0,0,0]}