{"input":[[0.2252061367034912,0.0783785879611969,0.04610658809542656,0.03762712702155113,0.02022342011332512,0.32303839921951294,0.16714055836200714,0.0583062618970871,0.04397295415401459],[0.12194261699914932,0.1638534516096115,0.05622632056474686,0.1264113485813141,0.038151342421770096,0.11292044073343277,0.27776899933815,0.07304994016885757,0.0296754390001297],[0.01984277367591858,0.042774271219968796,0.04820893704891205,0.1676366627216339,0.03415052965283394,0.1380130648612976,0.4260425865650177,0.041231703013181686,0.08209946006536484],[0.0087284492328763,0.019622256979346275,0.011569272726774216,0.10140004754066467,0.011310107074677944,0.14146366715431213,0.65085768699646,0.008297172375023365,0.04675129055976868],[0.0002865652786567807,0.00027027149917557836,2.9274711778271012e-05,0.5924574136734009,0.00011234050907660276,0.1062484011054039,0.2996252179145813,8.559792331652716e-05,0.0008848679135553539]],"label":[0,0,0,1,0,0,0,0,0]}