{"input":[[0.1244598999619484,0.02777821570634842,0.1989864706993103,0.00036478895344771445,0.0288457702845335,0.0022129060234874487,0.007393598090857267,0.606206476688385,0.0037518206518143415],[0.09372599422931671,0.0035751538816839457,0.6342282891273499,0.0013752839295193553,0.01734098047018051,0.0016694965306669474,0.003303885692730546,0.24030649662017822,0.00447443500161171],[0.0753302201628685,0.0005184350884519517,0.9136574268341064,2.5329474738100544e-05,0.001128310919739306,0.0001531268935650587,0.0019992522429674864,0.00512680783867836,0.002061024308204651],[0.03378972411155701,0.0016811212990432978,0.7928858995437622,1.444817735318793e-05,0.02806616760790348,0.0008772817091085017,0.0068965088576078415,0.12525273859500885,0.010536073707044125],[2.2257183445617557e-05,4.927175041302689e-07,0.9697040915489197,1.1962564272494092e-08,0.00015814822108950466,9.031888481558781e-08,1.6908884390431922e-06,0.030092502012848854,2.0649904399761e-05]],"label":[0,0,0,0,0,0,0,1,0]}