{"input":[[0.09154052287340164,0.23938724398612976,0.08264701068401337,0.025358570739626884,0.018812362104654312,0.0652623176574707,0.13712777197360992,0.3146388530731201,0.025225434452295303],[0.09290289878845215,0.580023467540741,0.007491861004382372,0.01276162825524807,0.014803867787122726,0.06582634896039963,0.16009294986724854,0.04786721244454384,0.018229693174362183],[0.3947964608669281,0.17349746823310852,0.06870567798614502,0.0022563484963029623,0.006163189187645912,0.0178836639970541,0.32558131217956543,0.007220073603093624,0.0038958664517849684],[0.2756422758102417,0.023361114785075188,0.28818321228027344,0.003463183995336294,0.008167854510247707,0.008813845925033092,0.37141260504722595,0.015908632427453995,0.0050472477450966835],[0.0071396674029529095,0.3112177848815918,0.030201703310012817,0.006114847958087921,0.0058501288294792175,0.24445056915283203,0.3404804468154907,0.02573292702436447,0.028811844065785408]],"label":[0,0,0,0,0,0,1,0,0]}