{"input":[[0.0356314443051815,0.5485559701919556,0.15091027319431305,0.0032303042244166136,0.007361031137406826,0.06886585801839828,0.16664445400238037,0.01616290770471096,0.002637729747220874],[0.0018142705084756017,0.8049319982528687,0.007706154137849808,0.014726506546139717,0.0062544867396354675,0.09305763244628906,0.07029751688241959,0.00042083102744072676,0.0007907106191851199],[0.0035729228984564543,0.8266391158103943,0.04246911033987999,0.024707356467843056,0.01490615215152502,0.0425870455801487,0.01993735507130623,0.014395254664123058,0.010785723105072975],[0.002148988889530301,0.8302789330482483,0.01454001571983099,0.005623736884444952,0.008305084891617298,0.03304493799805641,0.08746035397052765,0.012234185822308064,0.0063637676648795605],[0.000650732486974448,0.7236645817756653,0.0025323303416371346,0.003710726508870721,0.0020849101711064577,0.2436341494321823,0.018440471962094307,0.002135525457561016,0.003146594390273094]],"label":[0,1,0,0,0,0,0,0,0]}