{"input":[[0.12189953774213791,0.20812419056892395,0.0368531160056591,0.0064796688966453075,0.0201181061565876,0.36620625853538513,0.16170333325862885,0.07214829325675964,0.0064675225876271725],[0.16500012576580048,0.142442524433136,0.052631258964538574,0.017869634553790092,0.01302527915686369,0.12358606606721878,0.4146184027194977,0.059715546667575836,0.011111211031675339],[0.10033848136663437,0.3224627673625946,0.24750465154647827,0.0005926385638304055,0.0045725079253315926,0.00912323035299778,0.29715126752853394,0.01664041355252266,0.0016141274245455861],[0.10353635251522064,0.07270299643278122,0.4205145835876465,0.0010290660429745913,0.051072344183921814,0.004067744128406048,0.1843092143535614,0.1496225893497467,0.013145115226507187],[0.003560706041753292,0.034265484660863876,0.10961982607841492,0.0008238682057708502,0.05738752707839012,0.29677072167396545,0.4597170352935791,0.033994514495134354,0.003860300872474909]],"label":[0,0,0,0,0,0,1,0,0]}