{"input":[[0.5824291706085205,0.04410570114850998,0.04483319818973541,0.003286173800006509,0.21127201616764069,0.016608823090791702,0.0072632753290236,0.07745040953159332,0.012751160189509392],[0.0864485427737236,0.20022806525230408,0.03183119371533394,0.0007564281695522368,0.004996317904442549,0.010528002865612507,0.26772117614746094,0.37296852469444275,0.02452182024717331],[0.05223579704761505,0.1600029170513153,0.08297160267829895,0.0008605761104263365,0.055405329912900925,0.10167759656906128,0.27420544624328613,0.2434331327676773,0.02920752763748169],[0.07535605132579803,0.09543918818235397,0.02352767251431942,0.01845766231417656,0.15482553839683533,0.1455596536397934,0.25356680154800415,0.21826797723770142,0.014999492093920708],[0.14051300287246704,0.24732451140880585,0.22591432929039001,0.0020308492239564657,0.09396634995937347,0.00553453154861927,0.020616326481103897,0.23439310491085052,0.029706954956054688]],"label":[1,0,0,0,0,0,0,0,0]}