{"input":[[0.017855919897556305,0.20133183896541595,0.019339686259627342,0.2701156437397003,0.01476215198636055,0.12345048785209656,0.30579978227615356,0.015185125172138214,0.03215940669178963],[0.11385342478752136,0.08084114640951157,0.08248353749513626,0.051321204751729965,0.023822486400604248,0.10571698099374771,0.3257361948490143,0.17800268530845642,0.038222409784793854],[0.18259002268314362,0.13089865446090698,0.17094099521636963,0.22769621014595032,0.027417628094553947,0.03279605507850647,0.11512505263090134,0.06587227433919907,0.046663183718919754],[0.16889449954032898,0.03091469407081604,0.14163470268249512,0.13284607231616974,0.03309381753206253,0.022883521392941475,0.06060109660029411,0.33431968092918396,0.07481196522712708],[0.0474444217979908,0.12327580153942108,0.0031547523103654385,0.1670428216457367,0.011183704249560833,0.20601774752140045,0.3546893000602722,0.06110796332359314,0.026083504781126976]],"label":[0,0,0,0,0,0,0,0,1]}