{"input":[[0.8084786534309387,0.00038786945515312254,0.18046098947525024,0.0015547090442851186,0.0006912621902301908,0.0001396414590999484,0.004523529205471277,0.003242978360503912,0.0005204494809731841],[0.4585677683353424,0.0005142624722793698,0.49393150210380554,7.68019599490799e-05,0.006200699135661125,0.00012186994717922062,0.02017585188150406,0.019311556592583656,0.0010996931232511997],[0.3836017847061157,0.0005673673585988581,0.1103816106915474,0.008156074211001396,0.006998502649366856,0.0005518872640095651,0.01101046334952116,0.47789138555526733,0.0008408818393945694],[0.4728996455669403,0.005826243199408054,0.03280145674943924,0.0046149324625730515,0.000438801507698372,0.0013994923792779446,0.36559969186782837,0.10306321084499359,0.013356463052332401],[0.6396209001541138,0.0004979763180017471,0.17278602719306946,2.1999727323418483e-05,0.000928535358980298,2.3650049115531147e-05,0.003129367483779788,0.1827334314584732,0.0002581355220172554]],"label":[1,0,0,0,0,0,0,0,0]}