{"input":[[0.007505680900067091,0.7244184613227844,0.015448693186044693,0.008890261873602867,0.008428355678915977,0.1624404937028885,0.05066250264644623,0.002924132626503706,0.019281335175037384],[0.0014462012331932783,0.33006858825683594,0.0020510146860033274,0.000808767625130713,0.0006005947361700237,0.11130726337432861,0.5330943465232849,0.008708158507943153,0.01191496942192316],[0.008166433311998844,0.7544785141944885,0.04767009615898132,0.003764084540307522,0.013499079272150993,0.061568669974803925,0.0856478214263916,0.0009970521787181497,0.024208292365074158],[0.04043905809521675,0.6076202988624573,0.021401163190603256,0.013827051036059856,0.0018120926106348634,0.05025700479745865,0.19855821132659912,0.01809338480234146,0.0479918047785759],[7.508727139793336e-05,0.9260535836219788,4.3264437408652157e-05,4.141006138524972e-05,4.5366905396804214e-05,0.06010451540350914,0.013005568645894527,5.6063996453303844e-05,0.0005751644494011998]],"label":[0,1,0,0,0,0,0,0,0]}