{"input":[[0.3138565421104431,0.005579027812927961,0.4704875648021698,0.006508213002234697,0.005797936115413904,0.004476016387343407,0.07090150564908981,0.024543756619095802,0.09784945845603943],[0.3620836138725281,0.0023408448323607445,0.4210442006587982,0.000497993896715343,0.0037435698322951794,0.0002844407281372696,0.0101857241243124,0.16258883476257324,0.03723066672682762],[0.1627509444952011,0.1248798668384552,0.1521589457988739,0.03217640146613121,0.03896408900618553,0.04652494564652443,0.27743932604789734,0.1121237576007843,0.05298168212175369],[0.13178710639476776,0.2685929834842682,0.06373032927513123,0.034088943153619766,0.014159453101456165,0.07803007960319519,0.27481672167778015,0.0931796208024025,0.04161475971341133],[0.4673028588294983,0.014237718656659126,0.032853443175554276,0.001972405705600977,0.018833152949810028,0.011164693161845207,0.32714757323265076,0.05642445385456085,0.07006371766328812]],"label":[1,0,0,0,0,0,0,0,0]}