{"input":[[0.01684362255036831,0.024462604895234108,0.018839512020349503,0.6617785096168518,0.023285850882530212,0.010831194929778576,0.14464923739433289,0.01235766988247633,0.0869518294930458],[0.007309481501579285,0.010563011281192303,0.009053574874997139,0.5471528172492981,0.015962209552526474,0.012256158515810966,0.3603959083557129,0.011560173705220222,0.025746680796146393],[0.003987782634794712,0.005689867306500673,0.036978043615818024,0.29338082671165466,0.039223168045282364,0.015903253108263016,0.5474209189414978,0.041158027946949005,0.016258077695965767],[0.014648458920419216,0.02790956385433674,0.05423601344227791,0.3641257882118225,0.10997280478477478,0.04290972277522087,0.19592759013175964,0.11727739125490189,0.07299269735813141],[0.0015442314324900508,0.004637579433619976,0.0034871986135840416,0.7828216552734375,0.020802365615963936,0.02814437821507454,0.11930674314498901,0.010846581310033798,0.028409307822585106]],"label":[0,0,0,0,0,0,1,0,0]}