{"input":[[0.20209984481334686,0.0011832589516416192,0.1654053032398224,0.01915234513580799,0.007302409503608942,0.00344135076738894,0.020445821806788445,0.08021727204322815,0.5007524490356445],[0.10913317650556564,0.00017807197582442313,0.2716781198978424,0.008007976226508617,0.01830306649208069,0.0005005877465009689,0.022293278947472572,0.11965807527303696,0.45024770498275757],[0.049034010618925095,0.0003808898909483105,0.8302119970321655,0.028956640511751175,0.01194716989994049,0.0009618221665732563,0.009495904669165611,0.02988145686686039,0.0391300804913044],[0.04695166274905205,0.0013310329522937536,0.7217345833778381,0.04294079169631004,0.019387608394026756,0.004460202995687723,0.05034564435482025,0.024918219074606895,0.0879303514957428],[0.031245693564414978,0.0021092290990054607,0.6552075743675232,0.011029485613107681,0.033228032290935516,0.007702040020376444,0.05026395618915558,0.09467525035142899,0.11453864723443985]],"label":[0,0,1,0,0,0,0,0,0]}