{"input":[[0.23492781817913055,0.2281431257724762,0.04651327803730965,0.03451390191912651,0.009487385861575603,0.10235753655433655,0.10978908836841583,0.1147979348897934,0.11946993321180344],[0.22687138617038727,0.4789527356624603,0.03836340829730034,0.016659514978528023,0.006820220500230789,0.13852740824222565,0.03028499335050583,0.04386250674724579,0.01965787261724472],[0.0024290960282087326,0.8909289836883545,0.003460229141637683,0.00014469254529103637,0.0006603188230656087,0.010988293215632439,0.06319046020507812,0.023729871958494186,0.0044681173749268055],[0.03428865969181061,0.13374030590057373,0.14510121941566467,0.06363015621900558,0.07205481827259064,0.08391308784484863,0.17224425077438354,0.06566982716321945,0.22935767471790314],[0.021105794236063957,0.3832220733165741,0.015420601703226566,0.0062715751118958,0.004349221475422382,0.0668964833021164,0.17221492528915405,0.30636459589004517,0.024154819548130035]],"label":[0,0,0,0,0,1,0,0,0]}