{"input":[[0.0037558746989816427,0.026181990280747414,0.028732523322105408,0.3074429929256439,0.02528645470738411,0.055307887494564056,0.544356644153595,0.006320962216705084,0.0026147228199988604],[0.0009556495933793485,0.009439157322049141,0.07330714911222458,0.20276141166687012,0.038934849202632904,0.01822260208427906,0.6387705206871033,0.004426128696650267,0.013182463124394417],[0.11397890001535416,0.010642183013260365,0.01845518872141838,0.35824793577194214,0.06693639606237411,0.00391975324600935,0.3979113698005676,0.0019353795796632767,0.027972916141152382],[0.035798314958810806,0.0415479801595211,0.010116887278854847,0.36783209443092346,0.09545779973268509,0.03651704639196396,0.2919612228870392,0.004149510059505701,0.11661908030509949],[0.11830713599920273,0.030901983380317688,0.05713390186429024,0.1542270928621292,0.03455511853098869,0.03582073375582695,0.22957363724708557,0.08687957376241684,0.2526007890701294]],"label":[0,0,0,0,0,0,1,0,0]}