{"input":[[0.0680164024233818,0.43458300828933716,0.05051827058196068,0.03137151524424553,0.014286738820374012,0.14013604819774628,0.12396462261676788,0.10892010480165482,0.028203396126627922],[0.09593941271305084,0.010179635137319565,0.36640188097953796,0.18063324689865112,0.20143134891986847,0.0022336954716593027,0.029176710173487663,0.11250938475131989,0.0014946208102628589],[0.00929652713239193,0.3349756598472595,0.2566160559654236,0.07737962901592255,0.007039770949631929,0.04408305883407593,0.14823311567306519,0.067359559237957,0.05501657351851463],[0.01180802658200264,0.03250576928257942,0.2480253130197525,0.3587842583656311,0.035898640751838684,0.01204701792448759,0.19427484273910522,0.03826526924967766,0.06839092075824738],[0.030836518853902817,0.06285640597343445,0.18623997271060944,0.4562316834926605,0.019472965970635414,0.014380031265318394,0.18061356246471405,0.017504235729575157,0.031864557415246964]],"label":[0,0,0,1,0,0,0,0,0]}