{"input":[[0.000489519617985934,0.00010763819591375068,0.06001446023583412,0.4354141056537628,0.45885875821113586,0.0001957133790710941,0.027060260996222496,0.0008343427907675505,0.017025277018547058],[0.007988536730408669,0.00041990113095380366,0.04815663397312164,0.5298559069633484,0.3794800043106079,0.0005924430442973971,0.025857454165816307,0.0010069831041619182,0.006642258260399103],[0.0007260280544869602,2.4137143554980867e-05,0.005299464333802462,0.7913960218429565,0.19446174800395966,4.4059474021196365e-05,0.007013937458395958,9.65326398727484e-05,0.0009380410774610937],[0.0006971424445509911,0.0001041810610331595,0.008087760768830776,0.7850988507270813,0.19153666496276855,0.00011889955931110308,0.011963697150349617,0.00021372448827605695,0.002179008675739169],[0.0025306898169219494,0.0007174183847382665,0.053153615444898605,0.772371232509613,0.13207417726516724,0.0002617001882754266,0.018243737518787384,0.001347638783045113,0.019299713894724846]],"label":[0,0,0,0,1,0,0,0,0]}