{"input":[[0.02859206683933735,0.0023041085805743933,0.5007649660110474,0.04842330515384674,0.023582501336932182,0.0016984635731205344,0.03613452985882759,0.3059230446815491,0.05257703736424446],[0.013642372563481331,0.007076067849993706,0.11981185525655746,0.03688300400972366,0.008687794208526611,0.004086654633283615,0.27966710925102234,0.25964468717575073,0.27050042152404785],[0.04803425073623657,0.2749432921409607,0.37041175365448,0.003181698964908719,0.028086602687835693,0.015534981153905392,0.058847617357969284,0.1589554399251938,0.042004358023405075],[0.023181965574622154,0.010279787704348564,0.09271930158138275,0.006732490379363298,0.02257903292775154,0.008806673809885979,0.028505856171250343,0.7124589085578918,0.09473598748445511],[0.00012114732817281038,1.7162528820335865e-05,0.8726484179496765,8.522554708179086e-06,0.016318628564476967,3.03512661048444e-06,0.00029957783408463,0.10092601180076599,0.009657422080636024]],"label":[0,0,0,0,0,0,0,0,1]}