{"input":[[0.005477462895214558,0.014667526818811893,0.07688654214143753,0.2552693784236908,0.2898608446121216,0.020100079476833344,0.1980573832988739,0.049538299441337585,0.09014250338077545],[0.03985753655433655,0.2790835201740265,0.005123081151396036,0.09435472637414932,0.018196552991867065,0.2522517442703247,0.21978208422660828,0.01792060025036335,0.0734301507472992],[0.007581726647913456,0.1514015793800354,0.02705061249434948,0.035397227853536606,0.021854206919670105,0.04770176485180855,0.4078775942325592,0.18595914542675018,0.11517611891031265],[0.0019923981744796038,0.0064516933634877205,0.010573663748800755,0.658390462398529,0.023441428318619728,0.026673613116145134,0.22690975666046143,0.003981740679591894,0.041585326194763184],[0.007880926132202148,0.06491069495677948,0.0689750611782074,0.17760512232780457,0.13181030750274658,0.0858439952135086,0.3834265470504761,0.0366286039352417,0.042918674647808075]],"label":[0,0,0,0,0,1,0,0,0]}