{"input":[[0.7844507694244385,0.006293854676187038,0.02506266161799431,0.014306432567536831,0.014119862578809261,0.007132739294320345,0.008477618917822838,0.07523375004529953,0.06492237746715546],[0.23063188791275024,0.0069292280822992325,0.2624243199825287,0.0018108885269612074,0.009166312403976917,0.004683748818933964,0.006589590571820736,0.4494144320487976,0.028349589556455612],[0.1570827066898346,0.006564717274159193,0.0574263297021389,0.01056040171533823,0.04359431564807892,0.005499210674315691,0.014851444400846958,0.6218366622924805,0.0825842097401619],[0.47319358587265015,0.005899710115045309,0.06510867178440094,0.01719028688967228,0.015315844677388668,0.006408498156815767,0.016316963359713554,0.23749935626983643,0.1630670726299286],[0.38193607330322266,0.010056041181087494,0.026880966499447823,0.0031688972376286983,0.007220176979899406,0.0057363808155059814,0.004581748973578215,0.5279880166053772,0.03243165463209152]],"label":[1,0,0,0,0,0,0,0,0]}