{"input":[[0.0151926064863801,0.059641771018505096,0.11174402385950089,0.18679910898208618,0.04609110578894615,0.039722852408885956,0.20020094513893127,0.08922839909791946,0.25137925148010254],[0.019996462389826775,0.028682826086878777,0.36597803235054016,0.03750811144709587,0.22486215829849243,0.0594010166823864,0.14800317585468292,0.0731285810470581,0.04243956506252289],[0.010422877036035061,0.03594508394598961,0.21147404611110687,0.41114145517349243,0.10595876723527908,0.031802646815776825,0.15534964203834534,0.008486541919410229,0.029418954625725746],[0.0361202247440815,0.019299553707242012,0.13995224237442017,0.2273683100938797,0.08918750286102295,0.09507182240486145,0.19148188829421997,0.04523570463061333,0.15628282725811005],[0.0020035267807543278,0.0007317321142181754,0.07210222631692886,0.7630285620689392,0.12213147431612015,0.004964167717844248,0.012645982205867767,0.0010154201881960034,0.021376898512244225]],"label":[0,0,0,1,0,0,0,0,0]}