{"input":[[0.04770811274647713,0.023145455867052078,0.17540287971496582,0.23413868248462677,0.10788913071155548,0.12890084087848663,0.16825196146965027,0.06948379427194595,0.04507918283343315],[0.0028205353301018476,0.006883676163852215,0.010948809795081615,0.7862449884414673,0.016969481483101845,0.06730617582798004,0.06076673045754433,0.040804315358400345,0.007255206815898418],[0.04448080435395241,0.03191559016704559,0.22069716453552246,0.3238259553909302,0.0806693583726883,0.021031802520155907,0.11577966064214706,0.03774503618478775,0.1238546371459961],[0.015440496616065502,0.09004896134138107,0.05280178412795067,0.28507646918296814,0.026118284091353416,0.07481513172388077,0.31584131717681885,0.06886158138513565,0.0709960088133812],[0.0025394854601472616,0.001272822730243206,0.08934115618467331,0.7757055163383484,0.055038221180438995,0.006643494125455618,0.029108118265867233,0.029260961338877678,0.011090206913650036]],"label":[0,0,0,1,0,0,0,0,0]}