{"input":[[0.034129682928323746,0.19529114663600922,0.07076840102672577,0.14906617999076843,0.020484186708927155,0.08305496722459793,0.14798156917095184,0.2451147437095642,0.05410909280180931],[0.016286764293909073,0.03367825224995613,0.05260390415787697,0.01374761387705803,0.0075142537243664265,0.06201963499188423,0.1436302214860916,0.33698755502700806,0.33353185653686523],[0.0828564316034317,0.03324981778860092,0.021309318020939827,0.41376954317092896,0.023721124976873398,0.055928122252225876,0.2611139714717865,0.055237382650375366,0.05281432345509529],[0.11308649182319641,0.13477793335914612,0.046896036714315414,0.2119254767894745,0.03547191247344017,0.04566771909594536,0.2599702477455139,0.04898171126842499,0.10322251170873642],[0.010500052012503147,0.09393108636140823,0.04596618562936783,0.04809081181883812,0.0038705135229974985,0.0779481753706932,0.07744196057319641,0.39303621649742126,0.24921508133411407]],"label":[0,0,0,0,0,0,0,0,1]}