{"input":[[0.05944213271141052,0.18430371582508087,0.014550433494150639,0.012563898228108883,0.016921009868383408,0.08505655080080032,0.16187740862369537,0.21813815832138062,0.24714671075344086],[0.011303302831947803,0.7142391204833984,0.004170810803771019,0.021495919674634933,0.007118333131074905,0.09408866614103317,0.09953409433364868,0.022685721516609192,0.025364087894558907],[0.1608876883983612,0.0396205335855484,0.013585719279944897,0.030468128621578217,0.0066032856702804565,0.3972068130970001,0.21603140234947205,0.0714077278971672,0.06418871879577637],[0.002758630085736513,0.02159091643989086,0.0016424813074991107,0.003961370792239904,0.0005829788860864937,0.8696029782295227,0.04058584198355675,0.04331101477146149,0.01596381515264511],[0.005494694225490093,0.09597507119178772,0.01374583039432764,0.018170764669775963,0.026717714965343475,0.6342650055885315,0.17381010949611664,0.008758450858294964,0.023062370717525482]],"label":[0,0,0,0,0,1,0,0,0]}