{"input":[[0.0243229940533638,0.41517889499664307,0.003555700881406665,0.08241770416498184,0.0037718084640800953,0.23381561040878296,0.20942306518554688,0.010403512045741081,0.017110763117671013],[0.005530703812837601,0.5099440217018127,0.0036929810885339975,0.015141886658966541,0.0027269485872238874,0.10111900418996811,0.3269544541835785,0.013087519444525242,0.02180255763232708],[0.03522980213165283,0.5492820739746094,0.08600158989429474,0.030233193188905716,0.01570231281220913,0.1113041341304779,0.07101519405841827,0.06466464698314667,0.036567047238349915],[0.11409075558185577,0.35071444511413574,0.05492106452584267,0.04084225371479988,0.004695517476648092,0.04289103299379349,0.23959316313266754,0.1047515794634819,0.04750017449259758],[0.0029363473877310753,0.2568505108356476,0.0014172049704939127,0.0673607587814331,0.0029288060031831264,0.2894481122493744,0.3577962815761566,0.007810164242982864,0.013451870530843735]],"label":[0,1,0,0,0,0,0,0,0]}