{"input":[[0.015002232044935226,0.007660526782274246,0.023679271340370178,0.44012516736984253,0.029171062633395195,0.016657060012221336,0.4342644214630127,0.010071166791021824,0.023369109258055687],[0.013204216957092285,0.004611619748175144,0.1333390176296234,0.6597223877906799,0.038268450647592545,0.007766798138618469,0.10306709259748459,0.012901516631245613,0.0271189846098423],[0.018385663628578186,0.24581845104694366,0.009265587665140629,0.05265192687511444,0.01632029376924038,0.2514638900756836,0.3657799959182739,0.008269594050943851,0.032044608145952225],[0.007422560825943947,0.011453678831458092,0.006331541575491428,0.04970875009894371,0.020557845011353493,0.38765060901641846,0.45101043581962585,0.015477538108825684,0.05038709193468094],[0.0025239847600460052,0.00643684808164835,0.3420058786869049,0.12380637228488922,0.04196640104055405,0.022714218124747276,0.3224722445011139,0.004853047896176577,0.13322097063064575]],"label":[0,0,0,0,0,1,0,0,0]}