{"input":[[0.019411811605095863,0.00833143014460802,0.748325526714325,0.000188730307854712,0.004482056479901075,0.00022203534899745136,0.04943859949707985,0.15776605904102325,0.011833718046545982],[0.005419862922281027,0.0010979431681334972,0.8182922601699829,0.01686680316925049,0.12280052155256271,0.0006969835958443582,0.01542677078396082,0.009075121954083443,0.01032374706119299],[0.16210566461086273,0.035213883966207504,0.12138299643993378,0.0033095700200647116,0.0019269161857664585,0.00944904237985611,0.30834683775901794,0.33560189604759216,0.022663196548819542],[0.307073175907135,0.015421660616993904,0.41905245184898376,0.0024534007534384727,0.005415871739387512,0.003279045457020402,0.05333966016769409,0.17445357143878937,0.019511079415678978],[0.23106031119823456,0.005173496901988983,0.7138302326202393,0.0017361441859975457,0.005814730655401945,0.0007713838131166995,0.025844771414995193,0.009975196793675423,0.005793795920908451]],"label":[0,0,1,0,0,0,0,0,0]}