{"input":[[0.19915679097175598,0.004675440955907106,0.05304105207324028,0.40883320569992065,0.21243411302566528,0.003625958925113082,0.02045474946498871,0.015684956684708595,0.08209382742643356],[0.08687847852706909,0.0403008833527565,0.022986501455307007,0.5907812714576721,0.04009797424077988,0.013063165359199047,0.14593827724456787,0.017905721440911293,0.04204763099551201],[0.2004324048757553,0.028288323432207108,0.09324047714471817,0.15583500266075134,0.1376590132713318,0.057400621473789215,0.13808296620845795,0.10848332941532135,0.08057776838541031],[0.0824834406375885,0.022149711847305298,0.07357892394065857,0.3370850682258606,0.13368308544158936,0.02457081712782383,0.15289612114429474,0.10196804255247116,0.07158474624156952],[0.11350411921739578,0.002922931220382452,0.260407418012619,0.31867823004722595,0.09850265830755234,0.002185663441196084,0.024388592690229416,0.10247809439897537,0.0769323781132698]],"label":[0,0,0,0,1,0,0,0,0]}