{"input":[[0.8441614508628845,0.004292635712772608,0.04023169353604317,0.002963153412565589,0.017139099538326263,0.012293572537600994,0.040111083537340164,0.024827897548675537,0.013979391194880009],[0.6239877939224243,0.015941640362143517,0.14353811740875244,0.048314787447452545,0.052641622722148895,0.014001692645251751,0.02497606724500656,0.04593188688158989,0.030666494742035866],[0.15252619981765747,0.0669899433851242,0.0481102354824543,0.027456801384687424,0.10705585777759552,0.031625375151634216,0.43980279564857483,0.09601785242557526,0.030414972454309464],[0.1570611596107483,0.051493506878614426,0.07344479113817215,0.02604036219418049,0.12911997735500336,0.04178163409233093,0.28020739555358887,0.21538977324962616,0.025461358949542046],[0.07256650179624557,0.11882344633340836,0.0964362695813179,0.03158533573150635,0.39814862608909607,0.0201244093477726,0.05015241727232933,0.17111077904701233,0.04105212911963463]],"label":[1,0,0,0,0,0,0,0,0]}