{"input":[[0.005344335455447435,0.008282103575766087,0.0022178783547133207,0.4201793074607849,0.009054262191057205,0.021706806495785713,0.5272736549377441,0.002080807462334633,0.0038608273025602102],[0.02135731279850006,0.008722982369363308,0.007882572710514069,0.6566402316093445,0.02513934299349785,0.006563077215105295,0.183943510055542,0.004306151997298002,0.08544476330280304],[0.010654713958501816,0.001714216428808868,0.0027251688297837973,0.6421672701835632,0.014551565051078796,0.005968223791569471,0.2963709235191345,0.011190286837518215,0.014657667838037014],[0.014985916204750538,0.010033884085714817,0.013238659128546715,0.4961297810077667,0.004259459674358368,0.04210725426673889,0.39300087094306946,0.0034171093720942736,0.022827154025435448],[0.00020921284158248454,0.0003834380186162889,0.00019654008792713284,0.9113825559616089,0.004309736657887697,0.002710941946133971,0.07964551448822021,9.353784844279289e-05,0.0010686198947951198]],"label":[0,0,0,0,0,0,1,0,0]}