{"input":[[0.012611538171768188,0.012809756211936474,0.018358943983912468,0.7575705647468567,0.02309763804078102,0.0031981065403670073,0.10848437249660492,0.02000500075519085,0.04386414960026741],[0.01939656399190426,0.0030850658658891916,0.10039612650871277,0.6124774813652039,0.11209897696971893,0.002431644592434168,0.029270261526107788,0.011525426991283894,0.10931851714849472],[0.004837879445403814,0.013802341185510159,0.014507425017654896,0.7400770783424377,0.0201150793582201,0.010427783243358135,0.1727818101644516,0.0076780766248703,0.01577252894639969],[0.027773646637797356,0.006710865534842014,0.027510689571499825,0.7103130221366882,0.01426942553371191,0.003979967441409826,0.18937765061855316,0.00940769910812378,0.010657072067260742],[0.0048065041191875935,0.0007095265900716186,0.014313078485429287,0.9159671068191528,0.05452148988842964,0.000793219602201134,0.005083070136606693,0.0021098447032272816,0.0016962604131549597]],"label":[0,0,0,1,0,0,0,0,0]}