{"input":[[0.08047430217266083,0.003001589560881257,0.02295581065118313,0.665922999382019,0.007021620869636536,0.015294856391847134,0.1830088049173355,0.00964006781578064,0.012679911218583584],[0.16200965642929077,0.017115920782089233,0.08162295073270798,0.31543684005737305,0.07828383892774582,0.06510503590106964,0.18533141911029816,0.031856536865234375,0.063237763941288],[0.010740476660430431,0.013218567706644535,0.0930277556180954,0.39428961277008057,0.04603148251771927,0.015885943546891212,0.37664419412612915,0.02051771618425846,0.02964423969388008],[0.07470108568668365,0.05555903911590576,0.05877704173326492,0.18619601428508759,0.10324461758136749,0.055741701275110245,0.17829684913158417,0.1012304499745369,0.1862531304359436],[0.013982484117150307,0.0019934845622628927,0.11642422527074814,0.40045619010925293,0.0466155931353569,0.008172642439603806,0.2786872684955597,0.03615211695432663,0.09751605242490768]],"label":[0,0,0,0,0,0,0,0,1]}