{"input":[[0.1411980390548706,0.3530781865119934,0.10851409286260605,0.010250179097056389,0.006991418544203043,0.05980125814676285,0.16306187212467194,0.0825575739145279,0.07454744726419449],[0.35952457785606384,0.2866770625114441,0.20262086391448975,0.008084232918918133,0.008683701045811176,0.014059891924262047,0.07381200790405273,0.022887688130140305,0.02365006133913994],[0.024521013721823692,0.09842491149902344,0.08017700165510178,0.011619855649769306,0.03851420432329178,0.0249110609292984,0.10928062349557877,0.5715569257736206,0.04099434241652489],[0.1059020534157753,0.11845488846302032,0.15555021166801453,0.009880611672997475,0.03984944149851799,0.029959771782159805,0.09710671752691269,0.39091554284095764,0.05238078907132149],[0.28695908188819885,0.038987256586551666,0.05355667695403099,0.00578447338193655,0.07338377088308334,0.05535364896059036,0.1609456092119217,0.21896769106388092,0.10606169700622559]],"label":[0,0,0,0,0,1,0,0,0]}