{"input":[[0.8046925067901611,0.030969515442848206,0.02244570292532444,0.009374977089464664,0.005552417133003473,0.01128370687365532,0.087662473320961,0.004383198916912079,0.023635542020201683],[0.09348306059837341,0.43568044900894165,0.00030606385553255677,0.0007845751824788749,0.00022869081294629723,0.20422834157943726,0.2567794620990753,0.0004168838495388627,0.008092486299574375],[0.03148399293422699,0.048230286687612534,0.024070201441645622,0.1535433828830719,0.03774173557758331,0.10207250714302063,0.5758872628211975,0.00740275951102376,0.01956789381802082],[0.02779257670044899,0.09551297873258591,0.015062672086060047,0.03774147480726242,0.009753613732755184,0.009863143786787987,0.7961734533309937,0.004637176636606455,0.003462952794507146],[0.0013729087077081203,0.0002984696766361594,0.00016637150838505477,0.905619204044342,0.03259653225541115,0.02198849432170391,0.03588571771979332,7.6832584454678e-05,0.0019954522140324116]],"label":[0,0,0,1,0,0,0,0,0]}