{"input":[[0.025075538083910942,0.0547657236456871,0.24600371718406677,0.009157954715192318,0.0636456310749054,0.032481711357831955,0.47177937626838684,0.07645479589700699,0.020635535940527916],[0.02658761478960514,0.051699139177799225,0.44433313608169556,0.0122598297894001,0.07798410207033157,0.09349192678928375,0.21865412592887878,0.06727037578821182,0.007719765417277813],[0.19576820731163025,0.1209247037768364,0.12122470885515213,0.1287975162267685,0.062107816338539124,0.07927613705396652,0.11950944364070892,0.0758921280503273,0.09649940580129623],[0.0344550758600235,0.151082381606102,0.1800561398267746,0.08151165395975113,0.1136213019490242,0.03948482125997543,0.0702158734202385,0.06832579523324966,0.2612468898296356],[0.0008896796498447657,0.03296015039086342,0.7436206936836243,0.006062631495296955,0.02333682030439377,0.027696093544363976,0.013953197747468948,0.12495684623718262,0.026523858308792114]],"label":[0,0,0,0,0,1,0,0,0]}