{"input":[[0.007791884709149599,0.00048393721226602793,0.05156577378511429,0.6619476675987244,0.044798772782087326,0.0017839468782767653,0.15534813702106476,0.02457512356340885,0.05170481279492378],[0.004439802840352058,0.00045173021499067545,0.0032397927716374397,0.8608801364898682,0.07101226598024368,0.0012093482073396444,0.03273525461554527,0.006578379776328802,0.019453272223472595],[0.03037930838763714,0.012759589590132236,0.04149662330746651,0.6605553030967712,0.05469087138772011,0.028337296098470688,0.06599678844213486,0.045730795711278915,0.060053423047065735],[0.019510585814714432,0.01558984350413084,0.030090896412730217,0.7040942311286926,0.04534484073519707,0.029969608411192894,0.06935711205005646,0.04292098805308342,0.043121933937072754],[0.0032356875017285347,5.5412787332898006e-05,0.004309231415390968,0.6559930443763733,0.23950310051441193,0.00023928680457174778,0.02275516279041767,0.001066954922862351,0.072842076420784]],"label":[0,0,0,1,0,0,0,0,0]}