{"input":[[0.034284330904483795,0.03438204899430275,0.02295752428472042,0.31418031454086304,0.031133756041526794,0.012314001098275185,0.31325235962867737,0.04754159599542618,0.1899540275335312],[0.043934524059295654,0.04704650491476059,0.17733974754810333,0.28170540928840637,0.04472764953970909,0.009597248397767544,0.1396992802619934,0.07289683818817139,0.18305286765098572],[0.02391454391181469,0.01896728202700615,0.020363716408610344,0.6436154246330261,0.029889162629842758,0.014165638945996761,0.17556039988994598,0.029065454378724098,0.04445842280983925],[0.03529726341366768,0.023398974910378456,0.045803721994161606,0.5141465067863464,0.06414080411195755,0.018657932057976723,0.1571202278137207,0.036851078271865845,0.10458356142044067],[0.03645862266421318,0.013466259464621544,0.07328260689973831,0.4164118468761444,0.05704480782151222,0.008923014625906944,0.2596094608306885,0.027886316180229187,0.1069171205163002]],"label":[0,0,0,1,0,0,0,0,0]}