{"input":[[0.13303078711032867,0.08483795821666718,0.11551104485988617,0.05167032778263092,0.046843428164720535,0.034907154738903046,0.07909621298313141,0.2424638271331787,0.2116391360759735],[0.19077885150909424,0.08807879686355591,0.1131066307425499,0.17154598236083984,0.18796949088573456,0.02267191931605339,0.0696759968996048,0.10635598748922348,0.04981646686792374],[0.14364862442016602,0.06785421073436737,0.13154596090316772,0.03673982247710228,0.027240857481956482,0.06734082102775574,0.28590840101242065,0.10990966111421585,0.1298115849494934],[0.4230706989765167,0.06235913187265396,0.1771320104598999,0.14204144477844238,0.050219371914863586,0.01126312930136919,0.05456412956118584,0.015758493915200233,0.06359163671731949],[0.07365697622299194,0.13861992955207825,0.13648973405361176,0.043342407792806625,0.022538065910339355,0.043850116431713104,0.16371533274650574,0.19425088167190552,0.18353652954101562]],"label":[0,1,0,0,0,0,0,0,0]}