{"input":[[3.500835373415612e-05,1.100797319963931e-08,0.00531500531360507,1.7479150571375612e-08,7.108011232048739e-06,1.7810619112879067e-07,5.667305345014029e-07,0.9946368336677551,5.235972821537871e-06],[0.07036399841308594,4.3098883907077834e-05,0.5413156151771545,0.0034345178864896297,0.08739165216684341,0.0005025347927585244,0.0015394716756418347,0.2935567796230316,0.0018523127073422074],[0.01601618155837059,0.00013892748393118382,0.5673922300338745,0.00024042617587838322,0.00777403824031353,0.00010218853276455775,0.0008029740420170128,0.40376222133636475,0.0037708375602960587],[0.03663912042975426,0.0013366128550842404,0.23051990568637848,0.0007915212190710008,0.04055082052946091,0.00035807478707283735,0.002730828942731023,0.6791879534721375,0.007885181345045567],[5.577873162110336e-05,1.2806766314099605e-08,0.0004161882388871163,5.11080493481586e-08,1.0497197763470467e-05,1.211268028100676e-07,8.868645409165765e-07,0.9995129108428955,3.6122060009802226e-06]],"label":[0,0,0,0,0,0,0,1,0]}