{"input":[[0.15520574152469635,0.0074579427018761635,0.4073742628097534,0.015155769884586334,0.16652171313762665,0.005051246378570795,0.062319424003362656,0.04605044052004814,0.13486343622207642],[0.7868167161941528,0.009185336530208588,0.03625311329960823,0.04404361918568611,0.013219141401350498,0.005431880708783865,0.005755751859396696,0.04236576706171036,0.05692872032523155],[0.08462905138731003,0.08249670267105103,0.2603148818016052,0.02755272574722767,0.16597288846969604,0.01629415899515152,0.11473226547241211,0.1941419243812561,0.05386544391512871],[0.00487649766728282,0.2144809067249298,0.23583470284938812,0.0254974327981472,0.2308545857667923,0.006814849562942982,0.03293123468756676,0.13208310306072235,0.11662675440311432],[0.07619738578796387,0.10325583815574646,0.22295303642749786,0.0057745580561459064,0.2233448475599289,0.04768186807632446,0.17528267204761505,0.07663612812757492,0.06887366622686386]],"label":[0,0,0,0,1,0,0,0,0]}