{"input":[[0.01626860909163952,0.06603385508060455,0.2186691015958786,0.07129266113042831,0.09755076467990875,0.005115916486829519,0.4398503601551056,0.06947781145572662,0.015740875154733658],[0.029179973527789116,0.0628385916352272,0.17134487628936768,0.11684629321098328,0.15420041978359222,0.019480623304843903,0.21710139513015747,0.18916937708854675,0.039838504046201706],[0.16011226177215576,0.013322426937520504,0.13720618188381195,0.2712632119655609,0.026994554325938225,0.02428808994591236,0.27314916253089905,0.02524828538298607,0.06841582804918289],[0.014186371117830276,0.029950115829706192,0.23468713462352753,0.23950771987438202,0.1458059698343277,0.011396019719541073,0.24358423054218292,0.029235681518912315,0.05164675787091255],[0.008931468240916729,0.013563530519604683,0.432306706905365,0.03263835608959198,0.1370048224925995,0.004546692129224539,0.3635731637477875,0.002679071156308055,0.004756139125674963]],"label":[0,0,0,0,1,0,0,0,0]}