{"input":[[0.020213870331645012,0.005989523138850927,0.011457929387688637,0.7485308647155762,0.07866209000349045,0.002877110382542014,0.09925635904073715,0.012801005505025387,0.02021125704050064],[0.005202904809266329,0.004601010587066412,0.0015585360815748572,0.549051821231842,0.03701118752360344,0.004093593452125788,0.3846745789051056,0.003907975275069475,0.009898409247398376],[0.008285291492938995,0.005346869118511677,0.0031771932262927294,0.23758171498775482,0.010579968802630901,0.006702630314975977,0.7150575518608093,0.0027782756369560957,0.010490549728274345],[0.045613083988428116,0.05618215724825859,0.06733495742082596,0.2923337519168854,0.06494881957769394,0.015190629288554192,0.17031414806842804,0.09092234820127487,0.19716018438339233],[0.003630964085459709,0.0026950836181640625,0.01979854516685009,0.7327221632003784,0.10523732006549835,0.0023590039927512407,0.10339189320802689,0.005988480988889933,0.02417660318315029]],"label":[0,0,0,1,0,0,0,0,0]}