{"input":[[0.016368567943572998,0.018138207495212555,0.0024164828937500715,0.10379669070243835,0.00928191002458334,0.01467720977962017,0.8044464588165283,0.00891226064413786,0.02196212112903595],[0.03384312242269516,0.0050668297335505486,0.0038209727499634027,0.0648861974477768,0.008332745172083378,0.01928534545004368,0.7676065564155579,0.03760131075978279,0.05955696851015091],[0.024305453523993492,0.011722567491233349,0.027594003826379776,0.49139535427093506,0.029760584235191345,0.01891425810754299,0.33457818627357483,0.030593985691666603,0.031135480850934982],[0.045338042080402374,0.07452169805765152,0.04910383000969887,0.26984065771102905,0.01863613910973072,0.0747525691986084,0.4192107617855072,0.023420754820108414,0.025175563991069794],[0.001048278296366334,0.0011094427900388837,0.0004469055274967104,0.025215981528162956,0.007161789573729038,0.017622657120227814,0.9362238645553589,0.004228691104799509,0.006942378357052803]],"label":[0,0,0,0,0,0,1,0,0]}