{"input":[[0.013043956831097603,0.06804753094911575,0.008867382071912289,0.04182949289679527,0.002509261714294553,0.016782963648438454,0.8329125046730042,0.006097078323364258,0.009909815154969692],[0.011696163564920425,0.020713377743959427,0.004753799177706242,0.09658456593751907,0.002575360471382737,0.07170271128416061,0.766970694065094,0.014502176083624363,0.010501168668270111],[0.09109284728765488,0.006547925993800163,0.0027350615710020065,0.01656564697623253,0.0008030518074519932,0.030836356803774834,0.8294169306755066,0.01934325136244297,0.0026589909102767706],[0.12176801264286041,0.008158665150403976,0.03917868807911873,0.28472357988357544,0.02863340638577938,0.017954600974917412,0.37222930788993835,0.10193882137537003,0.025414885953068733],[0.00013180990936234593,0.0006735081551596522,0.00018333533080294728,0.0034106906969100237,0.00032702574389986694,0.0017248961376026273,0.9934160113334656,7.952836313052103e-05,5.3145668061915785e-05]],"label":[1,0,0,0,0,0,0,0,0]}