{"input":[[0.12783169746398926,0.008720041252672672,0.18069712817668915,0.05211781710386276,0.15975560247898102,0.006043155211955309,0.03209888935089111,0.14364002645015717,0.28909561038017273],[0.011083029210567474,0.00405899528414011,0.1540815681219101,0.12154249846935272,0.35381150245666504,0.003848436987027526,0.06173045188188553,0.10731615871191025,0.1825273036956787],[0.016268469393253326,0.02084607258439064,0.07328978925943375,0.708077073097229,0.04100746288895607,0.006796624511480331,0.025160491466522217,0.03262060880661011,0.07593341171741486],[0.04366763308644295,0.004743107594549656,0.04941585659980774,0.3017566204071045,0.024307023733854294,0.015952248126268387,0.01740647666156292,0.18999624252319336,0.35275477170944214],[0.006592284422367811,0.002495922613888979,0.03592507913708687,0.5474027395248413,0.24196983873844147,0.003767546731978655,0.004976057913154364,0.055829815566539764,0.101040780544281]],"label":[0,0,0,1,0,0,0,0,0]}