{"input":[[0.21030595898628235,0.1624121367931366,0.000531790021341294,0.11510033160448074,0.014523282647132874,0.18932519853115082,0.2556556761264801,0.042682114988565445,0.009463494643568993],[0.007535272743552923,0.0051041035912930965,0.0007255123346112669,0.11168196052312851,0.0023770241532474756,0.007072970736771822,0.8622522950172424,0.0015618258621543646,0.0016890044789761305],[0.00692636426538229,0.009452070109546185,0.00014047508011572063,0.4850451946258545,0.00015265331603586674,0.27835825085639954,0.21188148856163025,5.6810182286426425e-05,0.007986723445355892],[0.05614359304308891,0.00014875717170070857,0.0008875555358827114,0.011025841347873211,0.03163917735219002,0.427356481552124,0.03723273426294327,0.2787901759147644,0.1567755788564682],[0.0537564754486084,8.704247011337429e-05,0.0010804376797750592,0.03793598711490631,0.007654005195945501,0.08289662003517151,0.7957159280776978,0.020286448299884796,0.0005870233871974051]],"label":[0,0,0,1,0,0,0,0,0]}