{"input":[[0.09954038262367249,0.25957486033439636,0.19256015121936798,0.009991506114602089,0.020358338952064514,0.21768410503864288,0.053266409784555435,0.0871753916144371,0.059848811477422714],[0.00850954931229353,0.021665118634700775,0.6316332817077637,0.051458876579999924,0.13477841019630432,0.061325255781412125,0.0549066923558712,0.0029764194041490555,0.032746393233537674],[0.06182827055454254,0.14540328085422516,0.387375146150589,0.022725891321897507,0.015521437861025333,0.04460124671459198,0.17474234104156494,0.06632011383771896,0.08148225396871567],[0.06057257205247879,0.3062107563018799,0.17876021564006805,0.03153662011027336,0.0366835854947567,0.08272039890289307,0.19081757962703705,0.0723520889878273,0.04034619405865669],[0.15449772775173187,0.006055148784071207,0.5966121554374695,0.015621685422956944,0.0887315645813942,0.024883637204766273,0.023541374132037163,0.014337273314595222,0.075719453394413]],"label":[0,0,1,0,0,0,0,0,0]}