{"input":[[0.1563388556241989,0.08333166688680649,0.1395537555217743,0.03339167684316635,0.07783301919698715,0.012810483574867249,0.09466380625963211,0.2737236022949219,0.12835313379764557],[0.048642370849847794,0.007399714086204767,0.1754560023546219,0.005079888738691807,0.010325352661311626,0.017582645639777184,0.04162758216261864,0.4944687485694885,0.19941771030426025],[0.3792892098426819,0.08936721831560135,0.04789583384990692,0.05630772188305855,0.06296613812446594,0.01594640128314495,0.08859013766050339,0.14934130012989044,0.11029604077339172],[0.45474153757095337,0.09080471843481064,0.03428170457482338,0.00020868974388577044,0.0014192404923960567,0.005007002502679825,0.0565783716738224,0.19838553667068481,0.15857310593128204],[0.24580487608909607,0.07688870280981064,0.08430008590221405,0.0019140589283779263,0.002692996058613062,0.018786629661917686,0.08830680698156357,0.3772142231464386,0.1040915697813034]],"label":[0,1,0,0,0,0,0,0,0]}