{"input":[[0.0985507145524025,0.10525733977556229,0.234443798661232,0.005381507333368063,0.04234709590673447,0.15910054743289948,0.2451609969139099,0.05605488643050194,0.0537031814455986],[0.002439180389046669,0.14561066031455994,0.0009882303420454264,0.001799526042304933,0.00040515640284866095,0.561957597732544,0.275730699300766,0.0005323946243152022,0.010536575689911842],[0.0883946418762207,0.5722777843475342,0.09471914172172546,0.0181614700704813,0.017516274005174637,0.10139714926481247,0.031090104952454567,0.04701345041394234,0.02943001687526703],[0.05938217416405678,0.18583892285823822,0.08060653507709503,0.017107516527175903,0.010547720827162266,0.20412267744541168,0.08876058459281921,0.24949227273464203,0.10414156317710876],[0.0008639166480861604,0.6122450232505798,0.16876107454299927,0.002051110379397869,0.024626053869724274,0.0814596638083458,0.10123245418071747,0.00036196791916154325,0.00839866790920496]],"label":[0,1,0,0,0,0,0,0,0]}