{"input":[[0.0027171436231583357,0.0009987237863242626,0.010431095957756042,0.88857501745224,0.026188794523477554,0.0021096093114465475,0.03285082057118416,0.006486392579972744,0.029642436653375626],[0.009630878455936909,0.003215155331417918,0.025704385712742805,0.5036339163780212,0.047674208879470825,0.006160873919725418,0.34265175461769104,0.013906682841479778,0.04742211103439331],[0.049397267401218414,0.017530839890241623,0.02708371914923191,0.3726837933063507,0.021952325478196144,0.018665872514247894,0.1347658783197403,0.23680807650089264,0.121112160384655],[0.05510332062840462,0.013660755939781666,0.06913228332996368,0.5073922276496887,0.08308150619268417,0.02382512204349041,0.04839882627129555,0.12634815275669098,0.07305780798196793],[0.010440938174724579,0.0025287733878940344,0.053353600203990936,0.6969155073165894,0.03842145577073097,0.005875056143850088,0.11907818168401718,0.043418675661087036,0.02996773086488247]],"label":[0,0,0,1,0,0,0,0,0]}