{"input":[[0.10153840482234955,0.02901533432304859,0.4433082342147827,0.0854405090212822,0.07042387127876282,0.013688239268958569,0.020322801545262337,0.04678419604897499,0.18947842717170715],[0.1791164129972458,0.0884515717625618,0.03630552440881729,0.08029503375291824,0.10567326098680496,0.10168511420488358,0.2579740285873413,0.07221916317939758,0.07827994227409363],[0.13013966381549835,0.040572281926870346,0.08889637142419815,0.4386794865131378,0.015090852975845337,0.025117667391896248,0.1468030959367752,0.02636948972940445,0.08833111077547073],[0.050135280936956406,0.09851094335317612,0.1576537787914276,0.06548389792442322,0.024657124653458595,0.1223549097776413,0.21950143575668335,0.17694151401519775,0.08476109057664871],[0.120881088078022,0.039705097675323486,0.23384977877140045,0.14847201108932495,0.09720642119646072,0.023868625983595848,0.11631424725055695,0.0355185940861702,0.18418414890766144]],"label":[0,0,0,0,0,0,1,0,0]}