{"input":[[0.012445159256458282,0.011924296617507935,0.001148065784946084,0.9071963429450989,0.0016330148791894317,0.00842913519591093,0.053817640990018845,0.0006599159678444266,0.002746407873928547],[0.009459875524044037,0.29796651005744934,0.0005650053499266505,0.4631498456001282,0.005070661194622517,0.053625356405973434,0.16219156980514526,0.002146800048649311,0.005824354011565447],[0.00224716286174953,0.0004850042751058936,0.0055345031432807446,0.9391773343086243,0.00964402686804533,3.179334453307092e-05,0.041381534188985825,0.00027175064315088093,0.0012268958380445838],[0.0005948440521024168,5.44290232937783e-05,0.0004163305857218802,0.8997661471366882,0.05095589905977249,2.955359741463326e-05,0.047646015882492065,0.0001456090685678646,0.00039113996899686754],[0.0002184625482186675,0.00016699128900654614,0.0006291658501140773,0.9788658022880554,0.017310157418251038,0.00011287725646980107,0.002494191750884056,0.00013589677109848708,6.648120324825868e-05]],"label":[0,0,0,1,0,0,0,0,0]}