{"input":[[0.016987647861242294,0.01005264651030302,0.01617232896387577,0.05171336606144905,0.12026049196720123,0.02327093295753002,0.7088335752487183,0.044917766004800797,0.007791231386363506],[0.015114597044885159,0.000622022373136133,0.05074286833405495,0.5611169338226318,0.1840345859527588,0.006532925181090832,0.15961989760398865,0.0020776893943548203,0.020138483494520187],[0.410346657037735,0.0019317083060741425,0.023725923150777817,0.03482484072446823,0.1627030074596405,0.0009942083852365613,0.30549415946006775,0.011958392336964607,0.04802108183503151],[0.027102340012788773,0.0001391462719766423,0.014051815494894981,0.8219801187515259,0.07059528678655624,0.00019589638395700604,0.01998257450759411,0.0003937617293559015,0.0455591194331646],[0.03917626664042473,0.0031727771274745464,0.06451603770256042,0.5642809271812439,0.1677342653274536,0.0014434248441830277,0.14576494693756104,0.000412602472351864,0.013498648069798946]],"label":[0,0,0,1,0,0,0,0,0]}