{"input":[[0.0013320762664079666,0.03486966714262962,0.0094701386988163,0.32787588238716125,0.0023260086309164762,0.014588449150323868,0.6064862608909607,0.0006807688041590154,0.002370788250118494],[0.0021552867256104946,0.05989016592502594,0.002929159440100193,0.04586811736226082,0.005107572767883539,0.05661524832248688,0.8199692368507385,0.0002958370023407042,0.007169436663389206],[0.015710415318608284,0.28789687156677246,0.02252081222832203,0.38147100806236267,0.019465826451778412,0.10740603506565094,0.11729981750249863,0.03854118287563324,0.009688044898211956],[0.01453474722802639,0.6071416139602661,0.07245665043592453,0.05055685341358185,0.008421405218541622,0.04754910245537758,0.10689863562583923,0.07177584618330002,0.020665176212787628],[0.020919939503073692,0.03650166466832161,0.0052865673787891865,0.26671168208122253,0.0027051300276070833,0.1191505417227745,0.5076744556427002,0.018884414806962013,0.022165607661008835]],"label":[0,0,0,1,0,0,0,0,0]}