{"input":[[0.012554178945720196,0.001999547705054283,0.032978009432554245,0.2736755311489105,0.0667252466082573,0.0025758997071534395,0.5863752961158752,0.018770350143313408,0.004345891997218132],[0.0047291237860918045,0.004063120111823082,0.0069816578179597855,0.8511669039726257,0.01569274626672268,0.011036046780645847,0.0772644653916359,0.008473574183881283,0.020592188462615013],[0.05757967382669449,0.038497935980558395,0.02235328033566475,0.588295578956604,0.020241407677531242,0.026849811896681786,0.1501948982477188,0.02293962799012661,0.07304781675338745],[0.025771988555788994,0.00805346854031086,0.02789190225303173,0.6703892350196838,0.07711336016654968,0.02468249946832657,0.0738668292760849,0.060178160667419434,0.032052502036094666],[0.006551126949489117,0.0011811279691755772,0.009196805767714977,0.8199842572212219,0.010800045914947987,0.004868061747401953,0.13760749995708466,0.0037757044192403555,0.006035448517650366]],"label":[0,0,0,1,0,0,0,0,0]}