{"input":[[0.3563883900642395,0.03044174052774906,0.4270457327365875,0.027782035991549492,0.004841950722038746,0.010323968715965748,0.09270796179771423,0.01860417053103447,0.03186402842402458],[0.3322386145591736,0.0321168415248394,0.3780883550643921,0.05988483875989914,0.022170132026076317,0.018389740958809853,0.061522237956523895,0.057396337389945984,0.03819276764988899],[0.24693959951400757,0.03554994985461235,0.610440731048584,0.009465307928621769,0.0028263500425964594,0.00607556477189064,0.02480594627559185,0.011780177243053913,0.05211637169122696],[0.8472437262535095,0.015114540234208107,0.047431495040655136,0.040467653423547745,0.005998297594487667,0.0036348963622003794,0.02214433066546917,0.004382517654448748,0.013582668267190456],[0.49366098642349243,0.00542481429874897,0.38228243589401245,0.0053772879764437675,0.007849755696952343,0.0013493022415786982,0.0369703471660614,0.05614113062620163,0.010943888686597347]],"label":[0,0,1,0,0,0,0,0,0]}