{"input":[[0.14024034142494202,0.20187300443649292,0.04515404999256134,0.06987902522087097,0.030096879228949547,0.33058297634124756,0.1596778929233551,0.011680908501148224,0.010814959183335304],[0.013156126253306866,0.08774279057979584,0.23539064824581146,0.40178921818733215,0.04152482748031616,0.03278287500143051,0.15817439556121826,0.017492912709712982,0.011946274898946285],[0.11046254634857178,0.241295725107193,0.2179778665304184,0.03762815147638321,0.014803444966673851,0.07791714370250702,0.18881578743457794,0.08658597618341446,0.024513380602002144],[0.0485176146030426,0.21581323444843292,0.18020479381084442,0.05779643729329109,0.05988980829715729,0.05115298554301262,0.15625397861003876,0.1197362169623375,0.11063491553068161],[0.01896538771688938,0.18799032270908356,0.005677522625774145,0.00801066029816866,0.0022143712267279625,0.2995762228965759,0.4637480080127716,0.008114585652947426,0.005702848080545664]],"label":[0,0,0,0,0,1,0,0,0]}