{"input":[[0.0496516153216362,0.545075535774231,0.04169580340385437,0.024976758286356926,0.008490519598126411,0.10632773488759995,0.15303866565227509,0.026102617383003235,0.04464069381356239],[0.05276063457131386,0.07383965700864792,0.05913640558719635,0.16193880140781403,0.03536691889166832,0.18972887098789215,0.36926040053367615,0.005590745713561773,0.05237756296992302],[0.023732755333185196,0.5535757541656494,0.050951600074768066,0.019034165889024734,0.005238138604909182,0.08534496277570724,0.19650575518608093,0.02320757508277893,0.042409200221300125],[0.020003367215394974,0.34909290075302124,0.013628536835312843,0.02284443937242031,0.003251071088016033,0.1718834489583969,0.34594807028770447,0.030579108744859695,0.0427689403295517],[0.0029329597018659115,0.10143636167049408,0.0035792014095932245,0.003634908702224493,0.000663403479848057,0.532538652420044,0.3064822554588318,0.011332348920404911,0.03739999979734421]],"label":[0,0,0,0,0,1,0,0,0]}