{"input":[[0.04248049482703209,0.49789631366729736,0.004190234933048487,0.013980564661324024,0.001997500890865922,0.2469974160194397,0.1719440221786499,0.00713841849938035,0.013375015929341316],[0.05683314800262451,0.48293447494506836,0.048530805855989456,0.08017264306545258,0.027083324268460274,0.04588349908590317,0.17074255645275116,0.06260472536087036,0.025214875116944313],[0.06020594388246536,0.15751641988754272,0.11996383965015411,0.12455432116985321,0.012330570258200169,0.105970598757267,0.2064378410577774,0.06760762631893158,0.1454128473997116],[0.03333060443401337,0.09629829972982407,0.046400610357522964,0.14379248023033142,0.027891211211681366,0.17348238825798035,0.2824975252151489,0.07836561650037766,0.11794130504131317],[0.006885097362101078,0.02651587314903736,0.0015647949185222387,0.2213536947965622,0.003950305748730898,0.08969881385564804,0.5841625332832336,0.006947285961359739,0.05892162024974823]],"label":[0,1,0,0,0,0,0,0,0]}