{"input":[[0.13056348264217377,0.006149781867861748,0.4252040982246399,0.0015780020039528608,0.06568404287099838,0.0016768669011071324,0.316596657037735,0.03938658908009529,0.01316055003553629],[0.03438936173915863,0.05882712081074715,0.050776220858097076,0.02972530387341976,0.06243225187063217,0.002620557090267539,0.25739240646362305,0.4501134753227234,0.05372339114546776],[0.21441076695919037,0.0025414840783923864,0.02908739075064659,0.0010385713540017605,0.00468191085383296,0.020395485684275627,0.3468741178512573,0.23500041663646698,0.1459699124097824],[0.12404433637857437,0.033582258969545364,0.35350558161735535,0.051855795085430145,0.05593116208910942,0.0078002046793699265,0.05211299657821655,0.2854171097278595,0.035750530660152435],[0.040173955261707306,0.04056566208600998,0.1280841827392578,0.01931067369878292,0.03971671313047409,0.0030167389195412397,0.5041248798370361,0.20055453479290009,0.02445259317755699]],"label":[0,0,0,0,0,0,1,0,0]}