{"input":[[0.025288069620728493,0.011393509805202484,0.004674934782087803,0.70400071144104,0.015052921138703823,0.006239949259907007,0.1844712346792221,0.006718565244227648,0.04216001182794571],[0.03062552772462368,0.04428062587976456,0.009162799455225468,0.5952123999595642,0.019061140716075897,0.01855197176337242,0.1772046983242035,0.014765030704438686,0.09113582223653793],[0.06533601135015488,0.014842014759778976,0.03133431822061539,0.4352388083934784,0.06154375895857811,0.021219640970230103,0.2946368157863617,0.011797541752457619,0.0640510842204094],[0.011563398875296116,0.01802695356309414,0.00454656220972538,0.3768974840641022,0.039562761783599854,0.025748154148459435,0.4954468607902527,0.006682060193270445,0.021525751799345016],[0.00248646829277277,0.005170436576008797,0.004658455029129982,0.34445276856422424,0.030042579397559166,0.03555724769830704,0.5418803691864014,0.013277077116072178,0.02247469872236252]],"label":[0,0,0,1,0,0,0,0,0]}