{"input":[[0.8015455007553101,0.010147014632821083,0.04823409393429756,0.03047817014157772,0.004192909225821495,0.024560721591114998,0.027630789205431938,0.024378478527069092,0.028832372277975082],[0.288348525762558,0.03277011215686798,0.3977048993110657,0.009006374515593052,0.010429330170154572,0.010745123960077763,0.19836226105690002,0.026128722354769707,0.026504596695303917],[0.6289304494857788,0.0010472150752320886,0.038124553859233856,0.17519573867321014,0.01539662666618824,0.025935528799891472,0.07039157301187515,0.015423454344272614,0.02955479733645916],[0.34684696793556213,0.045430198311805725,0.4841924011707306,0.005686149001121521,0.015145611949265003,0.00345767755061388,0.06268125027418137,0.02953144907951355,0.007028310094028711],[0.18330304324626923,0.0013541990192607045,0.5443004965782166,0.000841531262267381,0.10391471534967422,0.0005945956218056381,0.024348385632038116,0.08674561977386475,0.05459742993116379]],"label":[1,0,0,0,0,0,0,0,0]}