{"input":[[0.42421868443489075,0.003915815148502588,0.03743436187505722,0.16439411044120789,0.0060034338384866714,0.009641277603805065,0.17094923555850983,0.12121401727199554,0.06222907453775406],[0.2015712559223175,0.1056002527475357,0.06234724074602127,0.09370189160108566,0.19359996914863586,0.04384490102529526,0.18151052296161652,0.0917484387755394,0.026075422763824463],[0.3172116279602051,0.0685746893286705,0.13821479678153992,0.11680922657251358,0.04563555866479874,0.022111669182777405,0.19360516965389252,0.03373786807060242,0.0640992522239685],[0.5150322914123535,0.041332900524139404,0.06420101970434189,0.0721232071518898,0.01298703346401453,0.025440674275159836,0.17722852528095245,0.04452862590551376,0.04712563753128052],[0.046319931745529175,0.09738907217979431,0.07219988107681274,0.07153458893299103,0.019908005371689796,0.08960822969675064,0.2238982915878296,0.33205094933509827,0.04709099978208542]],"label":[0,0,0,0,0,0,1,0,0]}