{"input":[[0.0925680473446846,0.047078438103199005,0.055755071341991425,0.32338887453079224,0.03983736410737038,0.005364679265767336,0.24027515947818756,0.12325388193130493,0.07247856259346008],[0.1521010845899582,0.005531204864382744,0.4946434199810028,0.01985171064734459,0.07297807931900024,0.0009275816846638918,0.011757584288716316,0.2361830621957779,0.006026318296790123],[0.298858106136322,0.042497117072343826,0.08444976806640625,0.0619375966489315,0.023915810510516167,0.019816353917121887,0.12340007722377777,0.2763691544532776,0.06875599920749664],[0.16627296805381775,0.0062164729461073875,0.264775812625885,0.004909624345600605,0.00272699655033648,0.004209159407764673,0.014331676065921783,0.5288428664207458,0.007714430335909128],[0.03628234192728996,0.0004210600454825908,0.018734289333224297,0.0005486226873472333,0.0014489504974335432,8.59552455949597e-05,0.0007288474007509649,0.9376470446586609,0.004103015176951885]],"label":[0,0,0,0,0,0,0,1,0]}