{"input":[[0.5435321927070618,0.014506560750305653,0.3107195496559143,0.0004264359304215759,0.0027132946997880936,0.0008116481476463377,0.015792395919561386,0.10519788414239883,0.006300049368292093],[0.8431785702705383,0.005332918372005224,0.0874488428235054,0.000567595474421978,0.0005528017063625157,0.0018128150841221213,0.016327010467648506,0.043482210487127304,0.0012971936957910657],[0.5483360290527344,0.00017759947513695806,0.08549375832080841,3.611836291383952e-05,0.00011559021368157119,2.137890078302007e-05,0.0012977950973436236,0.3642532229423523,0.00026853574672713876],[0.8138103485107422,0.0006792308413423598,0.16998519003391266,0.0002517113462090492,0.00211520679295063,0.0004111377347726375,0.00571954483166337,0.006664313841611147,0.00036339901271276176],[0.03037862852215767,0.00022670174075756222,0.13729161024093628,5.15627434651833e-05,0.004340784624218941,2.4338358343811706e-05,0.0008752776775509119,0.8258554339408875,0.000955686962697655]],"label":[1,0,0,0,0,0,0,0,0]}