{"input":[[0.002666063839569688,0.021471159532666206,0.024842971935868263,0.29146113991737366,0.00897686742246151,0.0960756242275238,0.4700552821159363,0.06389953196048737,0.020551366731524467],[0.0023936668876558542,0.001358333509415388,0.6857461333274841,0.2035951316356659,0.01205930020660162,0.004769588820636272,0.04994569346308708,0.014772221446037292,0.025359919294714928],[0.005635427311062813,0.006070323754101992,0.0803857147693634,0.7666782140731812,0.023162059485912323,0.016985446214675903,0.041328586637973785,0.015344097279012203,0.04441015422344208],[0.04637400060892105,0.0019861767068505287,0.18853822350502014,0.5532376170158386,0.040126461535692215,0.0038540565874427557,0.019762713462114334,0.02262941747903824,0.12349136918783188],[0.0008270521066151559,2.3044523913995363e-05,0.011257588863372803,0.9051157832145691,0.07837101817131042,0.0005462446715682745,0.000725372286979109,0.002644876018166542,0.0004889646079391241]],"label":[0,0,0,1,0,0,0,0,0]}