{"input":[[0.14749427139759064,0.010402350686490536,0.25710329413414,0.007990746758878231,0.00838010199368,0.00792713649570942,0.03496916964650154,0.5148265957832336,0.010906311683356762],[0.05449433997273445,0.0005280188051983714,0.8900720477104187,0.002243103226646781,0.009678855538368225,0.00017184320313390344,0.0022865624632686377,0.03479127585887909,0.0057339794002473354],[0.10580018907785416,0.06092989444732666,0.1953904628753662,0.04664178565144539,0.0686185359954834,0.038036685436964035,0.15729102492332458,0.2388191670179367,0.08847221732139587],[0.05455775558948517,0.007303433492779732,0.1682288944721222,0.004424746613949537,0.009990405291318893,0.006368670612573624,0.16684235632419586,0.3091909885406494,0.27309271693229675],[0.10095139592885971,0.0020930494647473097,0.4442431330680847,0.00968917179852724,0.08280149102210999,0.0012348380405455828,0.010012834332883358,0.09846238046884537,0.25051164627075195]],"label":[0,0,0,0,0,0,0,1,0]}