{"input":[[0.006215642672032118,0.010669036768376827,0.4433618187904358,0.22294703125953674,0.1703474223613739,0.002076215809211135,0.044971588999032974,0.01775355637073517,0.08165755867958069],[0.03447124734520912,0.07380037754774094,0.07958222925662994,0.3434429168701172,0.07121502608060837,0.03833210840821266,0.17224572598934174,0.09044003486633301,0.09647030383348465],[0.05287100747227669,0.023879123851656914,0.1335848569869995,0.32929566502571106,0.04319608211517334,0.02767873741686344,0.214779332280159,0.09830286353826523,0.07641232013702393],[0.03588138893246651,0.04871705546975136,0.21815161406993866,0.206340491771698,0.09372581541538239,0.018692875280976295,0.16238871216773987,0.032334551215171814,0.18376749753952026],[0.006310879718512297,0.009109454229474068,0.034500155597925186,0.43894529342651367,0.266817182302475,0.00513114919885993,0.1801086962223053,0.02338724583387375,0.03568991273641586]],"label":[0,0,1,0,0,0,0,0,0]}