{"input":[[0.018617361783981323,0.0006432963418774307,0.3764524757862091,0.5460530519485474,0.04443372040987015,0.0005290713161230087,0.006244789343327284,0.0034921225160360336,0.0035341002512723207],[0.005478967446833849,3.134804865112528e-05,0.8366645574569702,0.08392107486724854,0.047152794897556305,0.0003031464875675738,0.0007778703002259135,0.00485587865114212,0.020814383402466774],[0.052946124225854874,0.02158031426370144,0.38141509890556335,0.04545339196920395,0.14578665792942047,0.005485042463988066,0.21014301478862762,0.09910429269075394,0.038086049258708954],[0.024875828996300697,0.03215791657567024,0.4310682415962219,0.039643436670303345,0.2332921028137207,0.012441468425095081,0.10230547934770584,0.06640245020389557,0.0578131377696991],[0.002172524342313409,0.000258517888141796,0.8213411569595337,0.03645016625523567,0.0669514611363411,0.00015794247156009078,0.0015557100996375084,0.05728599801659584,0.013826529495418072]],"label":[0,0,1,0,0,0,0,0,0]}