{"input":[[0.10091029852628708,0.10125984996557236,0.1995449811220169,0.08989965915679932,0.03335791453719139,0.022199852392077446,0.038162458688020706,0.3355271518230438,0.07913774996995926],[0.2521919310092926,0.06326614320278168,0.1998448222875595,0.014637216925621033,0.17419815063476562,0.02192765660583973,0.12510140240192413,0.12115149199962616,0.02768114022910595],[0.07364993542432785,0.09344078600406647,0.4862736165523529,0.049642983824014664,0.009117154404520988,0.029766850173473358,0.1064554825425148,0.09835176169872284,0.05330147221684456],[0.0050927381962537766,0.03719086945056915,0.7898262739181519,0.03286023437976837,0.024351704865694046,0.022141307592391968,0.0293774101883173,0.037832509726285934,0.021327005699276924],[0.002955877222120762,0.006335096433758736,0.8187020421028137,0.01638066954910755,0.04088322073221207,0.007151173427700996,0.06749105453491211,0.007483777590095997,0.03261708468198776]],"label":[0,0,1,0,0,0,0,0,0]}