{"input":[[0.003979026339948177,0.01658494770526886,0.05874834954738617,0.4644209146499634,0.18902979791164398,0.021809300407767296,0.1930973082780838,0.01253747008740902,0.039792921394109726],[0.013330979272723198,0.0013029410038143396,0.016321204602718353,0.7516422271728516,0.17043893039226532,0.0019400992896407843,0.028947923332452774,0.003286230145022273,0.01278945617377758],[0.019677476957440376,0.04106469824910164,0.2804044485092163,0.26921433210372925,0.16649606823921204,0.010610806755721569,0.10442955046892166,0.026364989578723907,0.08173765242099762],[0.03818212077021599,0.009974564425647259,0.27447283267974854,0.24829956889152527,0.22288605570793152,0.0024276627227663994,0.13379111886024475,0.010452186688780785,0.05951385945081711],[0.026945998892188072,0.04430265352129936,0.054890893399715424,0.4640437662601471,0.12176565825939178,0.01308497879654169,0.22364050149917603,0.0026211095973849297,0.048704419285058975]],"label":[0,0,0,0,1,0,0,0,0]}