{"input":[[0.02102833427488804,0.0016830865060910583,0.0684499442577362,0.3120977282524109,0.14565329253673553,0.003052306594327092,0.38161760568618774,0.0424313023686409,0.023986458778381348],[0.00661783991381526,0.00013937723997514695,0.049564290791749954,0.3627176284790039,0.23701313138008118,0.0006012882222421467,0.30862292647361755,0.02168009802699089,0.013043439947068691],[0.029087452217936516,0.06057548522949219,0.015890873968601227,0.25799793004989624,0.0382089801132679,0.03735821694135666,0.4433693289756775,0.058946289122104645,0.058565426617860794],[0.05719926953315735,0.023253733292222023,0.013232014141976833,0.6117255091667175,0.05639535188674927,0.04091634601354599,0.16633658111095428,0.0074865506030619144,0.023454684764146805],[0.004973251838237047,0.00024407962337136269,0.0019555918406695127,0.0547957681119442,0.04026748985052109,0.0012502467725425959,0.8803396821022034,0.009151310659945011,0.00702256103977561]],"label":[0,0,0,0,0,0,1,0,0]}