{"input":[[0.0066008055582642555,0.013667832128703594,0.015582159161567688,0.6538040041923523,0.038847316056489944,0.04212111979722977,0.12022777646780014,0.015336337499320507,0.09381265193223953],[0.0027909111231565475,0.003894986119121313,0.003268369473516941,0.8521749973297119,0.04189285263419151,0.019213931635022163,0.03962450847029686,0.012864399701356888,0.02427501231431961],[0.003653935855254531,0.0013282668078318238,0.006663392297923565,0.8914512395858765,0.03923579677939415,0.0039004927966743708,0.014400603249669075,0.0012110708048567176,0.038155317306518555],[0.006593202240765095,0.00517000537365675,0.01973201520740986,0.7955321669578552,0.03483907878398895,0.010968917980790138,0.03735262528061867,0.0056159356608986855,0.084196075797081],[0.000688382366206497,0.0007135164341889322,0.00208699400536716,0.9314029812812805,0.003932073246687651,0.0021310343872755766,0.025911899283528328,0.002245809882879257,0.0308873038738966]],"label":[0,0,0,1,0,0,0,0,0]}