{"input":[[0.21355992555618286,0.22149807214736938,0.11134104430675507,0.059557292610406876,0.013127450831234455,0.05238685756921768,0.17583885788917542,0.06761588901281357,0.08507460355758667],[0.8316749334335327,0.012796587310731411,0.08702211827039719,0.009395765140652657,0.007170930504798889,0.0030146550852805376,0.0031591644510626793,0.01612754911184311,0.02963826060295105],[0.2384311854839325,0.027373718097805977,0.6132920980453491,0.0076456195674836636,0.004339511971920729,0.01738363318145275,0.026413075625896454,0.03602446988224983,0.029096705839037895],[0.5000188946723938,0.033626966178417206,0.30057406425476074,0.024263529106974602,0.0340370312333107,0.007993905805051327,0.01322194654494524,0.031220480799674988,0.05504313111305237],[0.30863794684410095,0.0778210461139679,0.23359070718288422,0.033828336745500565,0.02184477634727955,0.021887192502617836,0.08872053772211075,0.12396769970655441,0.08970176428556442]],"label":[0,0,0,0,0,1,0,0,0]}