{"input":[[0.2967134118080139,0.10124580562114716,0.07946301251649857,0.0852043554186821,0.01757463812828064,0.017263172194361687,0.2160925567150116,0.10472681373357773,0.08171619474887848],[0.21295073628425598,0.053540296852588654,0.04706638678908348,0.12557105720043182,0.007026624400168657,0.02176780067384243,0.35991591215133667,0.10705278813838959,0.06510848551988602],[0.028033578768372536,0.0233630258589983,0.01700581982731819,0.28375792503356934,0.0517222099006176,0.042248427867889404,0.1099976897239685,0.4052426517009735,0.038628749549388885],[0.02863791398704052,0.024461962282657623,0.0220850370824337,0.5030427575111389,0.03771638497710228,0.03904878348112106,0.16365301609039307,0.13126932084560394,0.05008488893508911],[0.01145560760051012,0.003961661830544472,0.018381543457508087,0.6397833228111267,0.09492013603448868,0.004902547225356102,0.2001449465751648,0.017344322055578232,0.009105993434786797]],"label":[0,0,0,1,0,0,0,0,0]}