{"input":[[0.05163828283548355,0.053863249719142914,0.1481831818819046,0.024458132684230804,0.07367757707834244,0.035873252898454666,0.038230303674936295,0.44176989793777466,0.13230599462985992],[0.021328317001461983,0.11598620563745499,0.0946999043226242,0.045544058084487915,0.017231106758117676,0.0458778515458107,0.12170494347810745,0.44983166456222534,0.0877959206700325],[0.241431325674057,0.020421838387846947,0.20474429428577423,0.02783452533185482,0.013983423821628094,0.005524022504687309,0.30670273303985596,0.16279150545597076,0.016566388309001923],[0.1321926712989807,0.15384291112422943,0.28710559010505676,0.07343431562185287,0.04339292645454407,0.026997316628694534,0.10799320042133331,0.13659927248954773,0.0384417288005352],[0.01349607389420271,0.35001733899116516,0.006814609281718731,0.0017703408375382423,0.006950878072530031,0.040083158761262894,0.0854579284787178,0.4922715723514557,0.0031380029395222664]],"label":[0,0,0,0,0,0,0,1,0]}