{"input":[[0.023085488006472588,0.0829629972577095,0.009550432674586773,0.1332433670759201,0.006425440311431885,0.08685092628002167,0.6295907497406006,0.016217458993196487,0.012073177844285965],[0.007538517937064171,0.2569386959075928,0.0028036427684128284,0.023912977427244186,0.00351157714612782,0.06411990523338318,0.6242938041687012,0.004569539334625006,0.012311323545873165],[0.0017214665422216058,0.01628257893025875,0.022918835282325745,0.018694855272769928,0.0020378141198307276,0.12174740433692932,0.7233642935752869,0.08014518022537231,0.013087530620396137],[0.003288280451670289,0.03867025673389435,0.024780888110399246,0.04379069805145264,0.019426817074418068,0.03218202292919159,0.1451336294412613,0.507185161113739,0.18554221093654633],[0.004716541618108749,0.010151201859116554,0.019670819863677025,0.025437405332922935,0.027717269957065582,0.1549968272447586,0.7304202914237976,0.0074707744643092155,0.01941893994808197]],"label":[0,0,0,0,0,0,1,0,0]}