{"input":[[0.3417719602584839,0.051290590316057205,0.27195945382118225,0.04376142472028732,0.06794936209917068,0.01955166645348072,0.11555164307355881,0.047820135951042175,0.040343739092350006],[0.22219175100326538,0.015615913085639477,0.4068024754524231,0.028202246874570847,0.024105675518512726,0.012218905612826347,0.09629712998867035,0.15592290461063385,0.03864304721355438],[0.5384978652000427,0.0031120064668357372,0.21100281178951263,0.027910348027944565,0.02012965828180313,0.003499364946037531,0.06970031559467316,0.0714769959449768,0.05467059463262558],[0.4391348361968994,0.016496185213327408,0.12797591090202332,0.033734213560819626,0.03552725166082382,0.008581534959375858,0.09602590650320053,0.19057899713516235,0.05194515734910965],[0.13949298858642578,0.00268180132843554,0.2865481972694397,0.0003195623285137117,0.0023248919751495123,0.0005830575828440487,0.028573879972100258,0.5332320928573608,0.006243566051125526]],"label":[1,0,0,0,0,0,0,0,0]}