{"input":[[0.16399089992046356,0.14375732839107513,0.047418784350156784,0.11597304791212082,0.017887519672513008,0.10897958278656006,0.28220194578170776,0.05578078702092171,0.06401003152132034],[0.025036385282874107,0.13462837040424347,0.1096472218632698,0.16576039791107178,0.022376850247383118,0.10433270037174225,0.38491159677505493,0.018786557018756866,0.034519925713539124],[0.18938274681568146,0.07520132511854172,0.1846463829278946,0.0640023723244667,0.025234444066882133,0.04354151710867882,0.19493255019187927,0.07772718369960785,0.145331472158432],[0.034823715686798096,0.028497468680143356,0.13026463985443115,0.041676342487335205,0.025386344641447067,0.18282943964004517,0.29298892617225647,0.05746414512395859,0.2060689479112625],[0.0064612035639584064,0.020167913287878036,0.01782306842505932,0.01466930378228426,0.00270821969024837,0.28650590777397156,0.5989684462547302,0.005565821658819914,0.04713006317615509]],"label":[0,0,0,0,0,1,0,0,0]}