{"input":[[0.007532176561653614,0.00031154879252426326,0.015888648107647896,0.8710904717445374,0.06585120409727097,0.0002442924596834928,0.021499723196029663,0.004258288070559502,0.013323646038770676],[0.14289435744285583,0.0017932396149262786,0.03117513842880726,0.36327439546585083,0.03244642913341522,0.002287240931764245,0.043450869619846344,0.04260554909706116,0.3400728404521942],[0.017739510163664818,0.015995673835277557,0.0005882495897822082,0.012275535613298416,0.012260203249752522,0.001861589727923274,0.9270399808883667,0.000928049732465297,0.011311126872897148],[0.02159745618700981,0.0056443847715854645,0.09930595010519028,0.05408310517668724,0.18030600249767303,0.011287866160273552,0.0846349224448204,0.36557498574256897,0.17756521701812744],[0.08782146126031876,0.002957351738587022,0.045087482780218124,0.18920467793941498,0.24153724312782288,0.0041659832932055,0.0732354149222374,0.11253423243761063,0.24345606565475464]],"label":[1,0,0,0,0,0,0,0,0]}