{"input":[[0.13258792459964752,0.27279630303382874,0.03442924842238426,0.006652826443314552,0.006844067480415106,0.3863261044025421,0.14762075245380402,0.0070827417075634,0.005660063121467829],[0.029510103166103363,0.22432070970535278,0.020873595029115677,0.009297741577029228,0.02191920392215252,0.38635876774787903,0.23475532233715057,0.025595247745513916,0.04736926034092903],[0.012873033061623573,0.168166384100914,0.10647410899400711,0.02452998422086239,0.01109304279088974,0.18900640308856964,0.3259720802307129,0.07960458844900131,0.08228033035993576],[0.05197085067629814,0.1358667016029358,0.05245492234826088,0.01092065405100584,0.008432524278759956,0.1746380627155304,0.4008202850818634,0.09897457808256149,0.06592143326997757],[0.00031897405278868973,0.0149757144972682,9.644357487559319e-05,0.0010508933337405324,0.00012531975517049432,0.3287942707538605,0.6539958119392395,0.0002690928231459111,0.00037346352473832667]],"label":[0,0,0,0,0,1,0,0,0]}