{"input":[[0.15918536484241486,0.05031798034906387,0.19560286402702332,0.0036590530071407557,0.01843831315636635,0.018863603472709656,0.21597789227962494,0.2995185852050781,0.03843628615140915],[0.2096790373325348,0.032832831144332886,0.057837143540382385,0.022591913118958473,0.011022966355085373,0.025361666455864906,0.06165693700313568,0.5524000525474548,0.026617493480443954],[0.15102043747901917,0.07325015217065811,0.530807375907898,0.008702595718204975,0.019477056339383125,0.006495783571153879,0.17667771875858307,0.02493111975491047,0.008637791499495506],[0.10226116329431534,0.03618041053414345,0.10935837030410767,0.03191075846552849,0.059686265885829926,0.021863071247935295,0.17756134271621704,0.4050767719745636,0.05610179156064987],[0.0028239318635314703,0.013496202416718006,0.04897492378950119,0.0005251976544968784,0.004004442598670721,0.052065059542655945,0.1555139422416687,0.5245701670646667,0.19802607595920563]],"label":[0,1,0,0,0,0,0,0,0]}