{"input":[[0.04532235860824585,8.062466804403812e-05,0.9231845140457153,0.00023963116109371185,0.010079719126224518,0.0009353079949505627,0.011438151821494102,0.004807939287275076,0.00391179695725441],[0.011591284535825253,0.0017280648462474346,0.10367435216903687,0.008159306831657887,0.360293984413147,0.0020331796258687973,0.06056246533989906,0.27197322249412537,0.17998413741588593],[0.029249807819724083,0.0006961129838600755,0.2052750289440155,0.4140513837337494,0.09928582608699799,0.0006867735646665096,0.015077849850058556,0.19077177345752716,0.0449054092168808],[0.07458177953958511,0.00922439619898796,0.17791125178337097,0.0255826935172081,0.03206848353147507,0.005294604692608118,0.2783719599246979,0.3239785134792328,0.07298625260591507],[0.02676178142428398,0.00041144428541883826,0.028622055426239967,0.6936362385749817,0.13201551139354706,0.010158978402614594,0.0482364147901535,0.0037524092476814985,0.056405164301395416]],"label":[1,0,0,0,0,0,0,0,0]}