{"input":[[0.02893938682973385,0.0027648983523249626,0.008433268405497074,0.6800886392593384,0.03165900707244873,0.09876683354377747,0.08667261898517609,0.0031679589301347733,0.05950745940208435],[0.014272766187787056,0.0144584272056818,0.1800798624753952,0.29923149943351746,0.0924815684556961,0.06906512379646301,0.18598288297653198,0.010417263023555279,0.13401062786579132],[0.07746847718954086,0.01861836574971676,0.22339721024036407,0.26099893450737,0.13792237639427185,0.049230288714170456,0.09045493602752686,0.03856196254491806,0.10334741324186325],[0.022491933777928352,0.009081978350877762,0.37197640538215637,0.1874958872795105,0.026481257751584053,0.03911209478974342,0.1592157483100891,0.04685571417212486,0.13728894293308258],[0.009590601548552513,0.02334016002714634,0.20094363391399384,0.17133893072605133,0.3475668430328369,0.05206730216741562,0.020898573100566864,0.06798242032527924,0.10627150535583496]],"label":[0,0,0,1,0,0,0,0,0]}