{"input":[[0.29865562915802,0.013396979309618473,0.16606155037879944,0.010754832066595554,0.0064386408776044846,0.004793860018253326,0.0804523378610611,0.25058457255363464,0.16886156797409058],[0.17442475259304047,0.02188022807240486,0.16719217598438263,0.09022829681634903,0.030504152178764343,0.024646762758493423,0.05406029894948006,0.17204059660434723,0.26502278447151184],[0.14454635977745056,0.13478510081768036,0.04358450323343277,0.019808659330010414,0.09816701710224152,0.02648765966296196,0.17126590013504028,0.3102649748325348,0.05108985677361488],[0.11132350564002991,0.014837981201708317,0.1502029448747635,0.05033383518457413,0.03449621424078941,0.009762133471667767,0.03794967383146286,0.513597846031189,0.07749591022729874],[0.021604042500257492,0.009508350864052773,0.19320785999298096,0.017378296703100204,0.01797352358698845,0.009914540685713291,0.031865522265434265,0.05767466872930527,0.6408731341362]],"label":[0,0,0,0,0,0,0,0,1]}