{"input":[[0.04956084117293358,0.053583599627017975,0.06043829768896103,0.055690161883831024,0.04655512794852257,0.04817014932632446,0.3367233872413635,0.22831107676029205,0.12096740305423737],[0.07748425006866455,0.02684974856674671,0.03803534433245659,0.03236463665962219,0.02380884625017643,0.033394116908311844,0.2288839966058731,0.3954710364341736,0.1437080204486847],[0.03241344168782234,0.1615888774394989,0.04039023816585541,0.01254188921302557,0.01993582583963871,0.022318273782730103,0.5019071698188782,0.07058322429656982,0.13832108676433563],[0.2713792026042938,0.02374156191945076,0.030821265652775764,0.11110570281744003,0.045580122619867325,0.013739238493144512,0.22859595715999603,0.09137846529483795,0.1836584508419037],[0.26939210295677185,0.00839683786034584,0.015000207349658012,0.016772205010056496,0.02887616492807865,0.023622438311576843,0.4681010842323303,0.04692154750227928,0.12291739881038666]],"label":[0,0,0,0,1,0,0,0,0]}