{"input":[[0.18106964230537415,0.14059258997440338,0.164638489484787,0.039280906319618225,0.02165067568421364,0.09848412871360779,0.17133881151676178,0.14778585731983185,0.03515888378024101],[0.0152366291731596,0.10554683953523636,0.007393344305455685,0.02826354093849659,0.006232075393199921,0.47716277837753296,0.3140944540500641,0.016957899555563927,0.029112400487065315],[0.009579462930560112,0.7226364612579346,0.04356209561228752,0.017070099711418152,0.015587851405143738,0.01289665699005127,0.08602321147918701,0.030685987323522568,0.061958130449056625],[0.014947021380066872,0.04874827340245247,0.058005962520837784,0.016029290854930878,0.012778453528881073,0.11623590439558029,0.4087563753128052,0.02864733710885048,0.29585137963294983],[0.012731529772281647,0.24668991565704346,0.22180747985839844,0.01240633800625801,0.005271532107144594,0.10512018948793411,0.3444662094116211,0.048088423907756805,0.0034182826057076454]],"label":[0,1,0,0,0,0,0,0,0]}