{"input":[[0.020694689825177193,0.5482508540153503,0.0028622255194932222,0.002408096333965659,0.00025667541194707155,0.3569563329219818,0.06070835888385773,0.005629913415759802,0.002232893602922559],[0.0046924022026360035,0.3651551902294159,0.020848041400313377,0.0012108380906283855,0.002401351695880294,0.027776069939136505,0.514863133430481,0.039269112050533295,0.023783916607499123],[0.13034428656101227,0.8033082485198975,0.0017287061782553792,0.00028541049687191844,0.0002918084501288831,0.010977646335959435,0.041625648736953735,0.009443596005439758,0.0019946168176829815],[0.013470613397657871,0.8103880286216736,0.011101515032351017,0.0034816008992493153,0.000227359079872258,0.04341651871800423,0.07576624304056168,0.016908224672079086,0.025239931419491768],[0.00035831306013278663,0.9515787959098816,0.0011883381521329284,0.0002610854571685195,3.936185021302663e-05,0.011925360187888145,0.03399765491485596,0.0004117276694159955,0.00023929752933327109]],"label":[0,1,0,0,0,0,0,0,0]}