{"input":[[0.026676716282963753,0.42168906331062317,0.007697663269937038,0.020808225497603416,0.025717055425047874,0.3196313977241516,0.1731041818857193,0.0014015866909176111,0.003274219110608101],[0.028384778648614883,0.07172217220067978,0.02199886180460453,0.041093118488788605,0.02367650531232357,0.1349843591451645,0.654390811920166,0.0135444775223732,0.010204984806478024],[0.006891709752380848,0.007226104848086834,0.012544449418783188,0.001438722014427185,0.0015227404655888677,0.0031168877612799406,0.9443584084510803,0.016050852835178375,0.006850146688520908],[0.012590759433805943,0.005932425148785114,0.009332000277936459,0.12057960778474808,0.06879335641860962,0.005335675552487373,0.7241914868354797,0.01817486435174942,0.035069938749074936],[0.04149841144680977,0.08240772038698196,0.48019376397132874,0.003681129775941372,0.015210568904876709,0.09889579564332962,0.24166887998580933,0.011668667197227478,0.024775121361017227]],"label":[0,0,0,0,0,1,0,0,0]}