{"input":[[0.06854051351547241,0.006896963343024254,0.46077248454093933,0.004685935564339161,0.050593435764312744,0.018220845609903336,0.033146169036626816,0.3169476091861725,0.04019608348608017],[0.12181763350963593,0.005045512691140175,0.15391334891319275,0.010205063037574291,0.04121095687150955,0.011393270455300808,0.05852292478084564,0.5792818665504456,0.018609410151839256],[0.09151055663824081,0.0042863585986196995,0.7790446877479553,0.0007627684972248971,0.0011149162892252207,0.01937084086239338,0.02069755457341671,0.062248263508081436,0.020964112132787704],[0.08668024837970734,0.018311813473701477,0.06546530872583389,0.02676098421216011,0.004329778719693422,0.0695173367857933,0.25261232256889343,0.22102166712284088,0.2553005516529083],[0.00027537698042578995,5.704933414563129e-07,0.8613332509994507,7.837752491468564e-06,0.00023342763597611338,7.010215085756499e-06,6.616955943172798e-05,0.13743019104003906,0.0006462071905843914]],"label":[0,0,1,0,0,0,0,0,0]}