{"input":[[0.4240017533302307,0.027953917160630226,0.02642242982983589,0.034602440893650055,0.012714876793324947,0.009674102999269962,0.11083902418613434,0.30968260765075684,0.04410881549119949],[0.09086383879184723,0.0035189406480640173,0.510260820388794,0.0002972048241645098,0.0022712601348757744,0.003841145895421505,0.010977023281157017,0.37629663944244385,0.0016731155337765813],[0.0464177243411541,0.16949613392353058,0.04307892918586731,0.1455945372581482,0.03058391623198986,0.040226783603429794,0.2051502764225006,0.24802608788013458,0.07142551988363266],[0.055833157151937485,0.05510155111551285,0.06779234111309052,0.05916481092572212,0.05351590737700462,0.0320802740752697,0.19169574975967407,0.30516374111175537,0.17965246737003326],[0.010006191208958626,0.00869288295507431,0.538851797580719,0.030818423256278038,0.01898854412138462,0.007417589426040649,0.05525299161672592,0.24848724901676178,0.08148439228534698]],"label":[0,0,0,0,0,0,0,0,1]}