{"input":[[0.23635050654411316,0.08606452494859695,0.08641635626554489,0.30473077297210693,0.06020784005522728,0.048346348106861115,0.1198049783706665,0.03840881586074829,0.019669832661747932],[0.07324407249689102,0.007362104952335358,0.02459440939128399,0.5420922040939331,0.03216387331485748,0.023556163534522057,0.06495382636785507,0.18510235846042633,0.04693096876144409],[0.20359505712985992,0.011629528366029263,0.1734241247177124,0.2423071563243866,0.015439693816006184,0.01470879279077053,0.1157369613647461,0.18025410175323486,0.04290449246764183],[0.08541594445705414,0.019346119835972786,0.03138693794608116,0.4708572030067444,0.01712006889283657,0.08906196802854538,0.22407151758670807,0.022865474224090576,0.039874766021966934],[0.006213450338691473,0.0019343509338796139,0.02987557463347912,0.8036180138587952,0.05117303505539894,0.010092049837112427,0.08175741881132126,0.0105374651029706,0.004798718262463808]],"label":[0,0,0,1,0,0,0,0,0]}