{"input":[[0.015168523415923119,0.029499614611268044,0.00682689668610692,0.11397193372249603,0.015055965632200241,0.004674803465604782,0.44467413425445557,0.2622542977333069,0.10787387192249298],[0.005518035963177681,0.05551976338028908,0.006144394166767597,0.23073047399520874,0.0037822292651981115,0.013469322584569454,0.6731173992156982,0.00836034957319498,0.0033580674789845943],[0.022670717909932137,0.001810280722565949,0.0512104332447052,0.657416820526123,0.02396799437701702,0.0003702781395986676,0.23527728021144867,0.002342828083783388,0.004933403804898262],[0.1322036236524582,0.006336533930152655,0.09427784383296967,0.4723449647426605,0.1057192012667656,0.0008001903188414872,0.15488053858280182,0.006700761150568724,0.026736266911029816],[0.0005376551998779178,0.0013463047798722982,0.0004105173284187913,0.06746163219213486,0.8956095576286316,0.00030953966779634356,0.03423111513257027,9.03837353689596e-05,3.352595285832649e-06]],"label":[0,0,0,0,1,0,0,0,0]}