{"input":[[0.00034094450529664755,0.008399893529713154,0.028994670137763023,0.06365321576595306,0.13099578022956848,0.01171768270432949,0.19145120680332184,0.3145192563533783,0.2499273717403412],[0.0017326921224594116,0.02881120704114437,0.04136598855257034,0.10419915616512299,0.05340360477566719,0.006429479923099279,0.6050847172737122,0.017578251659870148,0.14139491319656372],[0.006663719657808542,0.001896491157822311,0.31280624866485596,0.1677812933921814,0.04032277688384056,0.0057339658960700035,0.03788478299975395,0.06489628553390503,0.36201438307762146],[0.0077141765505075455,0.012923670001327991,0.015823232010006905,0.03461747616529465,0.017057910561561584,0.004409711807966232,0.017943063750863075,0.1414574235677719,0.7480533719062805],[0.012761671096086502,0.0013965439284220338,0.08597127348184586,0.27171698212623596,0.1935259997844696,0.002766791032627225,0.016147339716553688,0.0762706771492958,0.3394427001476288]],"label":[0,0,0,0,0,0,0,1,0]}