{"input":[[0.13279184699058533,0.007731864228844643,0.48500505089759827,0.06900787353515625,0.06283355504274368,0.01412692666053772,0.15855653584003448,0.04173778370022774,0.028208674862980843],[0.021654626354575157,0.007710428908467293,0.065616175532341,0.18730542063713074,0.010677840560674667,0.021726159378886223,0.6447177529335022,0.020821301266551018,0.019770361483097076],[0.6124439239501953,0.03852030262351036,0.07607895880937576,0.009019284509122372,0.01168094202876091,0.017269661650061607,0.15542033314704895,0.06433046609163284,0.015236149542033672],[0.6685941815376282,0.02859581634402275,0.06635557860136032,0.02724597416818142,0.0034604750107973814,0.009219418279826641,0.14212292432785034,0.02549264207482338,0.0289129801094532],[0.02637312188744545,0.002177970949560404,0.02651546150445938,0.00044480906217359006,0.00277478969655931,0.009218051098287106,0.10484158247709274,0.1890813261270523,0.6385729312896729]],"label":[0,0,0,0,0,0,0,1,0]}