{"input":[[0.05288822948932648,0.04283476620912552,0.17177079617977142,0.2777184844017029,0.03122108429670334,0.06840308755636215,0.2435074895620346,0.04126770794391632,0.07038827985525131],[0.001519126002676785,0.037715163081884384,0.04818728566169739,0.7164068222045898,0.02487211860716343,0.006525788921862841,0.12507100403308868,0.006494454573839903,0.033208198845386505],[0.05035132169723511,0.04393523558974266,0.29082733392715454,0.3719419538974762,0.005380778573453426,0.03730323165655136,0.0203256793320179,0.09769711643457413,0.08223731815814972],[0.013325602747499943,0.002663922496140003,0.07461243867874146,0.6761922240257263,0.09976837784051895,0.0027639137115329504,0.020346585661172867,0.018896589055657387,0.09143037348985672],[0.000718158669769764,0.013448861427605152,0.19135871529579163,0.5190203189849854,0.1731119006872177,0.00391712412238121,0.07479532808065414,0.008489200845360756,0.01514037698507309]],"label":[0,0,1,0,0,0,0,0,0]}