{"input":[[0.02184205874800682,0.3119201362133026,0.006441911216825247,0.08743439614772797,0.004087514244019985,0.15410059690475464,0.38275331258773804,0.006079445127397776,0.025340674445033073],[0.05340106785297394,0.1893015056848526,0.07239457219839096,0.1217557042837143,0.027225922793149948,0.17922307550907135,0.17393726110458374,0.07221999019384384,0.11054092645645142],[0.034711770713329315,0.17361196875572205,0.030949577689170837,0.11532728374004364,0.004580341745167971,0.07835601270198822,0.5116603374481201,0.009782902896404266,0.04101987183094025],[0.08396461606025696,0.14300133287906647,0.10184918344020844,0.19934624433517456,0.04908657819032669,0.0860016793012619,0.1665324568748474,0.06842892616987228,0.1017889752984047],[0.009880240075290203,0.07251858711242676,0.004647131077945232,0.07953492552042007,0.0050727068446576595,0.13690811395645142,0.6142857670783997,0.03136857599020004,0.04578390344977379]],"label":[0,0,0,0,0,1,0,0,0]}