{"input":[[0.018446777015924454,0.23209121823310852,0.014895693399012089,0.0530804842710495,0.011972273699939251,0.16027489304542542,0.42571133375167847,0.002362515078857541,0.0811648890376091],[0.005441849119961262,0.08047468960285187,0.007993943989276886,0.0726398378610611,0.007294934242963791,0.06537889689207077,0.724216878414154,0.0009773464407771826,0.03558158501982689],[0.4608951210975647,0.049998700618743896,0.08784378319978714,0.009448258206248283,0.07171023637056351,0.017245491966605186,0.08033786714076996,0.20209412276744843,0.020426444709300995],[0.009507443755865097,0.016125565394759178,0.0750618726015091,0.13733573257923126,0.013927520252764225,0.03714574873447418,0.4420895278453827,0.13445989787578583,0.13434681296348572],[0.013583018444478512,0.026118719950318336,0.062004704028367996,0.07269316911697388,0.006201095879077911,0.05367841199040413,0.6732979416847229,0.008431796915829182,0.0839911475777626]],"label":[0,0,0,0,0,0,1,0,0]}