{"input":[[0.01672062650322914,0.0016399214509874582,0.005251969676464796,0.6472851634025574,0.07009795308113098,0.004429154563695192,0.2219652533531189,0.002487121382728219,0.030122952535748482],[0.030684171244502068,0.00913697388023138,0.01031720731407404,0.5667445659637451,0.06399344652891159,0.006862157955765724,0.25653886795043945,0.01034597773104906,0.045376572757959366],[0.03715336322784424,0.00424511032178998,0.010483168065547943,0.6001201868057251,0.03404516354203224,0.003976384177803993,0.13841749727725983,0.0047692772932350636,0.16678984463214874],[0.019798748195171356,0.003054303815588355,0.0175661351531744,0.7301105856895447,0.024254944175481796,0.005704240873456001,0.15343758463859558,0.003333074040710926,0.04274044558405876],[0.0035813061986118555,0.0006803203141316772,0.005069879814982414,0.8460221290588379,0.027374763041734695,0.0021586045622825623,0.10381965339183807,0.0019115881295874715,0.009381793439388275]],"label":[0,0,0,0,1,0,0,0,0]}