{"input":[[0.21536721289157867,0.07089083641767502,0.2450982928276062,0.07752685993909836,0.029185330495238304,0.04036138579249382,0.1454460620880127,0.15145601332187653,0.024667926132678986],[0.159000426530838,0.04972311854362488,0.2276419997215271,0.06953807175159454,0.02999972179532051,0.027463380247354507,0.11201909929513931,0.2863098382949829,0.03830433264374733],[0.2184845358133316,0.04833090677857399,0.18873324990272522,0.0554022490978241,0.022070880979299545,0.03867659717798233,0.16813641786575317,0.23143717646598816,0.028727928176522255],[0.1773660033941269,0.02248816005885601,0.22982092201709747,0.028413154184818268,0.007042050361633301,0.009558533318340778,0.03119574673473835,0.4469445049762726,0.047170817852020264],[0.054697245359420776,0.0064155361615121365,0.122177354991436,0.016250628978013992,0.010273844003677368,0.007674723397940397,0.06795654445886612,0.7045511603355408,0.010002998635172844]],"label":[0,0,0,0,0,0,0,1,0]}