{"input":[[0.059700168669223785,0.11259912699460983,0.07579227536916733,0.1899929642677307,0.008004910312592983,0.03855764493346214,0.19338618218898773,0.19623786211013794,0.1257288157939911],[0.04317892715334892,0.055969033390283585,0.09051473438739777,0.28023508191108704,0.02560323104262352,0.025209015235304832,0.18970653414726257,0.12473522126674652,0.16484814882278442],[0.017362136393785477,0.47067132592201233,0.0013077810872346163,0.0031218677759170532,0.0017007190035656095,0.10078514367341995,0.37583181262016296,0.0031789569184184074,0.02604031190276146],[0.0025966460816562176,0.12050160765647888,0.0005474368808791041,0.0007587340078316629,0.0016437952872365713,0.026292555034160614,0.8452268242835999,0.0004668962210416794,0.001965635223314166],[5.6709985074121505e-05,0.976520836353302,0.0001870729320216924,0.00014789319538976997,2.1402931452030316e-05,0.019886145368218422,0.0019290270283818245,0.0010582617251202464,0.00019267968309577554]],"label":[0,0,0,0,0,1,0,0,0]}