{"input":[[0.01251314952969551,0.004821822512894869,0.013868934474885464,0.001512153074145317,0.004503539297729731,0.0011616625124588609,0.251853883266449,0.7054576277732849,0.004307249095290899],[0.05097593739628792,0.05196821317076683,0.09443921595811844,0.013087001629173756,0.027496034279465675,0.10685043036937714,0.3851052522659302,0.15594324469566345,0.11413471400737762],[0.0314645953476429,0.0038029085844755173,0.3227479159832001,0.001834704540669918,0.005961747374385595,0.0005066759767942131,0.01572982221841812,0.5692856907844543,0.04866595193743706],[0.023612307384610176,0.03367365151643753,0.03989735245704651,0.014703323133289814,0.03982292860746384,0.017965255305171013,0.23284217715263367,0.5161159038543701,0.08136703819036484],[0.00140411127358675,0.002409265609458089,0.0031613509636372328,0.00055061059538275,0.008124012500047684,0.0014474865747615695,0.034952934831380844,0.932184100151062,0.015766220167279243]],"label":[0,0,0,0,0,0,0,1,0]}