{"input":[[0.14890196919441223,0.019408226013183594,0.43663889169692993,0.07804500311613083,0.018560800701379776,0.01277499832212925,0.15550735592842102,0.03776175156235695,0.09240101277828217],[0.14562760293483734,0.08238513022661209,0.309997022151947,0.11602857708930969,0.04318743571639061,0.006424309685826302,0.1247500628232956,0.09282945096492767,0.07877037674188614],[0.0036766109988093376,0.025431446731090546,0.005459683947265148,0.0061803231947124004,0.002382181352004409,0.007106293458491564,0.938034176826477,0.005528170149773359,0.006201069336384535],[0.0056975046172738075,0.8737921118736267,0.0012398742837831378,0.0014666959177702665,0.0009334679343737662,0.01868029311299324,0.04637306183576584,0.04764726758003235,0.004169750958681107],[0.007957362569868565,0.02412424609065056,0.09761390835046768,0.02427010051906109,0.035143572837114334,0.05138304829597473,0.6886391639709473,0.03502403199672699,0.03584451973438263]],"label":[0,0,0,0,0,1,0,0,0]}