{"input":[[0.11444453150033951,0.04540374502539635,0.231826514005661,0.01656174473464489,0.033735278993844986,0.008483575657010078,0.15452903509140015,0.36423179507255554,0.030783753842115402],[0.2311255931854248,0.06862306594848633,0.11250963062047958,0.009953520260751247,0.06389413774013519,0.02803877741098404,0.1374836415052414,0.29936304688453674,0.049008529633283615],[0.15196388959884644,0.037571020424366,0.34613850712776184,0.002723242621868849,0.0035615230444818735,0.004176157992333174,0.05310240387916565,0.34750306606292725,0.053260184824466705],[0.3853883445262909,0.01391226053237915,0.03403894603252411,0.022819051519036293,0.012465394102036953,0.01639709621667862,0.2785695791244507,0.08563986420631409,0.1507694572210312],[0.2229418009519577,0.03607713803648949,0.28256362676620483,0.0069762892089784145,0.024386011064052582,0.002842327579855919,0.1849958449602127,0.13558489084243774,0.10363209247589111]],"label":[0,1,0,0,0,0,0,0,0]}