{"input":[[0.045242778956890106,0.40903139114379883,0.018272755667567253,0.05054120719432831,0.007245339918881655,0.2560659348964691,0.13735364377498627,0.021578771993517876,0.05466825142502785],[0.027742058038711548,0.3846595585346222,0.055253926664590836,0.09433673322200775,0.008778558112680912,0.03862866014242172,0.25902193784713745,0.07118020951747894,0.06039830669760704],[0.01698955148458481,0.8615235686302185,0.006087274290621281,0.02634069137275219,0.010525076650083065,0.04447239637374878,0.02171887457370758,0.007912940345704556,0.004429597873240709],[0.00732086319476366,0.7731390595436096,0.00262325257062912,0.004180208779871464,0.0007043001241981983,0.05566921457648277,0.1368684619665146,0.016311565414071083,0.0031831327360123396],[0.0008271486731246114,0.8025379776954651,0.00046413883683271706,0.004445970058441162,0.0012192378053441644,0.1234070211648941,0.06475598365068436,0.0007590324967168272,0.0015835860976949334]],"label":[0,1,0,0,0,0,0,0,0]}