{"input":[[0.0013149183942005038,0.0009795664809644222,0.33385196328163147,0.0007796635036356747,0.006496579386293888,0.0020981156267225742,0.020146219059824944,0.6299841403961182,0.00434879818931222],[0.006021834444254637,0.0008902627159841359,0.08105314522981644,0.0013612746261060238,0.19292449951171875,0.0005232231924310327,0.005765968002378941,0.70148104429245,0.009978735819458961],[0.002531340578570962,0.0010613144841045141,0.676750898361206,0.01494645792990923,0.06920379400253296,0.0002037697413470596,0.0023001180961728096,0.22897402942180634,0.004028297495096922],[0.026600085198879242,0.001714938203804195,0.7274007797241211,0.04125403240323067,0.023175565525889397,0.001498934580013156,0.07139240205287933,0.08550731092691422,0.021455930545926094],[0.007493772078305483,7.976310371304862e-06,0.9502906203269958,0.002726869424805045,0.002091886242851615,1.2787502782884985e-05,0.0002561389119364321,0.029556475579738617,0.007563462946563959]],"label":[0,0,1,0,0,0,0,0,0]}