{"input":[[0.04222773388028145,0.12378323078155518,0.016952408477663994,0.04497962072491646,0.00816402304917574,0.018060611560940742,0.6038989424705505,0.00925945769995451,0.1326739341020584],[0.02487081289291382,0.023259904235601425,0.0066750543192029,0.010203544981777668,0.005180167034268379,0.007765265181660652,0.8760199546813965,0.012426527217030525,0.033598773181438446],[0.022917771711945534,0.15383237600326538,0.011536446399986744,0.10133979469537735,0.007613327819854021,0.014574327506124973,0.4872562885284424,0.09746705740690231,0.10346254706382751],[0.03438364714384079,0.09029718488454819,0.016372883692383766,0.017359795048832893,0.00735632935538888,0.03334866464138031,0.7027744650840759,0.025896932929754257,0.07221005856990814],[0.015148421749472618,0.015263127163052559,0.1618475466966629,0.025321651250123978,0.01346589345484972,0.03751979023218155,0.5695326328277588,0.0066806841641664505,0.15522029995918274]],"label":[0,0,0,0,0,0,0,0,1]}