{"input":[[0.13457158207893372,0.015036658383905888,0.40024107694625854,0.016884176060557365,0.034729864448308945,0.011847252026200294,0.09381679445505142,0.21203762292861938,0.08083499222993851],[0.28827807307243347,0.028463993221521378,0.49837544560432434,0.003742322325706482,0.014627072960138321,0.011410417966544628,0.05256955325603485,0.07355181127786636,0.028981367126107216],[0.25777870416641235,0.022211162373423576,0.5249454975128174,0.004468192346394062,0.008657802827656269,0.003991618286818266,0.02169436775147915,0.12649595737457275,0.02975672297179699],[0.3291641175746918,0.00485743023455143,0.5050796866416931,0.02031521312892437,0.005857193376868963,0.007390894461423159,0.015961356461048126,0.09030438959598541,0.021069666370749474],[0.013126443140208721,0.0007918164483271539,0.8026266694068909,0.00014841808297205716,0.006728087551891804,0.00029678194550797343,0.0001847335952334106,0.17470432817935944,0.0013927910476922989]],"label":[0,0,0,0,0,0,0,1,0]}