{"input":[[0.38801801204681396,0.013913122937083244,0.36193719506263733,0.0033733765594661236,0.007375636603683233,0.0038072431925684214,0.03767361864447594,0.16034522652626038,0.0235564224421978],[0.2230970412492752,0.03227359801530838,0.367998331785202,0.0018947196658700705,0.007013529539108276,0.007071871310472488,0.11680079251527786,0.22659382224082947,0.017256399616599083],[0.39425721764564514,0.003840968245640397,0.4590218663215637,0.0003872585075441748,0.001375194056890905,0.0011665757047012448,0.029690688475966454,0.0984739139676094,0.011786278337240219],[0.2927928566932678,0.032081376761198044,0.45667916536331177,0.0026334018912166357,0.006874288432300091,0.007693469058722258,0.05763374641537666,0.1156238541007042,0.027987798675894737],[0.9343404769897461,2.500326263543684e-05,0.0337705984711647,1.8071774547934183e-06,0.00018578339950181544,1.1460293535492383e-05,0.0017916661454364657,0.027315590530633926,0.00255751796066761]],"label":[1,0,0,0,0,0,0,0,0]}