{"input":[[0.6871935725212097,0.016890626400709152,0.15268169343471527,0.011134909465909004,0.015979740768671036,0.002768233185634017,0.018642492592334747,0.06641128659248352,0.02829742804169655],[0.7706685066223145,0.01530921645462513,0.08647443354129791,0.006019643973559141,0.004557874985039234,0.0019146805861964822,0.011206652969121933,0.07597877085208893,0.027870172634720802],[0.8126385807991028,0.004376081749796867,0.09422498941421509,0.00675239460542798,0.009524191729724407,0.0013330032816156745,0.012291397899389267,0.025925245136022568,0.03293415904045105],[0.7786956429481506,0.00252119405195117,0.1533275544643402,0.0012776637449860573,0.0033186788205057383,0.0013483561342582107,0.02222372591495514,0.018253620713949203,0.01903350278735161],[0.4516681432723999,0.008556842803955078,0.32954585552215576,0.022476961836218834,0.020975081250071526,0.0030992338433861732,0.02855944074690342,0.06484504789113998,0.07027335464954376]],"label":[0,0,1,0,0,0,0,0,0]}