{"input":[[0.09115566313266754,0.08946255594491959,0.0023125617299228907,0.01825682446360588,0.0019028058741241693,0.5908642411231995,0.18679000437259674,0.003490442642942071,0.015764927491545677],[0.020643774420022964,0.20837758481502533,0.0034823697060346603,0.10442377626895905,0.026891568675637245,0.14585886895656586,0.46092963218688965,0.005807866808027029,0.02358454465866089],[0.014861206524074078,0.12309861928224564,0.005278043914586306,0.0740198865532875,0.00341750867664814,0.041870035231113434,0.7247030735015869,0.002791028004139662,0.009960614144802094],[0.013907465152442455,0.2344113439321518,0.0066939168609678745,0.10867150127887726,0.015143554657697678,0.13882461190223694,0.4556606113910675,0.008775644935667515,0.017911365255713463],[0.0030598812736570835,0.014621821232140064,0.0002422279940219596,0.003004589583724737,0.0010073005687445402,0.18981634080410004,0.7834250926971436,0.000605338194873184,0.004217400215566158]],"label":[0,0,0,0,0,1,0,0,0]}