{"input":[[0.10298210382461548,0.060655925422906876,0.06410890817642212,0.37016406655311584,0.02950245700776577,0.01669120043516159,0.2600347697734833,0.041299086064100266,0.05456157028675079],[0.06082095205783844,0.02759127877652645,0.02027265913784504,0.6496056318283081,0.013542727567255497,0.01783660240471363,0.16196979582309723,0.007622092962265015,0.04073820263147354],[0.005523975007236004,0.010740918107330799,0.022282220423221588,0.5223127603530884,0.012032883241772652,0.021159518510103226,0.33141109347343445,0.04678972810506821,0.027746913954615593],[0.00444015022367239,0.0011037987424060702,0.002266393043100834,0.5205160975456238,0.008023497648537159,0.003804675303399563,0.4422394633293152,0.004830998368561268,0.01277487725019455],[0.0002576340630184859,0.00030717180925421417,0.001361354487016797,0.691453754901886,0.059826869517564774,0.0014410912990570068,0.24265465140342712,0.0017496934160590172,0.0009476864943280816]],"label":[0,0,0,1,0,0,0,0,0]}