{"input":[[0.028586655855178833,0.019280172884464264,0.22325889766216278,0.03424150496721268,0.30972105264663696,0.011618426069617271,0.029787834733724594,0.09000840783119202,0.25349706411361694],[0.017810868099331856,0.007787751499563456,0.1815738081932068,0.12126922607421875,0.21216513216495514,0.007504174020141363,0.0108402781188488,0.38648131489753723,0.05456743389368057],[0.016777867451310158,0.009615822695195675,0.01812008023262024,0.023435577750205994,0.012526856735348701,0.0032694528345018625,0.038182225078344345,0.7405447959899902,0.1375274807214737],[0.01799335703253746,0.0035390411503612995,0.05734262615442276,0.03636052832007408,0.025012239813804626,0.00235189450904727,0.015077877789735794,0.6513092517852783,0.19101323187351227],[0.32467544078826904,0.0026417679619044065,0.10865829885005951,0.09763692319393158,0.12773269414901733,0.006156656891107559,0.07623638212680817,0.03155086934566498,0.22471095621585846]],"label":[0,0,0,0,0,0,0,0,1]}