{"input":[[0.10532288253307343,0.10631418228149414,0.022062374278903008,0.0034977367613464594,0.004251067526638508,0.10597428679466248,0.5548582077026367,0.060241252183914185,0.03747798502445221],[0.11139452457427979,0.20822995901107788,0.10992182046175003,0.012427303940057755,0.0030670887790620327,0.05425999313592911,0.30536991357803345,0.042568791657686234,0.1527605950832367],[0.05318195000290871,0.35058847069740295,0.02806069515645504,0.00873944815248251,0.002009536372497678,0.20173077285289764,0.08525816351175308,0.23276500403881073,0.03766585886478424],[0.04482261836528778,0.15576329827308655,0.05053236708045006,0.07808639854192734,0.02908177860081196,0.03928864747285843,0.12276683002710342,0.20486114919185638,0.2747969925403595],[0.034228626638650894,0.038930993527173996,0.004236659500747919,0.3195863962173462,0.02065572887659073,0.0067423307336866856,0.4056639075279236,0.02584356814622879,0.1441117525100708]],"label":[0,0,0,0,0,0,1,0,0]}