{"input":[[0.13426797091960907,0.006426895968616009,0.08798900246620178,0.1442418247461319,0.017535395920276642,0.0036285046953707933,0.393359512090683,0.18877847492694855,0.023772448301315308],[0.012850029394030571,0.0027533876709640026,0.03390449285507202,0.8145588636398315,0.022358488291502,0.0013701638672500849,0.07719884067773819,0.014275080524384975,0.020730584859848022],[0.021993868052959442,0.02286439575254917,0.5459311008453369,0.06696678698062897,0.21272647380828857,0.01365662645548582,0.062160272151231766,0.033811651170253754,0.019888795912265778],[0.03494904190301895,0.009362053126096725,0.18560665845870972,0.1600167155265808,0.033235009759664536,0.012532281689345837,0.05737045407295227,0.4387323558330536,0.06819550693035126],[0.017376475036144257,0.0026348987594246864,0.08362841606140137,0.2906860113143921,0.1255066841840744,0.0234835222363472,0.22377778589725494,0.18327586352825165,0.04963027685880661]],"label":[0,0,0,1,0,0,0,0,0]}