{"input":[[0.05642574653029442,0.07358630746603012,0.06609927117824554,0.29896295070648193,0.08470208942890167,0.06831313669681549,0.1056913286447525,0.21989129483699799,0.026327751576900482],[0.023951809853315353,0.515152633190155,0.023062722757458687,0.03951745480298996,0.04397624731063843,0.09136388450860977,0.13717584311962128,0.11627764999866486,0.009521758183836937],[0.044107772409915924,0.0187956802546978,0.48227402567863464,0.19387173652648926,0.14129193127155304,0.015975739806890488,0.049100831151008606,0.018174923956394196,0.03640732914209366],[0.1472133845090866,0.05633820593357086,0.15008783340454102,0.14999717473983765,0.09029634296894073,0.08165556937456131,0.2336754947900772,0.07409823685884476,0.016637707129120827],[0.10039466619491577,0.09684277325868607,0.1538776457309723,0.12327516078948975,0.13716590404510498,0.07827159762382507,0.2434748411178589,0.029057050123810768,0.03764030709862709]],"label":[0,0,1,0,0,0,0,0,0]}