{"input":[[0.07329089194536209,0.0028800603467971087,0.6770089864730835,0.00038034943281672895,0.004979086574167013,0.001339607872068882,0.002452892018482089,0.2288512885570526,0.008816955611109734],[0.17451584339141846,0.018022509291768074,0.6102294921875,0.003467604285106063,0.0049921502359211445,0.00949674192816019,0.03787745162844658,0.08270982652902603,0.05868840590119362],[0.022818922996520996,4.7982350224629045e-05,0.37771210074424744,0.00011664432531688362,0.003762412117794156,1.8188422473031096e-05,0.00014367364929057658,0.5903924703598022,0.004987624473869801],[0.020396754145622253,0.00029675420955754817,0.7197536826133728,3.21133375109639e-05,0.005179606378078461,6.019896318321116e-05,0.0002571728255134076,0.2274957001209259,0.026528121903538704],[0.2764926254749298,0.00038785242941230536,0.3836754858493805,3.903840115526691e-05,0.0056433542631566525,5.198816870688461e-05,0.0008174256072379649,0.3239419162273407,0.008950368501245975]],"label":[0,0,0,0,0,0,0,1,0]}