{"input":[[0.024828020483255386,0.006728504318743944,0.001327115693129599,7.855086732888594e-05,0.00013853731798008084,0.004511763341724873,0.9351961016654968,0.019150203093886375,0.00804116576910019],[0.25703081488609314,0.1804261952638626,0.026029661297798157,0.0025687769521027803,0.006215061992406845,0.027008499950170517,0.45849063992500305,0.030687889084219933,0.011542443186044693],[0.2695586085319519,0.17901235818862915,0.0022118890192359686,0.00089067971566692,0.010237561538815498,0.0386820025742054,0.14786091446876526,0.3481251299381256,0.003420891473069787],[0.07406508177518845,0.1571018397808075,0.00809760857373476,0.0007754885591566563,0.0013424988137558103,0.06417085975408554,0.38380369544029236,0.29180628061294556,0.01883666403591633],[0.098077692091465,0.028954176232218742,0.01153622567653656,0.1277216374874115,0.016383536159992218,0.23156321048736572,0.44860661029815674,0.005224035121500492,0.031932901591062546]],"label":[1,0,0,0,0,0,0,0,0]}