{"input":[[0.00588187575340271,0.017879042774438858,0.001418735715560615,0.6351599097251892,0.011805858463048935,0.012697930447757244,0.29770758748054504,0.0032369778491556644,0.014212004840373993],[0.0022390394005924463,0.0017213900573551655,0.001735604484565556,0.9255104660987854,0.0039000967517495155,0.0030318244826048613,0.048497274518013,0.0008420100784860551,0.012522341683506966],[0.02039230801165104,0.012231655418872833,0.018479008227586746,0.7257219552993774,0.014261309988796711,0.02068651095032692,0.12954193353652954,0.02719983458518982,0.03148550167679787],[0.011344854719936848,0.017894694581627846,0.007488500326871872,0.6522497534751892,0.01975933462381363,0.028484949842095375,0.23540815711021423,0.011790893971920013,0.015578866936266422],[0.004365479573607445,0.0012917520944029093,0.005053884815424681,0.7884119153022766,0.040889233350753784,0.018427779898047447,0.1119222640991211,0.014529397711157799,0.015108320862054825]],"label":[0,0,0,1,0,0,0,0,0]}