{"input":[[0.011798446998000145,0.008354292251169682,0.11840412020683289,0.3934057056903839,0.06404465436935425,0.006691364571452141,0.28559812903404236,0.01066179946064949,0.10104145109653473],[0.018562253564596176,0.011804901994764805,0.12633763253688812,0.19490689039230347,0.05450229346752167,0.01662762649357319,0.29796120524406433,0.01799793913960457,0.2612992227077484],[0.07524728029966354,0.00920774508267641,0.0762859433889389,0.5157133340835571,0.1101125180721283,0.007487486116588116,0.10688787698745728,0.025032559409737587,0.07402527332305908],[0.015352258458733559,0.01722857728600502,0.2691262364387512,0.28895869851112366,0.14814452826976776,0.026767965406179428,0.1566028743982315,0.010136100463569164,0.06768287718296051],[0.02107701078057289,0.013666938990354538,0.08228327333927155,0.2892897427082062,0.1066601499915123,0.010761476121842861,0.16225925087928772,0.02454458549618721,0.2894575297832489]],"label":[0,0,0,1,0,0,0,0,0]}