{"input":[[0.14311638474464417,0.10378619283437729,0.4024879038333893,0.05556049570441246,0.053193725645542145,0.017156925052404404,0.09666259586811066,0.07578020542860031,0.0522555373609066],[0.34935903549194336,0.07094230502843857,0.06847362220287323,0.05532458424568176,0.027924906462430954,0.025961467996239662,0.12699458003044128,0.07794564217329025,0.197073832154274],[0.13922755420207977,0.009801472537219524,0.5728448629379272,0.08478342741727829,0.048187874257564545,0.004417378455400467,0.02713387832045555,0.05757245421409607,0.05603112652897835],[0.2829049825668335,0.012577217072248459,0.3979444205760956,0.13077586889266968,0.02213066630065441,0.0015079192817211151,0.014447552151978016,0.09037651121616364,0.047334883362054825],[0.15815487504005432,0.009418893605470657,0.6453304886817932,0.025159766897559166,0.05142929032444954,0.01004231721162796,0.02261210046708584,0.030440885573625565,0.04741144925355911]],"label":[1,0,0,0,0,0,0,0,0]}