{"input":[[0.02091548964381218,0.032246120274066925,0.21150505542755127,0.006226241588592529,0.008433542214334011,0.009731450118124485,0.04273907095193863,0.6123257875442505,0.055877260863780975],[0.03469911590218544,0.2714787721633911,0.054739996790885925,0.05300913006067276,0.00728858495131135,0.07102207839488983,0.20364972949028015,0.2581448256969452,0.045967765152454376],[0.03132767230272293,0.47085288166999817,0.04154760763049126,0.0074681383557617664,0.0021141075994819403,0.002660284284502268,0.10918334871530533,0.3288549482822418,0.005991117097437382],[0.0025411301758140326,0.0001502343366155401,0.0012126436922699213,3.514805212034844e-05,0.0005619581206701696,0.00016417860751971602,0.0013352629030123353,0.9931500554084778,0.0008493370260111988],[0.022057373076677322,0.002908118302002549,0.2793768048286438,0.0005741721834056079,0.011425564996898174,0.0008607250638306141,0.022393468767404556,0.6564563512802124,0.003947321325540543]],"label":[0,0,0,0,0,0,0,1,0]}