{"input":[[0.00667684618383646,0.0032291309908032417,0.009867405518889427,0.7626172304153442,0.026738107204437256,0.0048332978039979935,0.1608511209487915,0.004287165589630604,0.020899668335914612],[0.00315536605194211,0.0022216499783098698,0.004640581086277962,0.7587277889251709,0.04527341574430466,0.0025213647168129683,0.1663092076778412,0.0022942766081541777,0.014856466092169285],[0.012504536658525467,0.006203872617334127,0.008604636415839195,0.22814664244651794,0.06056930497288704,0.00682786712422967,0.33375823497772217,0.052368875592947006,0.29101598262786865],[0.02765050157904625,0.0008575660758651793,0.003854668466374278,0.0962684154510498,0.1444779634475708,0.0027200060430914164,0.03891695663332939,0.5188779234886169,0.166375994682312],[0.07565128058195114,0.004755041562020779,0.30066120624542236,0.29063481092453003,0.0703241378068924,0.003933524712920189,0.1794905662536621,0.005340089090168476,0.06920940428972244]],"label":[0,0,0,0,1,0,0,0,0]}