{"input":[[0.007913555018603802,0.003755548968911171,0.002622452098876238,0.8525686860084534,0.03895516321063042,0.004919877275824547,0.07358048111200333,0.004385099280625582,0.011299175210297108],[0.0029433495365083218,0.0008251136750914156,0.0018207834800705314,0.909282922744751,0.0286959670484066,0.0028805723413825035,0.04932771250605583,0.0013890245463699102,0.0028346842154860497],[0.17037898302078247,0.021220674738287926,0.019562510773539543,0.180863618850708,0.019500425085425377,0.019008977338671684,0.022300928831100464,0.5360970497131348,0.011066773906350136],[0.023246116936206818,0.008135541342198849,0.018637243658304214,0.5530166029930115,0.06867382675409317,0.007240083999931812,0.13724002242088318,0.14471936225891113,0.039091140031814575],[0.005336171947419643,5.4726693633710966e-05,0.007481076288968325,0.596859335899353,0.2486337125301361,0.00010793990077218041,0.13208499550819397,0.0052992673590779305,0.004142803605645895]],"label":[0,0,0,1,0,0,0,0,0]}