{"input":[[0.08162244409322739,0.03120291233062744,0.6797077655792236,0.05554389953613281,0.07280983775854111,0.008694258518517017,0.040651414543390274,0.008922946639358997,0.02084450051188469],[0.2542596757411957,0.037738136947155,0.4865231215953827,0.06468726694583893,0.008921329863369465,0.010843225754797459,0.08241699635982513,0.046439412981271744,0.008170869201421738],[0.12780827283859253,0.1281067579984665,0.1092311292886734,0.038997847586870193,0.03728412464261055,0.008949937298893929,0.4639813303947449,0.02385399490594864,0.06178652495145798],[0.12976692616939545,0.04424527287483215,0.0658026859164238,0.09376649558544159,0.04208198934793472,0.005711965262889862,0.5836918950080872,0.013547830283641815,0.021385028958320618],[0.024027377367019653,0.0018383729038760066,0.6978440284729004,0.006791654508560896,0.12850350141525269,6.521007890114561e-05,0.0007985882111825049,0.13796158134937286,0.0021696225740015507]],"label":[0,0,1,0,0,0,0,0,0]}