{"input":[[0.20051205158233643,0.022222841158509254,0.13977190852165222,0.000427013001171872,0.011042552068829536,0.04096387326717377,0.16028723120689392,0.37369877099990845,0.05107380449771881],[0.25600120425224304,0.009655967354774475,0.008611511439085007,0.0011596169788390398,0.005466326605528593,0.019436953589320183,0.18129202723503113,0.5169883966445923,0.0013879691250622272],[0.02760920487344265,0.04996801167726517,0.012257462367415428,0.001611913787201047,0.005981685593724251,0.04011821746826172,0.1997799277305603,0.6519739031791687,0.010699654929339886],[0.015205318108201027,0.0408795103430748,0.021000651642680168,0.003573607886210084,0.011211944743990898,0.0061239078640937805,0.13841253519058228,0.7295590043067932,0.03403356671333313],[0.06038972735404968,0.005210086703300476,0.24068278074264526,0.0010678578400984406,0.004892921075224876,0.003895582165569067,0.03325403481721878,0.6213817000389099,0.02922525815665722]],"label":[0,0,0,0,0,0,0,1,0]}