{"input":[[0.05798935517668724,0.1964975893497467,0.014720679260790348,0.05827818810939789,0.005477810278534889,0.34599077701568604,0.27904126048088074,0.01743473671376705,0.024569658562541008],[0.0292134340852499,0.21845883131027222,0.005242369137704372,0.053324807435274124,0.008603602647781372,0.21368952095508575,0.436545729637146,0.01434275135397911,0.02057894691824913],[0.026732154190540314,0.40202197432518005,0.08827266842126846,0.11565963923931122,0.005718906410038471,0.15270225703716278,0.09763083606958389,0.04866553470492363,0.06259597837924957],[0.03778233751654625,0.12442106008529663,0.10086605697870255,0.011018951423466206,0.01855076663196087,0.09174337238073349,0.2529866099357605,0.24454902112483978,0.11808183789253235],[0.0031938545871526003,0.040958140045404434,0.0012392958160489798,0.03466751053929329,0.002436273032799363,0.5292205214500427,0.3670804500579834,0.008757264353334904,0.012446636334061623]],"label":[0,0,0,0,0,1,0,0,0]}