{"input":[[0.027070697396993637,0.011114051565527916,0.23832851648330688,0.26679137349128723,0.1829569935798645,0.014604073949158192,0.10640924423933029,0.035955943167209625,0.11676900833845139],[0.055585138499736786,0.01860940456390381,0.22301340103149414,0.12342485785484314,0.3348675072193146,0.006709796376526356,0.18519261479377747,0.03209824487566948,0.02049902267754078],[0.13302305340766907,0.016018588095903397,0.1272892951965332,0.11621304601430893,0.24667124450206757,0.014174855314195156,0.18488435447216034,0.12797294557094574,0.033752575516700745],[0.017131786793470383,0.004265797324478626,0.27144330739974976,0.37857258319854736,0.08166258037090302,0.008264639414846897,0.10284160822629929,0.12553690373897552,0.010280841030180454],[0.023838825523853302,0.00031111325370147824,0.9011870622634888,0.0029094843193888664,0.04993552342057228,0.0003274691989645362,0.0017143439035862684,0.014683033339679241,0.005093146115541458]],"label":[0,0,0,1,0,0,0,0,0]}