{"input":[[0.017420046031475067,0.05896169692277908,0.03129272162914276,0.11573301255702972,0.007841065526008606,0.01730632781982422,0.5383703112602234,0.10468754172325134,0.108387291431427],[0.016625352203845978,0.09175655990839005,0.03730100020766258,0.12711015343666077,0.011752947233617306,0.027796626091003418,0.36407989263534546,0.20440155267715454,0.11917585879564285],[0.018120141699910164,0.01842670701444149,0.058386094868183136,0.5487173795700073,0.08254866302013397,0.025177646428346634,0.1295609027147293,0.061487339437007904,0.05757506191730499],[0.01395406387746334,0.010559450834989548,0.019474109634757042,0.777354896068573,0.02383379638195038,0.007152564823627472,0.12521159648895264,0.005296614486724138,0.01716296374797821],[0.0017053509363904595,0.012315504252910614,0.02254711650311947,0.1218617632985115,0.007239990402013063,0.0046153441071510315,0.8042901158332825,0.01744385063648224,0.007980933412909508]],"label":[0,0,0,1,0,0,0,0,0]}