{"input":[[0.001011609099805355,0.0004796356661245227,0.004895810503512621,0.8934684991836548,0.01659371890127659,0.0033330293372273445,0.022530952468514442,0.007159758359193802,0.05052708834409714],[0.0018191555282101035,0.001291202730499208,0.002752668457105756,0.693610668182373,0.016678184270858765,0.004480987787246704,0.25158125162124634,0.008476422168314457,0.019309453666210175],[0.019917679950594902,0.010280758142471313,0.01813705824315548,0.6180574893951416,0.0678929015994072,0.017754511907696724,0.06774425506591797,0.02817244827747345,0.15204279124736786],[0.028446674346923828,0.04168492928147316,0.020627927035093307,0.582693874835968,0.03726261854171753,0.03175933659076691,0.060012515634298325,0.04163152351975441,0.15588055551052094],[0.009429517202079296,0.006304464302957058,0.0056725163012743,0.2653031349182129,0.011055602692067623,0.010214834474027157,0.186690554022789,0.25430595874786377,0.25102344155311584]],"label":[0,0,0,1,0,0,0,0,0]}