{"input":[[0.15609245002269745,0.06972575932741165,0.024575194343924522,0.0008798161870799959,0.0046096257865428925,0.21995875239372253,0.4383314251899719,0.040487371385097504,0.04533960670232773],[0.34526726603507996,0.017630379647016525,0.07438023388385773,0.00026312738191336393,0.006112862378358841,0.11154505610466003,0.2925826609134674,0.05179962143301964,0.10041879862546921],[0.8642888069152832,0.010104598477482796,0.006742240861058235,2.8797085178666748e-05,0.00029461507801897824,0.0009983975905925035,0.08817204087972641,0.02751968801021576,0.0018509803339838982],[0.016221318393945694,0.0326404869556427,0.015202897600829601,0.001854853704571724,0.0023923786357045174,0.012683618813753128,0.8576350212097168,0.03270241245627403,0.02866698056459427],[0.018045444041490555,0.042297832667827606,0.009797411970794201,0.0009802589192986488,0.0002741496136877686,0.009357866831123829,0.8521254658699036,0.013052904047071934,0.05406862497329712]],"label":[0,0,0,0,0,0,1,0,0]}