{"input":[[0.005104833748191595,0.007470236159861088,0.007848437875509262,0.69499272108078,0.013558143749833107,0.008821257390081882,0.240648552775383,0.006206550635397434,0.01534928660839796],[0.031793102622032166,0.015612063929438591,0.02886953391134739,0.48329710960388184,0.010580673813819885,0.014192710630595684,0.3276653289794922,0.02719593048095703,0.06079348176717758],[0.02925008535385132,0.035992298275232315,0.07081475853919983,0.2894588112831116,0.07264934480190277,0.06053699925541878,0.3352060317993164,0.07375538349151611,0.03233640268445015],[0.07085983455181122,0.06758465617895126,0.057607121765613556,0.10993369668722153,0.10058631002902985,0.03544355183839798,0.513297438621521,0.028070997446775436,0.016616355627775192],[8.441503268841188e-06,0.00034318299731239676,4.28428829764016e-05,0.00502900592982769,0.0004102729435544461,0.0008103279396891594,0.9929115772247314,0.0003126623050775379,0.00013172269973438233]],"label":[0,0,0,0,0,0,1,0,0]}