{"input":[[0.1790505200624466,0.014833779074251652,0.1843544840812683,0.17704583704471588,0.020495565608143806,0.0215755607932806,0.29294613003730774,0.05802991986274719,0.05166812613606453],[0.005995904095470905,0.0825536772608757,0.008547332137823105,0.004083828069269657,0.0035726316273212433,0.018085820600390434,0.8710101246833801,0.0012204062659293413,0.004930285271257162],[0.007079047150909901,0.005706501193344593,0.005927092395722866,0.010734932497143745,0.0026297676376998425,0.3699451684951782,0.5491732954978943,0.009388318285346031,0.03941585123538971],[0.001008249120786786,0.0018219784833490849,0.0018556694267317653,0.0010869269026443362,0.0010094051249325275,0.0016647157026454806,0.9909743666648865,0.00030302043887786567,0.0002756670583039522],[0.0009650116553530097,0.0011554270749911666,0.005657488945871592,0.00016493706789333373,0.000283674628008157,0.0027935432735830545,0.9887429475784302,1.1136102330056019e-05,0.0002258377498947084]],"label":[0,0,0,0,0,0,1,0,0]}