{"input":[[0.54129958152771,0.02163091115653515,0.1061927080154419,0.055509053170681,0.04489238187670708,0.03578418493270874,0.08095394819974899,0.07868028432130814,0.03505699709057808],[0.09077891707420349,0.08345167338848114,0.06960082054138184,0.28770437836647034,0.051479242742061615,0.016405651345849037,0.061256881803274155,0.32263779640197754,0.01668477989733219],[0.009408116340637207,0.01608157344162464,0.2345372587442398,0.18761344254016876,0.0601218156516552,0.11684473603963852,0.35636106133461,0.010219798423349857,0.00881218072026968],[0.07043666392564774,0.023874500766396523,0.3282780349254608,0.06792774051427841,0.07395414263010025,0.03670229762792587,0.23111146688461304,0.04451195150613785,0.12320325523614883],[0.03574489802122116,0.0024886862374842167,0.2848048210144043,0.029350338503718376,0.026123397052288055,0.16750098764896393,0.4167257845401764,0.019990846514701843,0.01727016270160675]],"label":[0,0,0,0,0,1,0,0,0]}