{"input":[[0.0129036083817482,0.011654192581772804,0.05423372983932495,0.41299334168434143,0.06004874408245087,0.036535270512104034,0.29321756958961487,0.055023133754730225,0.06339050084352493],[0.03706369549036026,0.08176486194133759,0.04917529597878456,0.1868368238210678,0.039068154990673065,0.03318258747458458,0.2859123647212982,0.2051207423210144,0.0818755105137825],[0.625853419303894,0.0052980948239564896,0.15333713591098785,0.004644467961043119,0.06940428912639618,0.00280945748090744,0.0251640435308218,0.08770487457513809,0.025784295052289963],[0.017235133796930313,0.006857234984636307,0.13315314054489136,0.025872791185975075,0.17912277579307556,0.005939529277384281,0.5434020161628723,0.026633795350790024,0.06178361922502518],[0.017585234716534615,0.004139519762247801,0.35579368472099304,0.09309013932943344,0.24771450459957123,0.02248194068670273,0.14824730157852173,0.0668320432305336,0.04411567002534866]],"label":[0,0,0,0,1,0,0,0,0]}