{"input":[[0.00029280170565471053,0.0055794003419578075,0.0019606861751526594,0.01976965367794037,0.00035276717972010374,0.0063283396884799,0.9522982835769653,0.006237775087356567,0.007180336397141218],[0.005769383627921343,0.008840025402605534,0.008419912308454514,0.38962483406066895,0.01391704473644495,0.0037753551732748747,0.5275930166244507,0.001731730648316443,0.04032869264483452],[0.012646260671317577,0.052091874182224274,2.1295163605827838e-05,0.013540655374526978,0.00034640441299416125,0.5905637145042419,0.3126673698425293,2.129025051544886e-05,0.01810121163725853],[0.03608660027384758,0.0052963499911129475,0.0027314163744449615,0.04580073803663254,0.001939194742590189,0.013875054195523262,0.8789688348770142,0.0042757089249789715,0.011026088148355484],[0.0013228915631771088,0.7837166786193848,0.0002151867956854403,0.0005317566101439297,8.567273471271619e-05,0.12848448753356934,0.08282927423715591,0.0025038316380232573,0.00031026522628962994]],"label":[0,0,0,0,0,0,1,0,0]}