{"input":[[0.4146522283554077,0.07846825569868088,0.19012659788131714,0.054868895560503006,0.05378667637705803,0.02600100450217724,0.08931110799312592,0.055503711104393005,0.037281520664691925],[0.2758025527000427,0.06588289141654968,0.1500181257724762,0.16193918883800507,0.07064496725797653,0.013975352048873901,0.1335153430700302,0.08821893483400345,0.04000262916088104],[0.15357984602451324,0.24794858694076538,0.15965259075164795,0.041697364300489426,0.03519296646118164,0.017830053344368935,0.21064843237400055,0.055409569293260574,0.07804067432880402],[0.06612220406532288,0.016508309170603752,0.3014953136444092,0.10908601433038712,0.050303634256124496,0.01535792462527752,0.24466592073440552,0.09248381853103638,0.10397680103778839],[0.0022513950243592262,0.17898321151733398,0.01876092329621315,0.020041201263666153,0.09035605937242508,0.03165486082434654,0.479886531829834,0.09582291543483734,0.08224289119243622]],"label":[0,1,0,0,0,0,0,0,0]}