{"input":[[0.12313748151063919,0.0380118265748024,0.16479545831680298,0.17830196022987366,0.026200436055660248,0.010500923730432987,0.10635710507631302,0.043581876903772354,0.3091129660606384],[0.2844798266887665,0.005536207929253578,0.15993954241275787,0.23732297122478485,0.027330957353115082,0.04231063276529312,0.14242787659168243,0.010985584929585457,0.08966637402772903],[0.06773678958415985,0.015782555565238,0.31105223298072815,0.1384640485048294,0.0835464671254158,0.004810732323676348,0.06661833077669144,0.23586711287498474,0.0761217251420021],[0.09176158905029297,0.05543060228228569,0.31599292159080505,0.11847621202468872,0.07186886668205261,0.03858400881290436,0.0949670821428299,0.08581864088773727,0.12709997594356537],[0.37224873900413513,0.001363130402751267,0.026573456823825836,0.031191807240247726,0.03868197277188301,0.021220657974481583,0.34992852807044983,0.06097320094704628,0.09781847894191742]],"label":[0,0,0,1,0,0,0,0,0]}