{"input":[[0.1812916398048401,0.0004672396753448993,0.42128148674964905,0.17227435111999512,0.17605379223823547,0.00028275063959881663,0.011407094076275826,0.012457211501896381,0.024484451860189438],[0.06670086085796356,0.0002038091915892437,0.838775098323822,0.007731664925813675,0.06650496274232864,4.5881588448537514e-05,0.0007414237479679286,0.013313941657543182,0.005982356145977974],[0.023861713707447052,8.282931958092377e-05,0.2166339010000229,0.001589481602422893,0.08723118901252747,6.7352935730014e-05,0.0015172668499872088,0.6507837772369385,0.0182325541973114],[0.022150341421365738,0.001329381950199604,0.2608121633529663,0.09753995388746262,0.21568404138088226,0.001677457126788795,0.0177288968116045,0.3620578348636627,0.02101995050907135],[0.0004893679288215935,3.8816952496745216e-07,0.8906267285346985,0.0008319622720591724,0.041279397904872894,2.8479803404479753e-07,2.2454863938037306e-05,0.06503240019083023,0.0017170559149235487]],"label":[0,0,1,0,0,0,0,0,0]}