{"input":[[0.05944447219371796,0.042869891971349716,0.020382504910230637,0.327615350484848,0.036887671798467636,0.040480837225914,0.35056763887405396,0.04887824505567551,0.07287337630987167],[0.06491188704967499,0.012397060170769691,0.024478023871779442,0.28545835614204407,0.020766736939549446,0.05593372508883476,0.31412211060523987,0.033080894500017166,0.1888512223958969],[0.14035847783088684,0.05307448282837868,0.029745841398835182,0.29450884461402893,0.04060301557183266,0.014865749515593052,0.2610989809036255,0.028993144631385803,0.1367514580488205],[0.18386755883693695,0.015545282512903214,0.025644971057772636,0.2539331912994385,0.1566706746816635,0.01958329603075981,0.1211397722363472,0.021739419549703598,0.20187580585479736],[0.01970956102013588,0.003741203574463725,0.00471815001219511,0.2812202274799347,0.03353673219680786,0.016566261649131775,0.6154928803443909,0.006415937095880508,0.01859908364713192]],"label":[0,0,0,1,0,0,0,0,0]}