{"input":[[0.00829128734767437,0.0004515191831160337,0.024357516318559647,0.4238797128200531,0.07352733612060547,0.005521028768271208,0.4232320189476013,0.02416928857564926,0.01657034642994404],[0.16351298987865448,0.01656716875731945,0.02193335071206093,0.1042444109916687,0.02940971776843071,0.11557275801897049,0.3303447961807251,0.01389147900044918,0.20452328026294708],[0.28944018483161926,0.022564519196748734,0.12387637048959732,0.16594207286834717,0.0420822948217392,0.01815989427268505,0.11790648847818375,0.1200881153345108,0.0999399796128273],[0.10051152110099792,0.0067858342081308365,0.06894630193710327,0.1329765021800995,0.31800389289855957,0.01790567860007286,0.07559165358543396,0.18694433569908142,0.09233427047729492],[0.16522112488746643,0.002532894490286708,0.007292304653674364,0.026270229369401932,0.013917116448283195,0.008784486912190914,0.08701172471046448,0.02223873697221279,0.6667313575744629]],"label":[0,0,0,0,0,0,0,0,1]}