{"input":[[0.04156794771552086,0.02490842528641224,0.7931454181671143,0.010829605162143707,0.028154266998171806,0.004775465000420809,0.0460386723279953,0.029753658920526505,0.02082655020058155],[0.03072335012257099,0.0021165567450225353,0.3392452895641327,0.0076474458910524845,0.26307550072669983,0.00643076142296195,0.08800996840000153,0.19468355178833008,0.06806756556034088],[0.044425118714571,0.0014338750625029206,0.7231271862983704,0.14952954649925232,0.02922273427248001,0.000985208316706121,0.01757320575416088,0.023016180843114853,0.010687045753002167],[0.001978539628908038,0.00016494224837515503,0.9250094294548035,0.03569110482931137,0.009972590021789074,0.000742756703402847,0.009322055615484715,0.007682735100388527,0.00943582784384489],[0.019230641424655914,0.00017858149658422917,0.8862836360931396,0.006903537083417177,0.01786157302558422,0.0005635945708490908,0.028019065037369728,0.03838767483830452,0.00257173296995461]],"label":[0,0,1,0,0,0,0,0,0]}