{"input":[[0.015049491077661514,0.012112175114452839,0.011350720189511776,0.5106246471405029,0.028968924656510353,0.01100387703627348,0.3542434275150299,0.019584614783525467,0.0370621383190155],[0.009398790076375008,0.005398519337177277,0.014037243090569973,0.2866041362285614,0.0235171839594841,0.007577700074762106,0.6277984976768494,0.013642743229866028,0.012025128118693829],[0.012201067060232162,0.008956042118370533,0.13419842720031738,0.529511570930481,0.04767419397830963,0.012041067704558372,0.07655875384807587,0.07955136895179749,0.09930741786956787],[0.019054098054766655,0.0025040097534656525,0.09559506177902222,0.5674756765365601,0.03504734858870506,0.003457692451775074,0.04537832364439964,0.20209094882011414,0.02939683385193348],[0.004582419991493225,0.0006217602058313787,0.10051420331001282,0.6342626214027405,0.07790622115135193,0.0005766460089944303,0.1433856338262558,0.023481911048293114,0.014668526127934456]],"label":[0,0,0,1,0,0,0,0,0]}