{"input":[[0.03218299150466919,0.15327909588813782,0.04301948472857475,0.24379748106002808,0.052736714482307434,0.07071805745363235,0.2853103280067444,0.059514325112104416,0.05944153666496277],[0.06611771136522293,0.23762746155261993,0.023928340524435043,0.11629173159599304,0.023951103910803795,0.05683549866080284,0.3094170391559601,0.09972476959228516,0.06610633432865143],[0.027101099491119385,0.09744676947593689,0.03673857823014259,0.028619006276130676,0.0033783537801355124,0.013140477240085602,0.7322297096252441,0.02961311675608158,0.03173297271132469],[0.023420585319399834,0.05257917940616608,0.0729764997959137,0.0029216783586889505,0.012378936633467674,0.004375935532152653,0.09631820023059845,0.6746535897254944,0.0603754036128521],[0.00025972825824283063,0.0010023878421634436,0.0011393470922484994,0.005902374628931284,0.0007714246166869998,0.8729798197746277,0.1102868914604187,0.001034272718243301,0.006623828783631325]],"label":[0,0,0,0,0,1,0,0,0]}