{"input":[[0.007662393152713776,0.009784413501620293,0.007944240234792233,0.4471263885498047,0.0060926200821995735,0.01700364612042904,0.3656010925769806,0.07462771981954575,0.06415750831365585],[0.010910645127296448,0.01448013260960579,0.012421184219419956,0.6341459155082703,0.03490925952792168,0.04787837713956833,0.1955997496843338,0.023563506081700325,0.02609124220907688],[0.038343943655490875,0.000916461693122983,0.030096665024757385,0.5047057271003723,0.030921034514904022,0.004546050447970629,0.22091715037822723,0.14054931700229645,0.029003702104091644],[0.0033777724020183086,0.0006556264706887305,0.11201702803373337,0.4757325053215027,0.05509566515684128,0.019397813826799393,0.2626497149467468,0.029161736369132996,0.04191218316555023],[0.0023983032442629337,0.00021429268235806376,0.007376508787274361,0.746147632598877,0.13332122564315796,0.002497413195669651,0.09212523698806763,0.00854574330151081,0.007373645901679993]],"label":[0,0,0,0,0,0,1,0,0]}