{"input":[[0.029956400394439697,0.0739937573671341,0.04113281890749931,0.17001445591449738,0.017121724784374237,0.03736880049109459,0.35783517360687256,0.06314660608768463,0.20943032205104828],[0.034764599055051804,0.09289491921663284,0.04271881654858589,0.27546802163124084,0.007460119668394327,0.03670176491141319,0.3275286555290222,0.06561741232872009,0.11684563010931015],[0.024802615866065025,0.09611441940069199,0.041472144424915314,0.46162304282188416,0.05373157560825348,0.03643542900681496,0.08448126167058945,0.10390038043260574,0.09743914753198624],[0.014844159595668316,0.08791783452033997,0.0796978771686554,0.3219267427921295,0.03930668905377388,0.08768203854560852,0.23816852271556854,0.08569352328777313,0.04476268216967583],[0.008414991199970245,0.037992749363183975,0.07907997816801071,0.15310898423194885,0.05562456697225571,0.027670780196785927,0.13054312765598297,0.11919614672660828,0.38836875557899475]],"label":[0,0,1,0,0,0,0,0,0]}