{"input":[[0.021545957773923874,0.07478807866573334,0.3125205934047699,0.04388027638196945,0.09767552465200424,0.0342707633972168,0.37410852313041687,0.01647859811782837,0.02473163791000843],[0.013738216832280159,0.015312837436795235,0.12477376312017441,0.17343246936798096,0.017102597281336784,0.027872612699866295,0.5273217558860779,0.05417527258396149,0.046270497143268585],[0.034342650324106216,0.39073288440704346,0.046400897204875946,0.06608738750219345,0.043443627655506134,0.039316195994615555,0.2562679648399353,0.06903711706399918,0.05437126010656357],[0.030055267736315727,0.02716881036758423,0.3899173140525818,0.10607545077800751,0.1831512302160263,0.026070529595017433,0.1475961059331894,0.03759275749325752,0.052372418344020844],[0.012869387865066528,0.0036552688106894493,0.5408357977867126,0.1610582023859024,0.10707388073205948,0.016466202214360237,0.10234717279672623,0.004059762228280306,0.05163424834609032]],"label":[0,0,1,0,0,0,0,0,0]}