{"input":[[0.2697835862636566,0.1630188226699829,0.041030701249837875,0.020826276391744614,0.025351058691740036,0.00930030457675457,0.08761686831712723,0.32894301414489746,0.05412944033741951],[0.20280319452285767,0.083295077085495,0.03299436718225479,0.12679965794086456,0.01872009038925171,0.11987271904945374,0.37560364603996277,0.0031259641982614994,0.036785293370485306],[0.10732286423444748,0.115028977394104,0.045659296214580536,0.20113778114318848,0.03851330280303955,0.04685394838452339,0.24597053229808807,0.17901462316513062,0.020498642697930336],[0.0034754073712974787,0.12616266310214996,0.27575987577438354,0.03503388538956642,0.035982511937618256,0.03503387048840523,0.43383118510246277,0.005542436148971319,0.04917815700173378],[0.010820324532687664,0.16422557830810547,0.013786581344902515,0.013685693964362144,0.003710807766765356,0.10346617549657822,0.6736369132995605,0.007885124534368515,0.00878289993852377]],"label":[0,0,0,0,0,0,1,0,0]}