{"input":[[0.06839211285114288,0.007745646871626377,0.016615992411971092,0.6690189242362976,0.02465755306184292,0.008683241903781891,0.11146373301744461,0.03464645892381668,0.058776386082172394],[0.01124228909611702,0.022833889350295067,0.0060240658931434155,0.09836474806070328,0.005261210724711418,0.01411749143153429,0.8066529631614685,0.010433812625706196,0.025069585070014],[0.05064955726265907,0.05417357012629509,0.181014746427536,0.5107895135879517,0.08447105437517166,0.008764107711613178,0.05569439381361008,0.025327984243631363,0.029114997014403343],[0.026009364053606987,0.006947852671146393,0.004424307961016893,0.5825369358062744,0.054119326174259186,0.010825381614267826,0.3030126988887787,0.007249756716191769,0.004874426405876875],[1.3207974916440435e-05,0.0005321656935848296,9.221440268447623e-05,0.9244576096534729,0.04537952318787575,0.0008089080220088363,0.028604496270418167,3.256996569689363e-05,7.919512427179143e-05]],"label":[0,0,0,1,0,0,0,0,0]}