{"input":[[0.7134824395179749,0.005145031027495861,0.19538094103336334,0.0016340399160981178,0.0012576923472806811,0.00184799509588629,0.03527376055717468,0.021698474884033203,0.02427956834435463],[0.15415307879447937,0.0029306572396308184,0.30835583806037903,0.007700067944824696,0.03722769394516945,0.009543304331600666,0.2761631906032562,0.14925529062747955,0.054670803248882294],[0.23955072462558746,0.006312784738838673,0.5698009133338928,0.021336017176508904,0.010883640497922897,0.006220529321581125,0.04095844924449921,0.019055824726819992,0.08588109910488129],[0.2983361482620239,0.00535427313297987,0.17845837771892548,0.01580185629427433,0.021216491237282753,0.025446729734539986,0.16209572553634644,0.22680461406707764,0.06648566573858261],[0.10569924116134644,0.00042163889156654477,0.7818482518196106,0.0019045169465243816,0.0089994166046381,0.0008687093504704535,0.015290430746972561,0.03203269839286804,0.05293507128953934]],"label":[0,0,0,1,0,0,0,0,0]}