{"input":[[0.08489086478948593,0.0470513291656971,0.06670583784580231,0.0616832859814167,0.1513351947069168,0.16429537534713745,0.19108998775482178,0.047763027250766754,0.18518513441085815],[0.01738928072154522,0.005736700724810362,0.04253511130809784,0.659520149230957,0.044695496559143066,0.0268607996404171,0.16292880475521088,0.01043880358338356,0.02989482507109642],[0.28172436356544495,0.00949232280254364,0.06541990488767624,0.13802030682563782,0.033767685294151306,0.01860199123620987,0.17541289329528809,0.15761233866214752,0.1199481412768364],[0.015016831457614899,0.004449533298611641,0.058381337672472,0.6810023784637451,0.10962069779634476,0.059206943958997726,0.054855816066265106,0.008854367770254612,0.00861220620572567],[0.01573723554611206,0.0027195040602236986,0.0047888318076729774,0.37726351618766785,0.015856655314564705,0.3218001425266266,0.21601518988609314,0.0019684783183038235,0.04385044053196907]],"label":[0,0,0,0,0,0,0,0,1]}