{"input":[[0.0350666381418705,0.0775488093495369,0.015173818916082382,0.09452753514051437,0.007210299372673035,0.22296197712421417,0.4623502492904663,0.02624320052564144,0.05891752988100052],[0.02518540434539318,0.27497854828834534,0.03121800161898136,0.08372631669044495,0.009168056771159172,0.050336290150880814,0.3281238377094269,0.13698220252990723,0.060281381011009216],[0.1458057016134262,0.2123231440782547,0.05367537960410118,0.06015896424651146,0.01492631621658802,0.05734523758292198,0.35225483775138855,0.04834241792559624,0.05516807362437248],[0.011388393118977547,0.17658662796020508,0.036228958517313004,0.0839349552989006,0.012952580116689205,0.035695817321538925,0.5311375260353088,0.010018011555075645,0.10205715149641037],[0.000738604343496263,0.04172750934958458,0.0045836917124688625,0.002288581570610404,0.0008015276398509741,0.02138562686741352,0.9249271154403687,0.0005283615901134908,0.0030188728123903275]],"label":[0,0,0,0,0,0,1,0,0]}