{"input":[[0.03448248282074928,0.007869165390729904,0.5206973552703857,0.05106966570019722,0.19107668101787567,0.010234496556222439,0.09739819914102554,0.007430167403072119,0.07974177598953247],[0.0075110262259840965,0.2343258410692215,0.07745562493801117,0.026347506791353226,0.04225720092654228,0.11155034601688385,0.4747529923915863,0.004143803380429745,0.02165571041405201],[0.40660104155540466,0.029022634029388428,0.2948867380619049,0.002692773938179016,0.008468718267977238,0.007085622753947973,0.21349094808101654,0.02409164421260357,0.013659908436238766],[0.2876630425453186,0.06651035696268082,0.21672487258911133,0.004197612404823303,0.024799760431051254,0.02585337497293949,0.10536263883113861,0.24948649108409882,0.019401809200644493],[0.030434027314186096,0.013314608484506607,0.1580503135919571,0.02773565985262394,0.30385488271713257,0.010834862478077412,0.3912736177444458,0.02152194455265999,0.04297998920083046]],"label":[0,0,0,0,0,0,0,1,0]}