{"input":[[0.42332082986831665,0.06667563319206238,0.015041936188936234,0.020530126988887787,0.022661659866571426,0.23875904083251953,0.18660040199756622,0.011688229627907276,0.014722201973199844],[0.3010444641113281,0.08571797609329224,0.0682242289185524,0.011042878963053226,0.02939777262508869,0.18281058967113495,0.2708284258842468,0.03751314431428909,0.01342036109417677],[0.1467854082584381,0.09550560265779495,0.13758742809295654,0.0016507263062521815,0.0059946090914309025,0.1208750307559967,0.26773637533187866,0.21086014807224274,0.013004639185965061],[0.1355966031551361,0.07599839568138123,0.21661719679832458,0.027028996497392654,0.004534093663096428,0.16720667481422424,0.31592509150505066,0.007699307519942522,0.0493936650454998],[0.049891397356987,0.35490691661834717,0.0793040543794632,0.028929639607667923,0.007521821651607752,0.11882030218839645,0.32966378331184387,0.0224676001816988,0.0084945447742939]],"label":[1,0,0,0,0,0,0,0,0]}