{"input":[[0.014790095388889313,0.014022042974829674,0.42150798439979553,0.20231397449970245,0.08043689280748367,0.022973110899329185,0.1911223977804184,0.007719040848314762,0.04511449113488197],[0.03622639179229736,0.07712264358997345,0.11309298127889633,0.2442992925643921,0.2360544204711914,0.08326247334480286,0.1513945460319519,0.02429543435573578,0.03425178676843643],[0.10698375105857849,0.01712559536099434,0.17971616983413696,0.07723665237426758,0.10398460924625397,0.03691692650318146,0.3948083519935608,0.04932507872581482,0.033902861177921295],[0.060721054673194885,0.050927966833114624,0.06602872163057327,0.1000298485159874,0.49689850211143494,0.012024790048599243,0.19059205055236816,0.00905080046504736,0.013726194389164448],[0.009720662608742714,0.0038083053659647703,0.04647412523627281,0.15237963199615479,0.7527573108673096,0.0007105602417141199,0.027389947324991226,0.002143724123016,0.004615819081664085]],"label":[0,0,0,0,1,0,0,0,0]}