{"input":[[0.16291543841362,0.01689383015036583,0.18696467578411102,0.2546790540218353,0.09131743758916855,0.02809927612543106,0.11043158173561096,0.07692502439022064,0.07177364081144333],[0.05864487960934639,0.046758558601140976,0.09787537902593613,0.2889634668827057,0.13451869785785675,0.011561128310859203,0.10984861850738525,0.12476365268230438,0.12706564366817474],[0.043121278285980225,0.035313669592142105,0.15588901937007904,0.10420946776866913,0.10528705269098282,0.010146521031856537,0.18471269309520721,0.28141891956329346,0.07990140467882156],[0.024174753576517105,0.0740416869521141,0.20204684138298035,0.11843964457511902,0.11641159653663635,0.07416023313999176,0.17419080436229706,0.07286691665649414,0.14366750419139862],[0.012605603784322739,0.12869052588939667,0.2658081352710724,0.15654875338077545,0.04809555783867836,0.006548697594553232,0.1853310763835907,0.1737627536058426,0.022608881816267967]],"label":[1,0,0,0,0,0,0,0,0]}