{"input":[[0.0067082480527460575,2.2987080228631385e-05,0.014321980997920036,0.47452935576438904,0.5002516508102417,3.788747198996134e-05,0.0010594695340842009,0.0002903278509620577,0.002778071677312255],[0.0017630178481340408,0.00035701857996173203,0.004030947107821703,0.9164111018180847,0.029621802270412445,0.0010940412757918239,0.04028894379734993,0.0011721025221049786,0.005260985344648361],[0.008226807229220867,0.0014146332396194339,0.02543007582426071,0.7917128801345825,0.06326271593570709,0.0010779434815049171,0.05489196255803108,0.006532582454383373,0.04745035991072655],[0.0061562019400298595,0.0007178464438766241,0.03921099379658699,0.625302255153656,0.20424233376979828,0.0006450797664001584,0.05606849119067192,0.009321082383394241,0.058335740119218826],[3.5552497138269246e-05,1.0401165127404965e-05,8.223210170399398e-05,0.9808738231658936,0.016731904819607735,1.9435992726357654e-05,0.0020680739544332027,1.9970550056314096e-05,0.0001585984427947551]],"label":[0,0,0,1,0,0,0,0,0]}