{"input":[[0.014085203409194946,0.007248667534440756,0.6127471923828125,0.04091966524720192,0.2802618145942688,0.0006015540566295385,0.03854970261454582,0.001001443830318749,0.00458469707518816],[0.023840678855776787,0.0009837985271587968,0.5358973145484924,0.013338464312255383,0.3800278902053833,0.00028936591115780175,0.03998108208179474,0.002474117325618863,0.0031672867480665445],[0.02160738594830036,0.005121859721839428,0.5628374814987183,0.07888349890708923,0.22185076773166656,0.0005430617020465434,0.03555401787161827,0.02805744856595993,0.045544546097517014],[0.004091956652700901,0.0005710290279239416,0.8861271739006042,0.016575586050748825,0.058970242738723755,0.0002149486681446433,0.0034678885713219643,0.010577869601547718,0.01940334029495716],[0.01625535637140274,0.0005617077113129199,0.5536471605300903,0.052308090031147,0.21812912821769714,0.0004068587440997362,0.06328003108501434,0.05861310288310051,0.03679851442575455]],"label":[0,0,1,0,0,0,0,0,0]}