{"input":[[0.29857638478279114,0.02033967338502407,0.1407603919506073,0.13461454212665558,0.08933236449956894,0.020513290539383888,0.16360552608966827,0.06448328495025635,0.06777442991733551],[0.35391971468925476,0.02362760901451111,0.15562976896762848,0.04166122153401375,0.04656920209527016,0.024080274626612663,0.11414897441864014,0.09460218995809555,0.14576107263565063],[0.24886702001094818,0.02565387450158596,0.06815291196107864,0.015440459363162518,0.018328655511140823,0.008251892402768135,0.5284942388534546,0.06710073351860046,0.019710218533873558],[0.5088818669319153,0.01411109883338213,0.09768712520599365,0.03187814727425575,0.010390096344053745,0.004346006084233522,0.2421778291463852,0.049143463373184204,0.04138440638780594],[0.1375715136528015,0.07019947469234467,0.25423094630241394,0.08393355458974838,0.059297725558280945,0.032220542430877686,0.18067666888237,0.08752134442329407,0.09434831887483597]],"label":[0,0,1,0,0,0,0,0,0]}