{"input":[[0.20768924057483673,0.22133196890354156,0.007803835906088352,0.055604808032512665,0.01052048522979021,0.315512478351593,0.12677112221717834,0.003763718530535698,0.051002293825149536],[0.005863836035132408,0.15311482548713684,0.004688474349677563,0.02169852703809738,0.003511920338496566,0.2727949619293213,0.5018563270568848,0.0030054752714931965,0.03346565365791321],[0.07617326825857162,0.06505357474088669,0.19754861295223236,0.16689398884773254,0.06060359627008438,0.14803920686244965,0.23538586497306824,0.0073135183192789555,0.04298829287290573],[0.06848140060901642,0.006291475612670183,0.07356248795986176,0.10952455550432205,0.013134213164448738,0.16883689165115356,0.4679224193096161,0.03625589609146118,0.05599071830511093],[0.005676290951669216,0.05313262343406677,0.0028736265376210213,0.0061537656001746655,0.0006502402829937637,0.29312804341316223,0.6301567554473877,0.003621521405875683,0.004607046023011208]],"label":[0,0,0,0,0,0,1,0,0]}