{"input":[[0.0944470465183258,0.0010275342501699924,0.28615739941596985,0.0017879885854199529,0.020684126764535904,0.0024717485066503286,0.0011193755781278014,0.5705141425132751,0.02179068885743618],[0.049805376678705215,0.0001400430192006752,0.3501274287700653,0.0003572314453776926,0.0070531005039811134,0.00032986514270305634,0.0002717568713705987,0.5885531306266785,0.003361979965120554],[0.017852045595645905,0.00038156230584718287,0.5324815511703491,0.00580750685185194,0.016031768172979355,0.00019282690482214093,0.008819091133773327,0.32651111483573914,0.0919225811958313],[0.01676584780216217,0.001355480751954019,0.3616296648979187,0.0010528453858569264,0.008221814408898354,0.0009052702807821333,0.003384588984772563,0.5098780989646912,0.09680639207363129],[0.0023983900900930166,3.0890387279214337e-06,0.01423651073127985,2.961103746201843e-05,0.0013640393735840917,1.7001358401103062e-06,4.1957810026360676e-05,0.9810654520988464,0.0008593262755312026]],"label":[0,0,0,0,0,0,0,1,0]}