{"input":[[0.09882152825593948,0.0019049500115215778,0.4292159974575043,0.07821916043758392,0.11747484654188156,0.00551470834761858,0.02271169237792492,0.23999711871147156,0.006140001118183136],[0.010357868857681751,0.020427877083420753,0.25847285985946655,0.2380918264389038,0.027840591967105865,0.020368756726384163,0.41271471977233887,0.0018509574001654983,0.00987454503774643],[0.03483771160244942,0.2711150646209717,0.19553826749324799,0.18173278868198395,0.024581387639045715,0.05233222618699074,0.20885995030403137,0.01239717286080122,0.018605438992381096],[0.03239013999700546,0.04695172980427742,0.10646908730268478,0.42091381549835205,0.02273269183933735,0.031001681461930275,0.32238245010375977,0.011266293004155159,0.005892197601497173],[0.07284421473741531,0.3648538887500763,0.0958283320069313,0.02186012640595436,0.001339760492555797,0.3276608884334564,0.10610301792621613,0.004188063554465771,0.005321735981851816]],"label":[0,0,0,1,0,0,0,0,0]}