{"input":[[0.023647034540772438,0.05819898471236229,0.006929717026650906,0.05945056304335594,0.0043478114530444145,0.06655773520469666,0.7325288653373718,0.03024723194539547,0.018092090263962746],[0.24080069363117218,0.1209912821650505,0.07414443045854568,0.0009626526152715087,0.008987314067780972,0.2752555310726166,0.17001070082187653,0.08210096508264542,0.026746435090899467],[0.06634731590747833,0.07303444296121597,0.011458994820713997,0.0007193081546574831,0.0025705352891236544,0.21597234904766083,0.030084682628512383,0.5426809787750244,0.05713136866688728],[0.021590514108538628,0.25951912999153137,0.03689815476536751,0.003260647179558873,0.012712463736534119,0.03495107591152191,0.4724428951740265,0.0826176106929779,0.07600748538970947],[0.005011734087020159,0.07312767207622528,0.013372388668358326,0.00013360449520405382,0.001644507865421474,0.03647167980670929,0.05626700818538666,0.7922318577766418,0.021739507094025612]],"label":[0,0,0,0,0,0,0,1,0]}