{"input":[[0.7993655204772949,0.0001630902843317017,0.09758003056049347,8.11756108305417e-05,0.0006448854110203683,8.408573194174096e-05,0.0005307893734425306,0.1007678285241127,0.0007825843640603125],[0.898255467414856,0.004579643253237009,0.042128562927246094,0.005983194336295128,0.009121355600655079,0.0030564558692276478,0.003611424472182989,0.02370576374232769,0.009558245539665222],[0.9232889413833618,0.0013423010241240263,0.03484547883272171,0.0003131884441245347,0.00372106721624732,0.0008670027018524706,0.005149390082806349,0.02306658774614334,0.007406159769743681],[0.9262386560440063,0.0031125822570174932,0.010303392075002193,0.001363018061965704,0.0045968531630933285,0.0019324978347867727,0.0033134198747575283,0.04173697903752327,0.0074024805799126625],[0.9078794121742249,0.0003819398698396981,0.007800253573805094,0.0011354968883097172,0.005377344321459532,0.0005264043575152755,0.0008317044703289866,0.07001842558383942,0.00604907376691699]],"label":[1,0,0,0,0,0,0,0,0]}