{"input":[[0.7852726578712463,0.02295440435409546,0.08221056312322617,0.0004888436524197459,0.0007017282769083977,0.004585801158100367,0.06495125591754913,0.03676240146160126,0.0020723820198327303],[0.7554751634597778,0.00011187916970811784,0.17907926440238953,8.076784979493823e-06,0.001667145756073296,2.6850435460801236e-05,0.0007348833023570478,0.06276591122150421,0.0001308616338064894],[0.3294346034526825,0.0020428821444511414,0.6159237623214722,1.6509482520632446e-05,0.0007692548679187894,0.0011255332501605153,0.006151559296995401,0.041263338178396225,0.003272552276030183],[0.8005855083465576,0.0005851408932358027,0.15507526695728302,1.714072459435556e-05,0.0005546071333810687,3.743667548405938e-05,0.0029976805672049522,0.03856508061289787,0.0015821709530428052],[0.9485549330711365,0.00026060259551741183,0.03345155715942383,1.8157269323637593e-06,1.778923069650773e-05,0.0002574073732830584,0.006706380285322666,0.009904234670102596,0.0008453790214844048]],"label":[1,0,0,0,0,0,0,0,0]}