{"input":[[0.036297447979450226,0.2132679522037506,0.05866711214184761,0.07843287289142609,0.013389711268246174,0.04741234332323074,0.40298375487327576,0.04524717107415199,0.10430166125297546],[0.052653320133686066,0.2626965641975403,0.2422904372215271,0.0727425292134285,0.029518939554691315,0.03771590813994408,0.21993550658226013,0.029029270634055138,0.05341750755906105],[0.05096668004989624,0.04116513580083847,0.12897349894046783,0.518004298210144,0.053406212478876114,0.009208259172737598,0.15823572874069214,0.022226650267839432,0.01781352609395981],[0.034196097403764725,0.16692204773426056,0.07314347475767136,0.15198901295661926,0.022077545523643494,0.060315221548080444,0.4169822931289673,0.018485303968191147,0.05588904023170471],[0.006177235394716263,0.09337873756885529,0.737720251083374,0.07999061048030853,0.020120657980442047,0.01124244462698698,0.039192937314510345,0.00754120759665966,0.004635942634195089]],"label":[0,0,0,1,0,0,0,0,0]}