{"input":[[0.010382850654423237,0.033080026507377625,0.016891391947865486,0.31167474389076233,0.014614495448768139,0.042480017989873886,0.5155001878738403,0.01628590188920498,0.03909045830368996],[0.02035750448703766,0.053620584309101105,0.02542334608733654,0.37114498019218445,0.013578596524894238,0.0345001183450222,0.3651333153247833,0.029018094763159752,0.08722345530986786],[0.03490826115012169,0.23030315339565277,0.03331271559000015,0.11491557955741882,0.015047295019030571,0.17480787634849548,0.2295597791671753,0.1353132724761963,0.03183204308152199],[0.05148331820964813,0.05983540415763855,0.030230101197957993,0.28549617528915405,0.04527707397937775,0.06431297212839127,0.25705963373184204,0.12489192187786102,0.0814133957028389],[0.015453997999429703,0.016236044466495514,0.024764953181147575,0.7218823432922363,0.05336693674325943,0.01782679185271263,0.09435094147920609,0.02250451222062111,0.03361351042985916]],"label":[0,0,0,1,0,0,0,0,0]}