{"input":[[0.01755703240633011,0.0024455985985696316,0.1765863001346588,0.0011665490455925465,0.002716664457693696,0.0006864003953523934,0.0017304486827924848,0.7951340675354004,0.0019770110957324505],[0.00958788488060236,0.0011654613772407174,0.8927457928657532,0.0001865482481662184,0.01709623821079731,0.00024887965992093086,0.0006361950072459877,0.07724851369857788,0.001084405230358243],[0.10909426212310791,0.002588829956948757,0.7912850379943848,0.0004613108467310667,0.002626435598358512,0.0005091237835586071,0.009600973688066006,0.07801748812198639,0.005816580727696419],[0.00020416908955667168,0.00027758919168263674,0.9769259691238403,0.0003422493755351752,0.014385147951543331,0.00010510576248634607,0.002125381724908948,0.0021958956494927406,0.0034385607577860355],[0.0010707176988944411,0.00017239933367818594,0.9162415862083435,9.843939915299416e-05,0.002687034197151661,8.588731725467369e-05,0.0016212054761126637,0.07658039778470993,0.0014423101674765348]],"label":[0,0,1,0,0,0,0,0,0]}