{"input":[[0.07858122140169144,0.28563374280929565,0.03940513730049133,0.045444305986166,0.005966109689325094,0.10025667399168015,0.41770413517951965,0.010696528479456902,0.016312170773744583],[0.006861500442028046,0.11014486104249954,0.004004753660410643,0.0421900674700737,0.005949771031737328,0.0779281035065651,0.7424519062042236,0.0022474874276667833,0.008221489377319813],[0.05779824033379555,0.08869175612926483,0.07263026386499405,0.10872307419776917,0.0028969242703169584,0.023202773183584213,0.5780565738677979,0.041135773062705994,0.026864569634199142],[0.08105921000242233,0.16890518367290497,0.0977800264954567,0.05080629140138626,0.04338613152503967,0.07048605382442474,0.31746798753738403,0.12825323641300201,0.0418558232486248],[0.0026885399129241705,0.021258652210235596,0.005173876881599426,0.22665518522262573,0.06637294590473175,0.02456826902925968,0.642784059047699,0.00040432807873003185,0.010094172321259975]],"label":[0,1,0,0,0,0,0,0,0]}