{"input":[[0.2461751401424408,0.0527254119515419,0.11512105166912079,0.3011351525783539,0.03180760145187378,0.024385802447795868,0.06760420650243759,0.043060868978500366,0.11798480898141861],[0.18749037384986877,0.13790221512317657,0.1672317534685135,0.05473693087697029,0.04129456728696823,0.043883513659238815,0.08524323999881744,0.18055102229118347,0.10166634619235992],[0.21406206488609314,0.039268773049116135,0.08576278388500214,0.3637370765209198,0.04739711806178093,0.033090732991695404,0.06863588094711304,0.03861995041370392,0.1094256341457367],[0.11827690154314041,0.19869719445705414,0.09876424819231033,0.127522274851799,0.056476980447769165,0.07806006073951721,0.14480416476726532,0.09388398379087448,0.08351419121026993],[0.2153731733560562,0.0427071675658226,0.25846582651138306,0.02309253439307213,0.04573805630207062,0.0136999087408185,0.020025435835123062,0.1982656717300415,0.18263228237628937]],"label":[0,0,1,0,0,0,0,0,0]}