{"input":[[4.374512718641199e-05,0.0002410938759567216,0.8867247700691223,0.0006387404864653945,0.10455476492643356,2.3578952095704153e-05,0.00733738299459219,0.00018488393106963485,0.0002509840705897659],[0.025773612782359123,0.02979569137096405,0.4490261971950531,0.09771636873483658,0.2068467140197754,0.04558228701353073,0.11331824958324432,0.00861174613237381,0.023329127579927444],[0.024519553408026695,0.006106805056333542,0.2161533087491989,0.00584318395704031,0.272834450006485,0.006438508629798889,0.45819592475891113,0.0028093301225453615,0.007098900154232979],[0.008501109667122364,0.06816978752613068,0.03370676934719086,0.03605065122246742,0.008045596070587635,0.015072120353579521,0.8146268129348755,0.002397132571786642,0.01342993788421154],[0.011826717294752598,0.016374601051211357,0.5224685072898865,0.006325392052531242,0.03530730679631233,0.017260225489735603,0.37371835112571716,0.002703484846279025,0.014015432447195053]],"label":[0,0,1,0,0,0,0,0,0]}