{"input":[[0.05663410946726799,0.019389988854527473,0.039083704352378845,0.5250720381736755,0.043264925479888916,0.006840853951871395,0.18978415429592133,0.030701294541358948,0.08922893553972244],[0.036175139248371124,0.010404241271317005,0.03572748228907585,0.6714710593223572,0.025854766368865967,0.003910592291504145,0.14018020033836365,0.01570248417556286,0.06057402864098549],[0.003043531207367778,0.00571831502020359,0.03289153054356575,0.22650673985481262,0.11197014898061752,0.005176233593374491,0.05608976632356644,0.5031430721282959,0.05546068027615547],[0.04391942173242569,0.032471053302288055,0.10187724977731705,0.28433090448379517,0.07399643957614899,0.034563228487968445,0.11223787814378738,0.23097464442253113,0.08562914282083511],[0.002555561251938343,0.011392662301659584,0.007194096688181162,0.6006475687026978,0.052416544407606125,0.004354432225227356,0.25991225242614746,0.03883275017142296,0.022694112733006477]],"label":[0,0,0,1,0,0,0,0,0]}