{"input":[[0.14238430559635162,0.004006927367299795,0.12658190727233887,0.0005786752444691956,0.0054761990904808044,0.004237316083163023,0.00843788217753172,0.7013196349143982,0.006977128330618143],[0.0720084086060524,0.0321560800075531,0.09030012786388397,0.006576620042324066,0.0858202800154686,0.015565241686999798,0.2112576961517334,0.456817090511322,0.029498346149921417],[0.2782803773880005,0.0310163926333189,0.3890312612056732,0.0032997417729347944,0.0014249896630644798,0.006088969763368368,0.11473407596349716,0.16459764540195465,0.011526515707373619],[0.01491005439311266,0.03913794830441475,0.023629136383533478,0.0005637671565636992,0.0002567525370977819,0.0028727841563522816,0.010331469587981701,0.8862863183021545,0.022011814638972282],[0.03162315860390663,0.06939183175563812,0.10202308744192123,0.0035917179193347692,0.0037849806249141693,0.018365276977419853,0.16673995554447174,0.5897396802902222,0.01474030502140522]],"label":[0,0,0,0,0,0,0,1,0]}