{"input":[[0.0171017087996006,0.0013467915123328567,0.03289845585823059,0.8622554540634155,0.047583531588315964,0.0014280328759923577,0.030762270092964172,0.0016258286777883768,0.0049979714676737785],[0.04850144684314728,0.002970064990222454,0.28308358788490295,0.4028550684452057,0.12402921915054321,0.0006865306058898568,0.12563227117061615,0.006519391667097807,0.005722338333725929],[0.008510888554155827,0.0007733221282251179,0.21756064891815186,0.44663429260253906,0.16794061660766602,0.0073692980222404,0.07572374492883682,0.007081795949488878,0.06840544939041138],[0.018846996128559113,0.00172640779055655,0.015798887237906456,0.38383617997169495,0.022838842123746872,0.00813378021121025,0.48215293884277344,0.027913037687540054,0.03875293210148811],[0.014376294799149036,0.0013843463966622949,0.4797935485839844,0.2972147464752197,0.09206096827983856,0.0013987458078190684,0.08642148226499557,0.004141482524573803,0.02320842817425728]],"label":[0,0,0,0,1,0,0,0,0]}