{"input":[[0.009367215447127819,0.052916593849658966,0.09146244078874588,0.3971399962902069,0.19289220869541168,0.018681207671761513,0.18711736798286438,0.037289973348379135,0.01313297264277935],[0.00706890132278204,0.013499684631824493,0.10845571756362915,0.264687180519104,0.08568468689918518,0.007316651288419962,0.11500459909439087,0.39292100071907043,0.005361452233046293],[0.0043722353875637054,0.010583177208900452,0.29596051573753357,0.45628175139427185,0.09077168256044388,0.0014431708259508014,0.11173302680253983,0.003013244131579995,0.025841141119599342],[0.01632983796298504,0.036147456616163254,0.0534178651869297,0.6014142632484436,0.030461614951491356,0.008863396011292934,0.21158890426158905,0.009760062210261822,0.0320165641605854],[0.014348127879202366,0.05950724333524704,0.07622464746236801,0.2706491947174072,0.32374855875968933,0.0044582681730389595,0.21483460068702698,0.029786841943860054,0.006442580837756395]],"label":[0,0,0,1,0,0,0,0,0]}