{"input":[[0.00789402611553669,0.007207071408629417,0.012750229798257351,0.47166958451271057,0.0814044326543808,0.01663871482014656,0.3667786419391632,0.004596664570271969,0.031060660257935524],[0.012739242054522038,0.009650199674069881,0.00528558949008584,0.3668261766433716,0.05942392349243164,0.023998865857720375,0.49943429231643677,0.006163397803902626,0.01647825911641121],[0.0647950991988182,0.028418323025107384,0.05581415072083473,0.25228768587112427,0.27756744623184204,0.043612685054540634,0.1887671947479248,0.009697177447378635,0.07904025912284851],[0.0992579460144043,0.051093339920043945,0.09308210760354996,0.1353059858083725,0.052580609917640686,0.04301906004548073,0.43942052125930786,0.028435586020350456,0.05780484154820442],[0.10863658785820007,0.012887061573565006,0.17559804022312164,0.2712230980396271,0.12637709081172943,0.016794100403785706,0.10359151661396027,0.07295393198728561,0.11193857342004776]],"label":[0,0,0,1,0,0,0,0,0]}