{"input":[[0.16435876488685608,0.05386814475059509,0.06921395659446716,0.054691921919584274,0.04589712992310524,0.038383759558200836,0.07794728130102158,0.4621688425540924,0.03347024321556091],[0.4022475481033325,0.1555386781692505,0.014958315528929234,0.004175009671598673,0.034240055829286575,0.0365617610514164,0.2770579159259796,0.06358146667480469,0.011639242991805077],[0.5536165237426758,0.033130500465631485,0.26919862627983093,0.0056479256600141525,0.012659485451877117,0.003193146549165249,0.05214603245258331,0.061212047934532166,0.009195691905915737],[0.28549888730049133,0.020275922492146492,0.5217330455780029,0.0031778551638126373,0.016398096457123756,0.002453914610669017,0.09130124002695084,0.029347527772188187,0.029813475906848907],[0.10862641036510468,0.04371975362300873,0.006769949570298195,0.0007263788138516247,0.0005735784070566297,0.10822892189025879,0.6685221791267395,0.02028006687760353,0.042552798986434937]],"label":[0,0,0,0,0,0,1,0,0]}