{"input":[[0.07416325807571411,0.02245928905904293,0.175613671541214,0.11891728639602661,0.013224936090409756,0.012440815567970276,0.14649006724357605,0.14216236770153046,0.2945283055305481],[0.2616744041442871,0.025645118206739426,0.15733632445335388,0.10389881581068039,0.026780560612678528,0.008081565611064434,0.13100387156009674,0.09550624340772629,0.19007301330566406],[0.03261224925518036,0.006332528777420521,0.4902878999710083,0.21547164022922516,0.09029451012611389,0.0026558293029665947,0.01914880983531475,0.056503381580114365,0.08669320493936539],[0.06265062093734741,0.008836076594889164,0.13087275624275208,0.3335968852043152,0.09627500176429749,0.015109099447727203,0.15045635402202606,0.07190033048391342,0.13030299544334412],[0.005432279780507088,0.005820403806865215,0.031148960813879967,0.2053127884864807,0.5316197872161865,0.00982524361461401,0.07282675802707672,0.006770346779376268,0.13124343752861023]],"label":[0,0,0,1,0,0,0,0,0]}