{"input":[[0.03419193997979164,0.019513200968503952,0.14184878766536713,0.0014056493528187275,0.06113847717642784,0.010389061644673347,0.011349215172231197,0.7134168744087219,0.0067468141205608845],[0.08034376800060272,0.014388399198651314,0.7028741240501404,0.08577592670917511,0.060520417988300323,0.0044570122845470905,0.02158217877149582,0.0200201366096735,0.010038213804364204],[0.008822553791105747,0.03908584639430046,0.3471774756908417,0.008118022233247757,0.021156547591090202,0.00720851169899106,0.01180547010153532,0.5492168664932251,0.007408614736050367],[0.07245105504989624,0.41420868039131165,0.08040694892406464,0.0952204018831253,0.0360308438539505,0.03516266122460365,0.13964304327964783,0.09195190668106079,0.03492443636059761],[0.020067598670721054,0.024058038368821144,0.09122571349143982,0.02191256359219551,0.06764648109674454,0.005650441627949476,0.029329344630241394,0.7220799922943115,0.018029900267720222]],"label":[0,0,0,0,1,0,0,0,0]}