{"input":[[0.3184002935886383,0.03365437313914299,0.58658766746521,0.0013095546746626496,0.0009085781639441848,0.001160767744295299,0.040005721151828766,0.014815774746239185,0.003157274331897497],[0.22664597630500793,0.07958102226257324,0.39925578236579895,0.005891941953450441,0.008524730801582336,0.008315819315612316,0.1446550041437149,0.07256586104631424,0.05456395074725151],[0.11166132986545563,0.019209517166018486,0.013493911363184452,0.004815570078790188,0.12428198754787445,0.04356744512915611,0.6580894589424133,0.0063931941986083984,0.018487535417079926],[0.10936807096004486,0.1222955584526062,0.055617790669202805,0.006885376758873463,0.1629960983991623,0.030913811177015305,0.3767562210559845,0.025296488776803017,0.10987064987421036],[0.027481988072395325,0.01952226832509041,0.8592063188552856,8.47169358166866e-05,0.06264945864677429,0.0015583130298182368,0.0021303475368767977,0.023348364979028702,0.004018231760710478]],"label":[0,0,0,0,0,0,0,0,1]}