{"input":[[0.8023507595062256,0.00010844507778529078,0.16953064501285553,4.8761485231807455e-05,0.001145917922258377,9.516274440102279e-05,0.019194239750504494,0.005405134055763483,0.0021210000850260258],[0.702589750289917,0.0011491430923342705,0.21025227010250092,0.0010013922583311796,0.03665059804916382,0.001336605055257678,0.03081631474196911,0.012946021743118763,0.0032578916288912296],[0.4887810945510864,0.0011873402399942279,0.4284306466579437,3.4044573112623766e-05,0.0036204925272613764,0.00036753626773133874,0.07208356261253357,0.0031150467693805695,0.0023802784271538258],[0.303627610206604,0.01085986103862524,0.3670746982097626,0.00261781201697886,0.013633540831506252,0.0037595322355628014,0.27164143323898315,0.008525787852704525,0.018259672448039055],[0.2744292616844177,0.001499173347838223,0.6824127435684204,0.0009420012356713414,0.013083551079034805,9.464351023780182e-05,0.013226959854364395,0.013479306362569332,0.000832434103358537]],"label":[1,0,0,0,0,0,0,0,0]}