{"input":[[0.38971632719039917,0.025289783254265785,0.2646026313304901,0.002509110840037465,0.003648752346634865,0.008448132313787937,0.13198210299015045,0.1439964771270752,0.029806748032569885],[0.6943971514701843,0.0006319039966911077,0.09253785759210587,0.15932998061180115,0.018897855654358864,0.0005806105909869075,0.01605868525803089,0.004272484686225653,0.013293376192450523],[0.1376570165157318,0.009299812838435173,0.0036668817047029734,7.132827158784494e-05,0.00140659068711102,0.02182133123278618,0.29305845499038696,0.49351584911346436,0.039502695202827454],[0.0804859921336174,0.0038136555813252926,0.0013295043027028441,0.02388598397374153,0.008016197010874748,0.009265800006687641,0.6022497415542603,0.18657945096492767,0.08437369763851166],[0.20721976459026337,0.01853983663022518,0.0014949202304705977,0.010341992601752281,0.0794745534658432,0.01217353343963623,0.06473061442375183,0.5059148073196411,0.10010992735624313]],"label":[1,0,0,0,0,0,0,0,0]}