{"input":[[0.061519645154476166,0.011856474913656712,0.0005268857930786908,0.762498676776886,0.007430893834680319,0.03685202822089195,0.10899704694747925,0.0068758162669837475,0.003442586399614811],[0.026689905673265457,0.030827006325125694,0.05586916208267212,0.4298117160797119,0.050651345402002335,0.03976341336965561,0.2750730812549591,0.06009746715426445,0.031216789036989212],[0.02104463241994381,0.0034026512876152992,0.4094157814979553,0.07851634919643402,0.05469810590147972,0.0342106930911541,0.33108869194984436,0.010042739100754261,0.057580363005399704],[0.05436231568455696,0.06720094382762909,0.3255612552165985,0.08928687870502472,0.03703587129712105,0.06319446116685867,0.2338622808456421,0.006300635170191526,0.12319526821374893],[0.02229124680161476,0.19784900546073914,0.1299707293510437,0.20610548555850983,0.02726070024073124,0.2117341160774231,0.0634678527712822,0.12874986231327057,0.012571070343255997]],"label":[0,0,0,1,0,0,0,0,0]}