{"input":[[0.006416120566427708,0.0009668545098975301,0.8980053067207336,0.00011597192496992648,0.03510034456849098,7.510792784160003e-06,0.00013967914856038988,0.056338511407375336,0.0029096261132508516],[0.2320646047592163,0.00026963019627146423,0.3317238688468933,0.001242194790393114,0.1463853418827057,0.0008944795117713511,0.015509934164583683,0.24511303007602692,0.026796871796250343],[0.1397237628698349,0.01692897453904152,0.5031983852386475,0.006261054426431656,0.03950383514165878,0.002165644196793437,0.1346343755722046,0.11506907641887665,0.04251491278409958],[0.0779113918542862,0.0035485802218317986,0.6685079336166382,0.006609122734516859,0.019049737602472305,0.00252504157833755,0.021080579608678818,0.09515053033828735,0.10561717301607132],[0.267365425825119,0.0018149021780118346,0.3930691182613373,0.0011522416025400162,0.08483308553695679,0.0013687931932508945,0.0024519225116819143,0.23404067754745483,0.013903871178627014]],"label":[0,0,1,0,0,0,0,0,0]}