{"input":[[0.01775822974741459,0.048538416624069214,0.008334878832101822,0.24304096400737762,0.011704705655574799,0.0429108589887619,0.5634819269180298,0.04684379696846008,0.017386145889759064],[0.10166390240192413,0.064383864402771,0.014071366749703884,0.14638817310333252,0.027164269238710403,0.06020865589380264,0.45788487792015076,0.10184460878372192,0.026390306651592255],[0.1029042974114418,0.09192211925983429,0.07658284157514572,0.12048448622226715,0.03568577021360397,0.03112223744392395,0.34705492854118347,0.14808450639247894,0.04615871235728264],[0.051331985741853714,0.05981280654668808,0.053918614983558655,0.35701850056648254,0.04611595720052719,0.014506809413433075,0.33865511417388916,0.03260796517133713,0.04603245109319687],[0.0023201799485832453,0.00047904509119689465,0.0003587572427932173,0.011210886761546135,0.0013948061969131231,0.0023517655208706856,0.9806019067764282,0.00012088557559764013,0.0011616620467975736]],"label":[0,0,0,0,0,0,1,0,0]}