{"input":[[0.7551867961883545,0.005203522276133299,0.07424430549144745,0.00034565877285785973,0.004849254619330168,0.003772938158363104,0.054685626178979874,0.07953406870365143,0.02217794582247734],[0.057688090950250626,0.047647129744291306,0.12430581450462341,0.005391702055931091,0.09826808422803879,0.01216255035251379,0.36179259419441223,0.28057411313056946,0.012169836089015007],[0.24430225789546967,0.03288501501083374,0.37387627363204956,0.000985019956715405,0.0034117496106773615,0.010675167664885521,0.08634468913078308,0.23747214674949646,0.010047772899270058],[0.28415149450302124,0.09265672415494919,0.22294428944587708,0.003786162706092,0.04219722002744675,0.023934878408908844,0.08278443664312363,0.23921647667884827,0.008328291587531567],[0.5781282782554626,0.010401667095720768,0.2061273455619812,0.0001275980903301388,0.00031238424708135426,0.0022496706806123257,0.18210119009017944,0.015166237950325012,0.0053855376318097115]],"label":[1,0,0,0,0,0,0,0,0]}