{"input":[[0.5746649503707886,0.010886489413678646,0.02978496626019478,0.08143177628517151,0.002481220057234168,0.039775848388671875,0.12210705876350403,0.11666302382946014,0.02220463939011097],[0.05655312538146973,0.01375920232385397,0.011866445653140545,0.058901336044073105,0.036139391362667084,0.3936759829521179,0.36650437116622925,0.014518310315907001,0.04808182269334793],[0.20396050810813904,0.01935463771224022,0.2679902911186218,0.2558088004589081,0.024760719388723373,0.08584311604499817,0.07256874442100525,0.012139466591179371,0.057573672384023666],[0.3865145146846771,0.062396492809057236,0.06926204264163971,0.0011474145576357841,0.009310767985880375,0.12317750602960587,0.12441112101078033,0.17097780108451843,0.052802275866270065],[0.2920353412628174,0.039563316851854324,0.02646545320749283,0.017823398113250732,0.0031328299082815647,0.14726004004478455,0.3804577589035034,0.02674817480146885,0.06651376187801361]],"label":[1,0,0,0,0,0,0,0,0]}