{"input":[[0.19063009321689606,0.09125727415084839,0.05958405137062073,0.06894204765558243,0.07303997874259949,0.018105121329426765,0.44392073154449463,0.025844627991318703,0.02867601066827774],[0.2585143446922302,0.06777921319007874,0.18854600191116333,0.10261648148298264,0.017747115343809128,0.01040907483547926,0.21659496426582336,0.03794925659894943,0.0998435690999031],[0.36878639459609985,0.04909230023622513,0.17987358570098877,0.0476558543741703,0.032929304987192154,0.0355055034160614,0.19898538291454315,0.02810458280146122,0.059067077934741974],[0.7884253263473511,0.020884687080979347,0.050416283309459686,0.015177060849964619,0.010343531146645546,0.01515918131917715,0.04952353611588478,0.012593978084623814,0.03747645020484924],[0.4152771830558777,0.016892315819859505,0.2989169657230377,0.025678670033812523,0.08456364274024963,0.0022749584168195724,0.11524932831525803,0.013881414197385311,0.02726549655199051]],"label":[1,0,0,0,0,0,0,0,0]}