{"input":[[0.052074119448661804,0.006976382806897163,0.06539981812238693,0.6005982756614685,0.08298515528440475,0.014975222758948803,0.12283167988061905,0.014379977248609066,0.03977939486503601],[0.09650959074497223,0.02864573709666729,0.07600100338459015,0.2703843414783478,0.07181015610694885,0.06546200066804886,0.24629661440849304,0.07753761857748032,0.06735295802354813],[0.05709219351410866,0.04951232299208641,0.11668828129768372,0.145536869764328,0.050870832055807114,0.02651319094002247,0.17677083611488342,0.3632345497608185,0.013780876062810421],[0.15568290650844574,0.07235787063837051,0.07530686259269714,0.15403835475444794,0.03646879270672798,0.03480837494134903,0.3710412383079529,0.0568530298769474,0.043442532420158386],[0.023278480395674706,0.004494793247431517,0.07272663712501526,0.38933441042900085,0.23880527913570404,0.00799472164362669,0.12132174521684647,0.07217692583799362,0.06986701488494873]],"label":[0,0,0,0,1,0,0,0,0]}