{"input":[[0.03986130654811859,0.3551133871078491,0.021399294957518578,0.07580722123384476,0.009506088681519032,0.0631161704659462,0.30210748314857483,0.09877174347639084,0.03431727737188339],[0.016212642192840576,0.6993773579597473,0.008815614506602287,0.00662550562992692,0.004492508713155985,0.051881093531847,0.17815683782100677,0.028219135478138924,0.006219262722879648],[0.02510935813188553,0.12608303129673004,0.03716278821229935,0.0779864490032196,0.0074502830393612385,0.04125099629163742,0.3655645549297333,0.29391393065452576,0.025478556752204895],[0.018191641196608543,0.16207481920719147,0.08454850316047668,0.014309140853583813,0.0037230693269521,0.049579817801713943,0.4242514371871948,0.20413179695606232,0.03918970376253128],[0.0013451164122670889,0.00838881079107523,0.0033159502781927586,0.00738869933411479,0.0016808328218758106,0.13883046805858612,0.6695690155029297,0.08226075023412704,0.08722040057182312]],"label":[0,0,0,0,0,0,1,0,0]}