{"input":[[0.03318122774362564,0.04414645954966545,0.03460121154785156,0.049150727689266205,0.024118652567267418,0.009675975888967514,0.09613104909658432,0.6351319551467896,0.07386276125907898],[0.06099360063672066,0.0515928640961647,0.04952135682106018,0.06662715971469879,0.020663466304540634,0.029362287372350693,0.12654031813144684,0.5036240220069885,0.0910748690366745],[0.10660675168037415,0.023274138569831848,0.06077843904495239,0.030532369390130043,0.06324678659439087,0.005160276312381029,0.04463830217719078,0.5329291224479675,0.1328338384628296],[0.1325790286064148,0.14679192006587982,0.28097665309906006,0.015852065756917,0.03748491033911705,0.008117163553833961,0.17315003275871277,0.15501676499843597,0.050031453371047974],[0.011801469139754772,0.009875054471194744,0.008307069540023804,0.009906856343150139,0.02014921046793461,0.0404517687857151,0.011712437495589256,0.8742461204528809,0.013550052419304848]],"label":[0,0,0,0,0,0,0,0,1]}