{"input":[[0.014637740328907967,9.823963773669675e-05,0.054925281554460526,0.5154904127120972,0.0620662197470665,0.0002648319932632148,0.005387317854911089,0.03427892550826073,0.31285107135772705],[0.03721699118614197,0.0002603248867671937,0.055829960852861404,0.22689463198184967,0.382229208946228,0.002695020753890276,0.01021658256649971,0.2340613752603531,0.0505959689617157],[0.019596543163061142,0.00018902715237345546,0.020402323454618454,0.130947545170784,0.8084666728973389,0.0001146809445344843,0.008485626429319382,0.004339770879596472,0.0074577899649739265],[0.004088759422302246,5.323768709786236e-05,0.013465674594044685,0.012189779430627823,0.9451099634170532,1.1387549420760479e-05,0.024042965844273567,0.0004799900925718248,0.0005582949961535633],[0.005387233104556799,0.00048484979197382927,0.019637050107121468,0.3226347863674164,0.6329577565193176,0.0004958229837939143,0.0033784634433686733,0.009137043729424477,0.005886915605515242]],"label":[1,0,0,0,0,0,0,0,0]}