{"input":[[0.09817806631326675,0.02256631664931774,0.037157755345106125,0.38543298840522766,0.021259652450680733,0.01441260427236557,0.3108993470668793,0.0445002019405365,0.06559301167726517],[0.04253090173006058,0.01872873306274414,0.025152046233415604,0.42697906494140625,0.010939124971628189,0.01778414472937584,0.3907371759414673,0.023945268243551254,0.04320351034402847],[0.008256655186414719,0.027092114090919495,0.03978043794631958,0.3042391538619995,0.013685302808880806,0.037102263420820236,0.4775783121585846,0.06649547815322876,0.025770287960767746],[0.009512877091765404,0.012547798454761505,0.0113004045560956,0.16554421186447144,0.004839829169213772,0.0332675538957119,0.522607147693634,0.18467949330806732,0.055700674653053284],[0.00525866262614727,0.00927058607339859,0.006637481041252613,0.3558363616466522,0.0375678688287735,0.05307815596461296,0.395079106092453,0.08516300469636917,0.0521087683737278]],"label":[0,0,0,0,0,0,1,0,0]}