{"input":[[0.04781770706176758,0.023328343406319618,0.038392726331949234,0.3831341564655304,0.02629438042640686,0.06686738133430481,0.36464744806289673,0.027049381285905838,0.022468512877821922],[0.01557083148509264,0.2692018151283264,0.007228499744087458,0.022581569850444794,0.03711356595158577,0.005353545304387808,0.6087733507156372,0.02072877623140812,0.01344805397093296],[0.058495037257671356,0.09323335438966751,0.015244957059621811,0.48608988523483276,0.008418602868914604,0.07804729044437408,0.19692274928092957,0.025636056438088417,0.037912044674158096],[0.014201288111507893,0.041468534618616104,0.012272246181964874,0.4001178443431854,0.030007025226950645,0.15268473327159882,0.2572590112686157,0.033923204988241196,0.05806604400277138],[0.004653452895581722,0.1332099437713623,0.006347669288516045,0.08029204607009888,0.023489492014050484,0.2968900501728058,0.36617472767829895,0.022925155237317085,0.06601746380329132]],"label":[0,0,0,0,0,0,0,0,1]}