{"input":[[0.02102893404662609,0.005198934115469456,0.1333797127008438,0.14745236933231354,0.04864228889346123,0.0017163765151053667,0.062264230102300644,0.42502495646476746,0.15529221296310425],[0.03813309967517853,0.007830786518752575,0.1452556550502777,0.005162861198186874,0.012350418604910374,0.007503516040742397,0.09239578992128372,0.6812883019447327,0.010079468600451946],[0.06970590353012085,0.0068731969222426414,0.22853465378284454,0.24010269343852997,0.046473659574985504,0.010396027937531471,0.07616683840751648,0.25529202818870544,0.06645496934652328],[0.004497425630688667,0.002131890971213579,0.07150828093290329,0.15901732444763184,0.025138042867183685,0.004902636632323265,0.039585962891578674,0.6548065543174744,0.03841191902756691],[0.09881903231143951,0.0018842737190425396,0.18588142096996307,0.15107865631580353,0.12756092846393585,0.0033608628436923027,0.018103430047631264,0.3784940540790558,0.03481725603342056]],"label":[0,0,0,0,1,0,0,0,0]}