{"input":[[0.003386208089068532,0.0012474276591092348,0.002368108369410038,0.9044737815856934,0.028189755976200104,0.00220980285666883,0.031155386939644814,0.0014425584813579917,0.025526992976665497],[0.0008456906653009355,0.0005783086526207626,0.003284901613369584,0.8986799120903015,0.020098011940717697,0.002751754829660058,0.04871620982885361,0.0009331110049970448,0.024112120270729065],[0.004374274984002113,0.0009188933181576431,0.0050455681048333645,0.8288215398788452,0.057721205055713654,0.002960983896628022,0.01870623603463173,0.008362446911633015,0.07308883965015411],[0.0012737310025840998,0.00046559408656321466,0.006692047230899334,0.8430470824241638,0.10061449557542801,0.0003813987714238465,0.0066741881892085075,0.022118566557765007,0.01873287744820118],[0.00026951017207466066,3.110484249191359e-05,0.00039642336196266115,0.9857051372528076,0.011068499647080898,0.00013208133168518543,0.0019508482655510306,0.00015946156054269522,0.000286889320705086]],"label":[0,0,0,1,0,0,0,0,0]}