{"input":[[0.09305288642644882,0.0771404579281807,0.09519840776920319,0.15916800498962402,0.018487444147467613,0.08356215059757233,0.4003131687641144,0.0251286830753088,0.04794877767562866],[0.008424650877714157,0.13523033261299133,0.038198672235012054,0.03467778488993645,0.07099252194166183,0.08528149873018265,0.44618651270866394,0.03858671337366104,0.14242126047611237],[0.026234453544020653,0.19583739340305328,0.07286793738603592,0.084005206823349,0.00883763562887907,0.04042128473520279,0.3987530469894409,0.10130443423986435,0.07173865288496017],[0.040885601192712784,0.13411486148834229,0.10833517462015152,0.10510586947202682,0.02490558661520481,0.0918145477771759,0.20359458029270172,0.1814495176076889,0.10979431867599487],[0.0015490967780351639,0.010406752116978168,0.331981897354126,0.028728662058711052,0.5202810168266296,0.010738772340118885,0.03362305462360382,0.004807909484952688,0.057882845401763916]],"label":[0,0,0,0,1,0,0,0,0]}