{"input":[[0.006197385955601931,0.03345277160406113,0.43932196497917175,0.05297091230750084,0.07347573339939117,0.03738714009523392,0.21513664722442627,0.046786852180957794,0.0952705666422844],[0.05911847576498985,0.37620797753334045,0.10891667753458023,0.006343381479382515,0.01809314265847206,0.022103294730186462,0.32634076476097107,0.010279802605509758,0.07259650528430939],[0.03284168615937233,0.023394176736474037,0.34688979387283325,0.0138818034902215,0.10141680389642715,0.08616600930690765,0.25057655572891235,0.07620474696159363,0.06862840056419373],[0.014968796633183956,0.104348324239254,0.1653437316417694,0.12571239471435547,0.031402587890625,0.01628716103732586,0.33755242824554443,0.0388895645737648,0.16549503803253174],[0.01616554521024227,0.16880767047405243,0.2792299687862396,0.17950336635112762,0.12452258169651031,0.01056162640452385,0.199587881565094,0.012858279049396515,0.008763017132878304]],"label":[0,0,1,0,0,0,0,0,0]}