{"input":[[0.06188560649752617,0.0006005449104122818,0.14319220185279846,0.001516939839348197,0.022842906415462494,0.00017731380648911,0.0007449927506968379,0.7589824199676514,0.01005710568279028],[0.0052784765139222145,5.1802038797177374e-05,0.42960554361343384,0.005856433417648077,0.04583514854311943,7.40264295018278e-05,0.0013736945111304522,0.4914170205593109,0.020507896319031715],[0.01945028081536293,2.2524871383211575e-05,0.003274584421887994,0.0015066643245518208,0.367901086807251,3.04683308058884e-05,0.00018098094733431935,0.5986229181289673,0.00901047233492136],[0.04075908288359642,5.187634451431222e-05,0.03265036270022392,0.0022269338369369507,0.0358833409845829,7.098002242855728e-05,0.0010765786282718182,0.8775516748428345,0.009729241020977497],[0.003363646101206541,1.1082514902227558e-05,0.1834942102432251,0.00014048565935809165,0.043743450194597244,5.882573532289825e-06,4.3597941839834675e-05,0.7583070397377014,0.010890576057136059]],"label":[0,0,0,0,0,0,0,1,0]}