{"input":[[0.042413439601659775,0.07611032575368881,0.15838776528835297,0.2413637638092041,0.08779896050691605,0.020657626911997795,0.19598564505577087,0.09832517802715302,0.07895725965499878],[0.01720314472913742,0.18594329059123993,0.17287255823612213,0.03743263706564903,0.06194917485117912,0.00993154663592577,0.2401581108570099,0.01063288003206253,0.2638765871524811],[0.06392074376344681,0.06740491837263107,0.18450021743774414,0.03389231488108635,0.33395928144454956,0.015032063238322735,0.23636165261268616,0.01993446983397007,0.04499441012740135],[0.02873077243566513,0.01374761387705803,0.16182927787303925,0.3045395016670227,0.06894796341657639,0.004983618389815092,0.387844979763031,0.005977824795991182,0.02339846082031727],[0.010242112912237644,0.09803234785795212,0.2811029553413391,0.3317205607891083,0.11520811915397644,0.003558045020326972,0.14056262373924255,0.004124319646507502,0.01544887013733387]],"label":[0,0,0,1,0,0,0,0,0]}