{"input":[[0.014230836182832718,0.0007997005013749003,0.006618834100663662,0.6860734224319458,0.041065942496061325,0.0009802953572943807,0.24564307928085327,0.002679568249732256,0.0019083477091044188],[0.006591256707906723,0.0015026414766907692,0.1947597712278366,0.5124400854110718,0.21517667174339294,0.0007463773945346475,0.04589303582906723,0.0040724133141338825,0.018817689269781113],[0.02301476150751114,0.005166424438357353,0.11392007768154144,0.06987199187278748,0.6292845606803894,0.004644643049687147,0.08071530610322952,0.01935453526675701,0.05402768403291702],[0.033902909606695175,0.011525075882673264,0.05870746821165085,0.2457999438047409,0.10120800137519836,0.008100350387394428,0.5026620030403137,0.011649642139673233,0.026444561779499054],[0.049376990646123886,0.004197142086923122,0.09894959628582001,0.3315768241882324,0.24200044572353363,0.008272378705441952,0.18543928861618042,0.012653046287596226,0.06753434985876083]],"label":[0,0,0,0,1,0,0,0,0]}