{"input":[[0.006574102211743593,0.006023954134434462,0.7143557667732239,0.021352628245949745,0.08843008428812027,0.001806966494768858,0.11852642148733139,0.004935191944241524,0.03799488767981529],[0.016173092648386955,0.008306126110255718,0.7557967305183411,0.050488658249378204,0.10004161298274994,0.003002349752932787,0.025497468188405037,0.009906431660056114,0.030787577852606773],[0.03620956093072891,0.012812547385692596,0.16543874144554138,0.05741802230477333,0.20539049804210663,0.004090797621756792,0.054528653621673584,0.15721337497234344,0.30689775943756104],[0.0116629209369421,0.014321953989565372,0.6441853046417236,0.08683484047651291,0.12235473841428757,0.002965772757306695,0.020400552079081535,0.008533344604074955,0.08874065428972244],[0.003808441571891308,0.008012842386960983,0.4691782295703888,0.10855913907289505,0.3330304026603699,0.0033935983665287495,0.03551442548632622,0.00701827323064208,0.03148464486002922]],"label":[0,0,1,0,0,0,0,0,0]}