{"input":[[0.015050581656396389,0.058320552110672,0.0056069777347147465,0.04201246798038483,0.014603782445192337,0.2618049383163452,0.5461627840995789,0.02212253212928772,0.03431534022092819],[0.0902683362364769,0.39169588685035706,0.12671878933906555,0.005766936112195253,0.007587701082229614,0.05021831765770912,0.21407154202461243,0.07450307905673981,0.039169322699308395],[0.238357812166214,0.03774392977356911,0.2567581832408905,0.12275155633687973,0.016596805304288864,0.022082529962062836,0.22441266477108002,0.045915234833955765,0.0353812500834465],[0.5975137948989868,0.13503830134868622,0.07468973845243454,0.006928009446710348,0.012366995215415955,0.03675064072012901,0.09209581464529037,0.02002348192036152,0.02459314651787281],[0.05095869302749634,0.31712108850479126,0.06325242668390274,0.010522933676838875,0.021322373300790787,0.11004700511693954,0.2237137258052826,0.1713923066854477,0.03166942298412323]],"label":[0,0,0,0,0,0,0,1,0]}