{"input":[[0.13109779357910156,0.0005900367978028953,0.16826990246772766,0.503233015537262,0.09533129632472992,0.0037353478837758303,0.021883508190512657,0.03243761509656906,0.043421488255262375],[0.0592791922390461,0.006703278981149197,0.053928229957818985,0.23609669506549835,0.2997654974460602,0.02163880690932274,0.2825540006160736,0.013852464035153389,0.02618182823061943],[0.008923090994358063,0.00017954754002857953,0.005852274131029844,0.9109763503074646,0.06091476231813431,0.0007210065377876163,0.003446482587605715,0.004134256858378649,0.004852193873375654],[0.0023452211171388626,6.090920578571968e-05,0.006910156924277544,0.649260938167572,0.3061705529689789,0.0003530929971020669,0.02005179226398468,0.010384044609963894,0.004463383927941322],[0.0948595255613327,0.0004224200965836644,0.06652792543172836,0.22253359854221344,0.15455327928066254,0.00039127166382968426,0.12231028079986572,0.29405421018600464,0.04434740170836449]],"label":[0,0,0,0,1,0,0,0,0]}