{"input":[[0.07585962116718292,0.05675861984491348,0.11415228992700577,0.3379547894001007,0.03652573749423027,0.01998744159936905,0.20925810933113098,0.0695929154753685,0.07991044223308563],[0.13466092944145203,0.08432569354772568,0.09450775384902954,0.2243013232946396,0.02675579860806465,0.03165588155388832,0.2936912178993225,0.04639020934700966,0.06371111422777176],[0.03824368864297867,0.16528967022895813,0.16631288826465607,0.03346181660890579,0.03891401365399361,0.06598654389381409,0.45107415318489075,0.02301180735230446,0.017705384641885757],[0.0328720323741436,0.028835682198405266,0.0485987588763237,0.1478356122970581,0.024555562064051628,0.015346593223512173,0.629946768283844,0.06825289130210876,0.0037560700438916683],[0.0021820508409291506,0.014351178891956806,0.009525023400783539,0.5195810198783875,0.021989699453115463,0.05804303660988808,0.36098483204841614,0.004745872225612402,0.008597316220402718]],"label":[0,0,0,0,0,0,1,0,0]}