{"input":[[0.13966049253940582,0.01623723655939102,0.6446037888526917,0.048805732280015945,0.006279780063778162,0.0030204900540411472,0.04269767925143242,0.07517264783382416,0.023522086441516876],[0.2769986391067505,0.014545577578246593,0.3919294774532318,0.15660786628723145,0.04646735638380051,0.004873564001172781,0.03263472765684128,0.05824656039476395,0.01769620180130005],[0.9563960433006287,0.0015550196403637528,0.01373190339654684,0.0026475030463188887,0.004056369885802269,0.0009594365837983787,0.01617324724793434,0.002418210729956627,0.002062259940430522],[0.769397497177124,0.007711921818554401,0.02223178558051586,0.03286932408809662,0.00622677942737937,0.0030168509110808372,0.1500595062971115,0.0015713449101895094,0.006915009114891291],[0.9705132246017456,0.0005465782014653087,0.0024743378162384033,9.79278702288866e-05,0.004794600885361433,0.00018640402413439006,0.004615632351487875,0.014624708332121372,0.0021466342732310295]],"label":[1,0,0,0,0,0,0,0,0]}