{"input":[[0.1500384509563446,0.0002713733119890094,0.22798269987106323,7.281872967723757e-05,0.000864687783177942,0.00014364364324137568,0.0013293242081999779,0.6162158250808716,0.0030811126343905926],[0.5916281342506409,0.008451743051409721,0.23619045317173004,0.00023707779473625124,0.003326862119138241,0.0002980572171509266,0.007392251398414373,0.14798206090927124,0.004493311978876591],[0.45400869846343994,0.008298608474433422,0.04939321428537369,0.0021721182856708765,0.0003790521586779505,0.008962505497038364,0.03866468742489815,0.4316542148590088,0.0064669204875826836],[0.028151223435997963,0.0002929240290541202,0.2676825225353241,1.0457041753397789e-05,0.0008555084350518882,3.944489435525611e-05,0.00022411509416997433,0.7013874650001526,0.001356292050331831],[0.05013761669397354,1.539658842375502e-05,0.3546852171421051,1.4120877494860906e-05,0.0016946160467341542,5.423024504125351e-06,0.0005266443477012217,0.5927090644836426,0.00021185165678616613]],"label":[0,0,1,0,0,0,0,0,0]}