{"input":[[0.07140443474054337,0.3646667003631592,0.02459139935672283,0.046653393656015396,0.021467693150043488,0.24566152691841125,0.21860094368457794,0.0026488075964152813,0.004305072594434023],[0.005630885250866413,0.4120272696018219,0.01583605632185936,0.08682991564273834,0.007633550558239222,0.3145325779914856,0.1534380465745926,0.0015447632176801562,0.0025268616154789925],[0.05946873873472214,0.44508135318756104,0.08870905637741089,0.059342555701732635,0.03372938930988312,0.043551743030548096,0.23519709706306458,0.002449172083288431,0.03247091919183731],[0.038956169039011,0.7280428409576416,0.01198506262153387,0.011528527364134789,0.015780381858348846,0.07375740259885788,0.09403907507658005,0.0023457054048776627,0.023564858362078667],[0.004951904993504286,0.03890090435743332,0.019573954865336418,0.2472739815711975,0.19750487804412842,0.019500410184264183,0.456459641456604,0.0007827564841136336,0.015051543712615967]],"label":[0,0,0,0,1,0,0,0,0]}