{"input":[[0.04219122231006622,0.010932017117738724,0.04451976343989372,0.4594193696975708,0.050599418580532074,0.02107958495616913,0.2259962409734726,0.08121445029973984,0.0640479251742363],[0.008897866122424603,0.00548608647659421,0.05991305783390999,0.4548598825931549,0.11569270491600037,0.020560840144753456,0.05978478118777275,0.04060385748744011,0.23420092463493347],[0.0175167266279459,0.0009172993013635278,0.007191246375441551,0.378894180059433,0.2585589289665222,0.00023320667969528586,0.1949010193347931,0.12564395368099213,0.016143344342708588],[0.011445021256804466,0.0006401427672244608,0.006406484637409449,0.9141387939453125,0.017249809578061104,0.001230662688612938,0.018155617639422417,0.0033076326362788677,0.027425887063145638],[0.0006815382512286305,0.00017462242976762354,0.006374789401888847,0.7912267446517944,0.07198882102966309,0.0015597924357280135,0.10966239124536514,0.003181063337251544,0.015150207094848156]],"label":[0,0,0,0,1,0,0,0,0]}