{"input":[[0.1433429718017578,0.04195789620280266,0.041276611387729645,0.1550479680299759,0.05275970697402954,0.02673795446753502,0.30565035343170166,0.054109375923871994,0.1791171282529831],[0.07367197424173355,0.1106303259730339,0.07154417037963867,0.10347330570220947,0.09420798718929291,0.06158221885561943,0.3966227173805237,0.03509516641497612,0.05317205935716629],[0.05943231284618378,0.2311369776725769,0.016578661277890205,0.05949011072516441,0.019866758957505226,0.0539940670132637,0.23048365116119385,0.17638453841209412,0.15263284742832184],[0.0018644670490175486,0.05649600178003311,0.00121882907114923,0.15330959856510162,0.002734564710408449,0.027418911457061768,0.754430890083313,0.0017926361178979278,0.000734125729650259],[0.04999788850545883,0.06199651584029198,0.015234682708978653,0.012143687345087528,0.050186946988105774,0.028305519372224808,0.7764645218849182,0.001153229852207005,0.00451703742146492]],"label":[0,0,0,0,0,0,1,0,0]}