{"input":[[0.0033601990435272455,0.00016109540592879057,0.043662138283252716,0.7877523899078369,0.08728598803281784,0.000784534786362201,0.06777435541152954,0.0007848730310797691,0.008434507064521313],[0.003722171066328883,0.0035551718901842833,0.09729868173599243,0.7640692591667175,0.042386993765830994,0.0069117420352995396,0.06611930578947067,0.0016427617520093918,0.014293900690972805],[0.002676447154954076,0.0024151259567588568,0.023321013897657394,0.5299086570739746,0.21577484905719757,0.007588103413581848,0.1248655766248703,0.022129934281110764,0.07132035493850708],[0.003567419247701764,0.006362366024404764,0.011421610601246357,0.1830987185239792,0.02076156809926033,0.058851294219493866,0.568669319152832,0.13439728319644928,0.012870370410382748],[0.0010983060346916318,0.00041809759568423033,0.032288938760757446,0.6071058511734009,0.3505409061908722,0.0004177707596682012,0.006664250046014786,0.00012235580652486533,0.0013433973072096705]],"label":[0,0,0,0,1,0,0,0,0]}