{"input":[[0.16319912672042847,0.0030181361362338066,0.14620113372802734,0.386150598526001,0.11433451622724533,0.00567517289891839,0.09813711047172546,0.06609232723712921,0.01719178631901741],[0.15732668340206146,0.03326008468866348,0.07388072460889816,0.4084239900112152,0.08925936371088028,0.003568756626918912,0.21110886335372925,0.008395513519644737,0.014775997027754784],[0.09876396507024765,0.03219980001449585,0.12742219865322113,0.18941828608512878,0.046967100352048874,0.027740344405174255,0.21155467629432678,0.2352314293384552,0.030702218413352966],[0.007996764965355396,0.004788452759385109,0.0022987949196249247,0.83704674243927,0.001432310789823532,0.018172256648540497,0.10585716366767883,0.004399626515805721,0.01800776831805706],[0.0010459903860464692,0.000768901314586401,0.007263607811182737,0.04697750508785248,0.006598907522857189,0.0030197524465620518,0.9221314787864685,0.010118518024682999,0.002075268654152751]],"label":[0,0,0,0,1,0,0,0,0]}