{"input":[[0.10652263462543488,0.3603579103946686,0.2991849184036255,0.01220731157809496,0.0048416065983474255,0.01993890479207039,0.14100801944732666,0.0464799739420414,0.009458720684051514],[0.057723190635442734,0.31557196378707886,0.020647533237934113,0.15513963997364044,0.017898090183734894,0.058789633214473724,0.29827407002449036,0.041366707533597946,0.03458921238780022],[0.024898603558540344,0.5328152775764465,0.0547880195081234,0.03685846924781799,0.002988912397995591,0.06190820410847664,0.2367141991853714,0.035307321697473526,0.013720998540520668],[0.02815837226808071,0.3510248363018036,0.047839224338531494,0.09184172004461288,0.016564365476369858,0.12913917005062103,0.15320703387260437,0.1606624573469162,0.021562766283750534],[0.04715754836797714,0.30198952555656433,0.013225680217146873,0.04059943929314613,0.004022966604679823,0.10373804718255997,0.4310576915740967,0.04845733940601349,0.009751707315444946]],"label":[0,0,0,0,0,0,0,1,0]}