{"input":[[0.006997808814048767,0.02874762751162052,0.23918631672859192,0.4206012487411499,0.05643486604094505,0.027477886527776718,0.2025238275527954,0.00665961904451251,0.011370779946446419],[0.01279059611260891,0.0013236133381724358,0.21325655281543732,0.26349982619285583,0.3987254500389099,0.004806066397577524,0.07958173751831055,0.011753306724131107,0.01426287367939949],[0.009526626206934452,0.003785171778872609,0.03228558972477913,0.6417230367660522,0.03475331887602806,0.006405641324818134,0.20942938327789307,0.016233280301094055,0.04585796222090721],[0.01734120398759842,0.007199467159807682,0.06392981112003326,0.34096017479896545,0.09213727712631226,0.02591673657298088,0.25047680735588074,0.004588568117469549,0.1974499523639679],[0.018207792192697525,0.008494622074067593,0.08913363516330719,0.28020545840263367,0.0928516760468483,0.14978288114070892,0.25720417499542236,0.04116896539926529,0.06295084208250046]],"label":[0,0,0,0,1,0,0,0,0]}