{"input":[[0.00639076204970479,0.44321581721305847,0.007991454564034939,0.05142742395401001,0.008356805890798569,0.05690586939454079,0.384854257106781,0.011268812231719494,0.029588766396045685],[0.003892086213454604,0.3593750298023224,0.005856400355696678,0.005044593475759029,0.004414952825754881,0.1124851182103157,0.42397409677505493,0.004911174066364765,0.08004652708768845],[0.09269092231988907,0.18349771201610565,0.010275445878505707,0.15077435970306396,0.0030343253165483475,0.2522810995578766,0.284346342086792,0.009304642677307129,0.013795241713523865],[0.005736594088375568,0.5580347776412964,0.028548991307616234,0.023367103189229965,0.008938937447965145,0.06704643368721008,0.3009258210659027,0.001632816274650395,0.00576855568215251],[0.00326962280087173,0.7101249694824219,0.012942305766046047,0.0027394588105380535,0.0006096673896536231,0.1570766121149063,0.08434776961803436,0.0162519458681345,0.012637664563953876]],"label":[0,1,0,0,0,0,0,0,0]}