{"input":[[0.10835498571395874,0.022404875606298447,0.06423240900039673,0.34681621193885803,0.025806648656725883,0.04118484631180763,0.2677933871746063,0.09037090092897415,0.03303564712405205],[0.05895407870411873,0.021962907165288925,0.4011133909225464,0.15805919468402863,0.03308340907096863,0.018184999004006386,0.07901827245950699,0.11699576675891876,0.11262793093919754],[0.009493238292634487,0.01675153523683548,0.044836074113845825,0.6963803768157959,0.0041555315256118774,0.010935177095234394,0.20871970057487488,0.0012652997393161058,0.00746304402127862],[0.007491110824048519,0.0024680078495293856,0.011074586771428585,0.8865131139755249,0.018370965495705605,0.003125180257484317,0.06179872155189514,0.0014790326822549105,0.007679416798055172],[0.005799196660518646,0.032203976064920425,0.07853799313306808,0.4969266355037689,0.02741597592830658,0.014557561837136745,0.25133922696113586,0.08090785890817642,0.012311646714806557]],"label":[0,0,1,0,0,0,0,0,0]}