{"input":[[0.38358473777770996,0.040058720856904984,0.043834615498781204,0.2438509315252304,0.029769830405712128,0.02013697475194931,0.15616047382354736,0.04645160585641861,0.03615216165781021],[0.015934398397803307,0.01907060109078884,0.011462410911917686,0.10140350461006165,0.016002653166651726,0.0453849695622921,0.7702875733375549,0.010736365802586079,0.00971748773008585],[0.10614481568336487,0.04915787652134895,0.05346113443374634,0.2359016090631485,0.013714620843529701,0.04678124934434891,0.3184492886066437,0.06453333050012589,0.11185608804225922],[0.017826229333877563,0.007403896190226078,0.009907512925565243,0.15067030489444733,0.008286184631288052,0.010333912447094917,0.43974384665489197,0.20534224808216095,0.15048585832118988],[0.1655924916267395,0.027189480140805244,0.027650628238916397,0.022736812010407448,0.17930012941360474,0.10015509277582169,0.3075100779533386,0.1231827512383461,0.04668262600898743]],"label":[0,0,0,0,0,0,1,0,0]}