{"input":[[0.08743827044963837,0.0011375193716958165,0.2233644723892212,0.4294630289077759,0.1949407458305359,0.002493411535397172,0.0426962748169899,0.01615792326629162,0.0023084974382072687],[0.19361117482185364,0.002278098836541176,0.03518907353281975,0.012655086815357208,0.05343709886074066,0.001950654899701476,0.19048847258090973,0.5042970180511475,0.006093378644436598],[0.13850738108158112,0.02550496533513069,0.09319858253002167,0.16243258118629456,0.03104819916188717,0.026946205645799637,0.48463985323905945,0.03426247090101242,0.003459696192294359],[0.8164295554161072,0.035291239619255066,0.03044186718761921,0.0011604639003053308,0.026008693501353264,0.008019832894206047,0.07806836068630219,0.0018637924222275615,0.002716194139793515],[0.6215083003044128,0.002113934373483062,0.0737064778804779,0.004745115991681814,0.006316957995295525,0.0007496302714571357,0.263211190700531,0.02649504877626896,0.0011534085497260094]],"label":[1,0,0,0,0,0,0,0,0]}