{"input":[[0.013035457581281662,0.000979241798631847,0.7481544613838196,0.0833735540509224,0.010788866318762302,0.0010208318708464503,0.006712795700877905,0.12982147932052612,0.00611324654892087],[0.020233027637004852,0.0003015153924934566,0.901025652885437,0.003444282803684473,0.02521516941487789,0.0002711006673052907,0.010236741974949837,0.03752637654542923,0.0017460919916629791],[0.03801298886537552,0.0026581287384033203,0.4331282377243042,4.019687548861839e-05,0.0022984484676271677,0.0011183660244569182,0.004642774350941181,0.5134838223457336,0.004617107100784779],[0.03366001322865486,0.010970424860715866,0.38196972012519836,0.002220666967332363,0.01325919758528471,0.005573864094913006,0.04111001640558243,0.49570512771606445,0.015530996955931187],[0.006905956659466028,0.00018904320313595235,0.33992576599121094,6.441662844736129e-05,0.0007704595918767154,0.0001526987471152097,0.0005852257600054145,0.649831235408783,0.0015750830061733723]],"label":[0,0,0,0,0,0,0,1,0]}