{"input":[[0.08183341473340988,0.4270450174808502,0.016735374927520752,0.027086015790700912,0.007853788323700428,0.11114271730184555,0.3040560483932495,0.015456562861800194,0.008791041560471058],[0.008096096105873585,0.3770731985569,0.0048094457015395164,0.007961533032357693,0.0024914315436035395,0.22312210500240326,0.3503742516040802,0.004833353217691183,0.02123863250017166],[0.06115524098277092,0.39484453201293945,0.035096898674964905,0.03108256496489048,0.0020977796521037817,0.06593894213438034,0.3620634973049164,0.015222329646348953,0.03249815106391907],[0.03370629996061325,0.5171384215354919,0.03458958864212036,0.020207306370139122,0.0066816904582083225,0.16614213585853577,0.1542830914258957,0.03509581834077835,0.03215561807155609],[0.0027619809843599796,0.4932249188423157,0.0010749269276857376,0.009831172414124012,0.001683174748905003,0.2328682392835617,0.24648155272006989,0.003828892018646002,0.008245127275586128]],"label":[0,1,0,0,0,0,0,0,0]}