{"input":[[0.6826319694519043,0.006493448745459318,0.051178354769945145,0.038329292088747025,0.04416172206401825,0.001704120310023427,0.013001997023820877,0.146516352891922,0.015982728451490402],[0.7465524077415466,0.0027270005084574223,0.20307379961013794,0.0010292878141626716,0.004599747247993946,0.0002704561047721654,0.005437161773443222,0.025701595470309258,0.0106086116284132],[0.2997709810733795,0.02441030740737915,0.43035629391670227,0.007063025608658791,0.014743643812835217,0.002677690703421831,0.015168385580182076,0.18570853769779205,0.020101070404052734],[0.17021283507347107,0.025343991816043854,0.24016138911247253,0.02785608172416687,0.02526944689452648,0.010002966038882732,0.09461477398872375,0.29014769196510315,0.11639086902141571],[0.24421195685863495,0.01423746719956398,0.12118558585643768,0.09188766777515411,0.07385573536157608,0.003337377216666937,0.022682497277855873,0.3976457715034485,0.03095594048500061]],"label":[1,0,0,0,0,0,0,0,0]}