{"input":[[0.01436893455684185,0.003616596106439829,0.09332176297903061,0.5782926082611084,0.1331331580877304,0.0030900523997843266,0.09366904944181442,0.004744652193039656,0.07576321065425873],[0.010907784104347229,0.019855061545968056,0.20976191759109497,0.4024350047111511,0.15552562475204468,0.008283044211566448,0.14129187166690826,0.01642557978630066,0.03551410883665085],[0.002173273591324687,0.00033128727227449417,0.037799324840307236,0.5994586944580078,0.1975136399269104,0.0022526439279317856,0.03356916457414627,0.023779448121786118,0.10312239825725555],[0.00688936049118638,0.0007503841770812869,0.021530115976929665,0.7699887156486511,0.15759146213531494,0.001202880870550871,0.017708610743284225,0.010828359983861446,0.013510078191757202],[0.012301435694098473,4.73411419079639e-05,0.09876576066017151,0.37157008051872253,0.4582688808441162,0.00043846643529832363,0.005212149117141962,0.0011030063033103943,0.05229286476969719]],"label":[0,0,1,0,0,0,0,0,0]}