{"input":[[0.1787005364894867,0.015121265314519405,0.15482892096042633,0.2453429400920868,0.09966420382261276,0.00873494427651167,0.12716132402420044,0.05099554359912872,0.11945027858018875],[0.0804513618350029,0.005628734827041626,0.04520103335380554,0.6596631407737732,0.06310798972845078,0.010361435823142529,0.0719277635216713,0.02955656126141548,0.03410204499959946],[0.03806491941213608,0.00356295146048069,0.051668062806129456,0.40865060687065125,0.3084937036037445,0.002052176743745804,0.15602315962314606,0.01734912022948265,0.014135302044451237],[0.029835976660251617,0.0041122836992144585,0.08921821415424347,0.5396893620491028,0.12951844930648804,0.002267025178298354,0.11202242970466614,0.04004139080643654,0.05329493060708046],[0.16923734545707703,0.0027987125795334578,0.0349547415971756,0.23255449533462524,0.32740557193756104,0.0020076418295502663,0.11587656289339066,0.073245108127594,0.041919756680727005]],"label":[0,0,0,1,0,0,0,0,0]}