{"input":[[0.028027918189764023,0.07475000619888306,0.2735406756401062,0.038810260593891144,0.04848012700676918,0.10329996794462204,0.13304652273654938,0.09418099373579025,0.20586363971233368],[0.04766342416405678,0.04792724549770355,0.1358354240655899,0.14738325774669647,0.07864326238632202,0.11818157136440277,0.09261108934879303,0.15673024952411652,0.17502440512180328],[0.03949454799294472,0.13422717154026031,0.12429223209619522,0.043791189789772034,0.052658818662166595,0.07182251662015915,0.13597285747528076,0.14172951877117157,0.25601109862327576],[0.02613694779574871,0.1960635632276535,0.12637656927108765,0.050921663641929626,0.041991982609033585,0.09551380574703217,0.10691650956869125,0.203038290143013,0.15304060280323029],[0.02407265268266201,0.12949950993061066,0.09355002641677856,0.0574771910905838,0.021932728588581085,0.1368815153837204,0.1000886857509613,0.29319214820861816,0.1433054506778717]],"label":[0,0,1,0,0,0,0,0,0]}