{"input":[[0.22404688596725464,0.01143990270793438,0.6340380907058716,0.00025011241086758673,0.0012394741643220186,0.0029307969380170107,0.015619376674294472,0.1077667772769928,0.002668568165972829],[0.3162726163864136,0.007332742214202881,0.6643155813217163,5.458548912429251e-05,0.0004111951857339591,0.0002930933842435479,0.0006443137535825372,0.008899647742509842,0.001776249846443534],[0.1521417200565338,0.005483734887093306,0.79306960105896,0.0005051318439655006,0.0022285995073616505,0.0011175035033375025,0.009901444427669048,0.03337433189153671,0.002178041497245431],[0.1929706335067749,0.0011045384453609586,0.7985202074050903,5.054754365119152e-05,0.0010432577691972256,0.0002190834638895467,0.002871800446882844,0.0018948100041598082,0.0013251365162432194],[0.011730378493666649,0.00014383459347300231,0.9687031507492065,1.4236732567951549e-05,0.00032648321939632297,3.174165976815857e-05,0.000575711892452091,0.018262850120663643,0.0002117270341841504]],"label":[0,0,1,0,0,0,0,0,0]}