{"input":[[0.00856741238385439,0.004479981958866119,0.0018227928085252643,0.7183207869529724,0.028591133654117584,0.01282336562871933,0.20341016352176666,0.0032356951851397753,0.018748654052615166],[0.0374380387365818,0.02558586560189724,0.04878183826804161,0.5236775279045105,0.04934043809771538,0.008630030788481236,0.0983494371175766,0.028724003583192825,0.17947284877300262],[0.016375156119465828,0.0008353817975148559,0.010887517593801022,0.7392430305480957,0.084209144115448,0.0014306316152215004,0.11166878789663315,0.025175979360938072,0.01017433125525713],[0.015335108153522015,0.0014330281410366297,0.009758549742400646,0.8315468430519104,0.021720800548791885,0.004577080253511667,0.09806378185749054,0.008401776663959026,0.009162920527160168],[0.0021273326128721237,0.0012950780801475048,0.001468453905545175,0.7090819478034973,0.007033895701169968,0.0032736666034907103,0.2673523426055908,0.003426198847591877,0.004941045772284269]],"label":[0,0,0,0,1,0,0,0,0]}