{"input":[[0.02054367959499359,0.08295004069805145,0.03822046145796776,0.28392893075942993,0.021614721044898033,0.054528456181287766,0.2942151725292206,0.028229787945747375,0.17576871812343597],[0.0285699013620615,0.021571820601820946,0.02431473135948181,0.5173543691635132,0.10087645053863525,0.016626233235001564,0.14894720911979675,0.04699075594544411,0.09474854916334152],[0.014071233570575714,0.17166844010353088,0.0052217766642570496,0.21088767051696777,0.005673395469784737,0.12032091617584229,0.2842456102371216,0.006202565506100655,0.18170833587646484],[0.0018893290543928742,0.01681285724043846,9.214284364134073e-05,0.06913404911756516,5.1638282457133755e-05,0.0030879888217896223,0.8989326357841492,0.0016190176829695702,0.008380318060517311],[0.0007881639758124948,0.03459114208817482,0.002004618989303708,0.0009983453201130033,0.000489416706841439,0.13789956271648407,0.7387741208076477,0.0016331581864506006,0.08282149583101273]],"label":[0,0,0,0,0,0,0,0,1]}