{"input":[[0.12550868093967438,0.007709333673119545,0.10811356455087662,0.4595746099948883,0.05023091658949852,0.008543673902750015,0.03614123538136482,0.1503826379776001,0.05379537120461464],[0.019448306411504745,0.0005989045603200793,0.01825316809117794,0.6209566593170166,0.08113212138414383,0.008245399221777916,0.043883245438337326,0.13643649220466614,0.07104568928480148],[0.17139576375484467,0.049101173877716064,0.022232310846447945,0.2615487575531006,0.08301296085119247,0.04757799580693245,0.01407995168119669,0.2382558435201645,0.11279526352882385],[0.006758418399840593,0.0032243425957858562,0.012881237082183361,0.7153941988945007,0.06460884213447571,0.0032964847050607204,0.048324912786483765,0.12737341225147247,0.018138181418180466],[0.030850423499941826,0.0014999763807281852,0.05070054158568382,0.12168814986944199,0.5839526057243347,0.0058891866356134415,0.0199346411973238,0.12071056663990021,0.06477389484643936]],"label":[0,0,0,0,1,0,0,0,0]}