{"input":[[0.05029817670583725,0.0025433728005737066,0.13216730952262878,0.38252824544906616,0.16783125698566437,0.001316729700192809,0.21703237295150757,0.020656608045101166,0.02562590129673481],[0.020415937528014183,0.06956621259450912,0.02080681547522545,0.4295654892921448,0.03499782085418701,0.021681414917111397,0.33860909938812256,0.038338158279657364,0.026019075885415077],[0.006273163016885519,0.0023221257142722607,0.003733043558895588,0.8943518996238708,0.007985113188624382,0.0007264445885084569,0.0726078450679779,0.003681256202980876,0.008319194428622723],[0.028876226395368576,0.0016343219904229045,0.028938373550772667,0.6909230351448059,0.01977941393852234,0.0003014705434907228,0.21284793317317963,0.011234556324779987,0.005464567337185144],[0.0006922276807017624,0.0003156995808240026,0.003057178808376193,0.052119430154561996,0.932898759841919,3.093255509156734e-05,0.010559198446571827,0.0001927952835103497,0.00013386901991907507]],"label":[0,0,0,0,1,0,0,0,0]}