{"input":[[0.13444358110427856,0.01864648051559925,0.3084185719490051,0.2312116026878357,0.05294285714626312,0.010020438581705093,0.11796607822179794,0.06242811307311058,0.06392211467027664],[0.0715077817440033,0.1415775865316391,0.1017540842294693,0.050181154161691666,0.032471347600221634,0.07581572234630585,0.19100816547870636,0.277082622051239,0.058601535856723785],[0.0293052326887846,0.019272515550255775,0.02869071252644062,0.009312099777162075,0.09165578335523605,0.01903756894171238,0.16797161102294922,0.6199293732643127,0.014825158752501011],[0.15171055495738983,0.09735524654388428,0.06145626679062843,0.1174408569931984,0.026860684156417847,0.04107644781470299,0.18387237191200256,0.2940182089805603,0.02620934508740902],[0.05690205469727516,0.0017876612255349755,0.023654742166399956,0.018591830506920815,0.005799523089081049,0.0054120635613799095,0.009600452147424221,0.8480148315429688,0.030236827209591866]],"label":[0,0,0,0,0,0,0,1,0]}