{"input":[[0.03890801966190338,0.03526978939771652,0.06375007331371307,0.001070319558493793,0.002074316842481494,0.007160847540944815,0.09506182372570038,0.7167693376541138,0.039935555309057236],[0.23355652391910553,0.05237303301692009,0.1847110241651535,0.04222206771373749,0.008384915068745613,0.01823834516108036,0.08031015843153,0.12349414080381393,0.2567097246646881],[0.08581716567277908,0.01645493134856224,0.09706734865903854,0.012014255858957767,0.03382553160190582,0.00566096743568778,0.06662821024656296,0.523518443107605,0.1590130478143692],[0.033277396112680435,0.045540932565927505,0.12233886867761612,0.04491255804896355,0.014990161173045635,0.01638154499232769,0.028592120856046677,0.12003061175346375,0.573935866355896],[0.01450840663164854,0.0018149627139791846,0.08457417041063309,0.0013694179942831397,0.005461220629513264,0.001955755753442645,0.011987566947937012,0.8598967790603638,0.018431685864925385]],"label":[0,0,0,0,0,0,0,1,0]}