{"input":[[0.02042270079255104,0.05050478130578995,0.007027857471257448,0.3112349808216095,0.021713986992836,0.12525515258312225,0.40250924229621887,0.01757945865392685,0.04375181347131729],[0.027424795553088188,0.07934825122356415,0.013120010495185852,0.27162426710128784,0.033049777150154114,0.16160564124584198,0.34740427136421204,0.02887488342821598,0.03754809498786926],[0.09360803663730621,0.11232193559408188,0.06409483402967453,0.1511206477880478,0.00820107851177454,0.07002659142017365,0.4310604929924011,0.02040288597345352,0.04916347935795784],[0.11552112549543381,0.06507472693920135,0.06379617005586624,0.32456129789352417,0.0748836100101471,0.04082223027944565,0.21923579275608063,0.03935626894235611,0.05674874410033226],[0.0011438106885179877,0.021996846422553062,0.0009438554407097399,0.5699208974838257,0.0014981349231675267,0.22962960600852966,0.1697106808423996,0.003053691005334258,0.002102541271597147]],"label":[0,0,0,0,0,0,1,0,0]}