{"input":[[0.004002132453024387,0.01854708418250084,0.0031279204413294792,0.019356222823262215,0.0021425969898700714,0.04847775772213936,0.8697764873504639,0.025958731770515442,0.008611100725829601],[0.026376180350780487,0.024963250383734703,0.1449873298406601,0.04401036351919174,0.01807868853211403,0.10326308012008667,0.37424150109291077,0.1741069108247757,0.08997277915477753],[0.2541123032569885,0.122311070561409,0.04472517594695091,0.011838017962872982,0.005701630376279354,0.02788408286869526,0.5005972385406494,0.0033085758332163095,0.02952181175351143],[0.3286953568458557,0.03307980298995972,0.03185021132230759,0.04327896609902382,0.004339232575148344,0.012947862036526203,0.5159805417060852,0.005210804753005505,0.024617282673716545],[0.0003205787797924131,0.018142186105251312,0.0001474336750106886,0.00013423732889350504,3.7004832847742364e-05,0.008031938225030899,0.9706562161445618,0.0017609316855669022,0.0007693912484683096]],"label":[0,0,0,0,0,0,1,0,0]}