{"input":[[0.3308179974555969,0.26466798782348633,0.04611873999238014,0.014732870273292065,0.007639238145202398,0.0799851045012474,0.08418766409158707,0.09627876430749893,0.07557167112827301],[0.06524244695901871,0.19387286901474,0.439505934715271,0.004412839654833078,0.005224859807640314,0.023225829005241394,0.09716204553842545,0.10868150740861893,0.06267169117927551],[0.022192835807800293,0.14757917821407318,0.2594808340072632,0.009552008472383022,0.029153423383831978,0.02660624496638775,0.06132528558373451,0.4287601113319397,0.01535011362284422],[0.010558187030255795,0.05727288872003555,0.4953013062477112,0.001665144576691091,0.024649236351251602,0.0038638568948954344,0.07536735385656357,0.3119394779205322,0.019382519647479057],[0.09241850674152374,0.3291524350643158,0.24665550887584686,0.009997187182307243,0.026096263900399208,0.11016232520341873,0.10474494099617004,0.0519152469933033,0.028857555240392685]],"label":[0,0,0,0,1,0,0,0,0]}