{"input":[[0.01157718151807785,0.040978044271469116,0.005706639960408211,0.18036162853240967,0.007996689528226852,0.032153431326150894,0.670058012008667,0.012144600972533226,0.039023786783218384],[0.0062786126509308815,0.13152344524860382,0.005390994716435671,0.06260685622692108,0.0028765464667230844,0.09834890812635422,0.6249930262565613,0.02052897959947586,0.047452591359615326],[0.011860636062920094,0.017984488978981972,0.012189977802336216,0.0276044849306345,0.002345434622839093,0.04304826259613037,0.6606576442718506,0.17409747838974,0.0502115897834301],[0.002776295645162463,0.10380103439092636,0.001793553470633924,0.05681085214018822,0.0011900104582309723,0.07902825623750687,0.7348331212997437,0.01281709410250187,0.006949807517230511],[0.0023470993619412184,0.01579876057803631,0.0032893859315663576,0.08654788136482239,0.002573370700702071,0.05403973162174225,0.7798503637313843,0.021589670330286026,0.03396369889378548]],"label":[0,0,0,0,0,0,1,0,0]}