{"input":[[0.3307936489582062,0.03253558278083801,0.10479022562503815,0.052601251751184464,0.01737041026353836,0.066153883934021,0.24461744725704193,0.017269141972064972,0.13386835157871246],[0.033357467502355576,0.018608108162879944,0.09954781085252762,0.1016010195016861,0.3184078633785248,0.07434016466140747,0.2582297623157501,0.07280311733484268,0.023104621097445488],[0.03530118614435196,0.03197743743658066,0.25488343834877014,0.01961665228009224,0.13155056536197662,0.051526349037885666,0.06426185369491577,0.20462258160114288,0.20625989139080048],[0.02553633786737919,0.012708536349236965,0.2506702244281769,0.05941629037261009,0.18265537917613983,0.01999235711991787,0.003457039361819625,0.07520539313554764,0.3703584671020508],[0.00216193706728518,0.016119584441184998,0.0167777631431818,0.02891351841390133,0.13593217730522156,0.30161839723587036,0.423270046710968,0.010337919928133488,0.06486871093511581]],"label":[0,0,1,0,0,0,0,0,0]}