{"input":[[0.0025040407199412584,0.001506270025856793,0.005690847057849169,0.491109162569046,0.014488228596746922,0.0018943591276183724,0.4620613157749176,0.006573416292667389,0.014172380790114403],[0.0043752179481089115,0.02065332420170307,0.056350916624069214,0.09210743010044098,0.009929950349032879,0.039576347917318344,0.6599966287612915,0.061312828212976456,0.05569740757346153],[0.04582034423947334,0.32699453830718994,0.039839304983615875,0.03725697472691536,0.011593560688197613,0.12469296902418137,0.31926611065864563,0.010234047658741474,0.08430220931768417],[0.007475798949599266,0.16035963594913483,0.032048679888248444,0.19034436345100403,0.0373101532459259,0.07879911363124847,0.3069685697555542,0.011833463795483112,0.17486020922660828],[0.0022600796073675156,0.1029147356748581,0.0049815708771348,0.0009454148821532726,0.0009057270945049822,0.3106588125228882,0.5023548603057861,0.007005678489804268,0.06797316670417786]],"label":[0,0,0,0,0,0,1,0,0]}