{"input":[[0.0849057286977768,0.3000287115573883,0.028114192187786102,0.0016867662779986858,0.0028927912935614586,0.03218531608581543,0.5497821569442749,0.00018627909594215453,0.00021801091497763991],[0.01462925598025322,0.13237398862838745,0.013342248275876045,0.4317415952682495,0.013415473513305187,0.04714987799525261,0.32450562715530396,0.01554182730615139,0.00730003509670496],[0.028257107362151146,0.003110234858468175,0.1509268879890442,0.0005224595661275089,0.0037602402735501528,0.0011535241501405835,0.02137969806790352,0.7833529710769653,0.007536883000284433],[0.009317145682871342,0.07930560410022736,0.028751717880368233,0.003503106301650405,0.02200613170862198,0.006046726368367672,0.7913079261779785,0.0539989173412323,0.005762804299592972],[0.013022907078266144,0.21953564882278442,0.1690341830253601,0.05656631663441658,0.08889611065387726,0.15305711328983307,0.2859227955341339,0.012609301134943962,0.0013556494377553463]],"label":[0,0,0,0,0,0,0,1,0]}