{"input":[[0.004146179649978876,0.002009797841310501,0.018016649410128593,0.748898446559906,0.03682198375463486,0.011464071460068226,0.1634678989648819,0.002987930551171303,0.012187013402581215],[0.0023842258378863335,0.006804053205996752,0.003118758089840412,0.621982991695404,0.025708632543683052,0.05030706897377968,0.2714151442050934,0.0031605083495378494,0.015118648298084736],[0.0155379893258214,0.0026541303377598524,0.5887339115142822,0.0763731524348259,0.08861430734395981,0.001350286416709423,0.02509896084666252,0.1817018687725067,0.019935358315706253],[0.01538209617137909,0.006975701078772545,0.20705606043338776,0.2002430111169815,0.1237432137131691,0.006077987141907215,0.416207879781723,0.003768984228372574,0.020544983446598053],[0.0031906352378427982,0.003795280121266842,0.1487799435853958,0.35974961519241333,0.3574160933494568,0.014698612503707409,0.0606168769299984,0.015894664451479912,0.03585822880268097]],"label":[0,0,0,1,0,0,0,0,0]}