{"input":[[0.04026561602950096,0.00010116109478985891,0.65821772813797,0.008210496045649052,0.007520971819758415,0.0007176934159360826,0.0062438189052045345,0.2482144981622696,0.030507998540997505],[0.0347859263420105,0.000840432068798691,0.12550164759159088,0.01014811359345913,0.009605984203517437,0.001865917700342834,0.009888356551527977,0.7812905311584473,0.026073064655065536],[0.08968328684568405,0.00042627452057786286,0.20754501223564148,0.0416342057287693,0.01103613618761301,0.0010855274740606546,0.01434372179210186,0.569482684135437,0.06476317346096039],[0.0856051966547966,0.013946367427706718,0.0939142107963562,0.11005091667175293,0.017688170075416565,0.012405568733811378,0.12387773394584656,0.4567921757698059,0.08571969717741013],[0.0726943239569664,0.0006296992069110274,0.41734835505485535,0.014655928127467632,0.01280002947896719,0.0013394474517554045,0.03965553268790245,0.4333264231681824,0.007550302892923355]],"label":[0,0,1,0,0,0,0,0,0]}