{"input":[[0.054171450436115265,0.39412549138069153,0.03607480227947235,0.02058531530201435,0.007428682874888182,0.029657967388629913,0.24017329514026642,0.160126730799675,0.05765627324581146],[0.0005315732560120523,0.014378029853105545,0.0031103892251849174,0.6657878756523132,0.009304429404437542,0.019161976873874664,0.27512288093566895,0.010320513509213924,0.0022823382169008255],[0.05774436891078949,0.17467057704925537,0.21097487211227417,0.04281754419207573,0.01571628265082836,0.024985531345009804,0.2098863422870636,0.23837913572788239,0.024825245141983032],[0.08803638070821762,0.17543925344944,0.0904986783862114,0.04700366407632828,0.009017775766551495,0.17892903089523315,0.32026466727256775,0.06692211329936981,0.02388838119804859],[0.012444405816495419,0.007908497005701065,0.006921775173395872,0.5284795761108398,0.015243125148117542,0.16044776141643524,0.2225087434053421,0.00949740782380104,0.03654879704117775]],"label":[1,0,0,0,0,0,0,0,0]}