{"input":[[0.014303411357104778,0.03464804217219353,0.027652835473418236,0.5514598488807678,0.05265530198812485,0.017314234748482704,0.15296980738639832,0.1239611953496933,0.025035321712493896],[0.0072751156985759735,0.020859908312559128,0.01063303742557764,0.7138648629188538,0.03984963893890381,0.014664099551737309,0.11074721813201904,0.05116777867078781,0.03093837760388851],[0.008854937739670277,0.013013893738389015,0.10938460379838943,0.08811450004577637,0.09572367370128632,0.027335215359926224,0.5334550142288208,0.09380341321229935,0.03031475655734539],[0.008295174688100815,0.010707555338740349,0.011453745886683464,0.31794074177742004,0.08689181506633759,0.02137179858982563,0.45081400871276855,0.054618820548057556,0.037906304001808167],[0.036648187786340714,0.04906126856803894,0.0733967050909996,0.47220295667648315,0.03726571053266525,0.021821623668074608,0.18395841121673584,0.08143090456724167,0.044214218854904175]],"label":[0,0,0,0,0,0,0,0,1]}