{"input":[[0.9000340104103088,0.0004997625364921987,0.0736149400472641,0.0004439930198714137,0.0022311375942081213,0.0005660076858475804,0.01776973344385624,0.004508496727794409,0.0003318542439956218],[0.8641553521156311,0.0003060524759348482,0.08221182972192764,0.0003388378827366978,0.004610944539308548,0.00010425779328215867,0.004186661913990974,0.04350399598479271,0.0005821477388963103],[0.9243190288543701,0.004462164361029863,0.04795252904295921,0.00035363336792215705,0.0010698277037590742,0.001475117402151227,0.014139575883746147,0.001575284986756742,0.004652742762118578],[0.7137327194213867,0.000857041566632688,0.24953021109104156,0.00018802481645252556,0.0004943317035213113,0.0004415013827383518,0.019014272838830948,0.01109128724783659,0.004650711081922054],[0.5658082365989685,0.0010628652526065707,0.39244210720062256,8.594844257459044e-05,0.0010321767767891288,9.357540693599731e-05,0.018570203334093094,0.02002633735537529,0.0008785840473137796]],"label":[1,0,0,0,0,0,0,0,0]}