{"input":[[0.06476098299026489,0.007704743184149265,0.44553542137145996,0.2633515000343323,0.109239362180233,0.008192040957510471,0.04363483935594559,0.0065065775997936726,0.05107451602816582],[0.0901053324341774,0.12356020510196686,0.20187710225582123,0.11203122138977051,0.07044639438390732,0.031739573925733566,0.2993030548095703,0.0651586577296257,0.005778460763394833],[0.12444327771663666,0.030827028676867485,0.1949092447757721,0.07291199266910553,0.04674733430147171,0.03485419601202011,0.3202415406703949,0.03610232472419739,0.13896308839321136],[0.11979766190052032,0.08728944510221481,0.2008768767118454,0.13090084493160248,0.039468396455049515,0.04358648881316185,0.23411504924297333,0.030662138015031815,0.1133030578494072],[0.06443306058645248,0.030770758166909218,0.18535767495632172,0.13347014784812927,0.04302354156970978,0.015394174493849277,0.2485230267047882,0.19873441755771637,0.08029323071241379]],"label":[0,0,0,0,0,0,0,0,1]}