{"input":[[0.08649712055921555,0.0392499603331089,0.02062111720442772,0.1023772656917572,0.04792269691824913,0.02958787977695465,0.3846072256565094,0.07593744993209839,0.21319928765296936],[0.006401109974831343,0.023631270974874496,0.006757886614650488,0.24627844989299774,0.007448304910212755,0.007055872119963169,0.5295776128768921,0.013169495388865471,0.15967997908592224],[0.09071846306324005,0.0172518752515316,0.03846116364002228,0.46443620324134827,0.1925729662179947,0.006638209335505962,0.11040543764829636,0.029968129470944405,0.0495474673807621],[0.055361486971378326,0.009378760121762753,0.017794637009501457,0.2993830144405365,0.1016816720366478,0.019562240689992905,0.2662334740161896,0.06471870839595795,0.1658860296010971],[0.0657234787940979,0.007419241592288017,0.008575815707445145,0.3486934006214142,0.15819653868675232,0.008805561810731888,0.04941950738430023,0.08609294891357422,0.2670736312866211]],"label":[0,0,0,0,1,0,0,0,0]}