{"input":[[0.0353170782327652,0.013103666715323925,0.0054174624383449554,0.25656822323799133,0.02529461309313774,0.0165272057056427,0.6020709276199341,0.024686412885785103,0.021014351397752762],[0.0535031333565712,0.04921006038784981,0.019930098205804825,0.2939699590206146,0.012818402610719204,0.026385167613625526,0.5086790323257446,0.019590899348258972,0.015913205221295357],[0.03979669511318207,0.07950212806463242,0.07241157442331314,0.29761046171188354,0.026530396193265915,0.08716285973787308,0.16221603751182556,0.17302487790584564,0.0617450550198555],[0.06805111467838287,0.012805841863155365,0.022187376394867897,0.21759113669395447,0.035788584500551224,0.02475981041789055,0.5440019965171814,0.04459746181964874,0.030216770246624947],[0.0059707285836339,0.021326323971152306,0.0036260501947253942,0.02449490688741207,0.007523504085838795,0.06906972080469131,0.7186006903648376,0.14353761076927185,0.0058504496701061726]],"label":[0,0,0,0,0,0,0,1,0]}