{"input":[[0.046420805156230927,0.062464337795972824,0.63466876745224,0.06532106548547745,0.05177665501832962,0.009233549237251282,0.0648362785577774,0.017083371058106422,0.04819510132074356],[0.10540829598903656,0.09814796596765518,0.3037241995334625,0.10603519529104233,0.12004420906305313,0.012361140921711922,0.02941925637423992,0.16560381650924683,0.059255920350551605],[0.053977176547050476,0.012278932146728039,0.25589674711227417,0.4707011580467224,0.014158622361719608,0.0029306320939213037,0.060875121504068375,0.07593342661857605,0.05324825271964073],[0.07534194737672806,0.06556864827871323,0.12607459723949432,0.17121896147727966,0.016797535121440887,0.008298573084175587,0.06980500370264053,0.05044699087738991,0.4164476692676544],[0.017506446689367294,0.009940695017576218,0.7690498232841492,0.025865543633699417,0.05248240381479263,0.0002555484534241259,0.07527406513690948,0.0316825807094574,0.017942901700735092]],"label":[0,0,1,0,0,0,0,0,0]}