{"input":[[0.1500253975391388,0.037773873656988144,0.207326740026474,0.030305499210953712,0.04880352318286896,0.014967304654419422,0.23934607207775116,0.028506861999630928,0.24294477701187134],[0.09840583056211472,0.02856106124818325,0.45859819650650024,0.028777146711945534,0.07295836508274078,0.007946385070681572,0.08508502691984177,0.1640869677066803,0.05558108538389206],[0.11987555027008057,0.07532104849815369,0.059759724885225296,0.01746491715312004,0.018989987671375275,0.07886301726102829,0.1479695737361908,0.16748209297657013,0.3142740726470947],[0.00934404507279396,0.050323355942964554,0.2702627182006836,0.013705997727811337,0.15505561232566833,0.0095472177490592,0.2262727916240692,0.14185401797294617,0.12363425642251968],[0.06984807550907135,0.014996631070971489,0.051002971827983856,0.04675312712788582,0.0967445820569992,0.011715509928762913,0.21567927300930023,0.003763513872399926,0.4894963204860687]],"label":[0,0,0,0,0,0,0,0,1]}