{"input":[[0.032849039882421494,0.10028522461652756,0.38544657826423645,0.0014903258997946978,0.01822185516357422,0.021460779011249542,0.1725786030292511,0.24017809331417084,0.027489477768540382],[0.2444690763950348,0.007007371634244919,0.20213355123996735,0.0005749579868279397,0.009537280537188053,0.01521232444792986,0.0923648253083229,0.38107049465179443,0.04763006791472435],[0.13064655661582947,0.3095800280570984,0.2916441261768341,0.0002128898340743035,0.005740285385400057,0.010407035239040852,0.047576021403074265,0.19431172311306,0.00988136138767004],[0.554401695728302,0.028241489082574844,0.19319655001163483,0.0006517174770124257,0.01941177435219288,0.019912566989660263,0.04950552433729172,0.10863414406776428,0.02604462206363678],[0.02343357354402542,0.087733693420887,0.059868667274713516,6.711882451782003e-05,0.022686917334794998,0.02872053161263466,0.24258843064308167,0.3494335114955902,0.1854674220085144]],"label":[1,0,0,0,0,0,0,0,0]}