{"input":[[0.07225312292575836,0.14358042180538177,0.012366884388029575,0.006191992200911045,0.0028236329089850187,0.18076953291893005,0.5321927666664124,0.03855793550610542,0.01126378495246172],[0.018546132370829582,0.0221689585596323,0.12808921933174133,0.024920053780078888,0.006725501734763384,0.07627398520708084,0.6885055899620056,0.01744893379509449,0.017321709543466568],[0.250095397233963,0.06816533952951431,0.04512348398566246,0.004111897200345993,0.004033492878079414,0.014634942635893822,0.043819304555654526,0.5625293850898743,0.007486718241125345],[0.054221317172050476,0.021014073863625526,0.01543727982789278,6.968100205995142e-05,0.0014602506998926401,0.0039060150738805532,0.11869145184755325,0.7131516933441162,0.07204823940992355],[0.018925435841083527,0.08839575946331024,0.0011728527024388313,0.00025812641251832247,0.0033404375426471233,0.5337845087051392,0.20796798169612885,0.01663343980908394,0.12952134013175964]],"label":[0,0,0,0,0,1,0,0,0]}