{"input":[[0.07630537450313568,0.009169788099825382,0.11747176945209503,0.376483678817749,0.2428702712059021,0.018061120063066483,0.07298002392053604,0.029483843594789505,0.057174235582351685],[0.15691888332366943,0.0174847561866045,0.04327249526977539,0.25207260251045227,0.206301748752594,0.020529016852378845,0.1167861670255661,0.11498875170946121,0.071645587682724],[0.10541417449712753,0.03378679230809212,0.28672346472740173,0.009677046909928322,0.05388353392481804,0.008315728977322578,0.10808567702770233,0.2872151732444763,0.10689838230609894],[0.023062871769070625,0.009402734227478504,0.31050291657447815,0.045305829495191574,0.24092815816402435,0.012327260337769985,0.1755043864250183,0.0375608466565609,0.14540499448776245],[0.2975337505340576,0.02937771938741207,0.3393245339393616,0.0022056594025343657,0.05853711813688278,0.017832810059189796,0.10517726838588715,0.08830882608890533,0.06170226261019707]],"label":[0,0,1,0,0,0,0,0,0]}