{"input":[[0.022605033591389656,0.008585660718381405,0.2248108834028244,0.2979576289653778,0.05826396122574806,0.007588587701320648,0.17817789316177368,0.013423753902316093,0.18858666718006134],[0.0018012981163337827,0.0011988577898591757,0.4443974196910858,0.3460853099822998,0.0215144045650959,0.0041907127015292645,0.11566416919231415,0.005153162870556116,0.05999467894434929],[0.0045294323936104774,0.03455017879605293,0.12300097942352295,0.12937863171100616,0.04171925038099289,0.0395607054233551,0.06484472006559372,0.16894744336605072,0.39346861839294434],[0.020128147676587105,0.000495310639962554,0.1568540334701538,0.5483790040016174,0.08594498038291931,0.0012890766374766827,0.015743426978588104,0.010079680941998959,0.1610863357782364],[0.006146783009171486,0.003301013261079788,0.04742573946714401,0.21132157742977142,0.5471192598342896,0.01734629087150097,0.019654380157589912,0.016286181285977364,0.13139866292476654]],"label":[0,0,0,0,1,0,0,0,0]}