{"input":[[0.37340426445007324,0.012762091122567654,0.04621066525578499,0.23758186399936676,0.013710200786590576,0.016366085037589073,0.24929147958755493,0.03450706601142883,0.016166331246495247],[0.5094190835952759,0.008796630427241325,0.3918982446193695,0.007556685712188482,0.00890682265162468,0.002338710706681013,0.043535973876714706,0.005204802844673395,0.02234303019940853],[0.3115369379520416,0.0019973600283265114,0.08326497673988342,0.0028814133256673813,0.008397483266890049,0.0028119757771492004,0.020192179828882217,0.5430569052696228,0.025860777124762535],[0.11646595597267151,0.012852952815592289,0.5962691903114319,0.009419221431016922,0.03182964026927948,0.002221024828031659,0.03424307331442833,0.15964287519454956,0.0370560847222805],[0.4873447120189667,0.0029333876445889473,0.26868370175361633,0.0014032424660399556,0.0026037022471427917,0.0013741275761276484,0.014614420011639595,0.20077846944332123,0.02026430331170559]],"label":[0,0,1,0,0,0,0,0,0]}