{"input":"34943.jpg","scores":[[0.017571890726685524,0.05883455276489258,0.10021204501390457,0.6920706629753113,0.1313108205795288],[0.031970374286174774,0.14482294023036957,0.17081789672374725,0.5455522537231445,0.10683652013540268],[0.006876388564705849,0.06894222646951675,0.1860896497964859,0.6911991238594055,0.04689266160130501],[0.02175840735435486,0.1833972930908203,0.14446160197257996,0.5576123595237732,0.09277025610208511]],"label":[0,0,0,1,0]}