{"input":"36557.jpg","scores":[[0.14481061697006226,0.33924540877342224,0.13267551362514496,0.044065169990062714,0.33920323848724365],[0.11245489865541458,0.4987186789512634,0.18292634189128876,0.07076381146907806,0.1351362019777298],[0.12565729022026062,0.5101110339164734,0.12456268072128296,0.06364785134792328,0.17602112889289856],[0.16002711653709412,0.5713468194007874,0.07216868549585342,0.04549741744995117,0.15095996856689453]],"label":[0,1,0,0,0]}