{"input":"3920.jpg","scores":[[0.015817919746041298,0.5077635049819946,0.08529150485992432,0.3527970612049103,0.03832998126745224],[0.05716594308614731,0.43765994906425476,0.0884506031870842,0.3793181777000427,0.03740533068776131],[0.06354052573442459,0.6234434247016907,0.10410702228546143,0.13955846428871155,0.06935051083564758],[0.05487176030874252,0.4821179211139679,0.1482052057981491,0.19047726690769196,0.12432783842086792]],"label":[0,0,0,1,0]}