{"input":"46868.jpg","scores":[[0.14373549818992615,0.3023163080215454,0.05987340211868286,0.3224847614765167,0.17158997058868408],[0.11278338730335236,0.22539447247982025,0.07507868856191635,0.3713006377220154,0.21544286608695984],[0.026855560019612312,0.15884314477443695,0.1373303383588791,0.6476820707321167,0.029288817197084427],[0.009504054673016071,0.07037072628736496,0.09068533033132553,0.8188289403915405,0.010610923171043396]],"label":[0,0,1,0,0]}