{"input":"68709.jpg","scores":[[0.16208386421203613,0.3297726511955261,0.05181693285703659,0.17012803256511688,0.2861984670162201],[0.1949872076511383,0.3109319806098938,0.017395203933119774,0.06607744097709656,0.4106081426143646],[0.11317753791809082,0.084507517516613,0.0016672775382176042,0.03274087980389595,0.7679068446159363],[0.021992754191160202,0.01987513341009617,0.0007603839039802551,0.017483847215771675,0.9398878216743469]],"label":[0,1,0,0,0]}