{"input":[[0.23389437794685364,0.31776389479637146,0.05044126138091087,0.14803902804851532,0.2498614639043808],[0.14713962376117706,0.09504760801792145,0.004253534600138664,0.006584836635738611,0.7469743490219116],[0.18518510460853577,0.12200095504522324,0.0052047655917704105,0.010750073939561844,0.6768590807914734],[0.18996381759643555,0.27607589960098267,0.014905957505106926,0.06468598544597626,0.45436832308769226],[0.29563209414482117,0.2984330952167511,0.008498288691043854,0.018622545525431633,0.37881404161453247],[0.23170106112957,0.14707134664058685,0.009932608343660831,0.026610223576426506,0.5846847891807556],[0.2016029804944992,0.17661669850349426,0.008795344270765781,0.015897106379270554,0.5970878005027771],[0.13736367225646973,0.26632899045944214,0.01642945595085621,0.03807497397065163,0.5418030023574829],[0.3756043314933777,0.09231239557266235,0.0012321133399382234,0.002629496157169342,0.5282217264175415],[0.3081478476524353,0.08548945933580399,0.0036465695593506098,0.0056352680549025536,0.5970808267593384],[0.2465985268354416,0.223388671875,0.006702175829559565,0.014762623235583305,0.5085480213165283],[0.18018220365047455,0.14080475270748138,0.0019608037546277046,0.0043097129091620445,0.6727425456047058],[0.24020767211914062,0.1593925952911377,0.009834513068199158,0.01481722667813301,0.575748085975647],[0.1583421677350998,0.32892507314682007,0.07110960781574249,0.12737838923931122,0.3142448365688324],[0.18783706426620483,0.3377993702888489,0.13196544349193573,0.12392782419919968,0.21847037971019745],[0.07685437798500061,0.3940582573413849,0.09740827977657318,0.25791800022125244,0.17376111447811127]],"label":[0,0,0,0,1]}