{"input":[[0.09822842478752136,0.17535901069641113,0.38259777426719666,0.1563461273908615,0.18746867775917053],[0.08908896148204803,0.14825528860092163,0.6388084888458252,0.09188104420900345,0.03196621686220169],[0.03337258845567703,0.0746791884303093,0.7973737120628357,0.06465019285678864,0.029924361035227776],[0.053374454379081726,0.12467174232006073,0.5379582643508911,0.1643417924642563,0.11965365707874298],[0.047775618731975555,0.1538633108139038,0.46075668931007385,0.17810243368148804,0.15950201451778412],[0.04084596037864685,0.21951432526111603,0.5502089262008667,0.1748400777578354,0.01459069736301899],[0.036502301692962646,0.39467817544937134,0.4674738943576813,0.09014392644166946,0.011201583780348301],[0.08676063269376755,0.31139272451400757,0.17461594939231873,0.11150011420249939,0.31573057174682617],[0.08050861209630966,0.28101906180381775,0.30180901288986206,0.1413782238960266,0.1952851116657257],[0.04847734794020653,0.24450217187404633,0.5600828528404236,0.128996804356575,0.017940891906619072],[0.02744307368993759,0.3008922040462494,0.573336124420166,0.07554107159376144,0.02278759330511093],[0.19248716533184052,0.287723571062088,0.15384389460086823,0.2271086722612381,0.13883674144744873],[0.15816140174865723,0.19728535413742065,0.083185575902462,0.13463401794433594,0.4267336428165436],[0.23965688049793243,0.24098320305347443,0.13983093202114105,0.2864519953727722,0.09307701885700226],[0.3247303068637848,0.3206791877746582,0.2113257646560669,0.09488502144813538,0.048379722982645035],[0.15014828741550446,0.3532404899597168,0.14487259089946747,0.14338454604148865,0.20835410058498383]],"label":[0,0,1,0,0]}