{"input":[[0.17857977747917175,0.14231601357460022,0.020003125071525574,0.036572691053152084,0.6225284337997437],[0.08488600701093674,0.41249731183052063,0.13402505218982697,0.25998762249946594,0.10860402882099152],[0.13414117693901062,0.36380285024642944,0.21098890900611877,0.08758695423603058,0.20348013937473297],[0.09652194380760193,0.37792474031448364,0.19504033029079437,0.10895664989948273,0.22155629098415375],[0.06240836903452873,0.08724021911621094,0.01841486431658268,0.04299978166818619,0.7889367341995239],[0.0819757878780365,0.2868174910545349,0.08126168698072433,0.4098673462867737,0.14007771015167236],[0.13925497233867645,0.41178616881370544,0.058462955057621,0.10636141151189804,0.28413456678390503],[0.08888285607099533,0.1813824474811554,0.027726899832487106,0.053980790078639984,0.6480269432067871],[0.10656797140836716,0.21585583686828613,0.05862913653254509,0.07096352428197861,0.5479834675788879],[0.1546328216791153,0.29615095257759094,0.09574966877698898,0.15459586679935455,0.298870712518692],[0.15014773607254028,0.40992456674575806,0.02829476073384285,0.057859502732753754,0.3537733554840088],[0.19820082187652588,0.41646331548690796,0.033895544707775116,0.04067115858197212,0.3107691705226898],[0.09118515998125076,0.20712003111839294,0.13933001458644867,0.18712761998176575,0.3752371370792389],[0.09342372417449951,0.4512803554534912,0.09260626882314682,0.18422679603099823,0.17846280336380005],[0.2257494479417801,0.4348110556602478,0.03009662963449955,0.07685767859220505,0.23248519003391266],[0.19513598084449768,0.38255706429481506,0.058789562433958054,0.05781484395265579,0.3057025372982025]],"label":[0,0,0,1,0]}