{"input":[[0.007613230496644974,0.013873849995434284,0.005604901351034641,0.015634741634130478,0.9572733044624329],[0.007613230496644974,0.013873849995434284,0.005604901351034641,0.015634741634130478,0.9572733044624329],[0.007613230496644974,0.013873849995434284,0.005604901351034641,0.015634741634130478,0.9572733044624329],[0.007613230496644974,0.013873849995434284,0.005604901351034641,0.015634741634130478,0.9572733044624329],[0.016174502670764923,0.05160971358418465,0.5245809555053711,0.39408162236213684,0.013553216122090816],[0.009392834268510342,0.0450449176132679,0.4458329677581787,0.4893781542778015,0.010351143777370453],[0.010161476209759712,0.05702390894293785,0.44805794954299927,0.4616010785102844,0.02315552905201912],[0.011225800961256027,0.04873348027467728,0.48299506306648254,0.4324435889720917,0.024602094665169716],[0.012233327142894268,0.017343826591968536,0.39803850650787354,0.5665777325630188,0.005806587636470795],[0.004878525156527758,0.012083024717867374,0.24755656719207764,0.7322061061859131,0.0032757646404206753],[0.006809328682720661,0.022189950570464134,0.4543967545032501,0.5065611600875854,0.010042817331850529],[0.01735651306807995,0.047465428709983826,0.3620944917201996,0.5604438781738281,0.012639672495424747],[0.007613230496644974,0.013873849995434284,0.005604901351034641,0.015634741634130478,0.9572733044624329],[0.007613230496644974,0.013873849995434284,0.005604901351034641,0.015634741634130478,0.9572733044624329],[0.007613230496644974,0.013873849995434284,0.005604901351034641,0.015634741634130478,0.9572733044624329],[0.007613230496644974,0.013873849995434284,0.005604901351034641,0.015634741634130478,0.9572733044624329]],"label":[0,0,0,1,0]}