{"input":[[0.04249493405222893,0.07165751606225967,0.02044784650206566,0.056705132126808167,0.8086945414543152],[0.16459138691425323,0.18038484454154968,0.14473462104797363,0.454917311668396,0.05537182837724686],[0.17339088022708893,0.17882457375526428,0.14024661481380463,0.44715383648872375,0.0603841207921505],[0.0463537760078907,0.07346232980489731,0.028040817007422447,0.07413388043642044,0.778009295463562],[0.033862385898828506,0.06665998697280884,0.02834419533610344,0.0849122703075409,0.7862210869789124],[0.00580601068213582,0.019523808732628822,0.07169918715953827,0.901171863079071,0.0017991389613598585],[0.026802262291312218,0.05133551359176636,0.12726014852523804,0.7852430939674377,0.009358981624245644],[0.030956022441387177,0.08166123181581497,0.04827604815363884,0.11881799250841141,0.7202887535095215],[0.029143789783120155,0.06009943038225174,0.026090223342180252,0.09193137288093567,0.7927351593971252],[0.055684663355350494,0.11985747516155243,0.1125137060880661,0.6847297549247742,0.027214346453547478],[0.04689411446452141,0.11737001687288284,0.11682357639074326,0.6905053853988647,0.028406931087374687],[0.05907111242413521,0.09197510033845901,0.02919800579547882,0.0803474634885788,0.7394083738327026],[0.025309599936008453,0.05589037388563156,0.021254979074001312,0.08623550087213516,0.8113095164299011],[0.054831624031066895,0.09861180931329727,0.11192378401756287,0.7048407196998596,0.029792072251439095],[0.020201340317726135,0.08059363812208176,0.10315792262554169,0.775005578994751,0.02104153297841549],[0.062315139919519424,0.09668519347906113,0.04356136545538902,0.1586824655532837,0.6387558579444885]],"label":[0,0,0,1,0]}