{"input":[[0.063237264752388,0.17462605237960815,0.44513100385665894,0.19718852639198303,0.1198170855641365],[0.055233221501111984,0.23201900720596313,0.47786572575569153,0.17239022254943848,0.06249189376831055],[0.03162204846739769,0.21910333633422852,0.5471105575561523,0.1521938294172287,0.049970172345638275],[0.0782845988869667,0.22363944351673126,0.3689482510089874,0.09673427045345306,0.23239344358444214],[0.03799952194094658,0.1772938072681427,0.3337633013725281,0.1998860388994217,0.25105732679367065],[0.04129703715443611,0.5121835470199585,0.270115464925766,0.11060535907745361,0.06579860299825668],[0.028674421831965446,0.30142316222190857,0.35009652376174927,0.2546318471431732,0.06517408043146133],[0.06145091727375984,0.1971701830625534,0.41846099495887756,0.0906468853354454,0.2322710007429123],[0.09686148166656494,0.3078076243400574,0.17921844124794006,0.14293250441551208,0.27317988872528076],[0.24223129451274872,0.18637026846408844,0.1984291523694992,0.3413885533809662,0.031580645591020584],[0.044667139649391174,0.2611164450645447,0.3221804201602936,0.35497304797172546,0.017062967643141747],[0.08521439135074615,0.2070498764514923,0.3729688227176666,0.19230829179286957,0.14245863258838654],[0.13537484407424927,0.2431146502494812,0.18334715068340302,0.33117058873176575,0.10699272155761719],[0.07198447734117508,0.08951627463102341,0.17302276194095612,0.6402838230133057,0.0251926276832819],[0.06960348784923553,0.0969964787364006,0.15527591109275818,0.6599569320678711,0.0181671604514122],[0.036611441522836685,0.22026178240776062,0.3573336601257324,0.31570568680763245,0.07008733600378036]],"label":[0,0,1,0,0]}