{"input":[[0.0470617339015007,0.1412571370601654,0.06021833047270775,0.09027140587568283,0.6611914038658142],[0.03730125352740288,0.09306322038173676,0.06178877130150795,0.17267563939094543,0.635171115398407],[0.04967108741402626,0.11255326122045517,0.04929768666625023,0.11260538548231125,0.6758725643157959],[0.03922855854034424,0.10771387815475464,0.05223747715353966,0.1688418984413147,0.6319782137870789],[0.1153835579752922,0.556151270866394,0.12169304490089417,0.12658624351024628,0.08018583059310913],[0.07004885375499725,0.4224710166454315,0.14645002782344818,0.27605003118515015,0.08498013019561768],[0.08697263896465302,0.4432949125766754,0.24575302004814148,0.14302057027816772,0.08095885813236237],[0.018493404611945152,0.3911544680595398,0.2367340326309204,0.30348867177963257,0.050129424780607224],[0.1437245011329651,0.49840283393859863,0.06493239104747772,0.14138413965702057,0.1515560746192932],[0.0855032429099083,0.5170958638191223,0.04431086778640747,0.16506336629390717,0.18802669644355774],[0.05702345073223114,0.49892324209213257,0.10823287814855576,0.21826998889446259,0.11755049228668213],[0.05782851204276085,0.5185680389404297,0.11752880364656448,0.13847355544567108,0.167601078748703],[0.05380653962492943,0.18479527533054352,0.09247121214866638,0.14943799376487732,0.5194888710975647],[0.06130686774849892,0.1428595930337906,0.03322775661945343,0.07044192403554916,0.6921639442443848],[0.047061897814273834,0.27845367789268494,0.11458092927932739,0.2314736396074295,0.32842978835105896],[0.04692119359970093,0.2005685269832611,0.07013803720474243,0.201660618185997,0.48071154952049255]],"label":[0,1,0,0,0]}