{"input":[[0.04620349779725075,0.12952646613121033,0.07593917846679688,0.2523423135280609,0.4959885776042938],[0.0427832193672657,0.12325087189674377,0.07428061962127686,0.23088876903057098,0.5287964940071106],[0.030651181936264038,0.11129143089056015,0.07897176593542099,0.3364042341709137,0.44268134236335754],[0.03917762264609337,0.10303355753421783,0.0973639190196991,0.39480701088905334,0.36561790108680725],[0.0996367484331131,0.13386136293411255,0.08820672333240509,0.549653947353363,0.12864118814468384],[0.043153103440999985,0.1064009740948677,0.09179817885160446,0.6479979753494263,0.11064974218606949],[0.02385670505464077,0.23487037420272827,0.09934277832508087,0.6069725155830383,0.034957606345415115],[0.04405127093195915,0.10163416713476181,0.08263443410396576,0.6286298632621765,0.1430502086877823],[0.05564970523118973,0.1867830902338028,0.15728741884231567,0.5272896885871887,0.07299016416072845],[0.05699800327420235,0.26005569100379944,0.09425053745508194,0.5016690492630005,0.0870266854763031],[0.08106006681919098,0.31394603848457336,0.07323306798934937,0.42382490634918213,0.10793592780828476],[0.06393854320049286,0.29999157786369324,0.05999133735895157,0.4917735755443573,0.08430492132902145],[0.02918248437345028,0.10104254633188248,0.07867617160081863,0.5933322310447693,0.1977664828300476],[0.026815347373485565,0.08783095329999924,0.07540857046842575,0.51441890001297,0.2955261766910553],[0.025182582437992096,0.1035037562251091,0.06260982900857925,0.4459270238876343,0.3627767562866211],[0.02801118791103363,0.12330284714698792,0.07959538698196411,0.5362786054611206,0.23281192779541016]],"label":[0,0,0,0,1]}