{"input":[[0.03655664995312691,0.14696578681468964,0.3226729929447174,0.05679520592093468,0.4370093047618866],[0.02831413224339485,0.09463545680046082,0.6406028866767883,0.05503832548856735,0.1814091056585312],[0.04759926348924637,0.21452461183071136,0.4738241732120514,0.14690685272216797,0.11714500933885574],[0.052317697554826736,0.19053331017494202,0.19089041650295258,0.04859131574630737,0.5176672339439392],[0.048864882439374924,0.2377714216709137,0.25428876280784607,0.08145266026258469,0.37762224674224854],[0.023969097062945366,0.10147718340158463,0.5570107698440552,0.04331262782216072,0.27423036098480225],[0.06181155890226364,0.14483626186847687,0.4685157537460327,0.15163157880306244,0.17320479452610016],[0.057692334055900574,0.220529243350029,0.24172824621200562,0.056394968181848526,0.42365527153015137],[0.037179261445999146,0.2356244921684265,0.3074338734149933,0.09677577018737793,0.32298654317855835],[0.046105656772851944,0.14876605570316315,0.5361648201942444,0.07762660086154938,0.19133685529232025],[0.004481860436499119,0.03862639144062996,0.6910367012023926,0.2447865754365921,0.021068423986434937],[0.05546857416629791,0.15373532474040985,0.3414003252983093,0.0697934553027153,0.3796023428440094],[0.04227912798523903,0.15593647956848145,0.35339418053627014,0.14575059711933136,0.3026396930217743],[0.0058382973074913025,0.09048978239297867,0.7751227617263794,0.10377918183803558,0.024770021438598633],[0.012131161987781525,0.1376544088125229,0.6895474195480347,0.08093862980604172,0.07972835749387741],[0.03859427198767662,0.20009185373783112,0.4745532274246216,0.10282015055418015,0.18394051492214203]],"label":[0,0,1,0,0]}