{"input":[[0.05407338589429855,0.08253858238458633,0.021428929641842842,0.09540992975234985,0.7465492486953735],[0.0366530604660511,0.0599999837577343,0.01320499274879694,0.0522615872323513,0.8378804922103882],[0.032334793359041214,0.04453480243682861,0.011639525182545185,0.04803216829895973,0.8634588718414307],[0.03597455844283104,0.04123372584581375,0.009291629306972027,0.052610863000154495,0.8608892560005188],[0.046089980751276016,0.16258972883224487,0.08986687660217285,0.5545819997787476,0.1468714475631714],[0.008043482899665833,0.08718015253543854,0.12603627145290375,0.7231220602989197,0.05561807006597519],[0.006328788585960865,0.04248863086104393,0.08725610375404358,0.8349568843841553,0.02896961197257042],[0.005910411477088928,0.053632259368896484,0.0926106721162796,0.8314934372901917,0.016353202983736992],[0.0032263181637972593,0.14474521577358246,0.08796998113393784,0.7474479079246521,0.016610493883490562],[0.0011826276313513517,0.046295035630464554,0.12655507028102875,0.8206118941307068,0.005355359520763159],[0.0006969194510020316,0.05255069211125374,0.1168137937784195,0.8270364999771118,0.0029021494556218386],[0.0005505968001671135,0.038100436329841614,0.12334612756967545,0.8349916934967041,0.0030111344531178474],[0.03453018516302109,0.20857976377010345,0.08713217079639435,0.3291950523853302,0.34056273102760315],[0.017262360081076622,0.1564362347126007,0.09397788345813751,0.42339012026786804,0.3089333176612854],[0.02472836524248123,0.212448388338089,0.11180426925420761,0.353402316570282,0.2976166605949402],[0.026070764288306236,0.13088268041610718,0.07100711762905121,0.23476731777191162,0.5372720956802368]],"label":[0,0,0,1,0]}