{"input":[[0.14179137349128723,0.08586817234754562,0.016189968213438988,0.09207305312156677,0.6640774011611938],[0.06761720031499863,0.0737801194190979,0.01776115782558918,0.08382999151945114,0.7570115327835083],[0.10146238654851913,0.13761019706726074,0.03455311059951782,0.14215007424354553,0.584224283695221],[0.10076664388179779,0.0929207131266594,0.019951919093728065,0.07759065926074982,0.7087700366973877],[0.1082797646522522,0.21923857927322388,0.0798305794596672,0.3795711100101471,0.21307997405529022],[0.220582976937294,0.2568255364894867,0.049685608595609665,0.31729811429977417,0.15560781955718994],[0.352374404668808,0.26178428530693054,0.015795081853866577,0.15906788408756256,0.2109784185886383],[0.36792007088661194,0.19296640157699585,0.03869759663939476,0.22559374570846558,0.1748221516609192],[0.17270202934741974,0.21158760786056519,0.054441533982753754,0.3140673041343689,0.24720148742198944],[0.03306902199983597,0.11041148006916046,0.063679538667202,0.7060413360595703,0.08679860830307007],[0.09019602835178375,0.5049322843551636,0.04456670209765434,0.29584604501724243,0.064458929002285],[0.18449591100215912,0.3834419846534729,0.054808299988508224,0.3173142671585083,0.059939492493867874],[0.16991324722766876,0.17860715091228485,0.06276701390743256,0.16004641354084015,0.4286661744117737],[0.08770223706960678,0.13732470571994781,0.029518473893404007,0.17647339403629303,0.5689812302589417],[0.08629703521728516,0.19440798461437225,0.052034199237823486,0.2143694907426834,0.45289117097854614],[0.08399657905101776,0.3465976119041443,0.0737285166978836,0.34957531094551086,0.1461019665002823]],"label":[0,0,1,0,0]}