{"input":[[0.4099351465702057,0.05450187250971794,0.004973459988832474,0.00808091089129448,0.5225086808204651],[0.4601045250892639,0.15302959084510803,0.0032078989315778017,0.011348249390721321,0.37230977416038513],[0.6153929829597473,0.16267628967761993,0.010995246469974518,0.013098487630486488,0.19783703982830048],[0.563298225402832,0.09845525026321411,0.0012203269870951772,0.004172107670456171,0.3328540623188019],[0.6873024106025696,0.053738225251436234,0.003263649297878146,0.005663380958139896,0.25003230571746826],[0.8085674047470093,0.10593219846487045,0.0002886699221562594,0.0009573391289450228,0.08425436913967133],[0.6563835740089417,0.20593853294849396,0.002380948280915618,0.009331662207841873,0.12596525251865387],[0.5147021412849426,0.09403204917907715,0.002435076981782913,0.0032882143277674913,0.3855425715446472],[0.7551640272140503,0.024070892482995987,0.0012884755851700902,0.0044340044260025024,0.21504256129264832],[0.5602493286132812,0.24943868815898895,0.006894187536090612,0.013482649810612202,0.16993507742881775],[0.7552818655967712,0.10456431657075882,0.0031379375141113997,0.00486322958022356,0.13215272128582],[0.41053226590156555,0.07384967058897018,0.0030721223447471857,0.006161266937851906,0.5063846707344055],[0.4846111834049225,0.1377163678407669,0.0024617428425699472,0.0033483272418379784,0.3718623220920563],[0.6978537440299988,0.11360574513673782,0.001797911711037159,0.0024604997597634792,0.18428213894367218],[0.4289272427558899,0.14532601833343506,0.006885787472128868,0.006972767878323793,0.41188815236091614],[0.5553536415100098,0.09246188402175903,0.00680362107232213,0.011439099907875061,0.3339417278766632]],"label":[1,0,0,0,0]}