{"input":[[0.059886448085308075,0.14875881373882294,0.12374205887317657,0.09436850249767303,0.5732442140579224],[0.04353979974985123,0.14590635895729065,0.24366287887096405,0.1776934117078781,0.38919755816459656],[0.08872329443693161,0.08955184370279312,0.1807405948638916,0.05676349252462387,0.584220826625824],[0.07579188793897629,0.3576461672782898,0.2675466537475586,0.1289210319519043,0.17009420692920685],[0.02938590571284294,0.12037575244903564,0.6334185004234314,0.10513640195131302,0.1116834431886673],[0.031469278037548065,0.1565563976764679,0.6841509342193604,0.10946142673492432,0.018361978232860565],[0.017851023003458977,0.16456623375415802,0.6249328255653381,0.11399129033088684,0.07865871489048004],[0.025514915585517883,0.32485976815223694,0.4756791889667511,0.11287477612495422,0.061071380972862244],[0.001833628281019628,0.02001696266233921,0.8206663131713867,0.1537109613418579,0.003772215684875846],[0.001144718611612916,0.00916445441544056,0.8988701701164246,0.08782786130905151,0.0029927680734544992],[0.0015872047515586019,0.01274259015917778,0.9318341016769409,0.05039055272936821,0.0034455740824341774],[0.022308649495244026,0.07090159505605698,0.7070249319076538,0.11980719864368439,0.07995772361755371],[0.003772280178964138,0.020494405180215836,0.8293594121932983,0.1306614726781845,0.01571243815124035],[0.006919759325683117,0.02819181978702545,0.8118460774421692,0.12193472683429718,0.03110765665769577],[0.02253270521759987,0.06800996512174606,0.5323619246482849,0.14003558456897736,0.2370597869157791],[0.011949637904763222,0.045878730714321136,0.8099877238273621,0.09917048364877701,0.03301335871219635]],"label":[0,0,1,0,0]}