{"input":[[0.18555593490600586,0.19338378310203552,0.0553685761988163,0.12084740400314331,0.4448442757129669],[0.10161464661359787,0.17645731568336487,0.1962585300207138,0.24704021215438843,0.278629332780838],[0.1581321358680725,0.27487531304359436,0.09459289163351059,0.13164980709552765,0.3407497704029083],[0.22287897765636444,0.1661270707845688,0.0704423114657402,0.18229585886001587,0.35825586318969727],[0.09371698647737503,0.42235758900642395,0.18996666371822357,0.23679648339748383,0.0571623295545578],[0.15306808054447174,0.28198426961898804,0.08368368446826935,0.030103646218776703,0.4511604309082031],[0.07054874300956726,0.3163822889328003,0.30887651443481445,0.07580958306789398,0.228382870554924],[0.0846521407365799,0.23887501657009125,0.2825013995170593,0.30789121985435486,0.08608030527830124],[0.15241049230098724,0.2979992628097534,0.1844685822725296,0.27051618695259094,0.09460541605949402],[0.1822701096534729,0.3879588544368744,0.17010819911956787,0.13136306405067444,0.1282997727394104],[0.056515056639909744,0.16172568500041962,0.5607646107673645,0.19256138801574707,0.028433211147785187],[0.024102918803691864,0.09306348860263824,0.16640441119670868,0.7057685256004333,0.010660633444786072],[0.10753623396158218,0.21640963852405548,0.16903796792030334,0.2977786362171173,0.20923744142055511],[0.18239301443099976,0.33215832710266113,0.09186270087957382,0.23248416185379028,0.1611018180847168],[0.1818283498287201,0.20832331478595734,0.13989225029945374,0.3015364110469818,0.16841965913772583],[0.08600550144910812,0.15055349469184875,0.11176808923482895,0.5486683249473572,0.1030045598745346]],"label":[0,0,1,0,0]}