{"input":[[0.1000027284026146,0.4011673629283905,0.034967873245477676,0.041941285133361816,0.4219207465648651],[0.1768300086259842,0.4013466536998749,0.04457608237862587,0.07145720720291138,0.3057900369167328],[0.28988295793533325,0.3834684193134308,0.018747152760624886,0.02900814637541771,0.2788933217525482],[0.11355330049991608,0.2784458100795746,0.029002385213971138,0.015313813462853432,0.5636846423149109],[0.12959708273410797,0.388170063495636,0.05740594491362572,0.07658664882183075,0.3482402265071869],[0.17283140122890472,0.39975517988204956,0.012247366830706596,0.031436800956726074,0.38372930884361267],[0.14172786474227905,0.3241979479789734,0.01304094959050417,0.018656112253665924,0.5023770928382874],[0.26335471868515015,0.4384848475456238,0.04735066741704941,0.04208100587129593,0.2087288349866867],[0.34795984625816345,0.2545589506626129,0.0042697954922914505,0.01550307683646679,0.3777082860469818],[0.47319042682647705,0.29947206377983093,0.012032730504870415,0.04458465799689293,0.1707201898097992],[0.17653487622737885,0.3353126049041748,0.03844708949327469,0.07895027846097946,0.3707551062107086],[0.3901297152042389,0.2672996520996094,0.026450980454683304,0.026385696604847908,0.2897339463233948],[0.1854802668094635,0.265316903591156,0.03552112355828285,0.08039507269859314,0.4332866370677948],[0.26605111360549927,0.24511727690696716,0.038934752345085144,0.056903429329395294,0.39299333095550537],[0.23973996937274933,0.37462782859802246,0.0622679628431797,0.05985509604215622,0.2635091245174408],[0.35184207558631897,0.34780147671699524,0.02512466534972191,0.017395930364727974,0.25783583521842957]],"label":[0,0,1,0,0]}