{"input":[[0.04272077977657318,0.10021554678678513,0.5352002382278442,0.18600279092788696,0.13586056232452393],[0.009620077908039093,0.09508664906024933,0.7658469676971436,0.11849711835384369,0.010949211195111275],[0.011722283437848091,0.03676551952958107,0.7786459922790527,0.10759226232767105,0.06527388840913773],[0.04282818362116814,0.11774001270532608,0.3383905291557312,0.14713464677333832,0.35390669107437134],[0.028785863891243935,0.10376323014497757,0.633235514163971,0.06436638534069061,0.16984888911247253],[0.01575561612844467,0.05361999198794365,0.5650842785835266,0.34667062759399414,0.018869448453187943],[0.006004416849464178,0.020106200128793716,0.4669623374938965,0.49126413464546204,0.01566288247704506],[0.028262171894311905,0.13284485042095184,0.45883747935295105,0.12176795303821564,0.25828760862350464],[0.02260238118469715,0.12218692153692245,0.584926426410675,0.1869659721851349,0.08331827819347382],[0.01630912348628044,0.11427092552185059,0.7171146869659424,0.12352371960878372,0.028781507164239883],[0.015056070871651173,0.057719189673662186,0.675344705581665,0.22098170220851898,0.03089829720556736],[0.057892411947250366,0.166115403175354,0.32915356755256653,0.1302097886800766,0.31662875413894653],[0.04677443951368332,0.14705701172351837,0.29790228605270386,0.12171358615159988,0.3865527808666229],[0.0181798804551363,0.11191515624523163,0.7998594045639038,0.045208003371953964,0.024837564677000046],[0.009210184216499329,0.048671167343854904,0.8211449384689331,0.11140348762273788,0.009570229798555374],[0.020763397216796875,0.09249793738126755,0.6816007494926453,0.10422434657812119,0.10091354697942734]],"label":[0,0,1,0,0]}