{"input":[[0.039828985929489136,0.053550511598587036,0.02923719584941864,0.03883465752005577,0.8385486006736755],[0.08651307970285416,0.10520996898412704,0.14856162667274475,0.11888689547777176,0.5408284664154053],[0.14637088775634766,0.17284291982650757,0.13004156947135925,0.13102543354034424,0.4197191596031189],[0.08607903122901917,0.08763804286718369,0.0321163684129715,0.03414090722799301,0.7600256204605103],[0.11910334974527359,0.1964057832956314,0.20800147950649261,0.08257497102022171,0.3939143717288971],[0.051270317286252975,0.11131647229194641,0.33547312021255493,0.22266866266727448,0.2792714536190033],[0.1363600492477417,0.20690001547336578,0.12581871449947357,0.15202677249908447,0.3788944482803345],[0.18086513876914978,0.21851404011249542,0.2106342911720276,0.12546303868293762,0.26452356576919556],[0.021039284765720367,0.08085688203573227,0.6801263689994812,0.16488568484783173,0.05309166759252548],[0.020791491493582726,0.06901539862155914,0.5598976016044617,0.30971559882164,0.04057988151907921],[0.19601602852344513,0.2339724600315094,0.07194847613573074,0.0657230094075203,0.43234002590179443],[0.08162011951208115,0.12288688868284225,0.11387847363948822,0.07740521430969238,0.604209303855896],[0.05796656385064125,0.0721883550286293,0.4954855442047119,0.06589975208044052,0.30845972895622253],[0.016051607206463814,0.05974021181464195,0.7043278217315674,0.20809707045555115,0.0117832962423563],[0.04640170559287071,0.13128501176834106,0.3354640603065491,0.4350886642932892,0.05176052823662758],[0.1231623962521553,0.1854264736175537,0.34708353877067566,0.21089860796928406,0.13342899084091187]],"label":[0,0,1,0,0]}