{"input":[[0.020584555342793465,0.02320566587150097,0.0063655786216259,0.0243417676538229,0.9255024790763855],[0.3980853855609894,0.2771711051464081,0.027544287964701653,0.25343018770217896,0.043769076466560364],[0.3788365423679352,0.18510887026786804,0.049937546253204346,0.3399483561515808,0.046168629080057144],[0.023675033822655678,0.03148334100842476,0.010720479302108288,0.037045612931251526,0.8970755338668823],[0.01615065708756447,0.025729354470968246,0.009067429229617119,0.03341694176197052,0.9156356453895569],[0.6757885813713074,0.06806638091802597,0.008071898482739925,0.05081794038414955,0.1972552239894867],[0.38364356756210327,0.08957354724407196,0.026470210403203964,0.17030805349349976,0.33000463247299194],[0.029760301113128662,0.041255369782447815,0.014082451350986958,0.05086716637015343,0.8640347123146057],[0.017125187441706657,0.02283443696796894,0.008979272097349167,0.032042551785707474,0.9190185070037842],[0.6419985294342041,0.07065946608781815,0.015839166939258575,0.09036824852228165,0.18113456666469574],[0.44671931862831116,0.08577337861061096,0.011106003075838089,0.09459633380174637,0.3618050515651703],[0.025956304743885994,0.03251003473997116,0.013218139298260212,0.0436997227370739,0.8846156597137451],[0.017099181190133095,0.024136947467923164,0.00800836831331253,0.022220473736524582,0.928534984588623],[0.6788657307624817,0.05745822191238403,0.0032958390656858683,0.017460914328694344,0.24291928112506866],[0.5112783908843994,0.08566287904977798,0.014777274802327156,0.07297103106975555,0.31531041860580444],[0.048621758818626404,0.05110783502459526,0.015996932983398438,0.05636578053236008,0.8279076814651489]],"label":[1,0,0,0,0]}