{"input":[[0.19632497429847717,0.4661605656147003,0.05384841561317444,0.06877738237380981,0.21488869190216064],[0.14867469668388367,0.42101889848709106,0.11427632719278336,0.10367847979068756,0.21235153079032898],[0.17596258223056793,0.49287572503089905,0.030608631670475006,0.03645633906126022,0.2640967071056366],[0.04227587953209877,0.4460066556930542,0.19536833465099335,0.21927255392074585,0.09707657992839813],[0.13155540823936462,0.5671132802963257,0.060707174241542816,0.11013452708721161,0.13048967719078064],[0.022378990426659584,0.1275235265493393,0.4488179087638855,0.38901272416114807,0.012266821227967739],[0.050361331552267075,0.09964118897914886,0.44974803924560547,0.34461432695388794,0.05563515052199364],[0.15911412239074707,0.5448348522186279,0.09598936885595322,0.08712654560804367,0.1129351481795311],[0.08689787983894348,0.36535364389419556,0.26217448711395264,0.2581840753555298,0.02738998457789421],[0.036140795797109604,0.06536560505628586,0.5651450157165527,0.23870137333869934,0.09464718401432037],[0.01801852136850357,0.04760760813951492,0.7003160119056702,0.2154827117919922,0.018575197085738182],[0.043355170637369156,0.14230376482009888,0.5425071716308594,0.22801710665225983,0.04381676763296127],[0.026298735290765762,0.2449660301208496,0.4437132179737091,0.27529460191726685,0.009727319702506065],[0.037620872259140015,0.30585673451423645,0.3998521566390991,0.23456647992134094,0.022103779017925262],[0.12578143179416656,0.6210363507270813,0.11294663697481155,0.06874065101146698,0.07149491459131241],[0.123816579580307,0.5089758634567261,0.18054868280887604,0.12256224453449249,0.06409667432308197]],"label":[0,0,0,1,0]}