{"input":[[0.019194450229406357,0.026713665574789047,0.008625690825283527,0.022330807521939278,0.9231353998184204],[0.026653306558728218,0.03663204237818718,0.010711890645325184,0.021456144750118256,0.9045466184616089],[0.025933951139450073,0.033043622970581055,0.013112864457070827,0.02675413340330124,0.901155412197113],[0.0313907191157341,0.03928419202566147,0.011231552809476852,0.03266814723610878,0.885425329208374],[0.02604067139327526,0.04883948713541031,0.7375958561897278,0.14129719138145447,0.046226754784584045],[0.012910112738609314,0.04569484293460846,0.7714033722877502,0.15196369588375092,0.018028004094958305],[0.19961854815483093,0.1792909801006317,0.36854851245880127,0.12820258736610413,0.12433940172195435],[0.12043553590774536,0.11186397075653076,0.44831424951553345,0.11972662061452866,0.19965960085391998],[0.029519222676753998,0.06251481175422668,0.6174950003623962,0.23815158009529114,0.05231938511133194],[0.013639845885336399,0.03521403670310974,0.778758704662323,0.15177850425243378,0.020608922466635704],[0.013029434718191624,0.029050590470433235,0.6784550547599792,0.2593742609024048,0.020090674981474876],[0.019637295976281166,0.05487774685025215,0.7330102920532227,0.11474694311618805,0.07772772014141083],[0.022385792806744576,0.07930891215801239,0.03201717138290405,0.09598089009523392,0.7703073024749756],[0.027057837694883347,0.08889202773571014,0.03558501973748207,0.09611820429563522,0.752346932888031],[0.026748277246952057,0.0858578309416771,0.033570244908332825,0.09241914004087448,0.7614045143127441],[0.023867329582571983,0.055226534605026245,0.01599617302417755,0.045754995197057724,0.8591548800468445]],"label":[0,0,1,0,0]}