{"input":[[0.1860540509223938,0.4741148054599762,0.060672082006931305,0.2209475040435791,0.058211665600538254],[0.07346682250499725,0.3786723017692566,0.14437255263328552,0.35544949769973755,0.04803881049156189],[0.1326172798871994,0.44209805130958557,0.12371281534433365,0.25501835346221924,0.046553533524274826],[0.11355176568031311,0.29328927397727966,0.44124361872673035,0.12002716213464737,0.031888145953416824],[0.2434740960597992,0.5078946948051453,0.07156945765018463,0.144185408949852,0.032876405864953995],[0.034156255424022675,0.28177741169929504,0.16172094643115997,0.5077530741691589,0.01459223497658968],[0.07832179963588715,0.2388630211353302,0.14627544581890106,0.5234578251838684,0.013081958517432213],[0.37456753849983215,0.4196232259273529,0.06846514344215393,0.08594376593828201,0.0514003187417984],[0.12051429599523544,0.3840698003768921,0.15458109974861145,0.29930585622787476,0.041528940200805664],[0.05398428067564964,0.2519843876361847,0.31618398427963257,0.36697670817375183,0.010870666243135929],[0.03795691952109337,0.3903887867927551,0.18998856842517853,0.3772604465484619,0.004405269864946604],[0.15680627524852753,0.3747507631778717,0.25456392765045166,0.15884624421596527,0.055032700300216675],[0.15804970264434814,0.33164775371551514,0.1702473908662796,0.29319411516189575,0.046861082315444946],[0.08434361219406128,0.3763065040111542,0.13758012652397156,0.3842328190803528,0.01753694750368595],[0.16276492178440094,0.27527424693107605,0.13599751889705658,0.35392552614212036,0.07203786075115204],[0.28916022181510925,0.47543275356292725,0.08043191581964493,0.1078181192278862,0.047157030552625656]],"label":[0,0,1,0,0]}