{"input":[[0.0694861114025116,0.14111554622650146,0.07085646688938141,0.0969838947057724,0.6215580105781555],[0.15769554674625397,0.23902250826358795,0.20443299412727356,0.23358632624149323,0.1652626246213913],[0.06690102815628052,0.2539654076099396,0.22826988995075226,0.3735550343990326,0.07730862498283386],[0.056471411138772964,0.12234310060739517,0.06738714873790741,0.09477787464857101,0.6590205430984497],[0.08057504147291183,0.17376573383808136,0.10557468980550766,0.11406352370977402,0.5260210037231445],[0.032626211643218994,0.1073378473520279,0.4923917353153229,0.3496370315551758,0.0180071871727705],[0.2438209503889084,0.18792782723903656,0.286950021982193,0.22806282341480255,0.05323841795325279],[0.07554391026496887,0.07863971590995789,0.0398092046380043,0.043170489370822906,0.7628366351127625],[0.11111008375883102,0.16542120277881622,0.12303217500448227,0.1872328221797943,0.4132036566734314],[0.023978669196367264,0.22072511911392212,0.4093979299068451,0.3320038318634033,0.01389438845217228],[0.037367455661296844,0.2634359300136566,0.4663263261318207,0.21387235820293427,0.018997956067323685],[0.07175243645906448,0.2131364941596985,0.2902870774269104,0.20667952299118042,0.218144491314888],[0.051815517246723175,0.2116270810365677,0.1511635184288025,0.20114894211292267,0.3842449486255646],[0.03309321030974388,0.1550733596086502,0.4285711348056793,0.31871408224105835,0.06454823911190033],[0.027020610868930817,0.16087286174297333,0.5233603715896606,0.25974786281585693,0.028998354449868202],[0.06457384675741196,0.28873345255851746,0.2688325047492981,0.20471714437007904,0.17314308881759644]],"label":[0,0,1,0,0]}