{"input":[[0.05106428265571594,0.07352098077535629,0.0381687730550766,0.0804041400551796,0.7568418383598328],[0.028495296835899353,0.09071385860443115,0.29691630601882935,0.5682612657546997,0.015613289549946785],[0.038710903376340866,0.08953891694545746,0.25084128975868225,0.5944862365722656,0.026422616094350815],[0.05207788199186325,0.12217792123556137,0.33723321557044983,0.18836458027362823,0.3001464009284973],[0.1085164025425911,0.27654382586479187,0.10779766738414764,0.18678396940231323,0.32035812735557556],[0.024014394730329514,0.08665049821138382,0.4530719816684723,0.42808961868286133,0.008173435926437378],[0.04290877655148506,0.09513382613658905,0.3494984209537506,0.5047163367271423,0.007742600049823523],[0.1041429191827774,0.2022244781255722,0.14259271323680878,0.18025144934654236,0.37078845500946045],[0.10751694440841675,0.1941792368888855,0.09882065653800964,0.19569626450538635,0.4037868082523346],[0.2513419985771179,0.2768300473690033,0.18687301874160767,0.24882103502750397,0.03613385185599327],[0.059843409806489944,0.30282822251319885,0.2876729369163513,0.3300313651561737,0.019624045118689537],[0.08833282440900803,0.2364395558834076,0.14191512763500214,0.28170984983444214,0.2516026496887207],[0.07298306375741959,0.21500611305236816,0.16517119109630585,0.36838284134864807,0.17845670878887177],[0.013812858611345291,0.1094711571931839,0.3184170424938202,0.55511075258255,0.003188192145898938],[0.09402786940336227,0.22130650281906128,0.4189062714576721,0.24432608485221863,0.021433290094137192],[0.08401782065629959,0.1923707127571106,0.2423907071352005,0.2267170250415802,0.25450369715690613]],"label":[0,0,0,1,0]}