{"input":[[0.051655109971761703,0.1331060528755188,0.3307853043079376,0.2284073531627655,0.2560461759567261],[0.04135406017303467,0.10618286579847336,0.5373697876930237,0.2728419899940491,0.04225124418735504],[0.037799280136823654,0.10743824392557144,0.6035556197166443,0.21117812395095825,0.04002871364355087],[0.050666969269514084,0.17878615856170654,0.4652003347873688,0.19041667878627777,0.11492989957332611],[0.04758227616548538,0.18263661861419678,0.24938420951366425,0.20842671394348145,0.31197017431259155],[0.041816309094429016,0.08866409957408905,0.609199583530426,0.20373189449310303,0.05658808723092079],[0.06953278928995132,0.1831727772951126,0.43620628118515015,0.27166473865509033,0.039423368871212006],[0.09997984021902084,0.198243647813797,0.3684227764606476,0.16864334046840668,0.1647104024887085],[0.09907504916191101,0.19625255465507507,0.18781772255897522,0.15367604792118073,0.3631786108016968],[0.11166564375162125,0.16419272124767303,0.412157267332077,0.21433058381080627,0.09765379875898361],[0.05094416067004204,0.15994684398174286,0.28711894154548645,0.449756920337677,0.052233099937438965],[0.05693421885371208,0.2085670381784439,0.2761985957622528,0.24725781381130219,0.2110423594713211],[0.07184389978647232,0.12751008570194244,0.1702105551958084,0.15054211020469666,0.47989335656166077],[0.0577300600707531,0.12018042057752609,0.4391961991786957,0.2811746299266815,0.1017187088727951],[0.054213810712099075,0.12598292529582977,0.37452831864356995,0.3744734823703766,0.07080147415399551],[0.09058215469121933,0.20219042897224426,0.14386531710624695,0.14109517633914948,0.4222669303417206]],"label":[0,0,1,0,0]}