{"input":[[0.046750523149967194,0.21695591509342194,0.25969114899635315,0.19510206580162048,0.2815003991127014],[0.04066035896539688,0.12174327671527863,0.06499078124761581,0.09824445843696594,0.6743611693382263],[0.0194222554564476,0.03773752972483635,0.02496846206486225,0.07001587748527527,0.8478558659553528],[0.028956091031432152,0.048123106360435486,0.03564206883311272,0.06101623550057411,0.8262625336647034],[0.04733030125498772,0.5196523666381836,0.24174658954143524,0.1048102155327797,0.08646050095558167],[0.039952218532562256,0.3044930100440979,0.1769416332244873,0.12246575951576233,0.35614731907844543],[0.024041172116994858,0.2211250513792038,0.41312792897224426,0.2228761613368988,0.118829645216465],[0.025098072364926338,0.13114990293979645,0.45627138018608093,0.27503377199172974,0.11244688928127289],[0.028302473947405815,0.23978517949581146,0.5133716464042664,0.07920166105031967,0.13933897018432617],[0.013500523753464222,0.12250744551420212,0.6248477101325989,0.15942305326461792,0.07972132414579391],[0.0023826726246625185,0.09011601656675339,0.739862322807312,0.15199746191501617,0.015641577541828156],[0.005208889022469521,0.07438946515321732,0.6300776600837708,0.22959300875663757,0.06073104217648506],[0.04363247752189636,0.11847095191478729,0.19251132011413574,0.19711631536483765,0.44826897978782654],[0.019750328734517097,0.08059944212436676,0.5316822528839111,0.16738882660865784,0.2005791813135147],[0.023425409570336342,0.07973779737949371,0.5227373242378235,0.17200440168380737,0.2020951509475708],[0.06406974047422409,0.17209400236606598,0.15150757133960724,0.10097216814756393,0.5113564729690552]],"label":[0,0,1,0,0]}