{"input":[[0.08061817288398743,0.124241404235363,0.07500716298818588,0.04630933701992035,0.6738239526748657],[0.06184674799442291,0.2934023141860962,0.08427801728248596,0.08034558594226837,0.4801274240016937],[0.07166296988725662,0.1771353930234909,0.08618849515914917,0.08310168236494064,0.581911563873291],[0.051679786294698715,0.2291351556777954,0.1203068271279335,0.10886721312999725,0.4900110065937042],[0.3625410497188568,0.2574373185634613,0.10321035981178284,0.046054594218730927,0.2307567298412323],[0.20307570695877075,0.45330047607421875,0.04365060105919838,0.028001198545098305,0.27197203040122986],[0.13997331261634827,0.3180592656135559,0.014869071543216705,0.006220840383321047,0.520877480506897],[0.08137611299753189,0.5661293268203735,0.07524018734693527,0.03080778382718563,0.24644656479358673],[0.09461687505245209,0.5682844519615173,0.14416520297527313,0.10069417953491211,0.09223926812410355],[0.1946900188922882,0.45323365926742554,0.025262024253606796,0.03231902793049812,0.29449528455734253],[0.1473882645368576,0.46448826789855957,0.01801363378763199,0.016011636704206467,0.35409823060035706],[0.10896170884370804,0.6603320240974426,0.04237774387001991,0.04054674506187439,0.14778177440166473],[0.054455533623695374,0.40500524640083313,0.0859702080488205,0.10158474743366241,0.3529842495918274],[0.08084625750780106,0.28980374336242676,0.05871298909187317,0.04323840141296387,0.5273985862731934],[0.12329360097646713,0.31576356291770935,0.03515839949250221,0.04587969928979874,0.47990474104881287],[0.07773129642009735,0.3487757444381714,0.1264001876115799,0.11805035173892975,0.32904234528541565]],"label":[0,0,1,0,0]}