{"input":[[0.05821601673960686,0.18064768612384796,0.2838071882724762,0.35200297832489014,0.12532617151737213],[0.03416692465543747,0.20238085091114044,0.47005683183670044,0.2602500319480896,0.03314540535211563],[0.023479843512177467,0.061693739145994186,0.704479992389679,0.1986633986234665,0.011683065444231033],[0.049571190029382706,0.12017348408699036,0.4669448435306549,0.29508695006370544,0.0682235136628151],[0.04540866240859032,0.14143352210521698,0.26510801911354065,0.43348637223243713,0.11456336081027985],[0.06241333857178688,0.20043611526489258,0.4038717746734619,0.2785162329673767,0.054762549698352814],[0.06645458936691284,0.24782870709896088,0.46924734115600586,0.10700652003288269,0.10946287959814072],[0.16319073736667633,0.19122852385044098,0.2815106213092804,0.1398957073688507,0.2241744101047516],[0.04461970552802086,0.318943589925766,0.26947736740112305,0.2786676585674286,0.08829168975353241],[0.0683344304561615,0.3761245608329773,0.31405413150787354,0.16803032159805298,0.07345657795667648],[0.09147410094738007,0.577427089214325,0.14948299527168274,0.017773980274796486,0.1638418585062027],[0.09687848389148712,0.2572788894176483,0.3602725565433502,0.12868984043598175,0.15688025951385498],[0.09168268740177155,0.17623507976531982,0.2880954444408417,0.31306910514831543,0.1309177279472351],[0.055774711072444916,0.269501268863678,0.38429057598114014,0.1945933848619461,0.09584017097949982],[0.045243315398693085,0.1574951708316803,0.6165445446968079,0.11787880957126617,0.06283818185329437],[0.0982823297381401,0.2892187535762787,0.29868122935295105,0.15513980388641357,0.15867796540260315]],"label":[0,1,0,0,0]}