{"input":[[0.008786026388406754,0.0160559993237257,0.006056229583919048,0.01766095496714115,0.9514408111572266],[0.04400910437107086,0.13246406614780426,0.6436784267425537,0.10124627500772476,0.07860204577445984],[0.062046825885772705,0.2607406973838806,0.549882709980011,0.09281949698925018,0.03451027721166611],[0.021054299548268318,0.023634349927306175,0.011758049950003624,0.017516344785690308,0.9260368943214417],[0.007815763354301453,0.013871493749320507,0.004758677911013365,0.01392526738345623,0.9596287608146667],[0.08255626261234283,0.13545213639736176,0.5862196087837219,0.13078029453754425,0.06499164551496506],[0.1395789235830307,0.3187548816204071,0.3122680187225342,0.09222915768623352,0.1371690183877945],[0.03405255451798439,0.03507344424724579,0.02197185903787613,0.03373502567410469,0.8751671314239502],[0.011058926582336426,0.018554825335741043,0.005562345031648874,0.013531032018363476,0.951292872428894],[0.07776915282011032,0.2957450747489929,0.42545199394226074,0.12247473746538162,0.07855898886919022],[0.07938248664140701,0.3780743479728699,0.24323081970214844,0.1907854676246643,0.10852690041065216],[0.017695730552077293,0.020976977422833443,0.014058470726013184,0.023438114672899246,0.9238306879997253],[0.006885685957968235,0.012285426259040833,0.00467855716124177,0.013006282038986683,0.963144063949585],[0.03716383874416351,0.3112621307373047,0.3201577067375183,0.25160977244377136,0.07980658859014511],[0.12545651197433472,0.43100640177726746,0.06292999535799026,0.050107188522815704,0.33049988746643066],[0.01219144556671381,0.016051914542913437,0.008945454843342304,0.01340956799685955,0.9494016170501709]],"label":[0,0,1,0,0]}