{"input":[[0.06736826151609421,0.0975395143032074,0.018597185611724854,0.042703691869974136,0.7737913131713867],[0.0847005620598793,0.14575016498565674,0.05581337958574295,0.1025557741522789,0.6111801862716675],[0.07797188311815262,0.07115057110786438,0.01826544851064682,0.030660290271043777,0.8019517660140991],[0.057430777698755264,0.11600437760353088,0.052350591868162155,0.07299893349409103,0.7012153267860413],[0.0049516852013766766,0.07191964983940125,0.5322104096412659,0.3827071487903595,0.00821109488606453],[0.006539093796163797,0.08738910406827927,0.4187021553516388,0.45768609642982483,0.029683593660593033],[0.025642504915595055,0.16690455377101898,0.2787114977836609,0.44062304496765137,0.08811847120523453],[0.04023002088069916,0.21488076448440552,0.26803427934646606,0.2737079858779907,0.20314693450927734],[0.024810170754790306,0.1909572333097458,0.28357329964637756,0.434428334236145,0.06623097509145737],[0.010769394226372242,0.19242973625659943,0.26083993911743164,0.5069820880889893,0.028978807851672173],[0.017963051795959473,0.21963022649288177,0.1491326540708542,0.5668376088142395,0.046436529606580734],[0.058580197393894196,0.4273422956466675,0.14167696237564087,0.2545390725135803,0.11786143481731415],[0.1094069704413414,0.15201035141944885,0.028766494244337082,0.14723660051822662,0.5625795722007751],[0.07171422243118286,0.14126628637313843,0.0211800467222929,0.05842640623450279,0.7074130773544312],[0.049224335700273514,0.08480215072631836,0.024150382727384567,0.06312675029039383,0.7786963582038879],[0.07496669143438339,0.07619521021842957,0.027728931978344917,0.13660520315170288,0.6845040321350098]],"label":[0,0,1,0,0]}