{"input":[[0.03868008777499199,0.07614229619503021,0.014728532172739506,0.022985223680734634,0.8474639058113098],[0.10560091584920883,0.400066614151001,0.14782215654850006,0.15127095580101013,0.19523930549621582],[0.0658239871263504,0.32206952571868896,0.27025526762008667,0.13306234776973724,0.20878885686397552],[0.04970559850335121,0.13359621167182922,0.052587900310754776,0.05443499609827995,0.7096753120422363],[0.04398832842707634,0.17693579196929932,0.036443158984184265,0.06788250803947449,0.6747502088546753],[0.02572634629905224,0.3567728102207184,0.39155617356300354,0.18977762758731842,0.03616702929139137],[0.02075451798737049,0.44486531615257263,0.2846375107765198,0.19158333539962769,0.058159343898296356],[0.07347995787858963,0.1358034908771515,0.038271185010671616,0.06110815331339836,0.6913372874259949],[0.03917508199810982,0.1013641208410263,0.014714809134602547,0.017943542450666428,0.8268024921417236],[0.01109902374446392,0.2766439914703369,0.22999198734760284,0.43694964051246643,0.04531537741422653],[0.058034054934978485,0.38982588052749634,0.10865513235330582,0.27633750438690186,0.16714738309383392],[0.054833170026540756,0.26597923040390015,0.04831363633275032,0.07582956552505493,0.555044412612915],[0.033032357692718506,0.11083868891000748,0.019737955182790756,0.0712067112326622,0.7651843428611755],[0.07923132181167603,0.30911824107170105,0.06472861766815186,0.3562147915363312,0.1907070130109787],[0.1725042462348938,0.59417724609375,0.027703460305929184,0.055620674043893814,0.149994358420372],[0.0364946648478508,0.21667885780334473,0.04129282757639885,0.0746631845831871,0.630870521068573]],"label":[0,0,1,0,0]}