{"input":[[0.03704841062426567,0.15488828718662262,0.26345154643058777,0.12608425319194794,0.4185275137424469],[0.022118205204606056,0.11167959123849869,0.3256942331790924,0.09741255640983582,0.4430954158306122],[0.03471127897500992,0.050089724361896515,0.03624102473258972,0.03836753964424133,0.8405905961990356],[0.06615143269300461,0.08333338052034378,0.1087043508887291,0.0682203620672226,0.6735905408859253],[0.01926269382238388,0.047404225915670395,0.7752197980880737,0.10838179290294647,0.0497315339744091],[0.013813349418342113,0.021823931485414505,0.8390262722969055,0.09035058319568634,0.03498582914471626],[0.13751736283302307,0.13619555532932281,0.33205631375312805,0.05693701654672623,0.33729374408721924],[0.009181513451039791,0.05948001891374588,0.8164003491401672,0.09326496720314026,0.021673226729035378],[0.01666371151804924,0.08469370752573013,0.7711440920829773,0.09039474278688431,0.03710378333926201],[0.021148771047592163,0.14606164395809174,0.674665093421936,0.1250647008419037,0.03305975720286369],[0.01062566228210926,0.15562722086906433,0.6859433054924011,0.12393741309642792,0.023866336792707443],[0.009520143270492554,0.0401654988527298,0.7623403668403625,0.1604020744562149,0.027571870014071465],[0.18119940161705017,0.17344044148921967,0.14403635263442993,0.11165034770965576,0.3896734416484833],[0.08869525045156479,0.19015875458717346,0.20875923335552216,0.14826476573944092,0.3641219437122345],[0.03479604050517082,0.17504826188087463,0.27691298723220825,0.26630279421806335,0.24693995714187622],[0.02995762974023819,0.18993191421031952,0.42981380224227905,0.19740481674671173,0.1528918594121933]],"label":[0,0,1,0,0]}