{"input":[[0.021110622212290764,0.033576179295778275,0.0086656603962183,0.024961410090327263,0.9116861820220947],[0.04048746079206467,0.30390873551368713,0.03661683201789856,0.5739825367927551,0.04500448331236839],[0.08218242973089218,0.3300645351409912,0.05801917240023613,0.4072766602039337,0.12245719879865646],[0.09935017675161362,0.12159530818462372,0.025032658129930496,0.08585218340158463,0.6681697368621826],[0.034457623958587646,0.06373707205057144,0.014202960766851902,0.051004957407712936,0.8365973234176636],[0.0037613194435834885,0.08410530537366867,0.05331829562783241,0.847882866859436,0.010932215489447117],[0.012002465315163136,0.1976819783449173,0.0740370899438858,0.7009992599487305,0.015279133804142475],[0.033675018697977066,0.14530205726623535,0.040544454008340836,0.11317621916532516,0.6673023104667664],[0.03300647437572479,0.1059156283736229,0.036891911178827286,0.13228778541088104,0.6918982863426208],[0.03480983152985573,0.2274588942527771,0.09426359087228775,0.5673468112945557,0.07612089067697525],[0.01035712007433176,0.15642468631267548,0.06117382273077965,0.7404131293296814,0.03163127973675728],[0.03814557194709778,0.0989750325679779,0.027661988511681557,0.18139559030532837,0.6538218259811401],[0.06630218029022217,0.036056239157915115,0.008020268753170967,0.03184870257973671,0.8577726483345032],[0.022238971665501595,0.15008896589279175,0.06861869990825653,0.7316929697990417,0.027360407635569572],[0.02122596465051174,0.17829488217830658,0.0653328001499176,0.6953101754188538,0.03983620926737785],[0.03957447037100792,0.060520511120557785,0.015498969703912735,0.05313529446721077,0.8312708139419556]],"label":[0,0,0,1,0]}