{"input":[[0.015105940401554108,0.04403345286846161,0.706852376461029,0.1890135258436203,0.04499473795294762],[0.04659966379404068,0.09012896567583084,0.5926256775856018,0.17028021812438965,0.100365549325943],[0.021376414224505424,0.06012335419654846,0.6529011130332947,0.21161067485809326,0.053988393396139145],[0.09101524204015732,0.18836741149425507,0.41827279329299927,0.052537646144628525,0.24980688095092773],[0.03150423988699913,0.04320186376571655,0.7300242781639099,0.17314819991588593,0.02212146483361721],[0.017509454861283302,0.031194545328617096,0.698199450969696,0.24653875827789307,0.006557775195688009],[0.003055431880056858,0.015757346525788307,0.8120442628860474,0.16690610349178314,0.0022368759382516146],[0.09561658650636673,0.15366868674755096,0.6091567873954773,0.09484601765871048,0.04671192914247513],[0.014231862500309944,0.08428329229354858,0.7658340930938721,0.11323925852775574,0.022411605343222618],[0.0045142946764826775,0.027664709836244583,0.8380011916160583,0.12457068264484406,0.00524904066696763],[0.010991496033966541,0.05328606814146042,0.7537577152252197,0.17190302908420563,0.010061710141599178],[0.07926882058382034,0.1735820174217224,0.5520398616790771,0.12612584233283997,0.06898348033428192],[0.05110274255275726,0.09795055538415909,0.6031187772750854,0.2007226049900055,0.04710540175437927],[0.03477977216243744,0.08339647203683853,0.556603193283081,0.2886773943901062,0.03654317185282707],[0.09616541862487793,0.12973855435848236,0.5215423107147217,0.1831844002008438,0.06936925649642944],[0.04376618564128876,0.09277252852916718,0.516597330570221,0.3069003224372864,0.03996357321739197]],"label":[0,0,1,0,0]}