{"input":[[0.06423530727624893,0.13408738374710083,0.269491970539093,0.37846097350120544,0.15372437238693237],[0.02700919099152088,0.15853768587112427,0.32855403423309326,0.47668808698654175,0.009211091324687004],[0.008508116938173771,0.06716124713420868,0.3619919717311859,0.5553568601608276,0.0069817896001040936],[0.0536687970161438,0.19374623894691467,0.2230096012353897,0.3853832185268402,0.1441921442747116],[0.050886593759059906,0.19725438952445984,0.29737982153892517,0.38401246070861816,0.07046670466661453],[0.018068620935082436,0.21184249222278595,0.6775773167610168,0.08255930989980698,0.009952273219823837],[0.018839435651898384,0.16797320544719696,0.5694486498832703,0.2373972088098526,0.006341575179249048],[0.11399855464696884,0.3172339200973511,0.22435486316680908,0.2194804698228836,0.12493214756250381],[0.10733362287282944,0.2849026620388031,0.2941489815711975,0.1660352200269699,0.14757946133613586],[0.06359228491783142,0.31637969613075256,0.4892760217189789,0.09748652577400208,0.03326541930437088],[0.02984347753226757,0.14628617465496063,0.5655487775802612,0.23892448842525482,0.019397061318159103],[0.05820019170641899,0.17893777787685394,0.5061693787574768,0.14762689173221588,0.10906581580638885],[0.046377383172512054,0.11325198411941528,0.35813990235328674,0.3536365330219269,0.12859417498111725],[0.03534865751862526,0.15325632691383362,0.6189374923706055,0.18035444617271423,0.012102991342544556],[0.013026156462728977,0.09913112968206406,0.6812053322792053,0.19308757781982422,0.013549736700952053],[0.03567642346024513,0.13317912817001343,0.5651902556419373,0.20742616057395935,0.05852799862623215]],"label":[0,0,1,0,0]}