{"input":[[0.1006280928850174,0.17842285335063934,0.10241362452507019,0.38812997937202454,0.2304055392742157],[0.0574394054710865,0.1669948697090149,0.13470204174518585,0.5501802563667297,0.09068344533443451],[0.07964776456356049,0.2807411253452301,0.13419967889785767,0.35541078448295593,0.15000063180923462],[0.05316764488816261,0.12011053413152695,0.09395594149827957,0.5554627776145935,0.17730307579040527],[0.03065916895866394,0.1458565890789032,0.16560085117816925,0.6315808892250061,0.026302549988031387],[0.053587257862091064,0.36594492197036743,0.16749469935894012,0.36619803309440613,0.04677512124180794],[0.11765577644109726,0.5232884883880615,0.043496377766132355,0.08966585248708725,0.22589349746704102],[0.13946053385734558,0.30173733830451965,0.1674359291791916,0.29090616106987,0.10046002268791199],[0.14211505651474,0.4629572629928589,0.04100015014410019,0.1304326355457306,0.22349487245082855],[0.1517438143491745,0.5671700239181519,0.04687855392694473,0.05333036184310913,0.18087725341320038],[0.0850251242518425,0.3310829699039459,0.12716221809387207,0.3682517409324646,0.0884779840707779],[0.06152462214231491,0.13952556252479553,0.16121168434619904,0.5739001631736755,0.063837930560112],[0.15981599688529968,0.19574953615665436,0.13202673196792603,0.27962690591812134,0.2327808439731598],[0.029563788324594498,0.5271347165107727,0.15642833709716797,0.06909670680761337,0.21777643263339996],[0.09674177318811417,0.25797149538993835,0.19777019321918488,0.3064010441303253,0.1411154717206955],[0.04280645400285721,0.10537850856781006,0.16972263157367706,0.6418342590332031,0.040258150547742844]],"label":[0,1,0,0,0]}