{"input":[[0.030211888253688812,0.07193895429372787,0.03567884489893913,0.061029866337776184,0.8011404871940613],[0.05777910724282265,0.11660488694906235,0.0646301731467247,0.07114726305007935,0.6898385882377625],[0.03917036950588226,0.10706812143325806,0.07247062772512436,0.13164593279361725,0.6496450304985046],[0.03932429105043411,0.10930462181568146,0.0704747661948204,0.12353838235139847,0.657357931137085],[0.03848082199692726,0.1414095163345337,0.23999512195587158,0.5023829340934753,0.07773157954216003],[0.04316923767328262,0.12943005561828613,0.32215797901153564,0.4286697804927826,0.07657285034656525],[0.02017311006784439,0.14592520892620087,0.3570198714733124,0.4226154088973999,0.05426648259162903],[0.016923949122428894,0.14899921417236328,0.4320244789123535,0.3755894601345062,0.026462888345122337],[0.04966540262103081,0.2911626994609833,0.3457188904285431,0.21975894272327423,0.09369407594203949],[0.018987460061907768,0.1427585780620575,0.44130054116249084,0.365890234708786,0.031063126400113106],[0.015410248190164566,0.18059295415878296,0.3109894394874573,0.45504850149154663,0.03795880451798439],[0.062460318207740784,0.2354247123003006,0.39943888783454895,0.22627003490924835,0.0764060765504837],[0.06530700623989105,0.19730409979820251,0.09687864035367966,0.24691833555698395,0.39359188079833984],[0.0739360898733139,0.24993659555912018,0.10410015285015106,0.19930170476436615,0.3727254867553711],[0.057618398219347,0.24257808923721313,0.16913072764873505,0.26208367943763733,0.268589049577713],[0.07096312940120697,0.20591159164905548,0.15406498312950134,0.3355049192905426,0.233555406332016]],"label":[0,0,1,0,0]}