{"input":[[0.04823071509599686,0.36582815647125244,0.21749600768089294,0.1464506834745407,0.22199441492557526],[0.07170817255973816,0.2943686842918396,0.2789744734764099,0.1804274022579193,0.17452122271060944],[0.045881424099206924,0.20173293352127075,0.0757371261715889,0.08389348536729813,0.5927550196647644],[0.05501168593764305,0.3808631896972656,0.24736374616622925,0.12272178381681442,0.19403961300849915],[0.05847654864192009,0.3166811764240265,0.44508448243141174,0.13924767076969147,0.04051010683178902],[0.02452785335481167,0.21900933980941772,0.5445297956466675,0.1557675302028656,0.05616544932126999],[0.019851485267281532,0.2859879434108734,0.5730689167976379,0.10200431942939758,0.019087353721261024],[0.02812907099723816,0.39278724789619446,0.42168208956718445,0.12643185257911682,0.030969759449362755],[0.07776849716901779,0.38626742362976074,0.32416921854019165,0.10724892467260361,0.10454600304365158],[0.015776917338371277,0.25244730710983276,0.641648530960083,0.07099471986293793,0.019132597371935844],[0.01682227849960327,0.2755988538265228,0.5762345194816589,0.07540207356214523,0.05594225227832794],[0.09466107934713364,0.5063109397888184,0.3046882748603821,0.03488851338624954,0.059451255947351456],[0.06202151998877525,0.29546189308166504,0.3513883352279663,0.1675177961587906,0.12361051887273788],[0.03472578525543213,0.34706544876098633,0.43214496970176697,0.10937225073575974,0.07669152319431305],[0.05322770029306412,0.3264520764350891,0.37717488408088684,0.0574355348944664,0.18570978939533234],[0.07147567719221115,0.403766393661499,0.29096195101737976,0.11637237668037415,0.11742359399795532]],"label":[0,0,1,0,0]}