{"input":[[0.04161277413368225,0.14612174034118652,0.2171974629163742,0.3113842308521271,0.2836836874485016],[0.03283467888832092,0.05415064096450806,0.06944148987531662,0.20425325632095337,0.6393199563026428],[0.028483876958489418,0.057986728847026825,0.20185178518295288,0.1325480341911316,0.5791295170783997],[0.03833756595849991,0.11443658918142319,0.3562367260456085,0.2605730891227722,0.23041605949401855],[0.021926378831267357,0.10494866222143173,0.3097154498100281,0.5151803493499756,0.0482291653752327],[0.04855623096227646,0.09356217831373215,0.2815665900707245,0.4605587124824524,0.11575630307197571],[0.026016656309366226,0.0552542470395565,0.2211790233850479,0.29327040910720825,0.4042797088623047],[0.035713113844394684,0.1184941977262497,0.43738222122192383,0.3359082043170929,0.0725022479891777],[0.04834109917283058,0.16281762719154358,0.20828169584274292,0.5050503015518188,0.07550925761461258],[0.05348147079348564,0.13230806589126587,0.17095574736595154,0.39183035492897034,0.2514243423938751],[0.0379023514688015,0.08638103306293488,0.18695417046546936,0.5132976174354553,0.17546482384204865],[0.018058285117149353,0.037408940494060516,0.14848747849464417,0.6494340896606445,0.14661118388175964],[0.07193085551261902,0.13488848507404327,0.09919950366020203,0.5833806991577148,0.11060044914484024],[0.060897693037986755,0.153440460562706,0.23413430154323578,0.49013879895210266,0.06138872355222702],[0.03234894946217537,0.07208998501300812,0.29736071825027466,0.5149152278900146,0.08328510820865631],[0.03927532210946083,0.09013072401285172,0.17905935645103455,0.5668041110038757,0.12473045289516449]],"label":[0,0,1,0,0]}