{"input":[[0.03801051899790764,0.0868724137544632,0.022565262392163277,0.0653933733701706,0.7871584892272949],[0.06263106316328049,0.05814202129840851,0.013964705169200897,0.05666148290038109,0.8086007237434387],[0.04864507541060448,0.04981909692287445,0.01831822656095028,0.06117992103099823,0.8220376968383789],[0.023732200264930725,0.0630360096693039,0.026591047644615173,0.06547605246305466,0.8211647272109985],[0.2845689356327057,0.09673946350812912,0.018339896574616432,0.027497509494423866,0.5728541612625122],[0.15628528594970703,0.018447145819664,0.005960657261312008,0.009206945076584816,0.8100998997688293],[0.1467076689004898,0.030284656211733818,0.022875335067510605,0.028939904645085335,0.7711924910545349],[0.2750951647758484,0.1267954558134079,0.012205347418785095,0.021127767860889435,0.5647763013839722],[0.09064728021621704,0.038448624312877655,0.02168477326631546,0.03689194843173027,0.8123273253440857],[0.09277473390102386,0.03939024358987808,0.009741666726768017,0.015436382964253426,0.8426569700241089],[0.09668922424316406,0.03265318647027016,0.011390818282961845,0.014275901950895786,0.8449908494949341],[0.275615394115448,0.05781683698296547,0.023844316601753235,0.05590202659368515,0.586821436882019],[0.10331074148416519,0.10779430717229843,0.0220645684748888,0.05146635323762894,0.7153639793395996],[0.08304888010025024,0.05631684884428978,0.005274527240544558,0.01797645352780819,0.8373833298683167],[0.1235310509800911,0.0370708703994751,0.006304394453763962,0.006999042816460133,0.8260947465896606],[0.217199444770813,0.12207294255495071,0.02966265194118023,0.07189153879880905,0.5591734647750854]],"label":[0,0,0,0,1]}