{"input":[[0.03797530010342598,0.15470732748508453,0.6152541637420654,0.12392940372228622,0.06813373416662216],[0.06424728780984879,0.25214725732803345,0.44679221510887146,0.14199915528297424,0.09481412172317505],[0.05896507203578949,0.16464108228683472,0.41643741726875305,0.1676313579082489,0.19232508540153503],[0.069626085460186,0.21209809184074402,0.40718698501586914,0.16482055187225342,0.14626829326152802],[0.010110345669090748,0.11427810043096542,0.7887395024299622,0.07744301110506058,0.00942912045866251],[0.028123656287789345,0.12761645019054413,0.787354588508606,0.047239530831575394,0.00966580305248499],[0.017565306276082993,0.09464792162179947,0.8046838045120239,0.06374844908714294,0.01935453712940216],[0.009059475734829903,0.06431350857019424,0.8428381681442261,0.07759450376033783,0.00619442667812109],[0.01367232296615839,0.14368216693401337,0.736375093460083,0.10026860982179642,0.006001852918416262],[0.014844090677797794,0.1577063947916031,0.7195888161659241,0.07564101368188858,0.03221968933939934],[0.030394770205020905,0.234048530459404,0.6612349152565002,0.0555163212120533,0.018805451691150665],[0.01909976825118065,0.29308947920799255,0.5906590223312378,0.07321063429117203,0.023941081017255783],[0.08356799185276031,0.2579616606235504,0.39209428429603577,0.12737885117530823,0.13899728655815125],[0.043414581567049026,0.3664933443069458,0.4078618586063385,0.10001622140407562,0.08221404999494553],[0.050368525087833405,0.14784793555736542,0.4613085985183716,0.303998738527298,0.036476194858551025],[0.09669618308544159,0.2642829120159149,0.34023332595825195,0.13194316625595093,0.1668444126844406]],"label":[0,0,1,0,0]}