{"input":[[0.022075217217206955,0.032580405473709106,0.020955367013812065,0.058030374348163605,0.8663585186004639],[0.020206375047564507,0.0375920832157135,0.017318686470389366,0.06147107481956482,0.8634118437767029],[0.014257779344916344,0.023423437029123306,0.009652432054281235,0.03390182927250862,0.9187644720077515],[0.04907837510108948,0.12016452103853226,0.1317160725593567,0.23563525080680847,0.4634057581424713],[0.03875821456313133,0.08017898350954056,0.29085251688957214,0.5342357158660889,0.055974576622247696],[0.05414784327149391,0.1369369626045227,0.19444414973258972,0.5231138467788696,0.09135720878839493],[0.0055206045508384705,0.03005662001669407,0.09373508393764496,0.8601847887039185,0.010502912104129791],[0.1273462027311325,0.20359161496162415,0.11976820230484009,0.5179247856140137,0.03136923909187317],[0.0657835304737091,0.1509142369031906,0.09427948296070099,0.6615729331970215,0.027449825778603554],[0.04878760129213333,0.286916047334671,0.08526474982500076,0.5629936456680298,0.016037996858358383],[0.026020918041467667,0.0793452188372612,0.11928272992372513,0.7615697979927063,0.013781358487904072],[0.028953971341252327,0.08087135851383209,0.0886818915605545,0.7952601909637451,0.006232557352632284],[0.13231101632118225,0.2715945839881897,0.09052583575248718,0.31689709424972534,0.18867139518260956],[0.20056447386741638,0.23716993629932404,0.07224266231060028,0.26686814427375793,0.22315478324890137],[0.0454510897397995,0.24739579856395721,0.13160020112991333,0.506549596786499,0.06900336593389511],[0.17380103468894958,0.23504404723644257,0.06246206536889076,0.20134501159191132,0.32734784483909607]],"label":[0,0,0,1,0]}