{"input":[[0.25319427251815796,0.2637791037559509,0.08761943876743317,0.2227059006690979,0.17270126938819885],[0.07717627286911011,0.1691085249185562,0.36655330657958984,0.37089428305625916,0.016267577186226845],[0.05580742284655571,0.1563534438610077,0.23473165929317474,0.5142156481742859,0.03889177739620209],[0.18296679854393005,0.3324567675590515,0.14995792508125305,0.22574646770954132,0.10887202620506287],[0.21594877541065216,0.18488062918186188,0.09323578327894211,0.20585212111473083,0.3000827431678772],[0.1745155304670334,0.3579099178314209,0.3042230010032654,0.13879022002220154,0.024561408907175064],[0.030036378651857376,0.15288683772087097,0.5205284953117371,0.27075129747390747,0.02579697221517563],[0.16093024611473083,0.23653797805309296,0.15670078992843628,0.33094868063926697,0.11488227546215057],[0.24615775048732758,0.1584797352552414,0.06195392459630966,0.2398276925086975,0.29358091950416565],[0.2885783910751343,0.2984691560268402,0.15459327399730682,0.19236789643764496,0.06599128991365433],[0.03406919538974762,0.123259998857975,0.6304221153259277,0.20258605480194092,0.009662642143666744],[0.4215426743030548,0.23384787142276764,0.03304647281765938,0.05644001066684723,0.2551230192184448],[0.19509443640708923,0.30294719338417053,0.10208077728748322,0.21000248193740845,0.18987508118152618],[0.1950194537639618,0.16419057548046112,0.22098086774349213,0.3509002923965454,0.06890886276960373],[0.1495458036661148,0.2536431550979614,0.17137843370437622,0.37991610169410706,0.04551659896969795],[0.13338926434516907,0.18781018257141113,0.05873555690050125,0.343261182308197,0.2768038213253021]],"label":[0,0,1,0,0]}