{"input":[[0.27675265073776245,0.18305136263370514,0.08136449754238129,0.17220212519168854,0.28662943840026855],[0.33290281891822815,0.1723448485136032,0.0677141398191452,0.12166032195091248,0.3053778409957886],[0.3070748448371887,0.13167792558670044,0.011782580986618996,0.024261798709630966,0.5252029299736023],[0.2186717689037323,0.16922590136528015,0.048414409160614014,0.0636349692940712,0.5000529885292053],[0.43136435747146606,0.21717143058776855,0.02131926640868187,0.04193926230072975,0.28820568323135376],[0.3709740936756134,0.19521567225456238,0.041456010192632675,0.0446309857070446,0.34772318601608276],[0.563401997089386,0.24340350925922394,0.05791790783405304,0.03288525342941284,0.10239129513502121],[0.24398498237133026,0.22528500854969025,0.04213142767548561,0.047470252960920334,0.4411282539367676],[0.42727169394493103,0.13397514820098877,0.019417190924286842,0.028734317049384117,0.39060160517692566],[0.2143760323524475,0.18671460449695587,0.22429116070270538,0.08716428279876709,0.28745391964912415],[0.478806734085083,0.2246052622795105,0.11059120297431946,0.11073974519968033,0.07525701820850372],[0.21490438282489777,0.14354026317596436,0.056164342910051346,0.06767240911722183,0.5177186131477356],[0.2190476506948471,0.1402146816253662,0.0643271803855896,0.15074028074741364,0.42567020654678345],[0.47230157256126404,0.17166298627853394,0.13249781727790833,0.08210298418998718,0.14143459498882294],[0.18246319890022278,0.19788680970668793,0.3215442895889282,0.1642749160528183,0.13383078575134277],[0.154371976852417,0.1723051816225052,0.11725709587335587,0.11578996479511261,0.4402756989002228]],"label":[0,0,0,0,1]}