{"input":[[0.02650444582104683,0.04089256376028061,0.022382743656635284,0.05311167985200882,0.8571085333824158],[0.043709345161914825,0.15494178235530853,0.42918387055397034,0.3562132716178894,0.01595175638794899],[0.010344330221414566,0.07585731148719788,0.42318132519721985,0.48052722215652466,0.010089805349707603],[0.038799483329057693,0.05972394719719887,0.059678979218006134,0.10663024336099625,0.7351672053337097],[0.03679017350077629,0.06174822151660919,0.03895668685436249,0.0939270406961441,0.7685778737068176],[0.015272460877895355,0.08056127279996872,0.44087493419647217,0.45746785402297974,0.005823509767651558],[0.006466565653681755,0.06345970183610916,0.569369912147522,0.35547444224357605,0.005229332484304905],[0.023702863603830338,0.04608680680394173,0.03452906012535095,0.07643307745456696,0.8192481398582458],[0.025264402851462364,0.04189818352460861,0.01651369035243988,0.05206121876835823,0.864262580871582],[0.03310810774564743,0.1330723911523819,0.21593192219734192,0.5948588848114014,0.023028727620840073],[0.01595434360206127,0.11891182512044907,0.42181098461151123,0.4304397702217102,0.01288310531526804],[0.02690260298550129,0.04979681223630905,0.03723575547337532,0.07913993299007416,0.8069249987602234],[0.022034456953406334,0.039829179644584656,0.019283413887023926,0.05359971895813942,0.865253210067749],[0.01801055669784546,0.09934479743242264,0.24499432742595673,0.6081026196479797,0.02954772673547268],[0.011143000796437263,0.059992384165525436,0.3065829575061798,0.6144112944602966,0.007870330475270748],[0.034764036536216736,0.08064944297075272,0.07642368227243423,0.1468261331319809,0.6613367199897766]],"label":[0,0,1,0,0]}