{"input":[[0.05619606748223305,0.279972106218338,0.4432676434516907,0.14321394264698029,0.07735021412372589],[0.03858371451497078,0.3920954763889313,0.2961098253726959,0.20975162088871002,0.0634593740105629],[0.01179997343569994,0.11242888867855072,0.24744971096515656,0.6188318729400635,0.00948952417820692],[0.10548049211502075,0.20493632555007935,0.38535448908805847,0.15627886354923248,0.14794979989528656],[0.10175708681344986,0.301199346780777,0.3256199359893799,0.18530204892158508,0.08612151443958282],[0.033118702471256256,0.31844183802604675,0.23631969094276428,0.29481959342956543,0.11730020493268967],[0.028591282665729523,0.19187530875205994,0.32064658403396606,0.37522056698799133,0.08366627991199493],[0.05412407964468002,0.2660294473171234,0.2405184805393219,0.2688596546649933,0.1704683154821396],[0.049604009836912155,0.2419283241033554,0.3195026218891144,0.24574287235736847,0.1432221382856369],[0.08654389530420303,0.3530873656272888,0.11335824429988861,0.1685066819190979,0.27850380539894104],[0.026890777051448822,0.2589995265007019,0.283985435962677,0.3815942704677582,0.0485299751162529],[0.05908365175127983,0.43669071793556213,0.2394941747188568,0.19778363406658173,0.06694779545068741],[0.05326998978853226,0.2727736234664917,0.3283708691596985,0.25741076469421387,0.0881747454404831],[0.03238524869084358,0.28809863328933716,0.27460169792175293,0.38343876600265503,0.02147563546895981],[0.09407597780227661,0.3195027709007263,0.17101112008094788,0.363720178604126,0.051690004765987396],[0.019465990364551544,0.11784947663545609,0.6573777198791504,0.18871456384658813,0.016592279076576233]],"label":[0,0,0,1,0]}