{"input":[[0.011415026150643826,0.014883216470479965,0.005260241683572531,0.013209857046604156,0.9552317261695862],[0.010382415726780891,0.01439675223082304,0.005210966803133488,0.012705571949481964,0.9573043584823608],[0.009306950494647026,0.013030044734477997,0.004883490968495607,0.012520012445747852,0.9602596163749695],[0.008574302308261395,0.012665340676903725,0.004328116774559021,0.01117760594934225,0.9632546305656433],[0.11257922649383545,0.18193510174751282,0.15354573726654053,0.46583694219589233,0.08610298484563828],[0.012796707451343536,0.09352316707372665,0.09970040619373322,0.7783425450325012,0.015637170523405075],[0.12229132652282715,0.16193585097789764,0.10138267278671265,0.4483320415019989,0.16605818271636963],[0.05053965747356415,0.09842601418495178,0.2122286856174469,0.4867074191570282,0.15209822356700897],[0.008261085487902164,0.105229452252388,0.546605110168457,0.3304995596408844,0.009404770098626614],[0.007813251577317715,0.13796399533748627,0.05775729939341545,0.792229175567627,0.004236305598169565],[0.001285110367462039,0.035357341170310974,0.059256717562675476,0.901820719242096,0.0022801838349550962],[0.0016708606854081154,0.06184300780296326,0.13010719418525696,0.804649829864502,0.0017290225951001048],[0.04603535681962967,0.09584616869688034,0.06747487187385559,0.10086977481842041,0.6897738575935364],[0.048430219292640686,0.09617609530687332,0.040165435522794724,0.08314855396747589,0.7320797443389893],[0.05137575790286064,0.12267032265663147,0.0664852187037468,0.15579436719417572,0.6036743521690369],[0.049569740891456604,0.09859929978847504,0.0502193346619606,0.07908804714679718,0.72252357006073]],"label":[0,0,0,1,0]}