{"input":[[0.0724414736032486,0.13969825208187103,0.05287863314151764,0.17784206569194794,0.55713951587677],[0.07241322100162506,0.18310333788394928,0.1560746133327484,0.4754704535007477,0.11293837428092957],[0.08502481877803802,0.20068304240703583,0.34114617109298706,0.3443698585033417,0.02877608872950077],[0.11119074374437332,0.1906917244195938,0.2009747475385666,0.309323251247406,0.1878194957971573],[0.061326704919338226,0.1469476968050003,0.07466099411249161,0.25374746322631836,0.4633170962333679],[0.30386778712272644,0.25480929017066956,0.26804766058921814,0.12956272065639496,0.04371260479092598],[0.03942224010825157,0.09429989010095596,0.6168451309204102,0.2199070155620575,0.02952568046748638],[0.10970796644687653,0.21389368176460266,0.41215941309928894,0.21303856372833252,0.05120037496089935],[0.2513173520565033,0.30366942286491394,0.21842481195926666,0.04176347330212593,0.18482492864131927],[0.26915496587753296,0.23551614582538605,0.33633172512054443,0.10495981574058533,0.05403737351298332],[0.0728885680437088,0.16481636464595795,0.32065802812576294,0.32955989241600037,0.11207721382379532],[0.1826595664024353,0.2562037408351898,0.28583166003227234,0.1705947369337082,0.10471031814813614],[0.07001492381095886,0.3065301179885864,0.2475070059299469,0.22902390360832214,0.14692407846450806],[0.07733801007270813,0.1729457676410675,0.46413087844848633,0.2240428626537323,0.06154249235987663],[0.08571891486644745,0.16512130200862885,0.5528108477592468,0.18341314792633057,0.012935806065797806],[0.043814416974782944,0.10343369096517563,0.329654723405838,0.29298195242881775,0.2301151603460312]],"label":[0,0,1,0,0]}