{"input":[[0.02731679007411003,0.021256832405924797,0.006610292941331863,0.03439603000879288,0.9104201197624207],[0.034774672240018845,0.17789776623249054,0.10090711712837219,0.6385674476623535,0.04785304144024849],[0.18648786842823029,0.3366769552230835,0.10584322363138199,0.263610303401947,0.107381671667099],[0.03526802361011505,0.046270113438367844,0.019734440371394157,0.04704117029905319,0.8516862392425537],[0.028531860560178757,0.024066615849733353,0.008507343009114265,0.03465310484170914,0.904241144657135],[0.11118467897176743,0.728198766708374,0.05172059312462807,0.09429898858070374,0.014596965163946152],[0.0347478948533535,0.3354489505290985,0.14735600352287292,0.45782631635665894,0.02462081052362919],[0.025340454652905464,0.034050580114126205,0.01873668283224106,0.034581854939460754,0.8872904181480408],[0.02126973867416382,0.020230421796441078,0.006752530112862587,0.027695968747138977,0.9240514039993286],[0.0976896658539772,0.28432974219322205,0.11815475672483444,0.44823363423347473,0.05159223452210426],[0.08606778085231781,0.4184873700141907,0.1533278077840805,0.22738565504550934,0.11473136395215988],[0.04690096899867058,0.06025450676679611,0.04127431660890579,0.08065660297870636,0.7709135413169861],[0.031043652445077896,0.021871278062462807,0.007051501423120499,0.03559710830450058,0.9044365286827087],[0.21361802518367767,0.5688996911048889,0.06404105573892593,0.11954392492771149,0.033897317945957184],[0.1313878297805786,0.45381540060043335,0.08644594997167587,0.2642678916454315,0.06408293545246124],[0.10692084580659866,0.08509065210819244,0.028154976665973663,0.07155127823352814,0.7082822918891907]],"label":[0,1,0,0,0]}