{"input":[[0.02980772964656353,0.04893120378255844,0.057103727012872696,0.07025075703859329,0.793906569480896],[0.04026690497994423,0.07313796132802963,0.08135129511356354,0.13455189764499664,0.6706920266151428],[0.04042697325348854,0.07976995408535004,0.10686928033828735,0.17772650718688965,0.5952072739601135],[0.028290171176195145,0.050164803862571716,0.05467747896909714,0.14178600907325745,0.7250815629959106],[0.014050470665097237,0.07099313288927078,0.5502355694770813,0.35219237208366394,0.012528461404144764],[0.007538149133324623,0.023856911808252335,0.494381844997406,0.46804317831993103,0.006179825868457556],[0.005105301737785339,0.022355185821652412,0.719127893447876,0.25021904706954956,0.00319264130666852],[0.06306382268667221,0.18132811784744263,0.4405837655067444,0.2118552327156067,0.10316906124353409],[0.042796541005373,0.17874757945537567,0.1878698170185089,0.4451451897621155,0.14544084668159485],[0.055506736040115356,0.26022443175315857,0.24226611852645874,0.28566840291023254,0.15633434057235718],[0.07607969641685486,0.1993604153394699,0.4673939347267151,0.2201584428548813,0.03700750321149826],[0.06142939627170563,0.21072614192962646,0.26974722743034363,0.354417085647583,0.10368012636899948],[0.0393923856317997,0.14888443052768707,0.11440151929855347,0.36219003796577454,0.3351317048072815],[0.05876839905977249,0.2024453580379486,0.12786215543746948,0.35073813796043396,0.26018598675727844],[0.05282013118267059,0.22963955998420715,0.12980841100215912,0.25167116522789,0.3360607326030731],[0.05354231223464012,0.25851789116859436,0.10070832073688507,0.20428434014320374,0.38294717669487]],"label":[0,0,1,0,0]}