{"input":[[0.022533683106303215,0.03049132600426674,0.01057477481663227,0.02476472035050392,0.9116355776786804],[0.2563101649284363,0.3817026913166046,0.08329728990793228,0.09781453013420105,0.18087530136108398],[0.09122024476528168,0.25703272223472595,0.23135961592197418,0.36336228251457214,0.05702507495880127],[0.04974089935421944,0.11315638571977615,0.04579714313149452,0.11444754153490067,0.6768579483032227],[0.039415907114744186,0.0973334014415741,0.06038767471909523,0.08079670369625092,0.722066342830658],[0.31576699018478394,0.3691317141056061,0.10669416934251785,0.04701797291636467,0.16138917207717896],[0.07283884286880493,0.29456815123558044,0.30363383889198303,0.2922351360321045,0.0367240384221077],[0.05237763747572899,0.17385058104991913,0.09729145467281342,0.12027432024478912,0.5562060475349426],[0.03890233114361763,0.07849116623401642,0.05284562706947327,0.05925552919507027,0.7705053687095642],[0.3063715696334839,0.37864789366722107,0.17368431389331818,0.059990182518959045,0.08130602538585663],[0.048225246369838715,0.34935879707336426,0.3604396879673004,0.2297501116991043,0.01222623698413372],[0.15723951160907745,0.1732683628797531,0.04994434490799904,0.02923167124390602,0.590316116809845],[0.03357047960162163,0.06469066441059113,0.02587226778268814,0.04451155662536621,0.831355094909668],[0.15913619101047516,0.472269743680954,0.18347376585006714,0.11207609623670578,0.07304415851831436],[0.13367246091365814,0.41060277819633484,0.14307130873203278,0.1712169200181961,0.14143654704093933],[0.04306010529398918,0.09678567945957184,0.061852701008319855,0.05652361363172531,0.7417778968811035]],"label":[0,0,1,0,0]}