{"input":[[0.06143822520971298,0.32360780239105225,0.3085874915122986,0.18675804138183594,0.11960849165916443],[0.027147693559527397,0.1182258203625679,0.637115478515625,0.2027614712715149,0.014749458990991116],[0.09526775032281876,0.3051135838031769,0.4562227725982666,0.10438074916601181,0.03901520371437073],[0.0791892260313034,0.26555147767066956,0.3491900861263275,0.09310593456029892,0.2129632830619812],[0.08368400484323502,0.34462970495224,0.2990916669368744,0.18954390287399292,0.08305072784423828],[0.18212981522083282,0.4268976151943207,0.28625860810279846,0.06509851664304733,0.03961548954248428],[0.2939513623714447,0.41374480724334717,0.15629439055919647,0.07195031642913818,0.06405919045209885],[0.15340352058410645,0.26784589886665344,0.05134701356291771,0.07223638147115707,0.45516711473464966],[0.0488400012254715,0.22625279426574707,0.3869026303291321,0.2638245224952698,0.07418005913496017],[0.10633590817451477,0.28551924228668213,0.39223936200141907,0.17992934584617615,0.035976096987724304],[0.1063249260187149,0.3875035345554352,0.3509858250617981,0.1079806238412857,0.04720510542392731],[0.1178099513053894,0.24009829759597778,0.15618161857128143,0.17389041185379028,0.3120197355747223],[0.0637231171131134,0.1823491007089615,0.3448088765144348,0.23803633451461792,0.17108260095119476],[0.04306916519999504,0.3929443061351776,0.25340214371681213,0.28878211975097656,0.021802274510264397],[0.14012520015239716,0.19803686439990997,0.2997708320617676,0.1949138194322586,0.1671532243490219],[0.022544892504811287,0.08163075894117355,0.6911319494247437,0.14995364844799042,0.05473867058753967]],"label":[0,0,0,1,0]}