{"input":[[0.03362840414047241,0.08144915848970413,0.015565089881420135,0.048680294305086136,0.8206770420074463],[0.10465493053197861,0.10632548481225967,0.009760604240000248,0.0455092117190361,0.7337498068809509],[0.07778092473745346,0.12851358950138092,0.01811874285340309,0.07036792486906052,0.7052187323570251],[0.11348506808280945,0.1390918642282486,0.015192219987511635,0.046167854219675064,0.6860629916191101],[0.03209582343697548,0.06827592849731445,0.009297016076743603,0.03381776437163353,0.8565135598182678],[0.0278751403093338,0.036108918488025665,0.005869281478226185,0.04245666041970253,0.8876900672912598],[0.11901532113552094,0.06473897397518158,0.005343050695955753,0.02250419370830059,0.7883985638618469],[0.19883619248867035,0.1533827930688858,0.01022733561694622,0.043223001062870026,0.5943306684494019],[0.07341968268156052,0.08582751452922821,0.011079398915171623,0.03226996585726738,0.7974034547805786],[0.3031034767627716,0.043220534920692444,0.0028230329044163227,0.01222104113548994,0.6386319398880005],[0.12608595192432404,0.0585433654487133,0.009161120280623436,0.028208846226334572,0.7780007123947144],[0.03290899470448494,0.09645266085863113,0.012304517440497875,0.044673919677734375,0.8136599063873291],[0.03855542838573456,0.055554233491420746,0.009728752076625824,0.02769891358911991,0.8684628009796143],[0.0774678885936737,0.043268222361803055,0.004470557440072298,0.010646524839103222,0.864146888256073],[0.06808984279632568,0.15126171708106995,0.011123848147690296,0.05686371028423309,0.7126609086990356],[0.05459834262728691,0.13705028593540192,0.016923008486628532,0.07456410676240921,0.716864287853241]],"label":[0,0,0,0,1]}