{"input":[[0.020643146708607674,0.12274380773305893,0.20396357774734497,0.6058853268623352,0.04676412045955658],[0.11331474035978317,0.3340040445327759,0.13147413730621338,0.16740140318870544,0.2538056969642639],[0.12113671004772186,0.20191402733325958,0.09142329543828964,0.09576188027858734,0.4897640347480774],[0.04421700909733772,0.17135992646217346,0.1911742389202118,0.4569021761417389,0.13634665310382843],[0.047890596091747284,0.11266428977251053,0.5144643783569336,0.314861536026001,0.010119208134710789],[0.006369651295244694,0.040085166692733765,0.2782914936542511,0.6732802391052246,0.0019733787048608065],[0.007687592878937721,0.06365003436803818,0.42118608951568604,0.503820538520813,0.003655785694718361],[0.0162581168115139,0.1039709523320198,0.3343352675437927,0.5371784567832947,0.00825719628483057],[0.024690106511116028,0.08211957663297653,0.5427486896514893,0.34105926752090454,0.009382350370287895],[0.0864388644695282,0.1185314804315567,0.2646397650241852,0.47373586893081665,0.0566539503633976],[0.09565170109272003,0.19889713823795319,0.45270058512687683,0.22802923619747162,0.024721307680010796],[0.053166333585977554,0.11363231390714645,0.5390756726264954,0.28302425146102905,0.011101463809609413],[0.07148884236812592,0.1291639804840088,0.27360472083091736,0.4567771255970001,0.06896524876356125],[0.05622149258852005,0.1359337568283081,0.39149966835975647,0.36683395504951477,0.04951111972332001],[0.07932494580745697,0.20513495802879333,0.3225194215774536,0.23885037004947662,0.15417033433914185],[0.022213395684957504,0.054839227348566055,0.3506348729133606,0.5574257373809814,0.014886779710650444]],"label":[0,1,0,0,0]}