{"input":[[0.2984262704849243,0.3626892566680908,0.0051132794469594955,0.035127997398376465,0.2986431121826172],[0.1061367616057396,0.7684405446052551,0.006602529436349869,0.05952770262956619,0.05929252877831459],[0.21804222464561462,0.3432353734970093,0.0030516779515892267,0.027251822873950005,0.4084188640117645],[0.33532413840293884,0.12873175740242004,0.0036713904701173306,0.01749294623732567,0.5147797465324402],[0.1331007033586502,0.2435462474822998,0.016755394637584686,0.09052608162164688,0.5160716772079468],[0.15913952887058258,0.6330141425132751,0.004913514479994774,0.020460620522499084,0.18247221410274506],[0.4442637264728546,0.23919677734375,0.003244723193347454,0.03337966650724411,0.27991512417793274],[0.34832763671875,0.19805122911930084,0.005618264898657799,0.03739701583981514,0.4106058180332184],[0.10593952238559723,0.3467623293399811,0.030043475329875946,0.12007196247577667,0.39718273282051086],[0.2548513114452362,0.3926326036453247,0.009994307532906532,0.1075248122215271,0.2349969893693924],[0.30924439430236816,0.24282881617546082,0.00860911887139082,0.04231998324394226,0.39699772000312805],[0.44436392188072205,0.11576210707426071,0.0025186659768223763,0.009132745675742626,0.42822250723838806],[0.12122248113155365,0.26025739312171936,0.039571117609739304,0.19114018976688385,0.3878088593482971],[0.08555840700864792,0.4662652611732483,0.037749338895082474,0.18624663352966309,0.22418037056922913],[0.1611471325159073,0.45412737131118774,0.006783328019082546,0.05375027284026146,0.3241918683052063],[0.5500249266624451,0.1880502700805664,0.0033674268051981926,0.019596461206674576,0.23896095156669617]],"label":[0,1,0,0,0]}