{"input":[[0.026732809841632843,0.037349823862314224,0.0172337107360363,0.015367952175438404,0.9033157229423523],[0.02605045773088932,0.3249957263469696,0.3597148060798645,0.25948911905288696,0.02974991500377655],[0.019648104906082153,0.16495583951473236,0.17777372896671295,0.6168791055679321,0.020743297412991524],[0.09369739145040512,0.18707402050495148,0.04889330640435219,0.049669116735458374,0.6206662058830261],[0.053452324122190475,0.09083665162324905,0.019738659262657166,0.027758317068219185,0.8082140684127808],[0.012876915745437145,0.4017299711704254,0.17749598622322083,0.40116456151008606,0.0067325495183467865],[0.027364099398255348,0.31490015983581543,0.1840142160654068,0.4574379622936249,0.01628352887928486],[0.05398863926529884,0.10690268129110336,0.033451177179813385,0.07120683789253235,0.7344506978988647],[0.08156370371580124,0.0931946188211441,0.02167483977973461,0.031114809215068817,0.7724519371986389],[0.03558608144521713,0.3490158021450043,0.24826928973197937,0.3506385385990143,0.016490232199430466],[0.016377776861190796,0.19124162197113037,0.22916750609874725,0.5514722466468811,0.01174083910882473],[0.06282125413417816,0.09969034045934677,0.03376897796988487,0.07371489703655243,0.7300044894218445],[0.08685819059610367,0.10871215909719467,0.02114308439195156,0.054251499474048615,0.7290350198745728],[0.018652204424142838,0.18031534552574158,0.36563944816589355,0.42732474207878113,0.008068274706602097],[0.07154478877782822,0.30334559082984924,0.20891395211219788,0.39986467361450195,0.016331026330590248],[0.059392645955085754,0.247252956032753,0.12836241722106934,0.34600645303726196,0.21898558735847473]],"label":[0,0,0,1,0]}