{"input":[[0.032814960926771164,0.034789685159921646,0.02280678041279316,0.06812278926372528,0.8414657115936279],[0.022987810894846916,0.024980831891298294,0.011681342497467995,0.043015822768211365,0.8973342180252075],[0.027743516489863396,0.03324730321764946,0.02113339677453041,0.06190858036279678,0.855967104434967],[0.048580609261989594,0.03660450875759125,0.014240286312997341,0.04202880337834358,0.8585457801818848],[0.008937676437199116,0.052054475992918015,0.22996459901332855,0.6735089421272278,0.03553430736064911],[0.0078024547547101974,0.06298547983169556,0.18912270665168762,0.7022173404693604,0.03787211701273918],[0.012885434553027153,0.10963229089975357,0.2532534599304199,0.5954659581184387,0.028762809932231903],[0.0024570694658905268,0.02351360023021698,0.13891901075839996,0.8187696933746338,0.01634063757956028],[0.019277170300483704,0.10718239098787308,0.48960259556770325,0.34235021471977234,0.04158759489655495],[0.023969851434230804,0.1599952131509781,0.4135095179080963,0.3486191928386688,0.053906168788671494],[0.008129200898110867,0.0673532783985138,0.4206160306930542,0.48806220293045044,0.015839265659451485],[0.006520854774862528,0.1287786215543747,0.4685007929801941,0.376617968082428,0.01958169974386692],[0.08275554329156876,0.16040848195552826,0.15319618582725525,0.2382093369960785,0.36543044447898865],[0.059817470610141754,0.15399515628814697,0.1444559097290039,0.20680055022239685,0.4349308907985687],[0.07211927324533463,0.1526007056236267,0.08963491767644882,0.2201874554157257,0.46545764803886414],[0.06082550808787346,0.14914849400520325,0.10882316529750824,0.38232317566871643,0.29887959361076355]],"label":[0,0,0,1,0]}