{"input":[[0.011851098388433456,0.020098773762583733,0.006802827585488558,0.01759919337928295,0.943648099899292],[0.011166994459927082,0.01849616877734661,0.006630923133343458,0.01661926507949829,0.9470866918563843],[0.009536417201161385,0.016155725345015526,0.0055269161239266396,0.014655718579888344,0.9541252255439758],[0.008815759792923927,0.014237749390304089,0.005128875840455294,0.01220367569476366,0.9596139192581177],[0.06948831677436829,0.051167018711566925,0.007447144016623497,0.041528213769197464,0.8303692936897278],[0.02125443145632744,0.020221950486302376,0.00252750376239419,0.00802165362983942,0.947974443435669],[0.008419905789196491,0.008130369707942009,0.0022105840034782887,0.003454675665125251,0.9777845144271851],[0.015447132289409637,0.020848700776696205,0.002295044483616948,0.008147921413183212,0.9532611966133118],[0.03757063299417496,0.028150763362646103,0.004694303032010794,0.01226158905774355,0.9173226952552795],[0.024013517424464226,0.01420330535620451,0.0029774215072393417,0.00468599796295166,0.9541198015213013],[0.00810219906270504,0.005492437165230513,0.0021144526544958353,0.002016503596678376,0.9822744131088257],[0.0207098089158535,0.018902722746133804,0.001981559209525585,0.005453858990222216,0.9529521465301514],[0.020222244784235954,0.0477084182202816,0.013439435511827469,0.0393340177834034,0.8792959451675415],[0.019191907718777657,0.041067544370889664,0.01267740223556757,0.04030453786253929,0.8867586255073547],[0.01970110461115837,0.03890588879585266,0.011846357956528664,0.032101213932037354,0.8974454998970032],[0.018954632803797722,0.047175731509923935,0.013815040700137615,0.03937504068017006,0.8806794881820679]],"label":[0,0,0,0,1]}