{"input":[[0.09494973719120026,0.17812202870845795,0.21038058400154114,0.09930514544248581,0.41724246740341187],[0.027706481516361237,0.30968526005744934,0.3092713952064514,0.30682843923568726,0.046508386731147766],[0.12708911299705505,0.31625837087631226,0.22900503873825073,0.2535398304462433,0.07410764694213867],[0.3047062158584595,0.2338615357875824,0.07510308176279068,0.0329696349799633,0.35335952043533325],[0.050024330615997314,0.19825169444084167,0.22356751561164856,0.23670901358127594,0.2914474606513977],[0.013928517699241638,0.15800289809703827,0.3536171615123749,0.4581582844257355,0.01629316247999668],[0.22526013851165771,0.28754857182502747,0.06728113442659378,0.03807288035750389,0.38183724880218506],[0.05961764231324196,0.24126645922660828,0.3102804720401764,0.2845572829246521,0.10427814722061157],[0.0723603367805481,0.2686845660209656,0.2546258568763733,0.18876445293426514,0.21556483209133148],[0.04394426569342613,0.193860724568367,0.25792595744132996,0.4748050570487976,0.02946397475898266],[0.11169151961803436,0.47852781414985657,0.08299931138753891,0.1601686328649521,0.16661271452903748],[0.04616754129528999,0.2083195596933365,0.275339812040329,0.3092631697654724,0.16090987622737885],[0.10944969952106476,0.31341078877449036,0.19480100274085999,0.1014489084482193,0.2808895409107208],[0.33639517426490784,0.36645135283470154,0.05250493064522743,0.06616400927305222,0.17848454415798187],[0.12529370188713074,0.2676687240600586,0.051595255732536316,0.10914485901594162,0.44629740715026855],[0.05744415521621704,0.1985255777835846,0.2717612683773041,0.3102182447910309,0.1620507389307022]],"label":[0,0,1,0,0]}