{"input":[[0.16788803040981293,0.08474846929311752,0.015989620238542557,0.0285507682710886,0.7028230428695679],[0.2165311574935913,0.06581153720617294,0.004934064112603664,0.010283326730132103,0.7024400234222412],[0.11440417915582657,0.10224580764770508,0.029370708391070366,0.030780628323554993,0.7231987118721008],[0.0430913120508194,0.06874062120914459,0.016499541699886322,0.02068762667477131,0.8509808778762817],[0.349949449300766,0.059385862201452255,0.00494619645178318,0.007873172871768475,0.5778453350067139],[0.5134347677230835,0.021175237372517586,0.001293294015340507,0.0020606310572475195,0.4620360732078552],[0.31822532415390015,0.028061239048838615,0.001309697749093175,0.003113875398412347,0.6492898464202881],[0.32997700572013855,0.14945903420448303,0.020339617505669594,0.022313734516501427,0.4779106080532074],[0.7837416529655457,0.03871404752135277,0.0009602670907042921,0.002087617991492152,0.17449642717838287],[0.4689011871814728,0.033420342952013016,0.001126594259403646,0.0021499942522495985,0.49440184235572815],[0.7293107509613037,0.021428944543004036,0.0008698071469552815,0.003254929557442665,0.2451356053352356],[0.2903255224227905,0.06273704022169113,0.0037059553433209658,0.00309099187143147,0.6401405334472656],[0.3186527490615845,0.14518426358699799,0.01855302043259144,0.021636962890625,0.49597302079200745],[0.3722952902317047,0.1685158610343933,0.033949777483940125,0.039268117398023605,0.3859708905220032],[0.3268989622592926,0.23109520971775055,0.06121406331658363,0.04565400257706642,0.3351377546787262],[0.23751063644886017,0.0733586922287941,0.023327859118580818,0.03338850662112236,0.6324144005775452]],"label":[0,0,0,0,1]}