{"input":[[0.21024106442928314,0.1398065686225891,0.05054417997598648,0.11032859981060028,0.4890795946121216],[0.04553384333848953,0.14615532755851746,0.2212105542421341,0.2454477995634079,0.34165242314338684],[0.047708019614219666,0.1804569661617279,0.17857463657855988,0.42993849515914917,0.16332191228866577],[0.15194272994995117,0.215264230966568,0.10629493743181229,0.2208266258239746,0.3056715130805969],[0.19590876996517181,0.2264641672372818,0.21648624539375305,0.2402622401714325,0.12087860703468323],[0.016546444967389107,0.0810869038105011,0.4628763496875763,0.41387510299682617,0.025615179911255836],[0.07003811746835709,0.12233021855354309,0.19416950643062592,0.5194787979125977,0.0939832553267479],[0.054559752345085144,0.08581312745809555,0.1833641529083252,0.6389868855476379,0.037276092916727066],[0.07468967139720917,0.2406776249408722,0.12700627744197845,0.45901182293891907,0.0986146479845047],[0.04753187671303749,0.15749795734882355,0.2348860204219818,0.536753237247467,0.023330867290496826],[0.040776122361421585,0.20357567071914673,0.27541372179985046,0.437650203704834,0.04258424788713455],[0.02588062733411789,0.060641735792160034,0.19743356108665466,0.696447491645813,0.019596582278609276],[0.1034969761967659,0.23441527783870697,0.19608516991138458,0.3062661588191986,0.15973642468452454],[0.1447760909795761,0.2310246229171753,0.14105656743049622,0.27271005511283875,0.21043264865875244],[0.20280881226062775,0.2546781897544861,0.03857104107737541,0.07355726510286331,0.43038463592529297],[0.057986147701740265,0.13322296738624573,0.2692045569419861,0.44985055923461914,0.08973576873540878]],"label":[0,0,0,1,0]}