{"input":[[0.05567643791437149,0.2581009864807129,0.13370735943317413,0.42353111505508423,0.12898410856723785],[0.08766260743141174,0.30863192677497864,0.11151779443025589,0.13474927842617035,0.3574383556842804],[0.12512895464897156,0.23252785205841064,0.07022865116596222,0.08728682994842529,0.48482775688171387],[0.0601804219186306,0.18628466129302979,0.15433873236179352,0.3865979015827179,0.2125982791185379],[0.07013525813817978,0.3393283188343048,0.22812342643737793,0.1822616457939148,0.1801513433456421],[0.06585889309644699,0.3230936527252197,0.13612011075019836,0.1141221895813942,0.3608051836490631],[0.1070760190486908,0.3290362060070038,0.19385108351707458,0.1461765170097351,0.22386011481285095],[0.07922529429197311,0.27290603518486023,0.1018713042140007,0.16456729173660278,0.38143008947372437],[0.03499094396829605,0.2602241337299347,0.19738265872001648,0.45038509368896484,0.05701719596982002],[0.05612141266465187,0.2211855798959732,0.21496428549289703,0.45267626643180847,0.055052500218153],[0.1731243133544922,0.30392709374427795,0.15620768070220947,0.15865053236484528,0.20809036493301392],[0.07510634511709213,0.4043177366256714,0.13866910338401794,0.20555676519870758,0.17635011672973633],[0.06965606659650803,0.3985898494720459,0.09967386722564697,0.23760999739170074,0.19447021186351776],[0.052771471440792084,0.22026105225086212,0.3032451570034027,0.2845008671283722,0.13922138512134552],[0.14357416331768036,0.23469001054763794,0.2489180862903595,0.232408806681633,0.1404089629650116],[0.05640401318669319,0.21617384254932404,0.16710762679576874,0.44054797291755676,0.11976651847362518]],"label":[0,0,1,0,0]}