{"input":[[0.056559089571237564,0.20378552377223969,0.24139653146266937,0.22022122144699097,0.2780376672744751],[0.08793643862009048,0.20115379989147186,0.22635868191719055,0.1247038021683693,0.3598472774028778],[0.06764327734708786,0.12464498728513718,0.25238165259361267,0.25605273246765137,0.2992773950099945],[0.07485029846429825,0.1580720990896225,0.2571997344493866,0.20295658707618713,0.3069212734699249],[0.03681986778974533,0.3230324685573578,0.33069950342178345,0.17392034828662872,0.13552789390087128],[0.02553507871925831,0.11865458637475967,0.6835178136825562,0.10334966331720352,0.06894285976886749],[0.0458141528069973,0.2417551428079605,0.4058689773082733,0.26197895407676697,0.04458276554942131],[0.03248969465494156,0.2989833652973175,0.34849706292152405,0.20152373611927032,0.11850612610578537],[0.07978841662406921,0.44211646914482117,0.14950355887413025,0.14942005276679993,0.17917150259017944],[0.15713226795196533,0.19982917606830597,0.29565325379371643,0.17343196272850037,0.1739533394575119],[0.18711690604686737,0.23819026350975037,0.10912726819515228,0.1963292509317398,0.26923635601997375],[0.1788041889667511,0.41558611392974854,0.06368690729141235,0.06488234549760818,0.2770405411720276],[0.054592836648225784,0.226329505443573,0.28400278091430664,0.31220999360084534,0.12286485731601715],[0.07436580210924149,0.22820034623146057,0.2931291162967682,0.2933673560619354,0.11093737930059433],[0.08032222837209702,0.2400248497724533,0.2902204394340515,0.2866947054862976,0.10273782163858414],[0.22794842720031738,0.25998640060424805,0.06745088845491409,0.05106144770979881,0.3935528099536896]],"label":[0,0,1,0,0]}