{"input":[[0.014607423916459084,0.17568685114383698,0.4943710267543793,0.18286766111850739,0.1324671506881714],[0.006977514363825321,0.08557971566915512,0.7683432698249817,0.1208721175789833,0.018227411434054375],[0.012052652426064014,0.17856396734714508,0.5913129448890686,0.19901089370250702,0.019059523940086365],[0.02502489648759365,0.14351670444011688,0.5433449149131775,0.2097914218902588,0.07832203060388565],[0.007909517735242844,0.07205027341842651,0.7599533200263977,0.13189564645290375,0.02819116972386837],[0.005269186571240425,0.04398413375020027,0.7167398929595947,0.22224071621894836,0.011766117066144943],[0.00467743631452322,0.06468246877193451,0.5364260077476501,0.38794443011283875,0.006269646342843771],[0.009978671558201313,0.06601860374212265,0.609908938407898,0.30609971284866333,0.007994100451469421],[0.008777473121881485,0.138515904545784,0.5368766188621521,0.30061545968055725,0.015214544720947742],[0.017577320337295532,0.15572091937065125,0.45739901065826416,0.3482053577899933,0.021097423508763313],[0.012691852636635303,0.09195741266012192,0.7689256072044373,0.11666522175073624,0.009759950451552868],[0.01162225566804409,0.08402856439352036,0.579925537109375,0.16692446172237396,0.15749922394752502],[0.011941373348236084,0.09702027589082718,0.27223438024520874,0.6075684428215027,0.011235536076128483],[0.01102505624294281,0.10865727812051773,0.4909806251525879,0.3711283802986145,0.018208760768175125],[0.009937356226146221,0.11914868652820587,0.5388532280921936,0.30203285813331604,0.0300278440117836],[0.0036800112575292587,0.05480874329805374,0.8442304730415344,0.08592653274536133,0.01135428436100483]],"label":[0,0,1,0,0]}