{"input":[[0.11246617883443832,0.3050386905670166,0.025653071701526642,0.03391335904598236,0.522928774356842],[0.1357734054327011,0.31818851828575134,0.010263106785714626,0.016035519540309906,0.5197394490242004],[0.15376991033554077,0.19773654639720917,0.009464414790272713,0.017251675948500633,0.6217774748802185],[0.0747910737991333,0.17472299933433533,0.017597680911421776,0.018265528604388237,0.7146226763725281],[0.2121886909008026,0.5526768565177917,0.03614044934511185,0.06566677987575531,0.13332724571228027],[0.28140637278556824,0.4049883484840393,0.08714529871940613,0.04698990657925606,0.17946995794773102],[0.3390315771102905,0.3492102324962616,0.037428803741931915,0.04114512726664543,0.23318426311016083],[0.4652269780635834,0.3404040038585663,0.025520537048578262,0.03512809798121452,0.13372041285037994],[0.060764528810977936,0.3682718575000763,0.19307875633239746,0.32050177454948425,0.05738311633467674],[0.0649082288146019,0.4302828311920166,0.18752220273017883,0.270830363035202,0.04645637422800064],[0.12977445125579834,0.5055311322212219,0.07906612008810043,0.10814893245697021,0.17747937142848969],[0.06811026483774185,0.28734391927719116,0.06320850551128387,0.11809416860342026,0.46324318647384644],[0.06554737687110901,0.1497317999601364,0.044746410101652145,0.10402493923902512,0.635949432849884],[0.06733807176351547,0.11675215512514114,0.014340449124574661,0.024839205667376518,0.7767300605773926],[0.07423138618469238,0.13061892986297607,0.02658180147409439,0.04466111585497856,0.7239068150520325],[0.04716067016124725,0.1293303519487381,0.026336802169680595,0.07490133494138718,0.7222708463668823]],"label":[0,1,0,0,0]}