{"input":[[0.05757753551006317,0.03364190831780434,0.00435998011380434,0.017210181802511215,0.8872103691101074],[0.04874522611498833,0.027806958183646202,0.0034126215614378452,0.007426401600241661,0.9126089215278625],[0.04926772788167,0.014438115991652012,0.0012469209032133222,0.0034829573705792427,0.9315643310546875],[0.04391547664999962,0.016708608716726303,0.001464763656258583,0.003643610281869769,0.9342674612998962],[0.45387178659439087,0.10792630910873413,0.0017065504798665643,0.01590120978653431,0.42059415578842163],[0.7335025668144226,0.1398552805185318,0.002179304836317897,0.022293679416179657,0.1021692082285881],[0.729897141456604,0.058603428304195404,0.0006863804301247001,0.0035652904771268368,0.2072477489709854],[0.8029603362083435,0.0884290412068367,0.0013394122943282127,0.007981374859809875,0.09928980469703674],[0.8383338451385498,0.023126114159822464,0.0003385433810763061,0.001877336180768907,0.13632415235042572],[0.8191216588020325,0.05431092530488968,0.0009457884589210153,0.006457619834691286,0.11916399002075195],[0.5432230830192566,0.07196522504091263,0.0012482826132327318,0.007511541713029146,0.3760518431663513],[0.8344927430152893,0.03749430924654007,0.0004543682443909347,0.004789244849234819,0.12276935577392578],[0.0512993223965168,0.04563586413860321,0.00814572162926197,0.028032997623085976,0.8668860793113708],[0.10737275332212448,0.09470780193805695,0.011060619726777077,0.04593988135457039,0.7409189343452454],[0.14880692958831787,0.09978209435939789,0.010094809345901012,0.04386935755610466,0.697446882724762],[0.06852415204048157,0.050653956830501556,0.007204296067357063,0.012191535905003548,0.8614261150360107]],"label":[1,0,0,0,0]}