{"input":[[0.01473329495638609,0.011165862902998924,0.0029927692376077175,0.0160331092774868,0.9550749659538269],[0.15535014867782593,0.35503527522087097,0.029436912387609482,0.32711711525917053,0.13306057453155518],[0.4148799479007721,0.351310670375824,0.011693423613905907,0.14789535105228424,0.07422056794166565],[0.023726172745227814,0.02548442967236042,0.008507375605404377,0.032255787402391434,0.9100261330604553],[0.012315739877521992,0.008989423513412476,0.002534035360440612,0.013655389659106731,0.9625055193901062],[0.14777949452400208,0.44808921217918396,0.033741116523742676,0.33378323912620544,0.03660690784454346],[0.5260112285614014,0.29911765456199646,0.007679841481149197,0.10561655461788177,0.06157471239566803],[0.025269368663430214,0.0313461534678936,0.011684851720929146,0.038827355951070786,0.8928722739219666],[0.018924862146377563,0.011921496130526066,0.0034901525359600782,0.018117666244506836,0.9475459456443787],[0.3105309009552002,0.3560757339000702,0.037857312709093094,0.2245214879512787,0.07101459056138992],[0.2199183702468872,0.2905482053756714,0.018824178725481033,0.3861369490623474,0.08457232266664505],[0.02223401702940464,0.023289863020181656,0.009873171336948872,0.03352664038538933,0.9110762476921082],[0.01493953075259924,0.010378994047641754,0.0027179925236850977,0.01599069871008396,0.9559727311134338],[0.16404610872268677,0.27248045802116394,0.02379976585507393,0.4197445511817932,0.11992918699979782],[0.4747558832168579,0.21473366022109985,0.0245427954941988,0.1036788746714592,0.18228879570960999],[0.03796696290373802,0.06070674955844879,0.020535197108983994,0.05401879921555519,0.8267722129821777]],"label":[0,0,0,1,0]}