{"input":[[0.05710887908935547,0.12750428915023804,0.23177658021450043,0.19594939053058624,0.38766083121299744],[0.04321802407503128,0.11920416355133057,0.23944032192230225,0.11740298569202423,0.48073452711105347],[0.05143047496676445,0.1202705055475235,0.2725803256034851,0.19354604184627533,0.36217260360717773],[0.08157305419445038,0.13710850477218628,0.10058826208114624,0.1178072914481163,0.5629228949546814],[0.04392702504992485,0.14759522676467896,0.5802024006843567,0.17254924774169922,0.055726058781147],[0.05811959505081177,0.16589298844337463,0.5634928941726685,0.1334434151649475,0.07905112206935883],[0.0968308299779892,0.09929939359426498,0.6338334083557129,0.09693080931901932,0.07310560345649719],[0.012370462529361248,0.03334291651844978,0.8487180471420288,0.08180350810289383,0.023764975368976593],[0.023314792662858963,0.09830068796873093,0.416288822889328,0.42242729663848877,0.03966837376356125],[0.009418978355824947,0.06719502061605453,0.6227512955665588,0.2867359220981598,0.01389880571514368],[0.010626019909977913,0.07874865084886551,0.7819848656654358,0.11625918000936508,0.012381253764033318],[0.012156752869486809,0.03610272333025932,0.6174092888832092,0.32577332854270935,0.008557935245335102],[0.023391393944621086,0.16306054592132568,0.35684970021247864,0.339130699634552,0.11756765842437744],[0.04628952592611313,0.22038352489471436,0.22224000096321106,0.352874219417572,0.15821272134780884],[0.023032253608107567,0.13039585947990417,0.3355340361595154,0.4695490896701813,0.04148877412080765],[0.025913117453455925,0.10083501785993576,0.3083045184612274,0.5137197375297546,0.05122757330536842]],"label":[0,0,1,0,0]}