{"input":[[0.06934905797243118,0.17779916524887085,0.1553066074848175,0.40706539154052734,0.1904798001050949],[0.06488228589296341,0.2532139718532562,0.24938921630382538,0.3795458972454071,0.052968643605709076],[0.035385023802518845,0.1706087291240692,0.2524106800556183,0.522365152835846,0.01923040859401226],[0.04464377090334892,0.1939966380596161,0.13249483704566956,0.4619048535823822,0.16695988178253174],[0.06127429008483887,0.1795267015695572,0.17988179624080658,0.39171749353408813,0.18759971857070923],[0.07008650153875351,0.20459407567977905,0.2097122073173523,0.48048076033592224,0.03512648120522499],[0.0945238247513771,0.3759836256504059,0.20895373821258545,0.20130863785743713,0.1192302405834198],[0.04653547331690788,0.16971813142299652,0.29666945338249207,0.39555057883262634,0.09152640402317047],[0.038069162517786026,0.12079973518848419,0.3645492494106293,0.3839420974254608,0.09263977408409119],[0.08687898516654968,0.2676549255847931,0.3018091320991516,0.3327578008174896,0.010899169370532036],[0.023273443803191185,0.1767938882112503,0.18385303020477295,0.6027551889419556,0.013324490748345852],[0.033653561025857925,0.1675022393465042,0.15092706680297852,0.5104551911354065,0.13746194541454315],[0.02341463789343834,0.10112883150577545,0.20114529132843018,0.5717118978500366,0.10259932279586792],[0.015417388640344143,0.08338246494531631,0.1815166175365448,0.7077955007553101,0.011888125911355019],[0.0036942283622920513,0.06252027302980423,0.16942740976810455,0.761897623538971,0.002460397081449628],[0.014343737624585629,0.14412996172904968,0.23797139525413513,0.538266658782959,0.06528826057910919]],"label":[0,0,1,0,0]}