{"input":[[0.035656750202178955,0.04135923087596893,0.011541927233338356,0.024558208882808685,0.8868838548660278],[0.025659263134002686,0.025572137907147408,0.0062074135057628155,0.011392192915081978,0.9311689734458923],[0.02880539372563362,0.04608191177248955,0.016492949798703194,0.04482904449105263,0.8637908697128296],[0.0457458421587944,0.06524068862199783,0.030058322474360466,0.06382212787866592,0.7951329350471497],[0.18229903280735016,0.29175320267677307,0.05268443748354912,0.12265116721391678,0.3506121039390564],[0.19904740154743195,0.3211146593093872,0.02041039802134037,0.04881788417696953,0.4106096923351288],[0.22029072046279907,0.29661235213279724,0.0626213401556015,0.10384460538625717,0.3166309893131256],[0.24384187161922455,0.30380484461784363,0.10369069874286652,0.09160478413105011,0.2570578455924988],[0.14151959121227264,0.2747194170951843,0.17530512809753418,0.181926429271698,0.22652937471866608],[0.06254460662603378,0.1318071484565735,0.1820848286151886,0.5509552955627441,0.07260816544294357],[0.030001962557435036,0.1447289139032364,0.21911777555942535,0.5746387243270874,0.03151259571313858],[0.055893268436193466,0.18034781515598297,0.21658414602279663,0.49517136812210083,0.052003391087055206],[0.07998903095722198,0.10615435242652893,0.17217382788658142,0.1884295642375946,0.4532531499862671],[0.06458700448274612,0.10387396067380905,0.27980121970176697,0.273853600025177,0.27788418531417847],[0.050990425050258636,0.1819518804550171,0.3469683527946472,0.3125552237033844,0.10753420740365982],[0.0708068385720253,0.15526320040225983,0.17120307683944702,0.43987348675727844,0.1628534197807312]],"label":[0,1,0,0,0]}