{"input":[[0.020163245499134064,0.02546999603509903,0.008829819038510323,0.03660764545202255,0.9089293479919434],[0.026229744777083397,0.3410506248474121,0.034789372235536575,0.5620365738868713,0.03589358553290367],[0.03928082436323166,0.38737645745277405,0.0429869182407856,0.49196580052375793,0.038390081375837326],[0.024617739021778107,0.024621065706014633,0.005492348223924637,0.022950369864702225,0.9223183393478394],[0.03917423635721207,0.044324494898319244,0.008396142162382603,0.03262931481003761,0.8754757046699524],[0.09193267673254013,0.3812847435474396,0.0320008359849453,0.46849095821380615,0.02629081904888153],[0.1315368413925171,0.26312416791915894,0.031235333532094955,0.479027658700943,0.09507595002651215],[0.03902092203497887,0.03187895938754082,0.006516424473375082,0.02012714371085167,0.9024565815925598],[0.018696535378694534,0.01602873019874096,0.003876209259033203,0.016577761620283127,0.944820761680603],[0.21364827454090118,0.4541011452674866,0.024505585432052612,0.23030918836593628,0.07743582129478455],[0.20862580835819244,0.20639324188232422,0.021844295784831047,0.34508320689201355,0.21805337071418762],[0.04722687974572182,0.04838421940803528,0.012634756974875927,0.06149968132376671,0.8302545547485352],[0.03660909831523895,0.03456268087029457,0.005812906660139561,0.028747042641043663,0.8942682147026062],[0.21365152299404144,0.14078426361083984,0.020984670147299767,0.18525275588035583,0.43932682275772095],[0.08427400141954422,0.05893171951174736,0.012952571734786034,0.3117511570453644,0.5320906043052673],[0.05520603805780411,0.05783480033278465,0.012376287952065468,0.04828142374753952,0.8263013362884521]],"label":[0,0,0,1,0]}