{"input":[[[0.5899259448051453,-0.6020386815071106,0.21719463169574738,0.31442105770111084,0.4804970920085907]],[[0.5278257727622986,-0.48778122663497925,0.20875512063503265,0.32252517342567444,0.4286751449108124]],[[0.4364822208881378,-0.25773122906684875,0.188860684633255,0.3244456946849823,0.307942658662796]],[[0.43533855676651,-0.26621466875076294,0.19690512120723724,0.3217772841453552,0.3121936619281769]]],"label":[0,0,0,0,1]}