{"input":[[[0.06482886523008347,0.37011629343032837,0.2650258243083954,0.10900308936834335,0.19102586805820465]],[[0.04229830577969551,0.38461068272590637,0.260574072599411,0.13802246749401093,0.17449447512626648]],[[0.14923307299613953,0.32698142528533936,0.2550857365131378,0.056138165295124054,0.21256165206432343]],[[0.10687383264303207,0.3683812618255615,0.21567724645137787,0.1752951294183731,0.13377253711223602]]],"label":[0,0,0,0,1]}