{"input":[[[0.061171259731054306,0.3700864911079407,0.26967644691467285,0.10250014811754227,0.1965656727552414]],[[0.06913038343191147,0.3633633852005005,0.27490440011024475,0.08461174368858337,0.20799006521701813]],[[-0.0419103167951107,0.15845650434494019,0.2711127698421478,0.5309165716171265,0.0814245194196701]],[[0.05900008976459503,0.37732574343681335,0.25570881366729736,0.1336265355348587,0.17433886229991913]]],"label":[1,0,0,0,0]}