{"input":[[[-0.09592779725790024,0.5640671849250793,0.376928448677063,0.15341752767562866,0.001514648785814643]],[[0.06535398215055466,0.36864516139030457,0.26770296692848206,0.10295257717370987,0.19534531235694885]],[[0.4386719763278961,-0.31934240460395813,0.1955489069223404,0.34097546339035034,0.34414616227149963]],[[0.10006413608789444,0.3590637743473053,0.2455906718969345,0.11875307559967041,0.17652837932109833]]],"label":[0,0,0,0,1]}