{"input":[[[0.052592240273952484,0.37815386056900024,0.26217594742774963,0.12567782402038574,0.1814001351594925]],[[0.05364393815398216,0.3781818151473999,0.2608502209186554,0.12751232087612152,0.17981170117855072]],[[0.05534275993704796,0.3818248510360718,0.2503741383552551,0.14791539311408997,0.16454288363456726]],[[0.05957392603158951,0.37405818700790405,0.2627260088920593,0.11840347200632095,0.18523843586444855]]],"label":[0,0,0,1,0]}