{"input":[[[0.6396800875663757,-0.5891361236572266,0.23960529267787933,0.2436881959438324,0.4661625027656555]],[[0.05731045454740524,0.3623323142528534,0.29203447699546814,0.059212956577539444,0.2291097491979599]],[[0.5099835395812988,-0.31607574224472046,0.161421000957489,0.31984737515449524,0.3248238265514374]],[[0.44593846797943115,-0.28984323143959045,0.1889003962278366,0.3305976688861847,0.3244067430496216]]],"label":[0,0,0,1,0]}