{"input":[[[0.05431564897298813,0.37836042046546936,0.2595473527908325,0.12965524196624756,0.17812134325504303]],[[0.05645259842276573,0.37448650598526,0.26562827825546265,0.11508852243423462,0.1883440911769867]],[[0.8945960402488708,-15.384517669677734,3.1116373538970947,-0.031831495463848114,12.410116195678711]],[[0.05815887823700905,0.37585291266441345,0.2603680193424225,0.12458094954490662,0.18103928864002228]]],"label":[0,0,0,0,1]}