{"input":[[[0.10273389518260956,0.3510112464427948,0.260425329208374,0.08545132726430893,0.20037828385829926]],[[0.002640040125697851,0.25769394636154175,0.59651780128479,-0.5283696055412292,0.6715178489685059]],[[0.47381287813186646,-0.3922148048877716,0.2017395794391632,0.3345028758049011,0.38215944170951843]],[[0.4884061813354492,-0.3584274649620056,0.19114159047603607,0.32018014788627625,0.3586995601654053]]],"label":[0,0,1,0,0]}