{"input":[[[0.05349999666213989,0.37768062949180603,0.2621704041957855,0.12488114088773727,0.18176785111427307]],[[0.04761528968811035,0.3819333016872406,0.2599245309829712,0.13472728431224823,0.17579954862594604]],[[0.07758311927318573,0.36402028799057007,0.2627648413181305,0.1025589108467102,0.1930728256702423]],[[0.061371542513370514,0.3740912079811096,0.2603810727596283,0.12172677367925644,0.18242931365966797]]],"label":[0,0,0,1,0]}