{"input":[[[0.44618064165115356,-0.3354128301143646,0.20338088274002075,0.333688884973526,0.35216236114501953]],[[0.0356307327747345,0.3881324827671051,0.26092514395713806,0.14314095675945282,0.17217059433460236]],[[0.05898904800415039,0.38139763474464417,0.2467425912618637,0.15230682492256165,0.1605638563632965]],[[0.06422364711761475,0.3722904622554779,0.2608611583709717,0.11822890490293503,0.18439581990242004]]],"label":[0,0,0,1,0]}