{"input":[[[0.05778708681464195,0.37583988904953003,0.26091697812080383,0.12374971807003021,0.18170632421970367]],[[0.05337149277329445,0.3774757981300354,0.2627889811992645,0.12370362877845764,0.18266011774539948]],[[0.3929661214351654,-0.3296434283256531,0.21898508071899414,0.3675200045108795,0.350172221660614]],[[0.054547570645809174,0.37524229288101196,0.266374796628952,0.11518549919128418,0.18864981830120087]]],"label":[0,0,0,1,0]}