{"input":[[[0.03973034396767616,0.38842737674713135,0.2551407814025879,0.15161935985088348,0.16508208215236664]],[[0.04582129046320915,0.38319239020347595,0.25934162735939026,0.13751307129859924,0.17413164675235748]],[[0.1774401068687439,0.34005439281463623,0.1894623339176178,0.1685582548379898,0.12448487430810928]],[[0.06356333196163177,0.37078967690467834,0.26510947942733765,0.10993335396051407,0.19060415029525757]]],"label":[0,0,0,1,0]}