{"input":[[[0.09193853288888931,0.31796231865882874,0.34880709648132324,-0.08961469680070877,0.33090680837631226]],[[0.02820120006799698,0.10232380777597427,0.25415343046188354,0.40680211782455444,0.20851948857307434]],[[-0.164740189909935,0.17648322880268097,0.986965537071228,-1.1961616277694702,1.1974530220031738]],[[0.06373320519924164,0.37137162685394287,0.2635655999183655,0.11301061511039734,0.18831902742385864]]],"label":[0,0,0,1,0]}