{"input":[[[0.5754287838935852,-0.5884925127029419,0.22201651334762573,0.30785489082336426,0.4831922948360443]],[[0.4931207597255707,-0.4348604381084442,0.20741969347000122,0.32973602414131165,0.40458396077156067]],[[0.5306305289268494,-0.49085479974746704,0.2182641327381134,0.3335655927658081,0.40839457511901855]],[[0.4493841230869293,-0.3039652109146118,0.1965274214744568,0.3259468376636505,0.3321067988872528]]],"label":[0,0,0,1,0]}