{"input":[[[0.015907829627394676,0.3981344401836395,0.2630687654018402,0.1559409499168396,0.16694806516170502]],[[0.057149942964315414,0.37473568320274353,0.2642363905906677,0.11737363785505295,0.1865042895078659]],[[0.4264545738697052,-0.33470699191093445,0.23731786012649536,0.32077348232269287,0.350161075592041]],[[0.6521233320236206,-0.6163613200187683,0.24132516980171204,0.23337696492671967,0.4895358383655548]]],"label":[0,0,0,1,0]}