{"input":[[[0.09803864359855652,0.34696152806282043,0.27556076645851135,0.05795057490468025,0.22148850560188293]],[[0.11966706812381744,0.32772302627563477,0.2916995584964752,0.005359765607863665,0.2555506229400635]],[[0.4636712968349457,-0.29612648487091064,0.17059026658535004,0.33640220761299133,0.3254626989364624]],[[0.4472205638885498,-0.280735045671463,0.17553262412548065,0.3364293575286865,0.32155248522758484]]],"label":[0,0,1,0,0]}