{"input":[[[0.06666713207960129,0.3702252209186554,0.2624552845954895,0.1127626895904541,0.1878897249698639]],[[0.053522929549217224,0.3763178884983063,0.265219122171402,0.11849755048751831,0.1864425390958786]],[[0.5220736861228943,-0.4336566925048828,0.18135786056518555,0.3329290747642517,0.3972960412502289]],[[0.061886806041002274,0.37237468361854553,0.2636251449584961,0.1145014613866806,0.187611922621727]]],"label":[0,0,0,1,0]}