{"input":[[[0.0546642541885376,0.3772946894168854,0.26157552003860474,0.12510445713996887,0.18136106431484222]],[[0.053265530616045,0.37782907485961914,0.2621208429336548,0.12519167363643646,0.1815929114818573]],[[0.061815302819013596,0.37327122688293457,0.2616844177246094,0.11861612647771835,0.18461297452449799]],[[0.0665360689163208,0.37015554308891296,0.26278871297836304,0.11217904835939407,0.1883406639099121]]],"label":[0,0,0,1,0]}