{"input":[[[0.4697086215019226,-0.392713338136673,0.19775094091892242,0.34167706966400146,0.3835766613483429]],[[0.06715139746665955,0.3685108721256256,0.2657445967197418,0.10546764731407166,0.19312550127506256]],[[0.4741774797439575,-0.4065895974636078,0.1988307684659958,0.343134343624115,0.39044705033302307]],[[0.02808254212141037,0.10444482415914536,0.2537620961666107,0.40686219930648804,0.2068484127521515]]],"label":[0,0,0,1,0]}