{"input":[[[0.4531882703304291,-0.31786200404167175,0.18222862482070923,0.33783864974975586,0.3446064591407776]],[[0.05965019389986992,0.3610907793045044,0.2918897271156311,0.057468827813863754,0.22990040481090546]],[[0.060935068875551224,0.37545791268348694,0.2577889859676361,0.12753047049045563,0.178287535905838]],[[0.07397047430276871,0.3626079559326172,0.27051860094070435,0.08953170478343964,0.2033713012933731]]],"label":[0,0,0,0,1]}