{"input":[[[0.467141717672348,-0.35414496064186096,0.1928493231534958,0.3321886360645294,0.36196526885032654]],[[0.5044155716896057,-0.457154780626297,0.2068784534931183,0.33029070496559143,0.41557005047798157]],[[-0.0875375047326088,0.14772000908851624,0.6933720111846924,-0.5543001294136047,0.8007457256317139]],[[0.6104317903518677,-0.6823122501373291,0.20305250585079193,0.34014925360679626,0.5286787152290344]]],"label":[0,0,0,1,0]}