{"input":[[[0.05242844671010971,0.37911808490753174,0.26025456190109253,0.12982133030891418,0.17837762832641602]],[[0.05561203137040138,0.3764016926288605,0.26240473985671997,0.12254324555397034,0.18303821980953217]],[[0.055038608610630035,0.3053387999534607,0.3372156620025635,0.028139352798461914,0.2742675840854645]],[[0.05749545618891716,0.37485969066619873,0.2597666084766388,0.12904644012451172,0.17883174121379852]]],"label":[0,0,0,1,0]}