{"input":[[[-0.05114476755261421,0.41648808121681213,0.3049456477165222,0.12741489708423615,0.20229613780975342]],[[-0.1647735983133316,0.17697417736053467,0.9868984818458557,-1.1961982250213623,1.197099208831787]],[[0.45020315051078796,-0.33267369866371155,0.19744931161403656,0.3329079747200012,0.3521132469177246]],[[0.11401000618934631,0.19081464409828186,0.2875434458255768,0.3089774250984192,0.09865453839302063]]],"label":[0,0,0,0,1]}