{"input":[[[0.06074599176645279,0.3716276288032532,0.26666975021362305,0.10916067659854889,0.19179588556289673]],[[-0.11079518496990204,0.6188417673110962,0.39179426431655884,0.12297327071428299,-0.022814080119132996]],[[-2.8290231227874756,4.759896755218506,0.6937699317932129,0.32804709672927856,-1.9526903629302979]],[[0.02828928641974926,0.10074926912784576,0.2544439136981964,0.40675750374794006,0.20975999534130096]]],"label":[0,0,0,1,0]}