{"input":[[[0.10436458140611649,0.34688806533813477,0.2678040564060211,0.06859845668077469,0.21234486997127533]],[[0.06799676269292831,0.36867499351501465,0.2643066942691803,0.10773000866174698,0.19129155576229095]],[[0.06705232709646225,0.3704352378845215,0.26148590445518494,0.1144510805606842,0.18657542765140533]],[[0.06620209664106369,0.36976978182792664,0.2640738785266876,0.10979002714157104,0.19016419351100922]]],"label":[1,0,0,0,0]}