{"input":[[[0.44575148820877075,-0.2920921742916107,0.1816851645708084,0.33403778076171875,0.3306177258491516]],[[0.08714662492275238,0.29800859093666077,0.3995857834815979,-0.1913471221923828,0.4066062271595001]],[[0.46835753321647644,-0.4209269881248474,0.20239771902561188,0.34986981749534607,0.4003019630908966]],[[0.4611561894416809,-0.3100583255290985,0.1752205640077591,0.3365621268749237,0.337119460105896]]],"label":[0,0,0,0,1]}