{"input":[[[0.4890460669994354,-0.46119067072868347,0.2176360785961151,0.34689104557037354,0.407617449760437]],[[0.06287095695734024,0.3702446520328522,0.26721668243408203,0.10613977909088135,0.19352790713310242]],[[0.4993106722831726,-0.48472079634666443,0.2036716341972351,0.3470369279384613,0.4347015619277954]],[[-0.0003284456906840205,0.21082577109336853,0.28165239095687866,0.3489920496940613,0.15885822474956512]]],"label":[0,1,0,0,0]}