{"input":[[[0.04989056661725044,0.3802681565284729,0.2608264088630676,0.13085319101810455,0.17816166579723358]],[[0.04466560110449791,0.38143640756607056,0.26478102803230286,0.1271665394306183,0.1819504201412201]],[[0.0870022177696228,0.2972104549407959,0.4001308083534241,-0.19206197559833527,0.40771856904029846]],[[20.46571159362793,-1.5932925939559937,-13.892062187194824,0.1972665935754776,-4.1776227951049805]]],"label":[0,0,0,1,0]}