{"input":[[[0.09450851380825043,0.35039541125297546,0.272134929895401,0.06821320205926895,0.21474799513816833]],[[0.5129802227020264,-0.46736130118370056,0.20118483901023865,0.33287137746810913,0.42032483220100403]],[[0.41214847564697266,-0.2675723433494568,0.21838857233524323,0.3195468485355377,0.317488431930542]],[[0.4678538739681244,-0.29392316937446594,0.19520366191864014,0.311941534280777,0.31892403960227966]]],"label":[0,0,0,1,0]}