{"input":[[[0.11110471189022064,0.18794097006320953,0.28639405965805054,0.312285453081131,0.1022748202085495]],[[0.06155858188867569,0.37159737944602966,0.2657487392425537,0.11036525666713715,0.19072997570037842]],[[0.3382161259651184,-0.19934412837028503,0.2247881144285202,0.3569486439228058,0.27939125895500183]],[[0.06210063397884369,0.37979188561439514,0.24646762013435364,0.1501554250717163,0.16148442029953003]]],"label":[0,0,0,1,0]}