{"input":[[[0.05429943650960922,0.3766043782234192,0.2635909616947174,0.12121737748384476,0.18428781628608704]],[[0.07165290415287018,0.36690643429756165,0.26367059350013733,0.10586487501859665,0.1919052004814148]],[[-1.896851897239685,-0.09835745394229889,1.530452013015747,0.7584161758422852,0.7063412666320801]],[[0.10384074598550797,0.34001624584198,0.2590462267398834,0.10492991656064987,0.19216687977313995]]],"label":[0,0,0,1,0]}