{"input":[[[0.046424154192209244,0.38195228576660156,0.26139336824417114,0.13270094990730286,0.1775292456150055]],[[0.05214240774512291,0.3791695237159729,0.26048916578292847,0.12958379089832306,0.17861510813236237]],[[0.04250796511769295,0.3866143524646759,0.25574633479118347,0.14792390167713165,0.16720743477344513]],[[-0.003177082631736994,0.4141424298286438,0.25075966119766235,0.19836722314357758,0.13990776240825653]]],"label":[0,0,0,1,0]}