{"input":[[[0.4536722004413605,-0.3472473919391632,0.20284374058246613,0.3313867449760437,0.3593447506427765]],[[0.531913161277771,-0.5132321715354919,0.2227974534034729,0.31856027245521545,0.439961314201355]],[[0.4672776460647583,-0.3936331272125244,0.19970577955245972,0.3420814573764801,0.3845682442188263]],[[0.462406188249588,-0.31732553243637085,0.1782521903514862,0.3387743830680847,0.3378927409648895]]],"label":[1,0,0,0,0]}