{"input":[[[0.06590711325407028,0.3675074279308319,0.26947885751724243,0.09878184646368027,0.19832471013069153]],[[0.06346796452999115,0.37110453844070435,0.26450884342193604,0.11127251386642456,0.1896461695432663]],[[0.052688147872686386,0.37909212708473206,0.25997957587242126,0.1301693320274353,0.17807070910930634]],[[0.0995185375213623,0.3392566740512848,0.27436363697052,0.07104506343603134,0.21581602096557617]]],"label":[0,0,0,1,0]}