{"input":[[[0.5898370742797852,-0.6612239480018616,0.19452548027038574,0.36573702096939087,0.511124312877655]],[[0.5184838175773621,-0.49121031165122986,0.20381949841976166,0.3378903567790985,0.4310166537761688]],[[0.8945960402488708,-15.384517669677734,3.1116373538970947,-0.031831495463848114,12.410116195678711]],[[0.08747000992298126,0.355584979057312,0.26940903067588806,0.0800328329205513,0.20750309526920319]]],"label":[0,1,0,0,0]}