{"input":[[[0.05416538193821907,0.3771594166755676,0.26243892312049866,0.12375317513942719,0.18248307704925537]],[[0.06753823161125183,0.36732128262519836,0.2679324448108673,0.10056494176387787,0.19664312899112701]],[[0.08833014965057373,0.3585493266582489,0.26155874133110046,0.09568125009536743,0.19588057696819305]],[[0.0564638115465641,0.37626340985298157,0.2615922689437866,0.1235048845410347,0.1821756660938263]]],"label":[0,0,1,0,0]}