{"input":[[[0.030763903632760048,0.38978374004364014,0.2633090317249298,0.14242570102214813,0.1737176775932312]],[[0.12488139420747757,0.20082923769950867,0.2919577658176422,0.2966237962245941,0.08570773899555206]],[[0.040729667991399765,0.38782358169555664,0.2552263140678406,0.1505708545446396,0.1656496375799179]],[[0.051934875547885895,0.3781738579273224,0.2630147635936737,0.1244903951883316,0.1823861002922058]]],"label":[0,0,1,0,0]}