{"input":[[[0.05340118333697319,0.37897446751594543,0.25935524702072144,0.13084730505943298,0.17742188274860382]],[[0.057011839002370834,0.37599340081214905,0.2615698277950287,0.12306039035320282,0.1823645681142807]],[[0.1774083524942398,0.3407506048679352,0.18933294713497162,0.16856712102890015,0.12394089996814728]],[[0.061125580221414566,0.3736041188240051,0.2617887556552887,0.11900423467159271,0.184477299451828]]],"label":[0,0,1,0,0]}