{"input":[[[0.06439194083213806,0.3722408413887024,0.26071542501449585,0.11839525401592255,0.18425647914409637]],[[0.0595657117664814,0.37330418825149536,0.2644089460372925,0.11490403115749359,0.18781709671020508]],[[0.08476591110229492,0.36118146777153015,0.26010259985923767,0.10183843970298767,0.1921115666627884]],[[0.06454578787088394,0.37130048871040344,0.2626921832561493,0.1141250729560852,0.18733645975589752]]],"label":[0,0,1,0,0]}