{"input":[[[0.4405609667301178,-0.31880104541778564,0.195057213306427,0.3358638286590576,0.3473190367221832]],[[0.4924771189689636,-0.4739423394203186,0.19996261596679688,0.35182100534439087,0.42968159914016724]],[[0.5317330360412598,-0.5290322303771973,0.18458256125450134,0.3623518943786621,0.4503646790981293]],[[0.5679996013641357,-0.46772101521492004,0.1460038274526596,0.3473026156425476,0.40641486644744873]]],"label":[0,1,0,0,0]}