{"input":[[[0.4966984689235687,-0.45356839895248413,0.20062153041362762,0.340295672416687,0.4159526824951172]],[[0.5980255603790283,-0.5571699738502502,0.24062266945838928,0.2525586783885956,0.46596312522888184]],[[0.0543426014482975,0.38320836424827576,0.24850036203861237,0.15270330011844635,0.1612454652786255]],[[0.027700867503881454,0.3978904187679291,0.24881140887737274,0.17537547647953033,0.15022188425064087]]],"label":[0,0,0,1,0]}