{"input":[[[0.04686998203396797,0.3819323778152466,0.2608781158924103,0.13338620960712433,0.17693327367305756]],[[0.04740964248776436,0.3818909227848053,0.26029521226882935,0.13413017988204956,0.17627404630184174]],[[0.06492049992084503,0.372768372297287,0.2588878870010376,0.12174157053232193,0.18168169260025024]],[[0.049466319382190704,0.3798578977584839,0.2623082101345062,0.12812703847885132,0.18024057149887085]]],"label":[0,0,0,0,1]}