{"input":[[[0.46746984124183655,-0.3179604411125183,0.17667990922927856,0.3330651521682739,0.3407455384731293]],[[-1.600915551185608,2.1748743057250977,0.8709005117416382,0.3921937346458435,-0.8370530605316162]],[[0.47033753991127014,-0.3259601891040802,0.17835181951522827,0.3328177332878113,0.34445303678512573]],[[0.45051607489585876,-0.31137895584106445,0.17781195044517517,0.3419448733329773,0.34110602736473083]]],"label":[0,0,1,0,0]}