{"input":[[[0.4201502501964569,-0.29571637511253357,0.20539376139640808,0.33724722266197205,0.33292514085769653]],[[1.088367223739624,-0.4554941952228546,-0.15075628459453583,0.22077223658561707,0.29711103439331055]],[[0.4091576635837555,-0.3415718078613281,0.2285946011543274,0.3469497263431549,0.35686978697776794]],[[-1.5087103843688965,-0.014042931608855724,1.4051141738891602,0.31701382994651794,0.8006252646446228]]],"label":[1,0,0,0,0]}