{"input":[[[0.4718553125858307,-0.32689157128334045,0.17650699615478516,0.33381187915802,0.344717413187027]],[[0.47185420989990234,-0.3420616388320923,0.1762969195842743,0.33889809250831604,0.3550124764442444]],[[0.028066836297512054,0.10472550988197327,0.2537102997303009,0.40687012672424316,0.2066272646188736]],[[0.7561815977096558,-0.6749745011329651,0.07010459899902344,0.35685789585113525,0.49183040857315063]]],"label":[0,0,1,0,0]}