{"input":[[[-0.040998417884111404,0.12896114587783813,0.5169649124145508,-0.16809073090553284,0.5631631016731262]],[[0.8945960402488708,-15.384517669677734,3.1116373538970947,-0.031831495463848114,12.410116195678711]],[[0.44992730021476746,-0.2830139994621277,0.1721889227628708,0.3401915729045868,0.3207061290740967]],[[0.5152822136878967,-0.4540695548057556,0.18445010483264923,0.3437589108943939,0.41057834029197693]]],"label":[1,0,0,0,0]}