{"input":[[[0.05137388035655022,0.3794912099838257,0.2607378363609314,0.12973544001579285,0.17866159975528717]],[[0.051229625940322876,0.37915512919425964,0.26168233156204224,0.1278895139694214,0.18004347383975983]],[[0.06825588643550873,0.37304994463920593,0.2540392577648163,0.12894698977470398,0.17570792138576508]],[[0.0567549429833889,0.3759593963623047,0.26196542382240295,0.12246038019657135,0.1828598827123642]]],"label":[0,0,0,0,1]}