{"input":[[[0.049563389271497726,0.37982165813446045,0.262276291847229,0.1281070113182068,0.18023164570331573]],[[0.07186004519462585,0.3627432584762573,0.272887259721756,0.08643027395009995,0.2060791254043579]],[[0.09129216521978378,0.35724523663520813,0.2607925236225128,0.09468568116426468,0.1959843635559082]],[[0.06278474628925323,0.3720579445362091,0.26320135593414307,0.11460224539041519,0.1873537003993988]]],"label":[0,0,1,0,0]}