{"input":[[[0.42462143301963806,-0.32122519612312317,0.19609329104423523,0.3505348861217499,0.3499755859375]],[[0.506069540977478,-0.5178704857826233,0.19451011717319489,0.3667408525943756,0.4505499005317688]],[[0.46729281544685364,-0.4121192991733551,0.19433067739009857,0.3545853793621063,0.3959103524684906]],[[0.43150436878204346,-0.3316882848739624,0.18946528434753418,0.354615718126297,0.3561028838157654]]],"label":[1,0,0,0,0]}