{"input":[[[0.05700540915131569,0.3748573958873749,0.2641363739967346,0.11771034449338913,0.18629047274589539]],[[0.060961175709962845,0.3715594708919525,0.2665715515613556,0.10917358845472336,0.1917342245578766]],[[0.8945960402488708,-15.384517669677734,3.1116373538970947,-0.031831495463848114,12.410116195678711]],[[0.8945960402488708,-15.384517669677734,3.1116373538970947,-0.031831495463848114,12.410116195678711]]],"label":[0,0,0,1,0]}