{"input":[[[0.4777449369430542,-0.4444597363471985,0.21596629917621613,0.3555276691913605,0.3952208459377289]],[[1.0025111436843872,-1.256908655166626,0.10929876565933228,0.4443502128124237,0.7007484436035156]],[[0.42327314615249634,-0.3104238510131836,0.20630241930484772,0.3370625972747803,0.3437856435775757]],[[0.440107524394989,-0.28255370259284973,0.1841314136981964,0.33437082171440125,0.32394394278526306]]],"label":[0,0,0,1,0]}