{"input":[[[0.09539346396923065,0.3517826795578003,0.2679620683193207,0.07613364607095718,0.2087281346321106]],[[0.0546778067946434,0.3768613338470459,0.2625482380390167,0.12306002527475357,0.1828526258468628]],[[0.059345439076423645,0.3752894103527069,0.26021212339401245,0.12385478615760803,0.1812981814146042]],[[0.055891167372465134,0.37746328115463257,0.2596304714679718,0.12809503078460693,0.17892003059387207]]],"label":[0,0,1,0,0]}