{"input":[[[0.49288445711135864,-0.4398305118083954,0.20735439658164978,0.338246613740921,0.40134507417678833]],[[0.06641650199890137,0.3657405972480774,0.2729315757751465,0.09110808372497559,0.20380325615406036]],[[0.4497641324996948,-0.2833918333053589,0.1763760894536972,0.3342665433883667,0.32298508286476135]],[[0.45384660363197327,-0.28971531987190247,0.17514419555664062,0.3346153199672699,0.3261091709136963]]],"label":[1,0,0,0,0]}