{"input":[[[0.05982884392142296,0.37344279885292053,0.26378726959228516,0.1159668117761612,0.18697427213191986]],[[0.06277725100517273,0.3703137934207916,0.26715561747550964,0.10635388642549515,0.19339938461780548]],[[0.061615776270627975,0.37372708320617676,0.260874480009079,0.12048763781785965,0.18329492211341858]],[[0.07682695984840393,0.3668338358402252,0.25730112195014954,0.11463748663663864,0.18440058827400208]]],"label":[0,0,1,0,0]}