{"input":[[[0.08934475481510162,0.3554193377494812,0.26741743087768555,0.08255107700824738,0.20526745915412903]],[[0.06198026239871979,0.3720289170742035,0.26429080963134766,0.11302969604730606,0.18867021799087524]],[[0.08143340796232224,0.3610677123069763,0.2645479440689087,0.09547656029462814,0.1974743902683258]],[[0.06497667729854584,0.3700244128704071,0.2650618255138397,0.10879572480916977,0.19114135205745697]]],"label":[0,0,1,0,0]}