{"input":[[[0.4588269889354706,-0.30137941241264343,0.17634853720664978,0.3360689580440521,0.33013495802879333]],[[0.10294578224420547,0.3057219386100769,0.3627173900604248,-0.12830455601215363,0.35691946744918823]],[[0.4564563035964966,-0.3485414385795593,0.18648363649845123,0.3456498980522156,0.35995161533355713]],[[-0.026558345183730125,0.12211582064628601,0.46264538168907166,-0.04877476394176483,0.49057188630104065]]],"label":[0,0,1,0,0]}