{"input":[[[0.43599140644073486,-0.2925470769405365,0.188095360994339,0.3342825174331665,0.3341778516769409]],[[0.4615705609321594,-0.3356458246707916,0.19343262910842896,0.32713404297828674,0.3535085618495941]],[[-0.03654911369085312,0.41739165782928467,0.28504839539527893,0.15607088804244995,0.17803816497325897]],[[0.43474066257476807,-0.2953748106956482,0.20454710721969604,0.32319942116737366,0.33288758993148804]]],"label":[0,0,0,1,0]}