{"input":[[[0.4590204954147339,-0.3289945125579834,0.19172507524490356,0.3285502791404724,0.3496987223625183]],[[0.04665280506014824,0.37965279817581177,0.26630929112434387,0.12223780900239944,0.18514728546142578]],[[-0.007374855689704418,0.4264584481716156,0.22779011726379395,0.25007426738739014,0.10305207222700119]],[[0.4255615472793579,-0.2600402534008026,0.19276176393032074,0.3301916718482971,0.31152525544166565]]],"label":[0,0,0,0,1]}