{"input":[[[0.1353219747543335,0.32083797454833984,0.28736281394958496,0.0007529601571150124,0.2557241916656494]],[[0.06716965138912201,0.3673940598964691,0.26823368668556213,0.10025832802057266,0.19694432616233826]],[[0.07123591750860214,0.36651748418807983,0.2650669813156128,0.10331649333238602,0.1938631683588028]],[[0.07803624868392944,0.36184221506118774,0.2671225965023041,0.09306465089321136,0.19993425905704498]]],"label":[1,0,0,0,0]}