{"input":[[[0.08195256441831589,0.35018810629844666,0.2882242202758789,0.04565264284610748,0.23398244380950928]],[[0.0704549178481102,0.3633417785167694,0.2732515335083008,0.08691001683473587,0.20604166388511658]],[[0.0686107873916626,0.369968056678772,0.26054736971855164,0.11505324393510818,0.185820534825325]],[[0.07141099870204926,0.3681332767009735,0.2611375153064728,0.11137760430574417,0.18794064223766327]]],"label":[0,0,0,1,0]}