{"input":[[[0.48481646180152893,-0.4053022265434265,0.20111650228500366,0.33373814821243286,0.38563111424446106]],[[0.7577409148216248,-0.6617442965507507,0.2508637607097626,0.1822759360074997,0.4708636403083801]],[[0.04352817311882973,0.38519370555877686,0.2576577663421631,0.14304423332214355,0.1705760806798935]],[[0.47713908553123474,-0.2830145061016083,0.1740623116493225,0.3183903396129608,0.3134227991104126]]],"label":[0,0,0,0,1]}