{"input":[[[0.4882327616214752,-0.41325271129608154,0.20614150166511536,0.32707199454307556,0.39180639386177063]],[[0.07336849719285965,0.36274009943008423,0.27093377709388733,0.08920077979564667,0.20375676453113556]],[[0.4022241532802582,-0.2875159978866577,0.24305853247642517,0.31869038939476013,0.3235429525375366]],[[0.441313236951828,-0.321627676486969,0.21011877059936523,0.3259860873222351,0.34420955181121826]]],"label":[0,0,1,0,0]}