{"input":[[[0.050072576850652695,0.379216730594635,0.2629898190498352,0.12617458403110504,0.18154625594615936]],[[0.05604683235287666,0.3741690516471863,0.2669180929660797,0.11273843050003052,0.19012755155563354]],[[0.0546678826212883,0.37758058309555054,0.2609078884124756,0.12649841606616974,0.18034522235393524]],[[0.06657534837722778,0.3688490390777588,0.26571041345596313,0.10604196786880493,0.19282320141792297]]],"label":[0,0,1,0,0]}