{"input":[[[0.046018071472644806,0.3821857273578644,0.2613868713378906,0.13306784629821777,0.177341490983963]],[[0.04472119361162186,0.3833196461200714,0.26044031977653503,0.13618196547031403,0.17533697187900543]],[[0.051008254289627075,0.38007786870002747,0.25984716415405273,0.13191983103752136,0.17714694142341614]],[[0.04011750593781471,0.3881146013736725,0.25536438822746277,0.1508130133152008,0.16559047996997833]]],"label":[0,0,0,1,0]}