{"input":[[[0.019589228555560112,0.10544274747371674,0.28694015741348267,0.33515721559524536,0.2528706192970276]],[[0.5015363693237305,-0.454858660697937,0.20362527668476105,0.3354681432247162,0.4142289161682129]],[[0.45809319615364075,-0.3640371859073639,0.1927754431962967,0.3456942141056061,0.3674742877483368]],[[0.4785679876804352,-0.4248987138271332,0.19690223038196564,0.34943699836730957,0.399991512298584]]],"label":[1,0,0,0,0]}