{"input":[[[0.060891009867191315,0.37537962198257446,0.2580288350582123,0.12706680595874786,0.1786337047815323]],[[0.10685673356056213,0.3078419268131256,0.3517063558101654,-0.10847513377666473,0.3420700430870056]],[[0.07016899436712265,0.37006351351737976,0.2584179639816284,0.11812496185302734,0.1832246333360672]],[[0.06913361698389053,0.36949995160102844,0.26097574830055237,0.11369563639163971,0.18669502437114716]]],"label":[0,0,1,0,0]}