{"input":[[[0.028133148327469826,0.10354018211364746,0.2539289891719818,0.40683653950691223,0.20756112039089203]],[[0.07466095685958862,0.36082127690315247,0.27370715141296387,0.08226751536130905,0.2085431069135666]],[[0.439936101436615,-0.30037635564804077,0.18623825907707214,0.33859848976135254,0.3356035053730011]],[[0.45383310317993164,-0.2961455285549164,0.17303699254989624,0.34229961037635803,0.32697582244873047]]],"label":[0,1,0,0,0]}