{"input":[[[0.44151049852371216,-0.31162694096565247,0.18490803241729736,0.34109604358673096,0.34411224722862244]],[[0.45874467492103577,-0.3502906560897827,0.18526417016983032,0.3432687520980835,0.3630131483078003]],[[0.44066962599754333,-0.303137868642807,0.1840532273054123,0.33907100558280945,0.3393440544605255]],[[0.507551372051239,-0.44377830624580383,0.19043922424316406,0.3406929075717926,0.40509480237960815]]],"label":[0,0,0,0,1]}