{"input":[[[0.08087322860956192,0.1570352464914322,0.2745887339115143,0.3467411696910858,0.140761598944664]],[[0.07364171743392944,0.3642145097255707,0.26729336380958557,0.09655360877513885,0.19829685986042023]],[[0.05484356731176376,0.3784279525279999,0.25876718759536743,0.13081426918506622,0.17714710533618927]],[[0.05325095355510712,0.3788602352142334,0.25980499386787415,0.13003936409950256,0.17804446816444397]]],"label":[0,0,1,0,0]}