{"input":[[[0.02802632562816143,0.10544963926076889,0.2535766661167145,0.4068906307220459,0.20605672895908356]],[[0.08177752792835236,0.34868162870407104,0.2920230031013489,0.0378403402864933,0.2396775186061859]],[[0.4149712920188904,-0.28656190633773804,0.2047024667263031,0.3375729024410248,0.329315185546875]],[[0.13907378911972046,0.3208548426628113,0.2791265845298767,0.01537793967872858,0.24556683003902435]]],"label":[0,0,0,1,0]}