{"input":[[[0.41075193881988525,-0.23838382959365845,0.21284249424934387,0.31970879435539246,0.29508063197135925]],[[0.504944920539856,-0.43830406665802,0.18266603350639343,0.34964123368263245,0.4010518789291382]],[[0.4669099450111389,-0.3629402816295624,0.20363202691078186,0.32674476504325867,0.36565348505973816]],[[0.49354830384254456,-0.32355615496635437,0.1801384538412094,0.3124828636646271,0.33738648891448975]]],"label":[0,0,0,0,1]}