{"input":[[[0.4412584900856018,-0.3274538815021515,0.1993788480758667,0.3359386622905731,0.3508778214454651]],[[0.8945960402488708,-15.384517669677734,3.1116373538970947,-0.031831495463848114,12.410116195678711]],[[-0.09108259528875351,0.33237484097480774,0.31455472111701965,0.44997358322143555,-0.005820544436573982]],[[0.07920601963996887,0.3608672618865967,0.2678438723087311,0.09053745120763779,0.2015453726053238]]],"label":[0,1,0,0,0]}