{"input":[[[0.07131016999483109,0.3651963472366333,0.2680251896381378,0.09706282615661621,0.198405459523201]],[[0.05903058126568794,0.373779833316803,0.2640444338321686,0.11612555384635925,0.18701954185962677]],[[0.056438736617565155,0.3765215277671814,0.2610791325569153,0.12458992749452591,0.1813706010580063]],[[0.07342687994241714,0.3655658960342407,0.26449090242385864,0.10259540379047394,0.19392096996307373]]],"label":[0,0,1,0,0]}