{"input":[[[0.502958357334137,-1.074633002281189,-0.008532093837857246,0.8779452443122864,0.7022615075111389]],[[0.06156349927186966,0.3684709072113037,0.27278798818588257,0.09567125886678696,0.2015063315629959]],[[0.4700283408164978,-0.8373920321464539,0.06682237982749939,0.7098318338394165,0.5907094478607178]],[[0.07457242161035538,0.3670153319835663,0.25977152585983276,0.11144468188285828,0.18719597160816193]]],"label":[0,0,0,0,1]}