{"input":[[[0.42235007882118225,-0.40810659527778625,0.20879122614860535,0.38961559534072876,0.3873496949672699]],[[0.06539737433195114,0.3689529597759247,0.2669699788093567,0.1044410839676857,0.1942385584115982]],[[0.4557662308216095,-0.28548234701156616,0.1736091822385788,0.3343929052352905,0.32171401381492615]],[[0.07601788640022278,0.36320871114730835,0.2665919363498688,0.09593512117862701,0.19824638962745667]]],"label":[0,1,0,0,0]}