{"input":[[[0.5418190360069275,-0.5010300874710083,0.20073562860488892,0.3272615075111389,0.431213915348053]],[[1.3485182523727417,-1.6792243719100952,0.18710272014141083,0.11849100887775421,1.0251123905181885]],[[0.4350285232067108,-0.2882201075553894,0.19846177101135254,0.3250132203102112,0.32971659302711487]],[[0.8347886800765991,-0.7936806082725525,0.09950005263090134,0.3006740212440491,0.5587177276611328]]],"label":[0,0,1,0,0]}