{"input":[[[0.05462634563446045,0.3697907328605652,0.27860480546951294,0.0895853266119957,0.20739273726940155]],[[0.08671393245458603,0.35324952006340027,0.2755952775478363,0.06779007613658905,0.21665120124816895]],[[0.04690086096525192,0.3939468264579773,0.2333594262599945,0.1908700317144394,0.1349228173494339]],[[0.46634042263031006,-0.3283347189426422,0.22485044598579407,0.29367583990097046,0.34346798062324524]]],"label":[0,0,0,1,0]}