{"input":[[[0.6664130091667175,-2.24287486076355,-0.3858393728733063,1.714779257774353,1.247521996498108]],[[0.07919424027204514,0.35802239179611206,0.27430495619773865,0.07705718278884888,0.21142122149467468]],[[0.10290320962667465,0.30541640520095825,0.3628981113433838,-0.1285286396741867,0.35731086134910583]],[[0.08466614782810211,0.35233521461486816,0.28032466769218445,0.059692028909921646,0.22298189997673035]]],"label":[1,0,0,0,0]}