{"input":[[[0.05052711442112923,0.37442338466644287,0.2731008529663086,0.10470154136419296,0.19724705815315247]],[[0.051355715841054916,0.37839260697364807,0.263258159160614,0.12448731809854507,0.18250620365142822]],[[0.057957444339990616,0.3782501220703125,0.25524449348449707,0.1354438215494156,0.17310409247875214]],[[0.06252358108758926,0.37220826745033264,0.2632051408290863,0.11481988430023193,0.18724311888217926]]],"label":[0,0,0,1,0]}