{"input":[[[0.08440831303596497,0.3548702001571655,0.2748858332633972,0.07127796113491058,0.2145576775074005]],[[0.13895951211452484,0.21479204297065735,0.29752132296562195,0.2805929183959961,0.06813415139913559]],[[-0.7803363800048828,-0.031177906319499016,1.0620462894439697,0.2971748113632202,0.4522932171821594]],[[0.06002820283174515,0.37638723850250244,0.25676429271698,0.13047665357589722,0.1763436496257782]]],"label":[0,0,0,1,0]}