{"input":[[[0.6665136218070984,-2.2486627101898193,-0.38429927825927734,1.7140103578567505,1.2524380683898926]],[[15.538764953613281,-22.513750076293945,-1.2930313348770142,-1.1163686513900757,10.384385108947754]],[[0.13881421089172363,0.3225458264350891,0.27921271324157715,0.014688354916870594,0.24473898112773895]],[[0.0922393724322319,0.35337531566619873,0.2683047652244568,0.07818406820297241,0.20789648592472076]]],"label":[0,0,0,1,0]}