{"input":[[[0.05141697824001312,0.3789230287075043,0.2619711756706238,0.1271224319934845,0.18056629598140717]],[[0.07784096896648407,0.3600071668624878,0.2715623080730438,0.08395827561616898,0.20663119852542877]],[[0.0475928820669651,0.3836498260498047,0.2560628354549408,0.14281012117862701,0.1698843389749527]],[[0.05442050099372864,0.37684139609336853,0.2629143297672272,0.12252150475978851,0.18330220878124237]]],"label":[0,0,1,0,0]}