{"input":[[[-0.16462428867816925,0.17478108406066895,0.9871978759765625,-1.1960340738296509,1.1986793279647827]],[[0.02780267968773842,0.3890742361545563,0.2685069143772125,0.1341940313577652,0.18042215704917908]],[[0.39656156301498413,-0.24852818250656128,0.2093893587589264,0.33337047696113586,0.30920690298080444]],[[0.4288978576660156,-0.2582271099090576,0.17901360988616943,0.34335702657699585,0.3069586455821991]]],"label":[0,0,0,1,0]}