{"input":[[[0.48008835315704346,-0.1952591836452484,0.3084432780742645,0.13567982614040375,0.27104780077934265]],[[-4.009185791015625,2.2744531631469727,1.0622766017913818,2.0153186321258545,-0.34286266565322876]],[[0.027570294216275215,0.41027575731277466,0.22051213681697845,0.23465989530086517,0.10698185116052628]],[[0.05962195619940758,0.37454289197921753,0.2615591883659363,0.12079931050539017,0.18347668647766113]]],"label":[0,0,0,1,0]}