{"input":[[[0.04816332086920738,0.36656349897384644,0.29402464628219604,0.06305477768182755,0.2281937301158905]],[[0.049216799437999725,0.37693437933921814,0.26925671100616455,0.11383529007434845,0.1907569020986557]],[[0.043114203959703445,0.38578882813453674,0.25684961676597595,0.1450902819633484,0.16915708780288696]],[[0.0449395515024662,0.384456068277359,0.25756844878196716,0.1419915109872818,0.17104437947273254]]],"label":[0,0,0,1,0]}