{"input":[[[0.05450282618403435,0.37688449025154114,0.26269155740737915,0.122919000685215,0.18300212919712067]],[[0.013127296231687069,0.11077755689620972,0.3103265166282654,0.28290805220603943,0.28286048769950867]],[[0.08923634886741638,0.36097291111946106,0.25495877861976624,0.10866153240203857,0.18617041409015656]],[[0.06698707491159439,0.3686533272266388,0.2656369209289551,0.10583469271659851,0.19288799166679382]]],"label":[0,0,0,0,1]}