{"input":[[[0.05560309812426567,0.37667903304100037,0.26176828145980835,0.12388404458761215,0.18206551671028137]],[[-0.15334582328796387,0.1768210381269455,0.9651873707771301,-1.1490837335586548,1.1604211330413818]],[[0.1279001384973526,0.32429954409599304,0.26250743865966797,0.07790562510490417,0.20738734304904938]],[[0.5006935000419617,-0.3366093635559082,0.15888522565364838,0.3393753170967102,0.33765530586242676]]],"label":[0,1,0,0,0]}