{"input":[[[0.4807860255241394,-0.40677013993263245,0.18920692801475525,0.34573060274124146,0.39104655385017395]],[[0.4816773533821106,-0.42402052879333496,0.19237205386161804,0.34761831164360046,0.40235280990600586]],[[0.44821086525917053,-0.30874103307724,0.17387600243091583,0.3458957076072693,0.34075847268104553]],[[0.4539148211479187,-0.3023160994052887,0.17184992134571075,0.3421943485736847,0.33435705304145813]]],"label":[0,1,0,0,0]}