{"input":[[[0.4137822985649109,-0.4332323968410492,0.19590239226818085,0.42241695523262024,0.401130735874176]],[[0.0752067044377327,0.361870676279068,0.27060383558273315,0.08827719837427139,0.20404161512851715]],[[0.4035046100616455,-0.23746591806411743,0.18444094061851501,0.3507367968559265,0.2987835705280304]],[[0.44274085760116577,-0.24724991619586945,0.17482303082942963,0.3311629593372345,0.2985230088233948]]],"label":[0,0,0,1,0]}