{"input":[[[0.5191603302955627,-0.2761569619178772,0.17806793749332428,0.2767805755138397,0.3021481931209564]],[[0.04999870806932449,0.3791966438293457,0.2631424367427826,0.1259176880121231,0.1817445158958435]],[[0.11709453910589218,0.3121897578239441,0.32982608675956726,-0.07193130999803543,0.3128209114074707]],[[0.09706159681081772,0.3558327555656433,0.256657212972641,0.0982828363776207,0.1921655833721161]]],"label":[0,0,0,0,1]}