{"input":[[[0.060816969722509384,0.37318602204322815,0.26312705874443054,0.11647959798574448,0.18639034032821655]],[[0.5241096019744873,-0.42651697993278503,0.16885706782341003,0.34086138010025024,0.39268890023231506]],[[0.7071161270141602,-0.9142251014709473,0.12686331570148468,0.4947396218776703,0.5855060815811157]],[[0.48367276787757874,-0.29313749074935913,0.18584971129894257,0.30752724409103394,0.3160878121852875]]],"label":[0,0,0,1,0]}