{"input":[[[0.4998052418231964,-0.4833088219165802,0.20104171335697174,0.3496397137641907,0.43282216787338257]],[[0.5355510711669922,-0.5877858996391296,0.21092009544372559,0.349104106426239,0.4922105371952057]],[[0.6429591774940491,-0.8343358039855957,0.17961385846138,0.3950347304344177,0.6167279481887817]],[[0.6055991053581238,-0.7212721109390259,0.19427727162837982,0.36716189980506897,0.5542337894439697]]],"label":[0,0,1,0,0]}