{"input":[[[0.13286322355270386,0.31989312171936035,0.29302749037742615,-0.00900944136083126,0.26322561502456665]],[[0.06680562347173691,0.3692533075809479,0.26449066400527954,0.10839004069566727,0.191060408949852]],[[0.6409164071083069,-0.6997360587120056,0.20086342096328735,0.33425894379615784,0.5236972570419312]],[[0.06216808781027794,0.37225472927093506,0.26354140043258667,0.11443031579256058,0.18760547041893005]]],"label":[0,0,1,0,0]}