{"input":[[[0.4876839816570282,-0.42443203926086426,0.2202022522687912,0.3193807303905487,0.39716506004333496]],[[0.5291091799736023,-0.4984329044818878,0.22224992513656616,0.3125540614128113,0.4345197379589081]],[[0.4216585159301758,-0.17842009663581848,0.17892986536026,0.3253447413444519,0.2524869441986084]],[[0.4021090865135193,-0.1308678835630417,0.18522003293037415,0.3235359191894531,0.22000284492969513]]],"label":[0,0,0,1,0]}