{"input":[[[-0.07896747440099716,0.8026391863822937,0.45007243752479553,-0.017409831285476685,-0.15633425116539001]],[[0.06079380586743355,0.37163862586021423,0.26667073369026184,0.10909905284643173,0.19179773330688477]],[[0.07986754924058914,0.361659437417984,0.2652241885662079,0.09542631357908249,0.19782249629497528]],[[0.05423690751194954,0.37709933519363403,0.26255083084106445,0.12344330549240112,0.18266956508159637]]],"label":[0,1,0,0,0]}