{"input":[[[0.5860292911529541,-0.5980063080787659,0.21947409212589264,0.3128681480884552,0.47963476181030273]],[[0.04455417022109032,0.3819507360458374,0.2637319266796112,0.12945958971977234,0.18030360341072083]],[[0.14727665483951569,0.3265852928161621,0.25949129462242126,0.048438116908073425,0.21820859611034393]],[[0.08394406735897064,0.36009106040000916,0.2636560797691345,0.09512867778539658,0.1971801221370697]]],"label":[0,0,0,1,0]}