{"input":[[[0.07537347078323364,0.3563595414161682,0.2822169363498688,0.06401969492435455,0.22203032672405243]],[[0.048741038888692856,0.37953031063079834,0.26382550597190857,0.12562242150306702,0.18228070437908173]],[[0.06808018684387207,0.37032145261764526,0.2604142129421234,0.1157960519194603,0.18538819253444672]],[[0.07886143028736115,0.36860761046409607,0.2506575584411621,0.1267404407262802,0.1751328706741333]]],"label":[0,0,0,0,1]}