{"input":[[[0.06655899435281754,0.36646220088005066,0.2711239159107208,0.09475623071193695,0.20109865069389343]],[[0.4637051522731781,-0.37464484572410583,0.19851617515087128,0.3391300141811371,0.37329357862472534]],[[0.05995573848485947,0.3741466999053955,0.2619844377040863,0.1196298822760582,0.18428324162960052]],[[0.049984291195869446,0.3807419538497925,0.259630024433136,0.1332702487707138,0.17637355625629425]]],"label":[0,0,0,1,0]}