{"input":[[[0.08135796338319778,0.36141371726989746,0.26392248272895813,0.09683550894260406,0.19647030532360077]],[[0.04784393683075905,0.38090357184410095,0.2619827687740326,0.13022691011428833,0.17904281616210938]],[[0.05472590774297714,0.3781794607639313,0.2594889998435974,0.12940794229507446,0.1781976968050003]],[[0.06343179941177368,0.37047067284584045,0.26599398255348206,0.1082024946808815,0.19190096855163574]]],"label":[0,0,1,0,0]}