{"input":[[[0.03930123150348663,0.376751184463501,0.28203362226486206,0.0958651453256607,0.20604880154132843]],[[0.028998963534832,0.08806366473436356,0.2567845582962036,0.406398206949234,0.21975459158420563]],[[0.6658642292022705,-2.21126651763916,-0.39425164461135864,1.7189804315567017,1.2206735610961914]],[[0.17745189368724823,0.3397957384586334,0.18951040506362915,0.16855496168136597,0.12468695640563965]]],"label":[0,0,0,1,0]}