{"input":[[[0.48018360137939453,-0.40640988945961,0.19521819055080414,0.34285682439804077,0.38815122842788696]],[[0.4650648832321167,-0.3823808431625366,0.1939905881881714,0.3463687002658844,0.37695664167404175]],[[0.4453742504119873,-0.2813435196876526,0.1784137636423111,0.3356752395629883,0.3218802511692047]],[[0.5564679503440857,-0.37559494376182556,0.12902483344078064,0.3365965783596039,0.35350558161735535]]],"label":[0,1,0,0,0]}