{"input":[[[0.4672398269176483,-0.3895697295665741,0.19938522577285767,0.33946946263313293,0.38347524404525757]],[[0.48059532046318054,-0.4049661457538605,0.1883922964334488,0.3453643321990967,0.39061418175697327]],[[0.8945960402488708,-15.384517669677734,3.1116373538970947,-0.031831495463848114,12.410116195678711]],[[0.07392352819442749,0.38474777340888977,0.2139943242073059,0.20929977297782898,0.11803462356328964]]],"label":[0,0,0,1,0]}