{"input":[[[0.08911832422018051,0.35156890749931335,0.2764326333999634,0.06392467767000198,0.21895545721054077]],[[0.06886966526508331,0.365205854177475,0.27107805013656616,0.09282518178224564,0.20202118158340454]],[[0.09914886951446533,0.34873315691947937,0.27021101117134094,0.0681355819106102,0.2137712985277176]],[[0.05586594343185425,0.28199589252471924,0.4727931320667267,-0.3163059651851654,0.50565105676651]]],"label":[0,0,0,0,1]}