{"input":[[[0.06260981410741806,0.3653542995452881,0.2785639762878418,0.08268848061561584,0.21078342199325562]],[[0.7553869485855103,-0.7010976672172546,0.22941304743289948,0.23542380332946777,0.48087385296821594]],[[0.05323880910873413,0.379476398229599,0.2584145963191986,0.1329551339149475,0.17591509222984314]],[[0.07101848721504211,0.3661765456199646,0.26615437865257263,0.10122797638177872,0.19542261958122253]]],"label":[0,0,1,0,0]}