{"input":[[[0.17850160598754883,0.2527209520339966,0.31334641575813293,0.2356092482805252,0.019821839407086372]],[[0.06383469700813293,0.3702836334705353,0.26591888070106506,0.10800468921661377,0.1919579803943634]],[[0.8945960402488708,-15.384517669677734,3.1116373538970947,-0.031831495463848114,12.410116195678711]],[[0.060941074043512344,0.37593910098075867,0.25670260190963745,0.12979118525981903,0.17662601172924042]]],"label":[0,0,0,0,1]}