{"input":[[[0.08148947358131409,0.3577561676502228,0.2720564305782318,0.0797344371676445,0.20896343886852264]],[[0.06509183347225189,0.3686000108718872,0.2681517004966736,0.1022418886423111,0.1959146112203598]],[[0.49121251702308655,-0.31545865535736084,0.1517750471830368,0.3421704173088074,0.3303007185459137]],[[0.49805748462677,-0.3317412734031677,0.15815214812755585,0.3370791971683502,0.33845239877700806]]],"label":[0,0,1,0,0]}