{"input":[[[0.05234384909272194,0.37791118025779724,0.26309144496917725,0.12397297471761703,0.18268060684204102]],[[0.07178904116153717,0.3465315103530884,0.29089218378067017,0.06221712753176689,0.22857019305229187]],[[1.3905489444732666,-4.9154767990112305,-1.1084638833999634,3.196754217147827,2.4366374015808105]],[[0.07241392880678177,0.36417317390441895,0.26686686277389526,0.09998218715190887,0.19656386971473694]]],"label":[0,0,1,0,0]}