{"input":[[[0.48846757411956787,-0.4496570825576782,0.2057417929172516,0.34009620547294617,0.4153515100479126]],[[0.008990971371531487,0.21048635244369507,0.626873791217804,-0.428967148065567,0.5826160311698914]],[[0.5079292058944702,-0.47449803352355957,0.2256021648645401,0.3201545774936676,0.42081212997436523]],[[0.4949699938297272,-0.3462778925895691,0.16628453135490417,0.3357882499694824,0.3492351174354553]]],"label":[0,0,0,1,0]}