{"input":[[[0.09529301524162292,0.2846183478832245,0.350335955619812,-0.07005009800195694,0.33980268239974976]],[[0.0726398304104805,0.3645549416542053,0.26778239011764526,0.09640994668006897,0.19861282408237457]],[[0.4847331643104553,-0.28833940625190735,0.16197654604911804,0.3324318826198578,0.3091978132724762]],[[0.050057556480169296,0.381156325340271,0.25860831141471863,0.13533738255500793,0.17484045028686523]]],"label":[0,0,0,1,0]}