{"input":[[[0.4396681487560272,-0.3048618733882904,0.19066192209720612,0.335380882024765,0.33915093541145325]],[[0.4361961781978607,-0.30098408460617065,0.197419673204422,0.3307287395000458,0.3366394639015198]],[[0.4387405812740326,-0.2748555839061737,0.18305034935474396,0.3406875729560852,0.3123771548271179]],[[0.08520334213972092,0.3611609637737274,0.2594633996486664,0.10281779617071152,0.19135454297065735]]],"label":[0,0,0,1,0]}