{"input":[[[0.06642952561378479,0.3697180449962616,0.26389700174331665,0.10996182262897491,0.18999360501766205]],[[0.06493821740150452,0.37069571018218994,0.26358333230018616,0.11191767454147339,0.188865065574646]],[[0.06645501405000687,0.3753953278064728,0.2509138882160187,0.13706578314304352,0.17017003893852234]],[[0.06539875268936157,0.37026694416999817,0.2639707624912262,0.11070628464221954,0.18965719640254974]]],"label":[0,0,0,0,1]}