{"input":[[[0.07824655622243881,0.35622069239616394,0.2794434726238251,0.0671861320734024,0.21890312433242798]],[[0.07490865886211395,0.34025925397872925,0.31946316361427307,-0.013379164971411228,0.27874812483787537]],[[0.1560937762260437,0.34224072098731995,0.21281352639198303,0.1382003128528595,0.15065158903598785]],[[0.46453896164894104,-0.3540296256542206,0.23433154821395874,0.29969140887260437,0.35546764731407166]]],"label":[0,0,0,0,1]}