{"input":[[[0.047324031591415405,0.3813081979751587,0.26170605421066284,0.1312628984451294,0.17839878797531128]],[[0.059769850224256516,0.37350019812583923,0.26374104619026184,0.11611296236515045,0.18687590956687927]],[[0.09793850779533386,0.3624439537525177,0.24044521152973175,0.13139139115810394,0.16778096556663513]],[[0.06878455728292465,0.3674466907978058,0.26610612869262695,0.10328136384487152,0.19438131153583527]]],"label":[0,0,0,0,1]}