{"input":[[[0.07602522522211075,0.36037230491638184,0.27296340465545654,0.08263467252254486,0.20800434052944183]],[[0.055192239582538605,0.3766253590583801,0.2624073326587677,0.12290945649147034,0.18286561965942383]],[[0.43394148349761963,-0.3105675280094147,0.20353595912456512,0.3313734829425812,0.3417166769504547]],[[0.42578479647636414,-0.25770071148872375,0.220524862408638,0.3058686852455139,0.3055223524570465]]],"label":[0,0,0,0,1]}