{"input":[[[0.4338238537311554,-0.2742960453033447,0.18101145327091217,0.3388342559337616,0.32062652707099915]],[[0.4417734742164612,-0.27291008830070496,0.1773059368133545,0.33683058619499207,0.3170001208782196]],[[0.43208083510398865,-0.2755626440048218,0.1829902082681656,0.3387008607387543,0.3217906951904297]],[[0.43640419840812683,-0.2808215022087097,0.1816231608390808,0.33820900321006775,0.32458510994911194]]],"label":[1,0,0,0,0]}