{"input":[[[0.6404126286506653,-0.6629984378814697,0.22681479156017303,0.27440908551216125,0.5213619470596313]],[[0.4464755654335022,-0.3040740489959717,0.18872123956680298,0.33069470524787903,0.33818259835243225]],[[0.46775421500205994,-0.36027929186820984,0.19358019530773163,0.33413466811180115,0.36481019854545593]],[[0.6261423230171204,-0.6584768891334534,0.21189315617084503,0.31239959597587585,0.5080417990684509]]],"label":[0,0,0,1,0]}