{"input":[[[0.05777575075626373,0.3745904862880707,0.2637064456939697,0.11794682592153549,0.18598054349422455]],[[0.049839165061712265,0.3795391023159027,0.2625561058521271,0.1272839605808258,0.18078164756298065]],[[0.8945960402488708,-15.384517669677734,3.1116373538970947,-0.031831495463848114,12.410116195678711]],[[0.05353792384266853,0.3793770968914032,0.2582266926765442,0.1330929696559906,0.17576530575752258]]],"label":[0,0,0,1,0]}