{"input":[[[0.4979855418205261,-0.4901927709579468,0.2014491856098175,0.3517620861530304,0.43899598717689514]],[[0.45382508635520935,-0.35106590390205383,0.1935499608516693,0.3391875922679901,0.36450326442718506]],[[0.44117042422294617,-0.28064194321632385,0.1834326833486557,0.3338701128959656,0.32216861844062805]],[[0.43880918622016907,-0.2669495642185211,0.18565663695335388,0.3280571699142456,0.31442660093307495]]],"label":[0,0,0,1,0]}