{"input":[[[0.02798682451248169,0.10615573823451996,0.25344640016555786,0.40691059827804565,0.20550040900707245]],[[0.5602385401725769,-0.5581597685813904,0.2253051996231079,0.3078498840332031,0.46476614475250244]],[[0.047684211283922195,0.38195449113845825,0.2597787380218506,0.1349736750125885,0.17560888826847076]],[[0.8945960402488708,-15.384517669677734,3.1116373538970947,-0.031831495463848114,12.410116195678711]]],"label":[0,0,0,1,0]}