{"input":[[[0.05970362573862076,0.3742902874946594,0.26185351610183716,0.12014923244714737,0.1840033233165741]],[[0.7850254774093628,-0.8150976300239563,0.2205183506011963,0.23975375294685364,0.5698000192642212]],[[0.4038125276565552,-0.36216509342193604,0.2189817875623703,0.37132734060287476,0.3680434226989746]],[[0.05663255229592323,0.37524959444999695,0.2637319266796112,0.11887826025485992,0.1855076402425766]]],"label":[0,0,0,0,1]}