{"input":[[[0.6319954991340637,-0.5205808281898499,0.14710253477096558,0.31400197744369507,0.4274808168411255]],[[0.4599633812904358,-0.3353583812713623,0.18626557290554047,0.3356303572654724,0.35349908471107483]],[[0.13194750249385834,0.31922855973243713,0.295226514339447,-0.01270482037216425,0.2663021683692932]],[[0.4439399242401123,-0.2946787476539612,0.2267567664384842,0.29894742369651794,0.32503461837768555]]],"label":[0,0,0,1,0]}