{"input":[[[0.47311148047447205,-0.3481470048427582,0.19600406289100647,0.32190197706222534,0.3571295440196991]],[[0.049261510372161865,0.3808666467666626,0.26027411222457886,0.1325547844171524,0.17704294621944427]],[[0.8945960402488708,-15.384517669677734,3.1116373538970947,-0.031831495463848114,12.410116195678711]],[[0.04051826894283295,0.38800665736198425,0.2551029324531555,0.15100833773612976,0.1653638333082199]]],"label":[0,0,0,1,0]}