{"input":[[[0.758141815662384,-0.8598707318305969,0.18816234171390533,0.32636407017707825,0.5872024893760681]],[[-0.13708633184432983,-0.22973500192165375,1.0424299240112305,-1.1657668352127075,1.4901583194732666]],[[0.037016335874795914,0.3970992863178253,0.23859018087387085,0.1886184960603714,0.13867570459842682]],[[0.43726247549057007,-0.2924272119998932,0.19333843886852264,0.33204185962677,0.32978445291519165]]],"label":[0,0,0,1,0]}