{"input":[[[0.07854735106229782,0.3630125820636749,0.2638154625892639,0.09952473640441895,0.1950998306274414]],[[0.07149811089038849,0.36650165915489197,0.26480281352996826,0.10363226383924484,0.19356518983840942]],[[0.5151205658912659,-0.33670783042907715,0.1639089584350586,0.31730735301971436,0.34037095308303833]],[[0.46731653809547424,-0.27377456426620483,0.16529272496700287,0.33117830753326416,0.30998700857162476]]],"label":[0,0,1,0,0]}