{"input":[[[0.4583481252193451,-0.3116248548030853,0.17540568113327026,0.3381497263908386,0.33972132205963135]],[[0.5034542679786682,-0.3648315668106079,0.158877432346344,0.34330594539642334,0.35919392108917236]],[[0.4604704976081848,-0.31696340441703796,0.1768907606601715,0.33792516589164734,0.3416769504547119]],[[0.710918128490448,-0.9676254987716675,0.17724119126796722,0.3902531862258911,0.6892129778862]]],"label":[0,0,1,0,0]}