{"input":[[[0.05810928717255592,0.3745086193084717,0.2635323405265808,0.11800592392683029,0.18584385514259338]],[[0.06207114830613136,0.37129902839660645,0.26580139994621277,0.10980194807052612,0.19102638959884644]],[[0.08859032392501831,0.3634030520915985,0.2500729560852051,0.11946839094161987,0.178465336561203]],[[0.6582690477371216,-1.7738323211669922,-0.5106693506240845,1.7771186828613281,0.849113941192627]]],"label":[0,0,0,1,0]}