{"input":[[[0.5110952258110046,-0.44319432973861694,0.21219463646411896,0.3136003911495209,0.4063040614128113]],[[-0.07715240865945816,0.14584675431251526,0.6530687808990479,-0.46695274114608765,0.7451896667480469]],[[0.44103947281837463,-0.3381953835487366,0.20156915485858917,0.3402639925479889,0.3553227484226227]],[[0.4635011553764343,-0.3340684473514557,0.1774829477071762,0.3462337553501129,0.34685057401657104]]],"label":[0,0,0,1,0]}