{"input":[[[0.07351227849721909,0.3616192042827606,0.2732912600040436,0.08415277302265167,0.20742440223693848]],[[-0.03750328719615936,0.36901867389678955,0.2866131663322449,0.36211150884628296,0.01976000890135765]],[[0.43368905782699585,-0.2580368220806122,0.1897481232881546,0.32890447974205017,0.30569520592689514]],[[0.47375407814979553,-0.3654032349586487,0.2436656355857849,0.2912187874317169,0.3567647337913513]]],"label":[0,0,0,1,0]}