{"input":[[[0.46329307556152344,-0.3198886215686798,0.1773783415555954,0.3362630307674408,0.342954158782959]],[[0.452332079410553,-0.3324662148952484,0.1841438263654709,0.3434086740016937,0.352581650018692]],[[0.49018874764442444,-0.4152258336544037,0.18971754610538483,0.3423038423061371,0.3930157423019409]],[[0.46439191699028015,-0.3742640018463135,0.19561415910720825,0.3407256603240967,0.3735322058200836]]],"label":[0,0,1,0,0]}