{"input":[[[0.44547852873802185,-0.3391464352607727,0.19416575133800507,0.3483358919620514,0.351166307926178]],[[0.06115129962563515,0.3691599667072296,0.27183952927589417,0.09799317270517349,0.1998559832572937]],[[0.4706178605556488,-0.30393654108047485,0.16406789422035217,0.34193095564842224,0.327319860458374]],[[-0.24146416783332825,0.028910841792821884,0.7128978371620178,0.19287899136543274,0.3067764937877655]]],"label":[1,0,0,0,0]}