{"input":[[[0.6218900084495544,-0.6859289407730103,0.19464288651943207,0.35630497336387634,0.5130911469459534]],[[0.07135189324617386,0.36423465609550476,0.27013275027275085,0.09262971580028534,0.20165105164051056]],[[0.42112964391708374,-0.24756553769111633,0.18354257941246033,0.34149643778800964,0.3013969361782074]],[[0.06749587506055832,0.37184029817581177,0.25773870944976807,0.1218876764178276,0.1810373216867447]]],"label":[0,0,0,1,0]}