{"input":[[[0.06909295916557312,0.3678285777568817,0.26483529806137085,0.10566826909780502,0.19257491827011108]],[[0.10953757166862488,0.30888158082962036,0.3473517596721649,-0.10201284289360046,0.33624187111854553]],[[0.5297861695289612,-0.5094411373138428,0.21122299134731293,0.35059380531311035,0.4178382158279419]],[[0.08898202329874039,0.35468611121177673,0.269560307264328,0.0783892348408699,0.2083822786808014]]],"label":[1,0,0,0,0]}