{"input":[[[-0.14751818776130676,-0.07649693638086319,1.021506905555725,-1.1772323846817017,1.379740595817566]],[[0.04569496586918831,0.38215184211730957,0.2618632912635803,0.1323573887348175,0.17793245613574982]],[[0.47886034846305847,-0.3439989984035492,0.16941538453102112,0.3480930030345917,0.3476302921772003]],[[0.05617661401629448,0.3562609851360321,0.27984845638275146,0.1050790473818779,0.2026349902153015]]],"label":[0,0,1,0,0]}