{"input":[[[0.4559367597103119,-0.3330378532409668,0.18481099605560303,0.3374667763710022,0.35482335090637207]],[[0.6373763680458069,-0.729171633720398,0.21155394613742828,0.3177873492240906,0.5624539256095886]],[[0.4677295684814453,-0.2777564525604248,0.1678520292043686,0.33257541060447693,0.309599369764328]],[[0.42983296513557434,-0.2866170108318329,0.1848430037498474,0.3480727970600128,0.3238682746887207]]],"label":[0,0,0,0,1]}