{"input":[[[0.04575334116816521,0.3835189640522003,0.25868043303489685,0.13895437121391296,0.1730928272008896]],[[0.05308905616402626,0.37780123949050903,0.2624153792858124,0.12472927570343018,0.18196499347686768]],[[0.4199818968772888,-0.2517634928226471,0.19235168397426605,0.33393025398254395,0.3054996728897095]],[[0.09584565460681915,0.3496602773666382,0.2617962956428528,0.09599281847476959,0.19670499861240387]]],"label":[0,0,0,0,1]}