{"input":[[[0.40885040163993835,-0.3981776833534241,0.20735487341880798,0.3971180021762848,0.38485437631607056]],[[0.5390341281890869,-0.49370548129081726,0.2206033617258072,0.30314382910728455,0.4309241771697998]],[[0.04768708348274231,0.3826107680797577,0.2582851052284241,0.13809044659137726,0.17332662642002106]],[[-3.420400857925415,-0.4022294878959656,2.5434012413024902,1.0198229551315308,1.259406328201294]]],"label":[0,0,0,1,0]}