{"input":[[[0.08440914750099182,0.33056530356407166,0.32962802052497864,-0.042955271899700165,0.29835283756256104]],[[0.4895939230918884,-0.9755699038505554,0.021078219637274742,0.8104212880134583,0.6544764637947083]],[[0.05406589433550835,0.37835222482681274,0.2599129378795624,0.12910394370555878,0.17856502532958984]],[[0.07027877867221832,0.37073320150375366,0.2567181885242462,0.121586874127388,0.18068289756774902]]],"label":[0,0,0,0,1]}