{"input":[[[0.4398895800113678,-0.3482157289981842,0.19224813580513,0.35390594601631165,0.36217212677001953]],[[0.05499912053346634,0.3769327700138092,0.26190289855003357,0.12414231151342392,0.18202291429042816]],[[-0.3301525115966797,0.49704694747924805,0.4726816415786743,0.021709511056542397,0.3387143909931183]],[[0.17635129392147064,0.2361137717962265,0.3375230133533478,0.21430623531341553,0.035705745220184326]]],"label":[1,0,0,0,0]}