{"input":[[[0.5000941753387451,-0.45802515745162964,0.20705242455005646,0.33348965644836426,0.4173888564109802]],[[-0.06864677369594574,0.14200785756111145,0.6209946274757385,-0.39657479524612427,0.7022190690040588]],[[0.04346349835395813,0.3860997259616852,0.2556896209716797,0.14720973372459412,0.16753748059272766]],[[0.06466644257307053,0.3732847273349762,0.2579433023929596,0.1239556074142456,0.1801498830318451]]],"label":[0,0,0,1,0]}