{"input":[[[0.8945960402488708,-15.384517669677734,3.1116373538970947,-0.031831495463848114,12.410116195678711]],[[0.06496061384677887,0.3664582669734955,0.2731562852859497,0.09191013127565384,0.20351475477218628]],[[0.3093734383583069,-0.18187180161476135,0.20470383763313293,0.40554413199424744,0.2622503638267517]],[[0.34929701685905457,-0.12514479458332062,0.20748218894004822,0.3439693748950958,0.22439618408679962]]],"label":[0,0,0,0,1]}