{"input":[[[0.6672829985618591,-0.7211225628852844,0.2074809968471527,0.30889707803726196,0.537461519241333]],[[0.072199746966362,0.36406344175338745,0.26941943168640137,0.09338358044624329,0.2009338140487671]],[[0.45237451791763306,-0.3248051702976227,0.19011174142360687,0.333543062210083,0.34877586364746094]],[[0.4918007552623749,-0.3051397502422333,0.16249963641166687,0.3253656029701233,0.3254737854003906]]],"label":[0,0,0,1,0]}