{"input":[[[0.4325415790081024,-0.3019530177116394,0.190243199467659,0.3435807228088379,0.3355875313282013]],[[0.0460304319858551,0.3756239712238312,0.2761445939540863,0.10226275026798248,0.19993817806243896]],[[0.057308778166770935,0.38511523604393005,0.24029582738876343,0.16726727783679962,0.1500128209590912]],[[-0.6568817496299744,0.42418164014816284,0.7871257662773132,0.3829614222049713,0.06261301040649414]]],"label":[0,0,1,0,0]}