{"input":[[[0.0757376179099083,0.36395397782325745,0.26521021127700806,0.09907485544681549,0.19602328538894653]],[[-0.09092973172664642,0.32993751764297485,0.31498846411705017,0.4498988687992096,-0.0038951104506850243]],[[0.09364438056945801,0.3542156517505646,0.26063641905784607,0.09583786875009537,0.19566559791564941]],[[0.0941561907529831,0.34827202558517456,0.2556575536727905,0.11834696680307388,0.18356724083423615]]],"label":[0,0,0,1,0]}