{"input":[[[0.047435905784368515,0.3812592327594757,0.261687695980072,0.1312008798122406,0.17841626703739166]],[[0.05706077814102173,0.3751259446144104,0.26346445083618164,0.11906350404024124,0.1852852702140808]],[[0.08419149369001389,0.3602856993675232,0.26287028193473816,0.09655959159135818,0.19609296321868896]],[[0.07121966034173965,0.3635421693325043,0.2718016505241394,0.0892745703458786,0.20416198670864105]]],"label":[0,0,0,0,1]}