{"input":[[[0.4616715610027313,-0.3144574761390686,0.17344841361045837,0.33916720747947693,0.34017035365104675]],[[0.470003604888916,-0.4033884108066559,0.19926424324512482,0.3420776426792145,0.39204299449920654]],[[0.4659016728401184,-0.30835020542144775,0.17744363844394684,0.33096376061439514,0.33404114842414856]],[[0.4463220536708832,-0.31196728348731995,0.1875288486480713,0.3362940847873688,0.3418223261833191]]],"label":[0,0,0,1,0]}