{"input":[[[0.050828687846660614,0.37989673018455505,0.26050156354904175,0.13070695102214813,0.17806601524353027]],[[0.0847468376159668,0.3605535626411438,0.26155778765678406,0.09881511330604553,0.1943267583847046]],[[0.4923515319824219,-0.3273540437221527,0.15842853486537933,0.33912310004234314,0.3374508321285248]],[[0.4152083694934845,-0.32920894026756287,0.23524975776672363,0.3292073607444763,0.3495434820652008]]],"label":[0,0,1,0,0]}