{"input":[[[3.6228184700012207,-5.191743850708008,-0.1598108857870102,0.19621902704238892,2.5325169563293457]],[[0.4847303032875061,-0.39802229404449463,0.20216991007328033,0.32776233553886414,0.38335976004600525]],[[0.43942686915397644,-0.27722498774528503,0.181770920753479,0.3345351219177246,0.3214920163154602]],[[0.4190451502799988,-0.25382885336875916,0.18405625224113464,0.34399986267089844,0.30672749876976013]]],"label":[0,0,0,1,0]}