{"input":[[[0.05735908821225166,0.36796727776527405,0.27931293845176697,0.08571041375398636,0.20965024828910828]],[[0.07334906607866287,0.3607287108898163,0.27559271454811096,0.07947432994842529,0.2108551412820816]],[[0.45212870836257935,-0.3213413953781128,0.18262965977191925,0.3429831862449646,0.3435998558998108]],[[0.5051506161689758,-0.32083433866500854,0.1500425487756729,0.3351309299468994,0.3305102288722992]]],"label":[1,0,0,0,0]}