{"input":[[[-0.16373570263385773,0.16172774136066437,0.9889801740646362,-1.1950575113296509,1.208085298538208]],[[0.07204095274209976,0.36562711000442505,0.2661021053791046,0.1004437804222107,0.19578604400157928]],[[0.36385178565979004,-0.20276087522506714,0.2139345407485962,0.34195008873939514,0.28302448987960815]],[[0.4024306833744049,-0.21369239687919617,0.186680406332016,0.3413757383823395,0.2832055985927582]]],"label":[0,0,0,1,0]}