{"input":[[[0.03514061123132706,0.3821651041507721,0.27501243352890015,0.11416695266962051,0.19351495802402496]],[[0.8945960402488708,-15.384517669677734,3.1116373538970947,-0.031831495463848114,12.410116195678711]],[[0.10059350728988647,0.3677610456943512,0.2248474508523941,0.16167671978473663,0.14512135088443756]],[[0.42601245641708374,-0.26211556792259216,0.19345995783805847,0.3317823112010956,0.3108607530593872]]],"label":[0,0,0,0,1]}