{"input":[[[0.057483747601509094,0.3756684958934784,0.26169800758361816,0.12238241732120514,0.1827673614025116]],[[0.056686609983444214,0.37356531620025635,0.26746806502342224,0.11103243380784988,0.19124753773212433]],[[0.1415739804506302,0.32381099462509155,0.27279603481292725,0.025684915482997894,0.23613403737545013]],[[0.477255254983902,-0.3128189444541931,0.16469894349575043,0.3395087420940399,0.3313560485839844]]],"label":[0,0,0,1,0]}