{"input":[[[0.45229876041412354,-0.3336596190929413,0.1891055405139923,0.3374706208705902,0.3547847270965576]],[[0.44743433594703674,-0.33425602316856384,0.19595149159431458,0.3360556960105896,0.3548145294189453]],[[0.45953160524368286,-0.31959617137908936,0.17357033491134644,0.34637701511383057,0.3401171565055847]],[[0.47236257791519165,-0.34223422408103943,0.16781900823116302,0.3502522110939026,0.35180044174194336]]],"label":[0,0,0,1,0]}