{"input":[[[0.5198087096214294,-0.4947127103805542,0.2089715600013733,0.33483463525772095,0.4310978055000305]],[[0.11198774725198746,0.3198506534099579,0.31942522525787354,-0.04585127532482147,0.2945875823497772]],[[0.4780524671077728,-0.36315733194351196,0.17435292899608612,0.34881019592285156,0.36194172501564026]],[[-0.02326173335313797,0.28433558344841003,0.42277950048446655,-0.0388510636985302,0.3549976944923401]]],"label":[1,0,0,0,0]}