{"input":[[[0.04505187273025513,0.37894967198371887,0.2699022889137268,0.11614087224006653,0.18995532393455505]],[[0.07246384769678116,0.3626490533351898,0.2723540961742401,0.08701198548078537,0.20552100241184235]],[[0.5675181746482849,-0.7535809278488159,0.13473235070705414,0.5196129679679871,0.5317174196243286]],[[0.0996544137597084,0.3495059609413147,0.2678391933441162,0.0726419985294342,0.2103584110736847]]],"label":[1,0,0,0,0]}