{"input":[[[0.04353749379515648,0.392204225063324,0.24165768921375275,0.17646513879299164,0.14613552391529083]],[[0.062418434768915176,0.37078261375427246,0.26652535796165466,0.10798819363117218,0.192285418510437]],[[0.044772278517484665,0.3833135664463043,0.26038870215415955,0.13624520599842072,0.17528031766414642]],[[0.08047188073396683,0.36261269450187683,0.26227641105651855,0.10105762630701065,0.19358143210411072]]],"label":[0,0,1,0,0]}