{"input":[[[0.05483613908290863,0.3764290511608124,0.26328593492507935,0.12138982862234116,0.18405909836292267]],[[0.08230998367071152,0.356679230928421,0.2733532786369324,0.07633087038993835,0.21132667362689972]],[[0.05385519191622734,0.3782298266887665,0.2604581117630005,0.1281495839357376,0.17930729687213898]],[[0.4911656677722931,-0.35409414768218994,0.196854829788208,0.31374871730804443,0.35232487320899963]]],"label":[0,0,0,1,0]}