{"input":[[[0.06008531153202057,0.3726070821285248,0.26535579562187195,0.11246763914823532,0.18948416411876678]],[[0.06589692085981369,0.3617936074733734,0.2824779748916626,0.07164094597101212,0.21819055080413818]],[[0.07272861152887344,0.36702919006347656,0.2620399296283722,0.10832729935646057,0.18987494707107544]],[[0.06033309921622276,0.37438255548477173,0.2610262632369995,0.12128943204879761,0.1829686164855957]]],"label":[0,0,1,0,0]}