{"input":[[[0.061393704265356064,0.37267813086509705,0.26356804370880127,0.11505043506622314,0.1873096376657486]],[[0.05329925939440727,0.37776508927345276,0.2622319459915161,0.12492834776639938,0.18177533149719238]],[[0.10015515238046646,0.3196260333061218,0.2835044860839844,0.07580415159463882,0.22091016173362732]],[[0.5783476829528809,-0.6147021055221558,0.21241171658039093,0.3253090977668762,0.4986336827278137]]],"label":[0,0,1,0,0]}