{"input":[[[0.05559743940830231,0.37664657831192017,0.26186373829841614,0.12368661910295486,0.18220563232898712]],[[0.055341530591249466,0.3766412138938904,0.2621963322162628,0.12321659177541733,0.18260428309440613]],[[0.09592915326356888,0.35739338397979736,0.2546013593673706,0.10355578362941742,0.18852028250694275]],[[0.06467893719673157,0.3714372217655182,0.26221245527267456,0.11501062661409378,0.1866607964038849]]],"label":[0,0,0,1,0]}