{"input":[[[0.03265423700213432,0.27051058411598206,0.5270028114318848,-0.40895548462867737,0.5787878632545471]],[[0.060463059693574905,0.37270644307136536,0.26459595561027527,0.11373557150363922,0.18849900364875793]],[[0.46272653341293335,-0.43610063195228577,0.2134658694267273,0.3660808801651001,0.393827348947525]],[[0.04800693318247795,0.3812371492385864,0.26100337505340576,0.1321328580379486,0.17761960625648499]]],"label":[1,0,0,0,0]}