{"input":[[[-0.0905863419175148,0.324461966753006,0.31596291065216064,0.4497309923171997,0.00043042839388363063]],[[0.06578447669744492,0.37089356780052185,0.26205146312713623,0.11437879502773285,0.1868916153907776]],[[0.06698642671108246,0.3726826310157776,0.2564556896686554,0.12501604855060577,0.1788591593503952]],[[0.06120717525482178,0.373237669467926,0.2625090181827545,0.11743046343326569,0.18561574816703796]]],"label":[0,0,0,1,0]}