{"input":[[[0.06504964828491211,0.37023717164993286,0.264482319355011,0.10994292050600052,0.19028787314891815]],[[0.06658607721328735,0.36812135577201843,0.26734238862991333,0.10262581706047058,0.1953243911266327]],[[0.4875982403755188,-0.43845391273498535,0.2057413011789322,0.3394739031791687,0.4056403934955597]],[[0.535744309425354,-0.3602292239665985,0.14475712180137634,0.33074235916137695,0.3489854633808136]]],"label":[0,0,1,0,0]}