{"input":[[[0.05106798931956291,0.37906748056411743,0.26206469535827637,0.12723667919635773,0.18056316673755646]],[[0.057012706995010376,0.3751145005226135,0.2635449171066284,0.1189388632774353,0.18538902699947357]],[[0.08438622951507568,0.35935378074645996,0.26473698019981384,0.09249134361743927,0.19903160631656647]],[[0.0731424018740654,0.3652184307575226,0.2656235098838806,0.10048217326402664,0.19553342461585999]]],"label":[0,0,1,0,0]}