{"input":[[[0.05270901694893837,0.3426220715045929,0.3418334126472473,-0.04060180112719536,0.30343738198280334]],[[0.05513116717338562,0.37618035078048706,0.26340368390083313,0.12090075761079788,0.18438395857810974]],[[0.041870567947626114,0.39119240641593933,0.24598486721515656,0.16890288889408112,0.15204927325248718]],[[0.05907133221626282,0.38612669706344604,0.2357873022556305,0.17513710260391235,0.14387758076190948]]],"label":[0,0,0,0,1]}