{"input":[[[0.04653919115662575,0.3830011785030365,0.25886768102645874,0.13787461817264557,0.17371730506420135]],[[0.04561356082558632,0.3825569748878479,0.26105237007141113,0.13412104547023773,0.1766560673713684]],[[0.05761280655860901,0.3774194121360779,0.25753262639045715,0.13097380101680756,0.176461324095726]],[[0.05979996919631958,0.37510067224502563,0.2600550055503845,0.12378741055727005,0.1812569499015808]]],"label":[0,0,0,1,0]}