{"input":[[[0.47823259234428406,-0.4243783950805664,0.20214222371578217,0.3438916504383087,0.4001119136810303]],[[0.06554121524095535,0.36552900075912476,0.27450791001319885,0.08858426660299301,0.20583763718605042]],[[0.008425342850387096,0.5996575355529785,0.3993327021598816,0.07882300019264221,-0.08623868972063065]],[[0.48609283566474915,-0.35694608092308044,0.1668035387992859,0.3461529612541199,0.35789674520492554]]],"label":[1,0,0,0,0]}