{"input":[[[0.08629599958658218,0.3548961877822876,0.27241823077201843,0.07478387653827667,0.2116057276725769]],[[0.06820524483919144,0.3674708902835846,0.26662227511405945,0.10274352878332138,0.1949581354856491]],[[0.08185286819934845,0.36233991384506226,0.2611463963985443,0.1022096797823906,0.19245114922523499]],[[0.4351458251476288,-0.2556423246860504,0.18022163212299347,0.3344641923904419,0.30581068992614746]]],"label":[0,0,0,0,1]}