{"input":[[[0.052643924951553345,0.3793811500072479,0.25935351848602295,0.13152089715003967,0.1771005541086197]],[[0.050360895693302155,0.3787883520126343,0.2636083960533142,0.12462828308343887,0.18261407315731049]],[[0.1468372642993927,0.334659606218338,0.20901760458946228,0.17726042866706848,0.13222508132457733]],[[0.052573300898075104,0.322574645280838,0.301504522562027,0.10489093512296677,0.21845658123493195]]],"label":[0,0,0,0,1]}