{"input":[[[0.12207496911287308,0.32788655161857605,0.2881051003932953,0.010795830748975277,0.25113755464553833]],[[-0.08900003135204315,0.14841005206108093,0.6988750100135803,-0.5663864612579346,0.8081014752388]],[[0.06177302449941635,0.3777530789375305,0.2514999508857727,0.13993483781814575,0.1690390259027481]],[[0.4673944413661957,-0.35072264075279236,0.21750575304031372,0.31323808431625366,0.3525843620300293]]],"label":[0,0,0,1,0]}