{"input":[[[-0.2828531563282013,0.2350999265909195,0.57551109790802,0.07143302261829376,0.40080907940864563]],[[0.06410543620586395,0.3738870620727539,0.257235586643219,0.1259346306324005,0.17883722484111786]],[[0.06068139895796776,0.37453484535217285,0.2602421045303345,0.12262196838855743,0.18191976845264435]],[[0.08114799857139587,0.3700513541698456,0.24250690639019012,0.14311419427394867,0.16317950189113617]]],"label":[0,0,1,0,0]}