{"input":[[[0.4474083483219147,-0.3217047154903412,0.18688157200813293,0.3375941216945648,0.34982064366340637]],[[0.481655091047287,-0.3967228829860687,0.20357897877693176,0.3276565372943878,0.38383230566978455]],[[0.056111618876457214,0.3815877437591553,0.2498856633901596,0.14827384054660797,0.16414105892181396]],[[0.4907151758670807,-0.4028436243534088,0.23612451553344727,0.3038026690483093,0.37220126390457153]]],"label":[0,0,0,1,0]}