{"input":[[[0.44728368520736694,-0.31011345982551575,0.18709850311279297,0.3348892331123352,0.34084203839302063]],[[0.48923930525779724,-0.35174569487571716,0.1712450236082077,0.335353285074234,0.355908066034317]],[[0.4595697224140167,-0.3085612654685974,0.17683644592761993,0.335397332906723,0.33675771951675415]],[[-0.21467220783233643,0.12983553111553192,0.5272189378738403,0.3470994830131531,0.2105182260274887]]],"label":[0,0,1,0,0]}