{"input":[[[0.5377418994903564,-0.5483384132385254,0.20656605064868927,0.33977869153022766,0.4642517566680908]],[[-0.02015925943851471,0.28215619921684265,0.30200523138046265,0.30807268619537354,0.12792520225048065]],[[0.5914131999015808,-0.679938554763794,0.20041067898273468,0.35229596495628357,0.5358186364173889]],[[0.016412338241934776,0.2646145820617676,0.5643229484558105,-0.47337719798088074,0.6280273795127869]]],"label":[0,0,0,0,1]}