{"input":[[[0.0617004819214344,0.3752741515636444,0.25726714730262756,0.12794461846351624,0.17781361937522888]],[[0.07995844632387161,0.360398530960083,0.2679990828037262,0.08954617381095886,0.20209768414497375]],[[0.5420089364051819,-0.5362783074378967,0.22287900745868683,0.31673121452331543,0.4546591639518738]],[[0.07924894243478775,0.3563165068626404,0.27161097526550293,0.08724019676446915,0.2055833786725998]]],"label":[0,0,1,0,0]}