{"input":[[[0.041398949921131134,0.37836572527885437,0.27579134702682495,0.10705022513866425,0.1973937451839447]],[[0.05309341102838516,0.372166246175766,0.27510106563568115,0.09825398772954941,0.20138530433177948]],[[0.06562933325767517,0.37467339634895325,0.253561794757843,0.13226567208766937,0.17386984825134277]],[[0.0447557270526886,0.3857876658439636,0.25474366545677185,0.14805854856967926,0.16665436327457428]]],"label":[0,0,0,1,0]}