{"input":[[[0.5431365370750427,-0.5567347407341003,0.20479676127433777,0.34493720531463623,0.4638642370700836]],[[0.4491732716560364,-0.2923770248889923,0.1781473606824875,0.33532094955444336,0.3297354280948639]],[[0.45359718799591064,-0.292886346578598,0.1741701066493988,0.3376551568508148,0.327463835477829]],[[0.47440260648727417,-0.3286844491958618,0.16535434126853943,0.3467485010623932,0.34217897057533264]]],"label":[1,0,0,0,0]}