{"input":[[[0.07278117537498474,0.36065229773521423,0.27603068947792053,0.07914958894252777,0.21138626337051392]],[[0.4487629234790802,-0.3364996016025543,0.24510887265205383,0.2955749034881592,0.3470528721809387]],[[0.3558180034160614,-0.2025710493326187,0.23496152460575104,0.3316369652748108,0.28015458583831787]],[[0.07360199093818665,0.3741230070590973,0.24481797218322754,0.14353151619434357,0.16392554342746735]]],"label":[0,0,0,0,1]}