{"input":[[[0.04018348455429077,0.3865916430950165,0.2587380111217499,0.14371004700660706,0.1707768440246582]],[[0.05374979227781296,0.3769175708293915,0.2635866105556488,0.12170493602752686,0.18404099345207214]],[[0.05364641174674034,0.3771447539329529,0.2631046772003174,0.12282182276248932,0.18328234553337097]],[[0.42995262145996094,-0.3883819580078125,0.23540598154067993,0.3394297659397125,0.3835935890674591]]],"label":[0,0,0,0,1]}