{"input":[[[0.0739467516541481,0.3588600158691406,0.27893078327178955,0.07201064378023148,0.21625174582004547]],[[0.042058274149894714,0.38317224383354187,0.26406750082969666,0.13095246255397797,0.1797495037317276]],[[0.0869767814874649,0.35966020822525024,0.2607107162475586,0.09864412248134613,0.19400812685489655]],[[0.06833265721797943,0.36885857582092285,0.2620764672756195,0.11306094378232956,0.18767137825489044]]],"label":[0,0,0,0,1]}