{"input":[[[0.5119622349739075,-0.48833659291267395,0.20957736670970917,0.3324615955352783,0.4343354105949402]],[[0.7191516160964966,-0.8082712888717651,0.19241878390312195,0.3290078639984131,0.5676930546760559]],[[0.48750561475753784,-0.4320513606071472,0.22193852066993713,0.320382684469223,0.4022245705127716]],[[0.1008053719997406,0.1818210929632187,0.2835603654384613,0.32120174169540405,0.11261146515607834]]],"label":[0,0,0,0,1]}