{"input":[[[0.3977682292461395,-0.31809064745903015,0.23262813687324524,0.34060415625572205,0.34709006547927856]],[[0.057959072291851044,0.37467753887176514,0.26331502199172974,0.11859596520662308,0.18545234203338623]],[[0.06145624443888664,0.37362733483314514,0.2612922489643097,0.11975698918104172,0.18386714160442352]],[[0.03983871638774872,0.35692164301872253,0.2842608690261841,0.12053302675485611,0.19844569265842438]]],"label":[0,0,0,1,0]}