{"input":[[[0.06044429540634155,0.3754972517490387,0.2583310902118683,0.12682563066482544,0.17890173196792603]],[[0.05579908564686775,0.3762352168560028,0.2625473439693451,0.12208165973424911,0.18333673477172852]],[[0.09350230544805527,-0.30098849534988403,0.14563314616680145,0.7571753263473511,0.30467772483825684]],[[0.057093072682619095,0.3756467401981354,0.26225247979164124,0.12156397104263306,0.18344371020793915]]],"label":[0,0,0,0,1]}