{"input":[[[0.4472183883190155,-0.31984952092170715,0.1945236474275589,0.33213311433792114,0.3459743559360504]],[[0.46927008032798767,-0.3543861508369446,0.20072855055332184,0.322176456451416,0.36221104860305786]],[[0.042540740221738815,0.3919007182121277,0.24360504746437073,0.17327086627483368,0.1486826092004776]],[[0.42456740140914917,-0.5105592012405396,0.1710919290781021,0.4775715172290802,0.4373283386230469]]],"label":[0,0,0,0,1]}