{"input":[[[-0.05906696617603302,0.13803508877754211,0.5847273468971252,-0.317131906747818,0.6534364223480225]],[[-0.16481737792491913,0.17761681973934174,0.9868107438087463,-1.1962463855743408,1.1966361999511719]],[[0.04590379074215889,0.37606221437454224,0.2753630578517914,0.10399478673934937,0.19867610931396484]],[[0.5717385411262512,-0.6300076842308044,0.21325598657131195,0.3306531012058258,0.5143600702285767]]],"label":[0,0,0,1,0]}