{"input":[[[-0.12335070967674255,0.6630609035491943,0.40496569871902466,0.09689626842737198,-0.041572198271751404]],[[0.7642304301261902,-0.6741403341293335,0.24776336550712585,0.18782341480255127,0.4743230640888214]],[[0.42050227522850037,-0.3331906795501709,0.20417727530002594,0.3586050868034363,0.3499060273170471]],[[0.5772302746772766,-0.5608029365539551,0.2203945368528366,0.3106388747692108,0.4525392949581146]]],"label":[0,0,0,0,1]}