{"input":[[[0.4528241455554962,-0.3544273376464844,0.2105579823255539,0.3279992640018463,0.36304593086242676]],[[0.4667673707008362,-0.3633821904659271,0.19401881098747253,0.33388441801071167,0.36871156096458435]],[[0.47223201394081116,-0.3265809416770935,0.25714385509490967,0.25934770703315735,0.33785736560821533]],[[0.4683033227920532,-0.46758347749710083,0.20324279367923737,0.38800910115242004,0.4080283045768738]]],"label":[0,0,0,1,0]}