{"input":[[[0.07398099452257156,0.36409419775009155,0.26714321970939636,0.09656915068626404,0.19821250438690186]],[[0.07331216335296631,0.36272192001342773,0.2711105942726135,0.08886773139238358,0.20398759841918945]],[[0.5451708436012268,-0.3131406605243683,0.13478051126003265,0.32539743185043335,0.30779191851615906]],[[-0.4818297326564789,0.13309268653392792,1.0853774547576904,-0.8393846750259399,1.102744221687317]]],"label":[0,0,1,0,0]}