{"input":[[[0.5558462738990784,-0.4995149075984955,0.23044441640377045,0.2950824499130249,0.41814175248146057]],[[0.028140516951680183,0.10340844839811325,0.25395330786705017,0.4068327844142914,0.20766490697860718]],[[0.7386538982391357,-0.3756292760372162,0.07068804651498795,0.24921104311943054,0.31707629561424255]],[[-1.9012001752853394,-0.07454443722963333,1.5279886722564697,0.7596471905708313,0.6881088614463806]]],"label":[0,0,0,1,0]}