{"input":[[[0.07290760427713394,0.36236879229545593,0.2723734378814697,0.08659465610980988,0.20575544238090515]],[[0.0633070096373558,0.3718533515930176,0.26301565766334534,0.11453098058700562,0.18729303777217865]],[[0.11243461817502975,0.34360983967781067,0.2650449872016907,0.06729817390441895,0.21161238849163055]],[[0.07111881673336029,0.3671059310436249,0.26393771171569824,0.10576524585485458,0.1920723170042038]]],"label":[1,0,0,0,0]}