{"input":[[[0.07107096165418625,0.31452590227127075,0.3827081322669983,-0.1420937478542328,0.3737887740135193]],[[0.07424044609069824,0.3605935871601105,0.27468594908714294,0.08060572296380997,0.20987427234649658]],[[0.06600550562143326,0.37364229559898376,0.2555080056190491,0.12785543501377106,0.17698878049850464]],[[0.05675369128584862,0.37932777404785156,0.25427934527397156,0.13852109014987946,0.17111805081367493]]],"label":[0,0,1,0,0]}