{"input":[[[0.43097031116485596,-0.299437552690506,0.19043457508087158,0.3398909568786621,0.33814167976379395]],[[0.08767746388912201,0.35493937134742737,0.2678488492965698,0.085060253739357,0.2044740915298462]],[[0.029900163412094116,0.07195478677749634,0.25975680351257324,0.4059419631958008,0.23244629800319672]],[[0.057836879044771194,0.3741725981235504,0.2646349370479584,0.11594253033399582,0.18741300702095032]]],"label":[0,0,1,0,0]}