{"input":[[[0.053887344896793365,0.37600722908973694,0.2654648423194885,0.11766528338193893,0.18697533011436462]],[[0.06117510795593262,0.371364951133728,0.26680609583854675,0.10848365724086761,0.19217024743556976]],[[0.05703554302453995,0.37518954277038574,0.2633523941040039,0.11931952089071274,0.18510299921035767]],[[0.12187853455543518,0.3380194902420044,0.26572999358177185,0.0576171837747097,0.21675488352775574]]],"label":[0,1,0,0,0]}