{"input":[[[0.07514301687479019,0.3572319746017456,0.28118640184402466,0.06623859703540802,0.22020003199577332]],[[0.0641673356294632,0.3668912649154663,0.27318400144577026,0.09254472702741623,0.20321263372898102]],[[0.6662911772727966,-2.235860586166382,-0.3877061903476715,1.7157115936279297,1.2415640354156494]],[[-0.1830972135066986,1.0974795818328857,0.527802586555481,-0.17786778509616852,-0.2643170952796936]]],"label":[0,0,0,0,1]}