{"input":[[[0.4665677547454834,-0.34310799837112427,0.19124695658683777,0.3283979892730713,0.3568952679634094]],[[-0.06122174486517906,0.13522019982337952,0.5943894982337952,-0.3368698060512543,0.6684817671775818]],[[0.06114177778363228,0.3728502094745636,0.26343902945518494,0.11555209010839462,0.18701688945293427]],[[0.06502589583396912,0.3697103261947632,0.26562273502349854,0.10759972035884857,0.1920413225889206]]],"label":[0,0,1,0,0]}