{"input":[[[0.06832347065210342,0.3696151673793793,0.2617450952529907,0.11279658228158951,0.18751972913742065]],[[0.04120158404111862,0.38506075739860535,0.2609378695487976,0.13822269439697266,0.17457710206508636]],[[-0.18587753176689148,0.892964780330658,0.4676245450973511,-0.03122355043888092,-0.14348822832107544]],[[0.0565919354557991,0.3600347936153412,0.2812791168689728,0.0933193489909172,0.20877481997013092]]],"label":[0,0,1,0,0]}