{"input":[[[0.42449530959129333,-0.3114311397075653,0.18196825683116913,0.3588118255138397,0.3461557924747467]],[[0.4241214096546173,-0.29911378026008606,0.18622078001499176,0.3510681986808777,0.3377033472061157]],[[0.0318090096116066,0.3957851231098175,0.24837683141231537,0.17269212007522583,0.15133684873580933]],[[0.05960259959101677,0.3748423755168915,0.26089173555374146,0.12221264094114304,0.18245068192481995]]],"label":[0,0,0,0,1]}