{"input":[[[0.02820688858628273,0.10222212970256805,0.2541721761226654,0.40679922699928284,0.20859958231449127]],[[0.5599938631057739,-0.5372618436813354,0.211597740650177,0.3115912675857544,0.4540789723396301]],[[0.4490811824798584,-0.32295113801956177,0.20017458498477936,0.3302061855792999,0.34348925948143005]],[[0.4291186034679413,-0.2737687826156616,0.1918320506811142,0.3364950120449066,0.31632310152053833]]],"label":[0,0,0,1,0]}