{"input":[[[0.04355650022625923,0.3613950312137604,0.31143417954444885,0.030759112909436226,0.25285518169403076]],[[0.05914578214287758,0.37355050444602966,0.2643638551235199,0.11536914110183716,0.187570720911026]],[[0.42608246207237244,-0.229456827044487,0.18709921836853027,0.3269992172718048,0.2892758846282959]],[[0.09804103523492813,0.33422785997390747,0.26971328258514404,0.09470317512750626,0.2033146619796753]]],"label":[0,0,0,0,1]}