{"input":[[[0.5440990924835205,-0.5186178684234619,0.22283315658569336,0.31542161107063293,0.4362639784812927]],[[0.6668151021003723,-0.7179967164993286,0.20716813206672668,0.310168594121933,0.5338448882102966]],[[0.4275560677051544,-0.2840813398361206,0.18975308537483215,0.3385351896286011,0.32823696732521057]],[[0.46835848689079285,-0.31133827567100525,0.17476120591163635,0.33377793431282043,0.3344407081604004]]],"label":[1,0,0,0,0]}