{"input":[[[0.07548651844263077,0.35980913043022156,0.27488869428634644,0.07909248769283295,0.21072320640087128]],[[0.05258934944868088,0.37786275148391724,0.26286014914512634,0.12424749881029129,0.18244031071662903]],[[0.06346546113491058,0.3823045492172241,0.23904873430728912,0.16445216536521912,0.15072907507419586]],[[-18.9633731842041,0.9940364360809326,13.269375801086426,1.2622584104537964,4.437702655792236]]],"label":[0,0,0,1,0]}