{"input":[[[0.47149503231048584,-0.3633840084075928,0.18260949850082397,0.34010952711105347,0.3691699206829071]],[[-0.16333936154842377,0.1559058576822281,0.9897751212120056,-1.1946219205856323,1.2122802734375]],[[0.46834465861320496,-0.39915889501571655,0.20148517191410065,0.3402520418167114,0.3890770673751831]],[[0.47703397274017334,-0.34673455357551575,0.17495942115783691,0.3406689763069153,0.35407212376594543]]],"label":[0,0,0,1,0]}