{"input":[[[0.44638800621032715,-0.3090994954109192,0.18517901003360748,0.3364946246147156,0.3410378396511078]],[[0.47665491700172424,-0.32997268438339233,0.16537757217884064,0.3424629867076874,0.34547722339630127]],[[0.4272596538066864,-0.2923547625541687,0.19616465270519257,0.33558914065361023,0.3333413600921631]],[[0.45320814847946167,-0.2994319796562195,0.18284356594085693,0.3306626081466675,0.332717627286911]]],"label":[0,0,0,1,0]}