{"input":[[[0.05178215727210045,0.3800339102745056,0.25898778438568115,0.1330333948135376,0.17616285383701324]],[[0.06041169911623001,0.374728262424469,0.2601384222507477,0.12307552248239517,0.18164604902267456]],[[0.07515912503004074,0.36528316140174866,0.2629392743110657,0.10432060807943344,0.19229784607887268]],[[0.10686637461185455,0.3540615439414978,0.21994659304618835,0.1862236112356186,0.1329018920660019]]],"label":[0,0,0,1,0]}