{"input":[[[0.40739741921424866,-0.3878327012062073,0.21072272956371307,0.38966915011405945,0.3800434172153473]],[[0.03594420850276947,0.38583847880363464,0.2657792270183563,0.13272100687026978,0.17971713840961456]],[[0.41585928201675415,-0.28845736384391785,0.20319785177707672,0.3406445384025574,0.32875576615333557]],[[0.8094565272331238,-0.30782753229141235,0.04546591266989708,0.20057058334350586,0.2523345351219177]]],"label":[0,0,0,0,1]}