{"input":[[[0.07016333937644958,0.3635791838169098,0.2731127142906189,0.08744878321886063,0.20569603145122528]],[[0.06603779643774033,0.3680562674999237,0.26817911863327026,0.10135910660028458,0.1963677853345871]],[[0.08377423137426376,0.3564213216304779,0.27217891812324524,0.07748323678970337,0.21014226973056793]],[[0.1454792320728302,0.3258097171783447,0.2636566162109375,0.041285306215286255,0.2237691432237625]]],"label":[0,0,0,1,0]}