{"input":[[[0.4840227961540222,-0.3912275433540344,0.1866736114025116,0.337793231010437,0.3827379047870636]],[[-0.07903489470481873,0.5901698470115662,0.3114597201347351,0.3301445543766022,-0.15273931622505188]],[[0.42964696884155273,-0.31956177949905396,0.19489727914333344,0.3489629626274109,0.3460545241832733]],[[0.7335907816886902,-0.6268917918205261,0.06987625360488892,0.3548431396484375,0.46858158707618713]]],"label":[0,0,1,0,0]}