{"input":[[[0.46484124660491943,-0.351046085357666,0.19055411219596863,0.3346761167049408,0.36097458004951477]],[[0.07793418318033218,0.35943299531936646,0.27264413237571716,0.0816388800740242,0.20834985375404358]],[[0.666510820388794,-2.248504877090454,-0.38434121012687683,1.7140312194824219,1.2523040771484375]],[[0.0504174679517746,0.37969523668289185,0.26143670082092285,0.1291225701570511,0.179328054189682]]],"label":[0,0,0,1,0]}