{"input":[[[0.6723162531852722,-0.6989226937294006,0.21734865009784698,0.2842007279396057,0.5250570774078369]],[[0.7329890131950378,-0.7457070350646973,0.2254747897386551,0.24493408203125,0.5423092246055603]],[[-0.09058944880962372,0.32451146841049194,0.31595414876937866,0.44973254203796387,0.00039136168197728693]],[[0.5282934904098511,-0.3915526866912842,0.2542939782142639,0.2492278814315796,0.3597373366355896]]],"label":[0,0,0,1,0]}