{"input":[[[0.0563199482858181,0.3762911260128021,0.26171591877937317,0.12337152659893036,0.18230146169662476]],[[0.044167209416627884,0.38365063071250916,0.26039230823516846,0.13676628470420837,0.17502355575561523]],[[0.17742794752120972,0.3403211236000061,0.18941277265548706,0.168561652302742,0.12427648156881332]],[[0.061766959726810455,0.3729238510131836,0.2625352442264557,0.1168813481926918,0.18589258193969727]]],"label":[0,0,0,1,0]}