{"input":[[[0.44776448607444763,-0.335258811712265,0.1994839757680893,0.33420827984809875,0.3538021445274353]],[[0.49067801237106323,-0.4471744894981384,0.21375389397144318,0.33116671442985535,0.41157588362693787]],[[0.45479702949523926,-0.3535400629043579,0.20383694767951965,0.3324058949947357,0.3625001907348633]],[[0.502282440662384,-0.4052131175994873,0.18529710173606873,0.3359445631504059,0.38168904185295105]]],"label":[0,0,1,0,0]}