{"input":[[[0.042788997292518616,0.3893539607524872,0.24914929270744324,0.1614595651626587,0.15724816918373108]],[[0.05503755435347557,0.37663182616233826,0.26261064410209656,0.12261571735143661,0.18310430645942688]],[[0.06497657299041748,0.37341129779815674,0.25736650824546814,0.12486781179904938,0.17937780916690826]],[[0.05619032308459282,0.3763076066970825,0.26188188791275024,0.12313024699687958,0.18248991668224335]]],"label":[0,0,0,1,0]}