{"input":[[[0.5749469995498657,-0.580623209476471,0.21735312044620514,0.3196792006492615,0.4686439037322998]],[[0.6953215003013611,-0.7329250574111938,0.18933595716953278,0.35050728917121887,0.4977603256702423]],[[0.4310697615146637,-0.24828112125396729,0.19632010161876678,0.3218228816986084,0.2990683317184448]],[[0.46309131383895874,-0.2813546359539032,0.17626750469207764,0.3263884484767914,0.31560733914375305]]],"label":[0,0,0,1,0]}