{"input":[[[0.045393772423267365,0.3822099566459656,0.26210087537765503,0.13212715089321136,0.17816822230815887]],[[0.4207034111022949,-0.33695393800735474,0.2345222383737564,0.3293021321296692,0.35242611169815063]],[[0.4570021331310272,-0.2711805999279022,0.21286419034004211,0.29526689648628235,0.30604737997055054]],[[0.4116755425930023,-0.22742930054664612,0.19286063313484192,0.33134785294532776,0.2915453016757965]]],"label":[0,0,0,1,0]}