{"input":[[[0.0539502277970314,0.3691498935222626,0.28085610270500183,0.08548752218484879,0.2105562388896942]],[[0.05893527716398239,0.3677264153957367,0.2777896821498871,0.08752819150686264,0.20802049338817596]],[[0.04079505801200867,0.3877359628677368,0.2553628981113434,0.15022419393062592,0.1658819168806076]],[[0.054220981895923615,0.3780743181705475,0.26034387946128845,0.1280689835548401,0.17929179966449738]]],"label":[0,0,0,1,0]}