{"input":[[[0.5571914911270142,-0.6085777282714844,0.21131575107574463,0.34198707342147827,0.4980834722518921]],[[0.5085194706916809,-0.6193122267723083,0.1709246188402176,0.4492189586162567,0.4906490743160248]],[[0.4378577470779419,-0.2563963234424591,0.17969843745231628,0.3344239890575409,0.30441614985466003]],[[0.40942779183387756,-0.20101389288902283,0.1781604290008545,0.3475128710269928,0.2659127712249756]]],"label":[0,0,0,0,1]}