{"input":[[[0.5895593762397766,-0.8987489938735962,0.08897589892148972,0.6207825541496277,0.5994311571121216]],[[0.07405349612236023,0.36198750138282776,0.2718493640422821,0.0866742879152298,0.20543527603149414]],[[0.0028423722833395004,0.11597079783678055,0.348886638879776,0.1980854719877243,0.3342146575450897]],[[0.08059827238321304,0.3578725755214691,0.27291548252105713,0.07872098684310913,0.20989269018173218]]],"label":[0,0,1,0,0]}