{"input":[[[0.07005628943443298,0.36503440141677856,0.2699381113052368,0.0941733717918396,0.20079782605171204]],[[0.0687999427318573,0.36744844913482666,0.26607200503349304,0.10334129631519318,0.19433829188346863]],[[0.05718665197491646,0.37293821573257446,0.2682538628578186,0.10895507782697678,0.1926661729812622]],[[0.11552838236093521,0.3381810486316681,0.27338525652885437,0.04718835651874542,0.2257169932126999]]],"label":[0,0,0,1,0]}