{"input":[[[0.47437551617622375,-0.41340720653533936,0.21194352209568024,0.33314329385757446,0.3939448893070221]],[[0.8945960402488708,-15.384517669677734,3.1116373538970947,-0.031831495463848114,12.410116195678711]],[[0.5106253027915955,-0.4833233952522278,0.22277416288852692,0.3243171274662018,0.4256068170070648]],[[0.47558239102363586,-0.4165087044239044,0.20588932931423187,0.33937910199165344,0.39565786719322205]]],"label":[0,0,0,0,1]}