{"input":[[[0.051804330199956894,0.3766983449459076,0.26645898818969727,0.117426298558712,0.18761201202869415]],[[0.040395449846982956,0.38710588216781616,0.2572864294052124,0.14655932784080505,0.16865292191505432]],[[0.382144033908844,-0.24036699533462524,0.20097163319587708,0.35682952404022217,0.3004217743873596]],[[0.4063650369644165,-0.26409998536109924,0.19640271365642548,0.3451700210571289,0.31616222858428955]]],"label":[0,0,0,1,0]}