{"input":[[[0.04834498092532158,0.3807021677494049,0.2618204355239868,0.13012464344501495,0.17900779843330383]],[[0.12742778658866882,0.32796651124954224,0.2812465727329254,0.020416274666786194,0.2429429292678833]],[[0.06673260778188705,0.37160053849220276,0.25922882556915283,0.119447723031044,0.18299029767513275]],[[0.059306781738996506,0.3751333951950073,0.2606269419193268,0.12302000820636749,0.18191291391849518]]],"label":[0,0,0,1,0]}