{"input":[[[0.05204775929450989,0.37847205996513367,0.26219767332077026,0.12609750032424927,0.1811850219964981]],[[0.054975725710392,0.3769948482513428,0.2618623971939087,0.12423288822174072,0.1819342076778412]],[[0.4078768193721771,-0.31165191531181335,0.23303928971290588,0.3267972767353058,0.34393855929374695]],[[0.7183725833892822,-0.6362771987915039,0.16967502236366272,0.2710965573787689,0.47713300585746765]]],"label":[0,0,1,0,0]}