{"input":[[[0.03633354604244232,0.377357542514801,0.2843513488769531,0.093633733689785,0.2083238661289215]],[[0.4756329655647278,-0.44445285201072693,0.19386737048625946,0.3622254431247711,0.41272711753845215]],[[0.05851545184850693,0.38638296723365784,0.23602400720119476,0.17510545253753662,0.14397205412387848]],[[0.04660147428512573,0.3864824175834656,0.2508479356765747,0.15457609295845032,0.16149213910102844]]],"label":[0,0,0,1,0]}