{"input":[[[0.4694449007511139,-0.37221789360046387,0.22086983919143677,0.312608540058136,0.3692946434020996]],[[0.5046060085296631,-0.4199378788471222,0.20505522191524506,0.31632331013679504,0.3939533233642578]],[[0.46854647994041443,-0.35548537969589233,0.1881144493818283,0.3354332149028778,0.363391250371933]],[[0.5267561674118042,-0.481764018535614,0.23516885936260223,0.29286837577819824,0.42697063088417053]]],"label":[0,0,0,0,1]}