{"input":[[[0.062437087297439575,0.3698444068431854,0.26865968108177185,0.10350889712572098,0.19554993510246277]],[[0.02798004075884819,0.1062769889831543,0.2534240186214447,0.4069140553474426,0.2054048776626587]],[[0.45953845977783203,-0.4257417619228363,0.20219512283802032,0.3614327013492584,0.4025755226612091]],[[0.0968492329120636,0.358931303024292,0.24983817338943481,0.11272018402814865,0.18166109919548035]]],"label":[0,0,1,0,0]}