{"input":[[[0.06649213284254074,0.36956894397735596,0.26415228843688965,0.10937470942735672,0.19041195511817932]],[[0.09032914787530899,0.3440577983856201,0.2918471693992615,0.030695848166942596,0.24307005107402802]],[[0.09527464956045151,0.3569149672985077,0.2564909756183624,0.10018720477819443,0.19113214313983917]],[[-1.6743279695510864,-0.03604233264923096,1.4340811967849731,0.575603723526001,0.7006853818893433]]],"label":[0,0,0,0,1]}