{"input":[[[0.049481816589832306,0.3798416256904602,0.26231518387794495,0.12810112535953522,0.18026027083396912]],[[0.04861300811171532,0.38059931993484497,0.2617112398147583,0.1301189512014389,0.1789575070142746]],[[0.07477227598428726,0.3787977695465088,0.23272249102592468,0.16776777803897858,0.1459396481513977]],[[0.06217551976442337,0.37213364243507385,0.2638017535209656,0.11388110369443893,0.18800795078277588]]],"label":[0,0,0,0,1]}