{"input":[[[0.4627765715122223,-0.33349403738975525,0.18691599369049072,0.3342447876930237,0.34955668449401855]],[[1.1285532712936401,-1.5942223072052002,0.12017052620649338,0.31528475880622864,1.030213713645935]],[[0.33105263113975525,-0.03745672479271889,0.199210062623024,0.3374188244342804,0.16977520287036896]],[[0.4204675853252411,-0.24727194011211395,0.1940530240535736,0.3326586186885834,0.3000927269458771]]],"label":[0,0,1,0,0]}