{"input":[[[0.028023824095726013,0.10549432784318924,0.2535684108734131,0.4068918824195862,0.2060215026140213]],[[0.05941584333777428,0.374062180519104,0.26290541887283325,0.11816935241222382,0.18544715642929077]],[[0.05992427095770836,0.3748954236507416,0.26037269830703735,0.12301341444253922,0.181794211268425]],[[0.06736046075820923,0.36979812383651733,0.26255494356155396,0.11194639652967453,0.18834003806114197]]],"label":[0,0,0,1,0]}