{"input":[[[0.4688926041126251,-0.3573044538497925,0.20526623725891113,0.32070574164390564,0.3624398112297058]],[[0.37908655405044556,-0.18200798332691193,0.27485641837120056,0.2456084042787552,0.2824566066265106]],[[0.4106028079986572,-0.28296133875846863,0.2507624328136444,0.2940463721752167,0.3275497555732727]],[[-0.49108782410621643,0.6501630544662476,0.32859137654304504,0.4634430408477783,0.04889032989740372]]],"label":[0,0,0,1,0]}