{"input":[[[0.5180684328079224,-0.4422051012516022,0.23264916241168976,0.29041457176208496,0.4010729491710663]],[[2.3426613807678223,-2.781996011734009,0.041814591735601425,0.187888041138649,1.2096318006515503]],[[0.4951184093952179,-0.46476227045059204,0.2250312715768814,0.3199418783187866,0.42467066645622253]],[[0.5053801536560059,-0.4842988848686218,0.2177964150905609,0.32549211382865906,0.435630202293396]]],"label":[0,0,0,1,0]}