{"input":[[[0.057122647762298584,0.37376847863197327,0.26639190316200256,0.1129114031791687,0.18980559706687927]],[[0.06609855592250824,0.36675509810447693,0.27101412415504456,0.09539403021335602,0.20073823630809784]],[[0.38589686155319214,-0.25974249839782715,0.25288841128349304,0.31178563833236694,0.30917155742645264]],[[0.42418551445007324,-0.26848024129867554,0.20586039125919342,0.3244059979915619,0.3140283226966858]]],"label":[0,0,0,1,0]}