{"input":[[[-0.06154102087020874,0.43644699454307556,0.3428277373313904,0.22366417944431305,0.05860218033194542]],[[0.07900263369083405,0.3588137626647949,0.2727334797382355,0.08051025122404099,0.20893988013267517]],[[0.08150717616081238,0.3639654815196991,0.25784799456596375,0.10940969735383987,0.18726961314678192]],[[0.4086604118347168,-0.24326063692569733,0.20675376057624817,0.32467952370643616,0.3031670153141022]]],"label":[0,0,0,0,1]}