{"input":[[[0.4525526762008667,-0.33357295393943787,0.1847166270017624,0.34284111857414246,0.3534625768661499]],[[0.4307110607624054,-0.3009059429168701,0.191085547208786,0.3403131067752838,0.3387962281703949]],[[0.4523073434829712,-0.31676968932151794,0.17507098615169525,0.3461202383041382,0.34327107667922974]],[[0.49149778485298157,-0.3844655752182007,0.17660869657993317,0.34206685423851013,0.374292254447937]]],"label":[0,0,0,0,1]}