{"input":[[[0.049779221415519714,0.37895533442497253,0.26391395926475525,0.12450960278511047,0.18284188210964203]],[[0.05049774423241615,0.37627315521240234,0.2689642310142517,0.11336073279380798,0.19090408086776733]],[[0.4285885989665985,-0.25850701332092285,0.1843816339969635,0.3360784947872162,0.30945825576782227]],[[0.4180004894733429,-0.26187586784362793,0.18390120565891266,0.34706687927246094,0.31290730834007263]]],"label":[0,0,0,1,0]}