{"input":[[[0.054282452911138535,0.37918245792388916,0.2577556371688843,0.13341937959194183,0.1753600686788559]],[[-0.04251793771982193,0.27395403385162354,0.4742937386035919,-0.13241206109523773,0.4266822338104248]],[[0.8945960402488708,-15.384517669677734,3.1116373538970947,-0.031831495463848114,12.410116195678711]],[[0.5219499468803406,-0.40270280838012695,0.14941361546516418,0.35501906275749207,0.3763201832771301]]],"label":[0,0,0,1,0]}