{"input":[[[0.06877606362104416,0.3675087094306946,0.26595982909202576,0.10359765589237213,0.19415777921676636]],[[0.05569768697023392,0.37595391273498535,0.26331672072410583,0.12056304514408112,0.18446862697601318]],[[0.4082120954990387,-0.3136764168739319,0.20802994072437286,0.35305410623550415,0.34438031911849976]],[[0.05212131515145302,0.37886562943458557,0.26122406125068665,0.12806381285190582,0.17972524464130402]]],"label":[0,0,0,0,1]}