{"input":[[[0.06680253893136978,0.373014360666275,0.25593388080596924,0.12626689672470093,0.17798230051994324]],[[0.3973729610443115,-0.3157503008842468,0.2337101697921753,0.3384575843811035,0.3462095856666565]],[[0.043183583766222,0.38688385486602783,0.25428250432014465,0.15038926899433136,0.16526082158088684]],[[0.05666111409664154,0.3750384747982025,0.26416170597076416,0.11795851588249207,0.18618017435073853]]],"label":[0,0,0,1,0]}