{"input":[[[0.06504642218351364,0.3677373230457306,0.2701524496078491,0.09810636937618256,0.1989574134349823]],[[0.9032601714134216,-0.9214644432067871,0.2286003828048706,0.18295200169086456,0.6066519618034363]],[[0.05268622562289238,0.38045379519462585,0.25683972239494324,0.13673865795135498,0.17328153550624847]],[[0.09052978456020355,0.3577253520488739,0.260613352060318,0.09573784470558167,0.1953936368227005]]],"label":[0,0,0,0,1]}