{"input":[[[0.07237932085990906,0.368065744638443,0.2601270377635956,0.11262806504964828,0.18679986894130707]],[[0.061246149241924286,0.3722928464412689,0.264615923166275,0.11299404501914978,0.18885108828544617]],[[0.0514373779296875,0.3800206780433655,0.25944605469703674,0.13237960636615753,0.17671632766723633]],[[0.054327405989170074,0.37792712450027466,0.26054537296295166,0.12755471467971802,0.17964540421962738]]],"label":[0,0,0,0,1]}