{"input":[[[0.4610140323638916,-0.32563960552215576,0.18631169199943542,0.33498963713645935,0.3433242440223694]],[[0.07097554206848145,0.36579516530036926,0.2670956254005432,0.09929551929235458,0.1968381106853485]],[[-0.16486652195453644,0.1783389002084732,0.9867120981216431,-1.1963003873825073,1.1961158514022827]],[[0.11290006339550018,0.3104586601257324,0.3395236134529114,-0.08860792219638824,0.3257255554199219]]],"label":[1,0,0,0,0]}