{"input":[[[0.4532427489757538,-0.3640963137149811,0.19874395430088043,0.3425706923007965,0.3695389926433563]],[[0.7474274635314941,-0.9872812628746033,0.17019756138324738,0.36555659770965576,0.7040996551513672]],[[0.44711753726005554,-0.35295695066452026,0.20403438806533813,0.33960863947868347,0.3621964156627655]],[[0.4751741588115692,-0.3109431862831116,0.1639634519815445,0.34056103229522705,0.3312445282936096]]],"label":[0,0,1,0,0]}