{"input":[[[0.4924617409706116,-0.43117475509643555,0.2367057204246521,0.29971227049827576,0.4022950232028961]],[[0.547961950302124,-0.47092509269714355,0.2367495447397232,0.2829839289188385,0.40322965383529663]],[[0.07471256703138351,0.36421844363212585,0.2658388614654541,0.09867281466722488,0.19655731320381165]],[[0.4295930564403534,-0.2797987163066864,0.2142820656299591,0.31414008140563965,0.32178348302841187]]],"label":[0,0,0,1,0]}