{"input":[[[0.8799712657928467,-1.0530441999435425,0.16666631400585175,0.33831578493118286,0.6680908203125]],[[0.5161632895469666,-0.6092904210090637,0.16878169775009155,0.4548114836215973,0.46953392028808594]],[[0.4950297176837921,-0.42595750093460083,0.19164930284023285,0.3438723385334015,0.3954060971736908]],[[0.066871777176857,0.37110474705696106,0.2601392865180969,0.11743257939815521,0.18445156514644623]]],"label":[0,0,0,0,1]}