{"input":[[[0.045087117701768875,0.38209691643714905,0.26275134086608887,0.13103580474853516,0.17902879416942596]],[[0.0602024644613266,0.37124764919281006,0.26830533146858215,0.106203094124794,0.19404147565364838]],[[0.054785169661045074,0.37772509455680847,0.2604449987411499,0.1273597627878189,0.17968501150608063]],[[0.049828510731458664,0.3814085125923157,0.2583383619785309,0.1360989212989807,0.17432573437690735]]],"label":[0,1,0,0,0]}