{"input":[[[0.07781079411506653,0.3600386679172516,0.2714870572090149,0.0841505229473114,0.20651301741600037]],[[0.492100328207016,-0.44950979948043823,0.21944200992584229,0.34287169575691223,0.3950957655906677]],[[0.46092090010643005,-0.34755897521972656,0.18724149465560913,0.34252989292144775,0.3568667471408844]],[[0.44561323523521423,-0.32009002566337585,0.18547627329826355,0.34363889694213867,0.3453616499900818]]],"label":[1,0,0,0,0]}