{"input":[[[0.04265941306948662,0.3866954743862152,0.25537553429603577,0.14856481552124023,0.16670478880405426]],[[0.06105365231633186,0.37541571259498596,0.25777530670166016,0.1274469792842865,0.17830829322338104]],[[0.05057911202311516,0.38070183992385864,0.2589989900588989,0.1340612918138504,0.17565873265266418]],[[0.045003436505794525,0.38515251874923706,0.25592026114463806,0.14537487924098969,0.16854889690876007]]],"label":[0,0,0,1,0]}