{"input":[[[-0.0395461805164814,0.4401826560497284,0.23750217258930206,0.2579043507575989,0.10395698249340057]],[[0.06591855734586716,0.3666646480560303,0.27148938179016113,0.09455025941133499,0.20137713849544525]],[[0.06182205304503441,0.36591652035713196,0.25853559374809265,0.1391427367925644,0.17458303272724152]],[[0.041965991258621216,0.3785548210144043,0.2746540307998657,0.10892730206251144,0.19589781761169434]]],"label":[0,0,1,0,0]}