{"input":[[[0.0391559824347496,0.3445889949798584,0.35498225688934326,-0.05629967898130417,0.3175724446773529]],[[0.06691727042198181,0.36826908588409424,0.2665137052536011,0.10408194363117218,0.19421806931495667]],[[0.04942883178591728,0.3930491805076599,0.2323046624660492,0.19083943963050842,0.13437792658805847]],[[0.0631844773888588,0.3795730173587799,0.24555635452270508,0.15111780166625977,0.16056832671165466]]],"label":[0,0,0,1,0]}