{"input":[[[0.8945960402488708,-15.384517669677734,3.1116373538970947,-0.031831495463848114,12.410116195678711]],[[0.06070654094219208,0.3705609440803528,0.2692156732082367,0.10386327654123306,0.19565364718437195]],[[0.07242006063461304,0.3701512813568115,0.2553386390209198,0.12259280681610107,0.17949724197387695]],[[0.06898921728134155,0.3706554174423218,0.25850799679756165,0.11898106336593628,0.18286624550819397]]],"label":[0,0,0,1,0]}