{"input":[[[0.516464114189148,-0.5051764249801636,0.20840494334697723,0.34035825729370117,0.4399491548538208]],[[8.635763168334961,-16.340757369995117,-1.3778318166732788,1.163541316986084,8.91928482055664]],[[0.4651551842689514,-0.3348720073699951,0.17432230710983276,0.3475566804409027,0.3478378355503082]],[[0.4493524134159088,-0.30095022916793823,0.17562201619148254,0.3447585999965668,0.3312172293663025]]],"label":[0,1,0,0,0]}