{"input":[[[-0.1647900938987732,0.1772162765264511,0.9868654012680054,-1.196216344833374,1.1969248056411743]],[[0.08601086586713791,0.3561156988143921,0.2698954939842224,0.08032532036304474,0.20765264332294464]],[[0.8945960402488708,-15.384517669677734,3.1116373538970947,-0.031831495463848114,12.410116195678711]],[[0.084235779941082,0.3607960343360901,0.26166772842407227,0.09902971982955933,0.19427074491977692]]],"label":[0,0,1,0,0]}