{"input":[[[0.4941588342189789,-0.3890572190284729,0.18675528466701508,0.3302999436855316,0.3778431713581085]],[[0.6759486794471741,-0.7363854050636292,0.21228988468647003,0.29230910539627075,0.5558378100395203]],[[0.43867138028144836,-0.28921744227409363,0.1781335175037384,0.3429485559463501,0.32946398854255676]],[[0.04559296742081642,0.12318390607833862,0.4050312638282776,0.25237351655960083,0.17381832003593445]]],"label":[0,0,0,1,0]}