{"input":[[[0.4537135362625122,-0.33074966073036194,0.19008274376392365,0.33404120802879333,0.35291212797164917]],[[0.9279351830482483,-1.0057156085968018,0.21005530655384064,0.21824772655963898,0.6494774222373962]],[[0.5289461016654968,-0.5002155303955078,0.21795111894607544,0.3172026574611664,0.4361156225204468]],[[0.4813978374004364,-0.44551947712898254,0.20151998102664948,0.3494540750980377,0.41314762830734253]]],"label":[0,0,0,1,0]}