{"input":[[[0.4950263500213623,-0.4144397974014282,0.2047882378101349,0.32468998432159424,0.3899352252483368]],[[0.5006054639816284,-0.38550615310668945,0.2461295872926712,0.2692714333534241,0.3694996237754822]],[[0.8945960402488708,-15.384517669677734,3.1116373538970947,-0.031831495463848114,12.410116195678711]],[[0.08658120781183243,0.3635077178478241,0.25230738520622253,0.11657410860061646,0.18102961778640747]]],"label":[0,0,0,0,1]}