{"input":[[[0.9455870389938354,-0.8459872603416443,0.24038392305374146,0.1522095650434494,0.5078067183494568]],[[0.4845182001590729,-0.39560431241989136,0.1969837099313736,0.3316703736782074,0.3824320435523987]],[[0.6664242148399353,-2.2435154914855957,-0.385669082403183,1.7146943807601929,1.2480659484863281]],[[0.6851720213890076,-0.3587877154350281,0.06879624724388123,0.2948469817638397,0.30997252464294434]]],"label":[0,0,0,0,1]}