{"input":[[[0.44395485520362854,-0.33067187666893005,0.1914721429347992,0.340415358543396,0.3548295497894287]],[[0.5144429802894592,-0.46721452474594116,0.20909740030765533,0.3243313729763031,0.4193427860736847]],[[0.08360741287469864,0.37873393297195435,0.2247980833053589,0.17267630994319916,0.1401842087507248]],[[0.02110655978322029,0.4128095507621765,0.22315584123134613,0.23474931716918945,0.1081787496805191]]],"label":[0,0,0,1,0]}