{"input":[[[0.4745853841304779,-0.3887166976928711,0.1967237889766693,0.33687126636505127,0.380536288022995]],[[0.44176262617111206,-0.3177771270275116,0.20183701813220978,0.3296002447605133,0.34457725286483765]],[[-0.4608927369117737,0.6359796524047852,0.3223426938056946,0.45012545585632324,0.05244491994380951]],[[0.8945960402488708,-15.384517669677734,3.1116373538970947,-0.031831495463848114,12.410116195678711]]],"label":[0,0,0,1,0]}