{"input":[[[0.3099989891052246,-0.14513592422008514,0.27836278080940247,0.2906511425971985,0.2661229968070984]],[[0.032211944460868835,0.3868165612220764,0.26820430159568787,0.13093742728233337,0.18182973563671112]],[[0.2734283208847046,-0.23590229451656342,0.22480690479278564,0.44166937470436096,0.2959977090358734]],[[0.45248788595199585,-0.24829436838626862,0.17987585067749023,0.3226173222064972,0.29331332445144653]]],"label":[0,0,0,1,0]}