{"input":[[[0.4762539565563202,-0.4107997417449951,0.2037002295255661,0.3389739990234375,0.39187154173851013]],[[0.5674352645874023,-0.5498477220535278,0.22665008902549744,0.29840248823165894,0.4573598802089691]],[[0.41061094403266907,-0.22997961938381195,0.18146467208862305,0.34779101610183716,0.2901129424571991]],[[0.45720168948173523,-0.2815028727054596,0.1711236983537674,0.3368143141269684,0.3163631856441498]]],"label":[0,0,0,0,1]}