{"input":[[[-0.038069430738687515,0.13090768456459045,0.5045938491821289,-0.14220832288265228,0.5447762608528137]],[[0.5270993709564209,-0.5363821983337402,0.21403655409812927,0.33528879284858704,0.459957480430603]],[[0.4664558172225952,-0.811281144618988,0.07486731559038162,0.6916876435279846,0.578270435333252]],[[0.0823228657245636,0.3398613929748535,0.2598661780357361,0.14094850420951843,0.17700110375881195]]],"label":[0,0,1,0,0]}