{"input":[[[0.43530094623565674,-0.2744044065475464,0.1810615509748459,0.339211642742157,0.3188302516937256]],[[0.4369700253009796,-0.3251597583293915,0.19375234842300415,0.344301700592041,0.35013577342033386]],[[0.4585524797439575,-0.3477068841457367,0.19471833109855652,0.33287936449050903,0.3615567088127136]],[[0.44546154141426086,-0.30650272965431213,0.18429683148860931,0.34060031175613403,0.3361440598964691]]],"label":[1,0,0,0,0]}