{"input":[[[0.47196823358535767,-0.39434322714805603,0.2113366574048996,0.32809463143348694,0.3829437494277954]],[[0.07591591775417328,0.3642985224723816,0.2640843093395233,0.10129448026418686,0.19440677762031555]],[[0.4506755769252777,-0.33045947551727295,0.2480265349149704,0.2880620062351227,0.34369540214538574]],[[0.06683661043643951,0.35563164949417114,0.2871299088001251,0.06683947145938873,0.22356238961219788]]],"label":[0,0,0,1,0]}