{"input":[[[0.05647270008921623,0.3755183219909668,0.2633028030395508,0.11991876363754272,0.18478748202323914]],[[0.07891703397035599,0.36083975434303284,0.2682555317878723,0.08993393927812576,0.2020537406206131]],[[0.07223465293645859,0.3675912916660309,0.2613978683948517,0.11009840667247772,0.18867768347263336]],[[0.07326997071504593,0.3301156163215637,0.3068232238292694,0.041340578347444534,0.2484506368637085]]],"label":[0,0,0,0,1]}