{"input":[[[0.05424734577536583,0.37508416175842285,0.2670876681804657,0.11396470665931702,0.18961608409881592]],[[0.08374647796154022,0.3191192150115967,0.3559172451496124,-0.0971674844622612,0.33838456869125366]],[[0.06254421919584274,0.3735007047653198,0.2602246403694153,0.1210302859544754,0.18270011246204376]],[[0.46233659982681274,-0.2555614113807678,0.19323836266994476,0.30031803250312805,0.29966849088668823]]],"label":[0,0,0,1,0]}