{"input":[[[0.028111109510064125,0.10393411666154861,0.2538563013076782,0.4068477153778076,0.20725075900554657]],[[0.07192806899547577,0.36283838748931885,0.2725638747215271,0.08705046772956848,0.2056192010641098]],[[0.4437599778175354,-0.2976320683956146,0.1833944022655487,0.3363576829433441,0.3341200053691864]],[[0.6785287261009216,-0.4982959032058716,0.09072163701057434,0.32689523696899414,0.4021502733230591]]],"label":[0,0,0,0,1]}