{"input":[[[0.1133699044585228,0.3086857795715332,0.3389996886253357,-0.0871145948767662,0.3260592520236969]],[[0.028470683842897415,0.09750674664974213,0.2550422251224518,0.4066656529903412,0.2123146802186966]],[[0.25363197922706604,-0.1496281772851944,0.21556591987609863,0.43542373180389404,0.2450065314769745]],[[0.4275974929332733,-0.2480287253856659,0.17406310141086578,0.3446659743785858,0.30170220136642456]]],"label":[0,0,0,0,1]}