{"input":[[[0.07780545204877853,0.3595349192619324,0.2726533114910126,0.08171632140874863,0.2082899510860443]],[[0.06408677250146866,0.36990222334861755,0.26642709970474243,0.10673095285892487,0.1928529590368271]],[[0.11454395204782486,0.3475867211818695,0.25336387753486633,0.08984386175870895,0.19466160237789154]],[[0.06764017045497894,0.3695267140865326,0.2627989649772644,0.11119572818279266,0.18883833289146423]]],"label":[0,0,1,0,0]}