{"input":[[[0.5385873913764954,-0.46835634112358093,0.22955350577831268,0.3044160306453705,0.395799458026886]],[[-0.16195350885391235,0.13554909825325012,0.9925544857978821,-1.193098545074463,1.2269484996795654]],[[0.04401325806975365,0.38726285099983215,0.2523607015609741,0.15367922186851501,0.16268391907215118]],[[0.04974259063601494,0.38028398156166077,0.26098501682281494,0.13065002858638763,0.178338423371315]]],"label":[0,0,0,0,1]}