{"input":[[[0.7635828852653503,-0.7850430011749268,0.222364604473114,0.24285286664962769,0.5562425851821899]],[[0.028009390458464622,0.1057523563504219,0.25352081656455994,0.40689921379089355,0.20581823587417603]],[[0.9154272675514221,-1.1852272748947144,0.1035749688744545,0.4849452078342438,0.6812797784805298]],[[0.4538065195083618,-0.40233737230300903,0.21686923503875732,0.34502601623535156,0.3866356313228607]]],"label":[0,0,0,1,0]}