{"input":[[[0.5019497871398926,-0.48002877831459045,0.19816048443317413,0.35392072796821594,0.4259977340698242]],[[0.663780152797699,-0.7788563966751099,0.17839926481246948,0.3806949555873871,0.5559820532798767]],[[0.45045071840286255,-0.284281849861145,0.17544062435626984,0.33726757764816284,0.3211229741573334]],[[0.4601497948169708,-0.29600730538368225,0.1712159812450409,0.33816471695899963,0.3264768123626709]]],"label":[1,0,0,0,0]}