{"input":[[[0.07006505131721497,0.3634340167045593,0.2735321819782257,0.0866658166050911,0.2063029557466507]],[[0.04517301917076111,0.38113561272621155,0.26480355858802795,0.12667934596538544,0.18220846354961395]],[[0.659808874130249,-1.0860155820846558,0.1286460906267166,0.5341001152992249,0.7634605169296265]],[[0.04823683947324753,0.38259756565093994,0.25762614607810974,0.13898421823978424,0.17255525290966034]]],"label":[0,0,0,1,0]}