{"input":[[[0.08950658142566681,0.3610609769821167,0.25441259145736694,0.10956662148237228,0.18545320630073547]],[[0.07485972344875336,0.37076887488365173,0.25082927942276,0.12987977266311646,0.17366231977939606]],[[0.8945960402488708,-15.384517669677734,3.1116373538970947,-0.031831495463848114,12.410116195678711]],[[0.09345046430826187,0.3526412844657898,0.26847901940345764,0.07675235718488693,0.20867687463760376]]],"label":[0,0,0,1,0]}