{"input":[[[0.4676949679851532,-0.36945104598999023,0.19415301084518433,0.33558353781700134,0.3720194697380066]],[[0.06838422268629074,0.369169682264328,0.2626800537109375,0.11079075187444687,0.1889752596616745]],[[0.45149144530296326,-0.3016899824142456,0.18388204276561737,0.33169862627983093,0.33461782336235046]],[[0.4539684057235718,-0.33855193853378296,0.1974562555551529,0.3323526084423065,0.35477471351623535]]],"label":[0,0,0,0,1]}