{"input":[[[0.02802383527159691,0.1054941713809967,0.25356847047805786,0.40689191222190857,0.20602165162563324]],[[-2.2206053733825684,1.292074203491211,1.0281449556350708,0.5220820307731628,0.3783041536808014]],[[0.45272672176361084,-0.31091800332069397,0.22549836337566376,0.30070316791534424,0.3319897949695587]],[[0.09674983471632004,0.37614211440086365,0.20652277767658234,0.20416049659252167,0.11642475426197052]]],"label":[0,0,0,1,0]}