{"input":[[[0.503409743309021,-0.45572012662887573,0.20176677405834198,0.3354737162590027,0.4150698184967041]],[[-0.1648242324590683,0.1777178943157196,0.9867969155311584,-1.1962538957595825,1.1965633630752563]],[[0.04070843756198883,0.38738808035850525,0.2562577724456787,0.14843201637268066,0.16721367835998535]],[[0.05032837763428688,0.38534197211265564,0.24875713884830475,0.155674546957016,0.15989801287651062]]],"label":[0,0,0,1,0]}