{"input":[[[0.6196562051773071,-0.6096298098564148,0.2293265014886856,0.27668440341949463,0.48396268486976624]],[[0.48227620124816895,-0.39005935192108154,0.20502126216888428,0.32212525606155396,0.38063663244247437]],[[0.3413984477519989,-0.1928756833076477,0.22176487743854523,0.35560810565948486,0.2741042375564575]],[[0.5041965842247009,-0.40610918402671814,0.21341609954833984,0.3094053268432617,0.3790911138057709]]],"label":[0,0,0,1,0]}