{"input":[[[0.5055132508277893,-0.4091293215751648,0.24477292597293854,0.2770213782787323,0.3818216919898987]],[[0.069390207529068,0.3659345507621765,0.26875007152557373,0.09723464399576187,0.19869059324264526]],[[0.09013128280639648,0.3545900285243988,0.26818954944610596,0.0802740603685379,0.20681506395339966]],[[0.13060180842876434,0.3175322115421295,0.2986638844013214,-0.018272357061505318,0.2714744210243225]]],"label":[0,1,0,0,0]}