{"input":[[[0.07508135586977005,0.36163172125816345,0.27119970321655273,0.08716405183076859,0.20492319762706757]],[[0.04813023656606674,0.3811394274234772,0.2610933482646942,0.13183222711086273,0.17780479788780212]],[[0.046102385967969894,0.3833006024360657,0.2587319612503052,0.138542041182518,0.17332303524017334]],[[0.0486687496304512,0.38200104236602783,0.25844159722328186,0.13690179586410522,0.1739867925643921]]],"label":[0,0,0,1,0]}