{"input":[[[0.027983807027339935,0.10620962083339691,0.253436416387558,0.4069121479988098,0.20545794069766998]],[[0.04986894503235817,0.36182457208633423,0.29778313636779785,0.05709071829915047,0.2334326058626175]],[[0.5241890549659729,-0.4937167763710022,0.22464583814144135,0.3142628073692322,0.43061909079551697]],[[-0.16446155309677124,0.17239031195640564,0.9875243306159973,-1.1958552598953247,1.2004021406173706]]],"label":[0,0,1,0,0]}