{"input":[[[0.5094223022460938,-0.33084696531295776,0.26975736021995544,0.21852374076843262,0.33314353227615356]],[[0.6064860224723816,-0.574181318283081,0.2325548529624939,0.27254897356033325,0.4625914692878723]],[[0.10649076849222183,0.34970831871032715,0.2585829496383667,0.08602163940668106,0.19919636845588684]],[[0.14075522124767303,0.3232375383377075,0.27475637197494507,0.022384705021977425,0.2388661503791809]]],"label":[0,0,0,0,1]}