{"input":[[[0.053423479199409485,0.3785010278224945,0.2603849768638611,0.12868072092533112,0.17900976538658142]],[[-0.16449812054634094,0.17292748391628265,0.9874509572982788,-1.1958954334259033,1.2000150680541992]],[[0.42335960268974304,-0.34858131408691406,0.23129110038280487,0.33640408515930176,0.3575265109539032]],[[0.08803775906562805,0.3576873242855072,0.2638773024082184,0.09109682589769363,0.1993008404970169]]],"label":[0,0,1,0,0]}