{"input":[[[1.0443730354309082,-1.296286940574646,0.1807880848646164,0.23949342966079712,0.8316324353218079]],[[-0.5024176239967346,1.97975754737854,0.7539929747581482,-0.6087565422058105,-0.6225762367248535]],[[0.06735948473215103,0.3536732792854309,0.27250784635543823,0.10998107492923737,0.19647827744483948]],[[0.4615357518196106,-0.39093777537345886,0.22709690034389496,0.3234856128692627,0.3788195550441742]]],"label":[0,0,0,1,0]}