{"input":[[[0.09984460473060608,0.3324374854564667,0.3061976432800293,-0.007599991746246815,0.2691202461719513]],[[2.2503714561462402,-3.496316909790039,-0.14128851890563965,0.6117153763771057,1.775518774986267]],[[0.46134722232818604,-0.32414165139198303,0.17582665383815765,0.34516245126724243,0.3418053686618805]],[[0.05862976610660553,-0.18375611305236816,0.17827382683753967,0.6987202167510986,0.24813231825828552]]],"label":[0,0,1,0,0]}