{"input":[[[0.04842028766870499,0.38112109899520874,0.2607463598251343,0.13230738043785095,0.17740477621555328]],[[0.04612533375620842,0.3825282156467438,0.2604750990867615,0.13487784564495087,0.17599354684352875]],[[0.043907854706048965,0.38612285256385803,0.2551027536392212,0.14804090559482574,0.16682572662830353]],[[0.05597107857465744,0.3786569833755493,0.2567826211452484,0.13398006558418274,0.17460927367210388]]],"label":[0,0,0,1,0]}