{"input":[[[0.488817036151886,-0.4166525900363922,0.23787632584571838,0.29932549595832825,0.3906337320804596]],[[0.011059347540140152,0.399880588054657,0.2652435600757599,0.15564008057117462,0.16817644238471985]],[[0.4283270239830017,-0.2500911056995392,0.17544084787368774,0.3460700213909149,0.30025312304496765]],[[0.45865002274513245,-0.24333207309246063,0.15803638100624084,0.3359759449958801,0.290669709444046]]],"label":[0,0,0,1,0]}