{"input":[[[0.0685778334736824,0.36856141686439514,0.26379844546318054,0.10828936845064163,0.19077295064926147]],[[0.04392547160387039,0.38338834047317505,0.261293888092041,0.13509485125541687,0.1762973964214325]],[[0.04681926965713501,0.38620665669441223,0.2512079179286957,0.1536318063735962,0.16213439404964447]],[[0.08151400089263916,0.3627949059009552,0.2605634331703186,0.10371921211481094,0.1914084553718567]]],"label":[0,0,0,1,0]}