{"input":[[[0.028040645644068718,0.10519368946552277,0.253623902797699,0.4068833887577057,0.2062583863735199]],[[0.5657073855400085,-0.35356318950653076,0.2820846438407898,0.1717999428510666,0.33397120237350464]],[[-0.037868399173021317,0.44053810834884644,0.23414921760559082,0.2635253071784973,0.09965572506189346]],[[0.06883516162633896,0.368927925825119,0.26256459951400757,0.11065660417079926,0.1890157163143158]]],"label":[0,0,0,1,0]}