{"input":[[[0.06997846812009811,0.36845001578330994,0.2622873783111572,0.11021798849105835,0.18906617164611816]],[[0.07070706784725189,0.36471977829933167,0.2698512375354767,0.09378089755773544,0.20094098150730133]],[[0.5342275500297546,-0.6199579834938049,0.17166668176651,0.4424908459186554,0.4715729355812073]],[[-0.9663106203079224,0.062234509736299515,1.236453652381897,-0.29358136653900146,0.9612037539482117]]],"label":[0,0,0,0,1]}