{"input":[[[0.060441240668296814,0.37265339493751526,0.26480549573898315,0.11330438405275345,0.18879544734954834]],[[0.06687792390584946,0.3702068328857422,0.2622392177581787,0.11302757263183594,0.18764841556549072]],[[0.04709550738334656,0.3851704001426697,0.2532334625720978,0.1491554081439972,0.1653452217578888]],[[0.05591883137822151,0.378125935792923,0.25809839367866516,0.13126890361309052,0.17658792436122894]]],"label":[0,0,0,1,0]}