{"input":[[[-0.1646593064069748,0.17529557645320892,0.9871276021003723,-1.1960725784301758,1.1983087062835693]],[[0.09550239145755768,0.3444386124610901,0.28447237610816956,0.04156389832496643,0.23402275145053864]],[[0.39474767446517944,-0.2442312091588974,0.20322376489639282,0.3401499092578888,0.30610981583595276]],[[0.4623497426509857,-0.27390220761299133,0.17295415699481964,0.32872697710990906,0.30987125635147095]]],"label":[0,0,0,0,1]}