{"input":[[[0.06525707244873047,0.36896657943725586,0.2671036720275879,0.10428731888532639,0.19438536465168]],[[0.07093430310487747,0.36156636476516724,0.2766617238521576,0.07937182486057281,0.21146582067012787]],[[0.4667777419090271,-0.3766600787639618,0.19257324934005737,0.34673434495925903,0.3705747127532959]],[[0.8988168239593506,-0.6345044374465942,0.025242215022444725,0.2669723927974701,0.44347304105758667]]],"label":[0,0,0,1,0]}