{"input":[[[0.055386897176504135,0.37541326880455017,0.2649278938770294,0.11747211217880249,0.1867997646331787]],[[0.056370604783296585,0.3754725754261017,0.2635572552680969,0.1194722056388855,0.1851273477077484]],[[0.0996791198849678,0.3547341227531433,0.25591936707496643,0.09751733392477036,0.1921500712633133]],[[0.05955040082335472,0.37585872411727905,0.2586548626422882,0.12692877650260925,0.17900726199150085]]],"label":[1,0,0,0,0]}