{"input":[[[0.06613238900899887,0.36707350611686707,0.2702493667602539,0.09696123749017715,0.19958344101905823]],[[0.11560375243425369,0.3116682469844818,0.3332459330558777,-0.07784058898687363,0.31732264161109924]],[[-2.125178575515747,5.749525547027588,1.2326823472976685,-1.1350594758987427,-2.721970319747925]],[[-0.3009852468967438,0.1439341902732849,0.6075654029846191,0.301364004611969,0.24812163412570953]]],"label":[0,0,1,0,0]}