{"input":[[[-1.901578426361084,-0.07247357815504074,1.527774453163147,0.7597542405128479,0.6865233182907104]],[[0.0742516741156578,0.3616085350513458,0.2724110186100006,0.08533784747123718,0.20639093220233917]],[[0.44231995940208435,-0.41743478178977966,0.217472642660141,0.3622584342956543,0.3953837454319]],[[0.44341036677360535,-0.24933379888534546,0.1742243617773056,0.33211880922317505,0.29958027601242065]]],"label":[0,0,1,0,0]}