{"input":[[[0.649899423122406,-0.6317387223243713,0.22612136602401733,0.27299630641937256,0.4827216565608978]],[[0.06875775754451752,0.36453482508659363,0.2727509140968323,0.08942802995443344,0.20452852547168732]],[[0.3879236876964569,-0.22132204473018646,0.19635911285877228,0.3415558934211731,0.2954833507537842]],[[0.4359918236732483,-0.3305162489414215,0.20535823702812195,0.33973976969718933,0.34942635893821716]]],"label":[0,0,0,0,1]}