{"input":[[[2.8658082485198975,-1.1506224870681763,-0.2463284432888031,-0.7314520478248596,0.2625945508480072]],[[0.44535908102989197,-0.43385547399520874,0.2468639463186264,0.31354808807373047,0.4280843436717987]],[[0.038482002913951874,0.3886001408100128,0.25630486011505127,0.15028531849384308,0.16632771492004395]],[[0.05600418150424957,0.3763205409049988,0.26209333539009094,0.12285053730010986,0.18273146450519562]]],"label":[0,0,0,1,0]}