{"input":[[[0.06301756948232651,0.37292274832725525,0.2609502077102661,0.11909843236207962,0.18401102721691132]],[[0.06243658438324928,0.37176868319511414,0.2643144428730011,0.11257914453744888,0.18890120089054108]],[[0.04918975010514259,0.38263317942619324,0.2563460171222687,0.14082267880439758,0.1710084080696106]],[[0.08409330993890762,0.35986268520355225,0.26396444439888,0.09435851871967316,0.19772104918956757]]],"label":[0,0,1,0,0]}