{"input":[[[0.5158200263977051,-0.4603135585784912,0.20633552968502045,0.3215959072113037,0.41656216979026794]],[[0.48083606362342834,-0.42837920784950256,0.20546123385429382,0.3384898602962494,0.4035920798778534]],[[0.4368271827697754,-0.316232293844223,0.21230199933052063,0.32354429364204407,0.3435588479042053]],[[0.470437616109848,-0.3586623966693878,0.2485828995704651,0.2795139253139496,0.3601280152797699]]],"label":[0,0,0,1,0]}