{"input":[[[0.8945960402488708,-15.384517669677734,3.1116373538970947,-0.031831495463848114,12.410116195678711]],[[0.02960524894297123,0.3879551291465759,0.2689507007598877,0.13165254890918732,0.18183642625808716]],[[0.04412740841507912,0.386400431394577,0.2541719675064087,0.1497972011566162,0.16550298035144806]],[[0.5101098418235779,-0.43828123807907104,0.19049936532974243,0.33479729294776917,0.40287479758262634]]],"label":[0,0,0,0,1]}