{"input":[[[0.5410585403442383,-0.5620020031929016,0.2054089456796646,0.3484008312225342,0.46713367104530334]],[[-0.16487587988376617,0.17847636342048645,0.9866933822631836,-1.1963107585906982,1.1960169076919556]],[[0.5843902826309204,-0.7089433073997498,0.19787466526031494,0.37226423621177673,0.5544140934944153]],[[0.4903154969215393,-0.36002910137176514,0.16834238171577454,0.3420453369617462,0.35932591557502747]]],"label":[0,0,1,0,0]}