{"input":[[[0.027985859662294388,0.10617295652627945,0.2534432113170624,0.40691113471984863,0.20548683404922485]],[[0.05864078551530838,0.37172800302505493,0.26916104555130005,0.10578847676515579,0.19468176364898682]],[[0.049099378287792206,0.38213908672332764,0.2575533986091614,0.1383861005306244,0.17282205820083618]],[[0.05675007775425911,0.37737610936164856,0.25870031118392944,0.12929464876651764,0.17787890136241913]]],"label":[0,0,0,0,1]}