{"input":[[[0.4457589089870453,-0.27581045031547546,0.1770849972963333,0.3342627286911011,0.31870386004447937]],[[0.4433365762233734,-0.27559128403663635,0.1772947758436203,0.3346739113330841,0.3202860653400421]],[[0.44615501165390015,-0.2790737748146057,0.17697088420391083,0.3342054784297943,0.3217424154281616]],[[0.4462936520576477,-0.2956981062889099,0.17903302609920502,0.3384489417076111,0.3319224715232849]]],"label":[1,0,0,0,0]}