{"input":[[[0.054964564740657806,0.376562237739563,0.2628551423549652,0.12217000871896744,0.18344798684120178]],[[0.05094360560178757,0.37967821955680847,0.26085805892944336,0.12986071407794952,0.1786593347787857]],[[0.0662371888756752,0.3726322054862976,0.2575492560863495,0.12338145077228546,0.18019992113113403]],[[0.5599139332771301,-0.3847714364528656,0.12152952700853348,0.35179615020751953,0.3515318036079407]]],"label":[0,0,0,1,0]}