{"input":[[[0.39178764820098877,-0.27542516589164734,0.2464609444141388,0.30996549129486084,0.32721105217933655]],[[-0.4012654423713684,0.481374055147171,0.5988072156906128,-0.17958781123161316,0.5006720423698425]],[[0.047756221145391464,0.39063891768455505,0.23995672166347504,0.17630939185619354,0.1453387588262558]],[[0.045672111213207245,0.38892266154289246,0.24649854004383087,0.16446930170059204,0.15443739295005798]]],"label":[0,0,0,1,0]}