{"input":[[[0.0808471217751503,0.3624686300754547,0.2620700001716614,0.10117235034704208,0.19344188272953033]],[[0.06419201195240021,0.3704856038093567,0.2649870216846466,0.10964265465736389,0.1906927227973938]],[[6.29917573928833,-2.085505247116089,-3.368278980255127,0.11269594728946686,0.04191230982542038]],[[0.138689324259758,0.32231417298316956,0.2795529365539551,0.01415747869759798,0.24528609216213226]]],"label":[0,0,1,0,0]}