{"input":[[[0.49239984154701233,-0.4198325276374817,0.1926691234111786,0.33727630972862244,0.3974873423576355]],[[0.7564919590950012,-0.8128476738929749,0.2178747057914734,0.2528000771999359,0.5856809616088867]],[[0.4890992343425751,-0.3023802638053894,0.164307102560997,0.3274058699607849,0.321568101644516]],[[0.8945960402488708,-15.384517669677734,3.1116373538970947,-0.031831495463848114,12.410116195678711]]],"label":[0,0,0,0,1]}