{"input":[[[0.08554422855377197,0.35675275325775146,0.2692003846168518,0.08215221762657166,0.2063503861427307]],[[0.06050347536802292,0.37282368540763855,0.264363169670105,0.11416898667812347,0.1881406307220459]],[[0.13891169428825378,-0.4066157341003418,0.1072164997458458,0.8079615831375122,0.3525259792804718]],[[0.06548678874969482,0.37017256021499634,0.2640897333621979,0.11037762463092804,0.1898733377456665]]],"label":[0,0,1,0,0]}