{"input":[[[0.44630253314971924,-0.314676970243454,0.1874881088733673,0.337137371301651,0.34374895691871643]],[[-0.07545138895511627,0.4877760708332062,0.3567122519016266,0.1951940655708313,0.035768989473581314]],[[0.43787944316864014,-0.2687678933143616,0.1814298927783966,0.33436182141304016,0.31509676575660706]],[[0.43841221928596497,-0.2814270257949829,0.1783760040998459,0.34378278255462646,0.320855975151062]]],"label":[1,0,0,0,0]}