{"input":[[[0.05685805529356003,0.3730595111846924,0.2683493196964264,0.10905236750841141,0.1926807314157486]],[[0.04411443695425987,0.3837622106075287,0.26019981503486633,0.13721562922000885,0.17470785975456238]],[[0.04268396645784378,0.3872637450695038,0.25403574109077454,0.15134505927562714,0.16467145085334778]],[[-44.76113510131836,-9.365965843200684,30.18511199951172,8.098845481872559,16.843143463134766]]],"label":[0,0,0,1,0]}