{"input":[[[0.4626687169075012,-0.36898842453956604,0.2056499719619751,0.3282194435596466,0.3724502921104431]],[[0.4966470003128052,-0.44203606247901917,0.20610615611076355,0.33219537138938904,0.407087504863739]],[[0.013734686188399792,0.29516369104385376,0.37482544779777527,0.012054681777954102,0.30422139167785645]],[[0.5031756162643433,-0.4596681594848633,0.2204713523387909,0.31940147280693054,0.4166197180747986]]],"label":[0,0,0,1,0]}