{"input":[[[0.4988330602645874,-0.45377182960510254,0.19680508971214294,0.3428463041782379,0.4152873754501343]],[[0.09559924155473709,0.3163536787033081,0.3375639319419861,-0.06200313940644264,0.31248629093170166]],[[0.47671636939048767,-0.40126192569732666,0.21875059604644775,0.31689584255218506,0.3888990879058838]],[[0.8758123517036438,-0.4476522207260132,-0.02580576390028,0.2660696506500244,0.33157601952552795]]],"label":[0,0,0,0,1]}