{"input":[[[0.5050818920135498,-0.4583706557750702,0.22451730072498322,0.3257223963737488,0.4030490517616272]],[[0.5187227129936218,-0.4762827455997467,0.22734040021896362,0.31322726607322693,0.4169923961162567]],[[0.43086016178131104,-0.28645187616348267,0.19027908146381378,0.33738335967063904,0.32792928814888]],[[0.5065725445747375,-0.35932400822639465,0.15795554220676422,0.33920711278915405,0.3555888235569]]],"label":[0,0,1,0,0]}