{"input":[[[0.06753762066364288,0.3693181276321411,0.263417512178421,0.10999073833227158,0.1897360235452652]],[[0.059000417590141296,0.3739761710166931,0.2636399269104004,0.11699617654085159,0.1863873153924942]],[[0.8945960402488708,-15.384517669677734,3.1116373538970947,-0.031831495463848114,12.410116195678711]],[[0.07908188551664352,0.36166712641716003,0.2662283778190613,0.09401094913482666,0.1990116983652115]]],"label":[0,0,1,0,0]}