{"input":[[[0.047895051538944244,0.38108548521995544,0.26148420572280884,0.13122768700122833,0.17830754816532135]],[[0.05574065074324608,0.3760305643081665,0.2630709409713745,0.12104242295026779,0.1841154396533966]],[[0.10153313726186752,0.3555156886577606,0.25175347924232483,0.10460462421178818,0.18659311532974243]],[[0.05583709105849266,0.37584105134010315,0.2633917033672333,0.12028548121452332,0.18464462459087372]]],"label":[0,0,0,0,1]}