{"input":[[[0.052195362746715546,0.37844526767730713,0.26205238699913025,0.12627576291561127,0.1810312271118164]],[[0.05512164160609245,0.37669867277145386,0.2623503506183624,0.12308604270219803,0.18274322152137756]],[[0.053465139120817184,0.3817857801914215,0.25287380814552307,0.144330695271492,0.16754458844661713]],[[0.06984034925699234,0.3618454933166504,0.27739188075065613,0.0788082405924797,0.21211406588554382]]],"label":[0,0,0,0,1]}