{"input":[[[-0.05094628408551216,0.39797326922416687,0.3320646286010742,0.2454598844051361,0.07544844597578049]],[[0.10934880375862122,0.3268708884716034,0.2973068654537201,0.006122175138443708,0.2603512704372406]],[[0.4588121771812439,-0.36938074231147766,0.20672009885311127,0.3360584080219269,0.3677901029586792]],[[0.6455656290054321,-0.7635667324066162,0.1835716813802719,0.37226438522338867,0.5621649622917175]]],"label":[0,0,0,1,0]}