{"input":[[[0.07544437795877457,0.2410351037979126,0.33783650398254395,0.023514321073889732,0.3221696615219116]],[[0.027462048456072807,0.39084962010383606,0.2650581896305084,0.14166323840618134,0.17496687173843384]],[[0.11312258243560791,0.3482174277305603,0.2535592019557953,0.09071455895900726,0.19438624382019043]],[[0.08189062029123306,0.360095739364624,0.2661743462085724,0.09168035537004471,0.20015889406204224]]],"label":[0,0,0,0,1]}