{"input":[[[0.06169169768691063,0.350665807723999,0.2836173474788666,0.09373921900987625,0.21028588712215424]],[[0.04882684350013733,0.38057807087898254,0.26145246624946594,0.13047975301742554,0.17866288125514984]],[[0.059611596167087555,0.3746233880519867,0.26137974858283997,0.12118515372276306,0.18320013582706451]],[[0.055500246584415436,0.3768087327480316,0.26161131262779236,0.12430021911859512,0.1817794293165207]]],"label":[0,0,0,1,0]}