{"input":[[[0.8538780808448792,-0.9964362382888794,0.1900489330291748,0.28714749217033386,0.6653617024421692]],[[0.07149568200111389,0.33974841237068176,0.32511571049690247,-0.022233521565794945,0.28587374091148376]],[[0.13135769963264465,0.33125415444374084,0.2690989077091217,0.04228771850466728,0.22600150108337402]],[[0.07465212792158127,0.36728620529174805,0.2590062618255615,0.112983338534832,0.18607209622859955]]],"label":[0,0,0,1,0]}