{"input":[[[0.5803821682929993,-0.6238971948623657,0.21141603589057922,0.3296549320220947,0.5024440288543701]],[[0.46963033080101013,-0.4010070264339447,0.19468390941619873,0.34889769554138184,0.3877951204776764]],[[0.4417407810688019,-0.3518478572368622,0.19670981168746948,0.348435640335083,0.3649615943431854]],[[0.43726402521133423,-0.34077176451683044,0.19647063314914703,0.3483268618583679,0.35871028900146484]]],"label":[0,1,0,0,0]}