{"input":[[[0.055919647216796875,0.36713871359825134,0.2829567492008209,0.07937217503786087,0.21461275219917297]],[[0.05670586973428726,0.37172672152519226,0.27157291769981384,0.10245240479707718,0.19754208624362946]],[[0.061498284339904785,0.3763531744480133,0.2550619840621948,0.13272900879383087,0.17435753345489502]],[[-0.1544223576784134,0.17291443049907684,0.9476161599159241,-1.1102405786514282,1.1441322565078735]]],"label":[0,0,0,1,0]}