{"input":[[[0.02585657127201557,0.11214438080787659,0.2561396658420563,0.40221378207206726,0.20364560186862946]],[[0.100882388651371,0.3470344841480255,0.2718842029571533,0.0631226897239685,0.21707622706890106]],[[0.06317523121833801,0.3725728392601013,0.2615453898906708,0.11771748214960098,0.1849890500307083]],[[-0.16483810544013977,0.17792178690433502,0.9867690205574036,-1.1962690353393555,1.1964163780212402]]],"label":[1,0,0,0,0]}