{"input":[[[0.5001069903373718,-0.49730727076530457,0.19893644750118256,0.3556438982486725,0.4426199197769165]],[[-142.20750427246094,242.33827209472656,18.393285751342773,7.947385311126709,-125.471435546875]],[[0.4803926348686218,-0.34028157591819763,0.16569934785366058,0.34401848912239075,0.35017111897468567]],[[0.5208399295806885,-0.38309621810913086,0.15341836214065552,0.34343427419662476,0.3654036521911621]]],"label":[0,0,1,0,0]}