{"input":[[[0.47205275297164917,-0.35886716842651367,0.17794929444789886,0.3429899215698242,0.3658751845359802]],[[0.48887452483177185,-0.4152067303657532,0.18616752326488495,0.34379827976226807,0.3963664174079895]],[[0.43768003582954407,-0.38173097372055054,0.22426898777484894,0.3482908606529236,0.37149104475975037]],[[0.061263713985681534,0.3777918517589569,0.25187617540359497,0.13963179290294647,0.169436514377594]]],"label":[0,0,0,1,0]}