{"input":[[[0.048317354172468185,0.3815678060054779,0.25986579060554504,0.13423584401607513,0.17601323127746582]],[[0.03793181851506233,0.38813894987106323,0.25806981325149536,0.14707639813423157,0.16878308355808258]],[[-0.16322697699069977,0.15425464510917664,0.9900006651878357,-1.1944985389709473,1.213470220565796]],[[0.06117602437734604,0.37353089451789856,0.26188865303993225,0.11875196546316147,0.1846524327993393]]],"label":[0,0,0,0,1]}