{"input":[[[0.05256826430559158,0.37919726967811584,0.25990110635757446,0.13043640553951263,0.1778969019651413]],[[0.08069095015525818,0.36078864336013794,0.2661702036857605,0.09272810816764832,0.19962207973003387]],[[0.08674538880586624,0.3571823537349701,0.26670047640800476,0.08632306754589081,0.2030487209558487]],[[0.13812227547168732,0.3248307406902313,0.27505379915237427,0.023947598412632942,0.2380455881357193]]],"label":[0,0,0,1,0]}