{"input":[[[0.04492444917559624,0.38122060894966125,0.2649294137954712,0.12663313746452332,0.1822924017906189]],[[0.04315720871090889,0.3801290988922119,0.2696234881877899,0.11838039755821228,0.18870984017848969]],[[0.07005965709686279,0.36878731846809387,0.2614418864250183,0.11190787702798843,0.1878032088279724]],[[0.06993281841278076,0.30870774388313293,0.32580944895744324,0.028447039425373077,0.2671029567718506]]],"label":[0,0,0,0,1]}