{"input":[[[0.0648215189576149,0.35960614681243896,0.2888052463531494,0.0593680664896965,0.2273990511894226]],[[0.04121749848127365,0.3858678638935089,0.25908342003822327,0.14208193123340607,0.1717492789030075]],[[0.11086435616016388,0.34476688504219055,0.2643948495388031,0.0700317919254303,0.20994216203689575]],[[0.071029432117939,0.2826786935329437,0.3104409873485565,0.26661866903305054,0.06923224031925201]]],"label":[0,0,1,0,0]}