{"input":[[[0.4561358094215393,-0.5675349831581116,0.18452110886573792,0.4421238899230957,0.48475411534309387]],[[0.07157761603593826,0.3644426167011261,0.26936501264572144,0.0940374955534935,0.20057722926139832]],[[0.05348397418856621,0.3866879343986511,0.24164731800556183,0.1677742451429367,0.15040652453899384]],[[0.06535715609788895,0.3761109411716461,0.25071924924850464,0.13842427730560303,0.16938835382461548]]],"label":[0,0,0,1,0]}