{"input":[[[0.45209434628486633,-0.3218972980976105,0.18630611896514893,0.33630913496017456,0.34718769788742065]],[[-0.11415520310401917,0.5109571218490601,0.27456456422805786,0.4262453019618988,-0.09761174023151398]],[[0.008165366016328335,0.4163002669811249,0.2376261055469513,0.20840461552143097,0.12950359284877777]],[[0.5994218587875366,-0.5997124910354614,0.1470007598400116,0.37547481060028076,0.47781500220298767]]],"label":[0,0,0,1,0]}