{"input":[[[0.47863447666168213,-0.41486021876335144,0.20549270510673523,0.33626362681388855,0.3944694399833679]],[[0.06375773996114731,0.3427167236804962,0.3279934227466583,-0.021437818184494972,0.28696995973587036]],[[0.3810741901397705,-0.28543347120285034,0.21094465255737305,0.3630787432193756,0.3303358852863312]],[[0.4485980272293091,-0.2747792899608612,0.21070942282676697,0.30696380138397217,0.3085079491138458]]],"label":[0,0,0,1,0]}