{"input":[[[0.045160431414842606,0.3836556077003479,0.2591257691383362,0.1385420262813568,0.1735161542892456]],[[0.04440568387508392,0.3828984200954437,0.26179948449134827,0.13361874222755432,0.17727766931056976]],[[0.08234656602144241,0.3669321537017822,0.2501060366630554,0.12483210861682892,0.1757832169532776]],[[0.07398981600999832,0.3651783764362335,0.2646799683570862,0.10170356184244156,0.19444821774959564]]],"label":[0,0,0,1,0]}