{"input":[[[0.07915526628494263,0.36202311515808105,0.2653091251850128,0.09587014466524124,0.1976422667503357]],[[0.06627929210662842,0.3688109517097473,0.26616770029067993,0.10534677654504776,0.19339525699615479]],[[0.0907517746090889,0.35481297969818115,0.26702645421028137,0.08213396370410919,0.20527485013008118]],[[0.08989667892456055,0.35544583201408386,0.2666780352592468,0.08360838890075684,0.2043711245059967]]],"label":[0,0,1,0,0]}