{"input":[[[0.8109622001647949,-0.5585086941719055,0.29700395464897156,0.06025897338986397,0.3902835547924042]],[[0.44928106665611267,-0.32584404945373535,0.1971295326948166,0.32937026023864746,0.35006314516067505]],[[0.4105462431907654,-0.25412866473197937,0.20660360157489777,0.3263280987739563,0.3106507658958435]],[[0.424773633480072,-0.2654109299182892,0.19524019956588745,0.32947683334350586,0.31592029333114624]]],"label":[0,0,0,1,0]}