{"input":[[[0.4844987690448761,-0.3968132436275482,0.20750458538532257,0.32222700119018555,0.3825828731060028]],[[0.46184998750686646,-0.3692231774330139,0.20421896874904633,0.3326464891433716,0.37050768733024597]],[[0.4304375648498535,-0.28057047724723816,0.18877527117729187,0.3385850489139557,0.3227725923061371]],[[0.8945960402488708,-15.384517669677734,3.1116373538970947,-0.031831495463848114,12.410116195678711]]],"label":[0,0,0,1,0]}