{"input":[[[0.43179354071617126,-0.30002760887145996,0.18776825070381165,0.34171944856643677,0.33874639868736267]],[[-0.1643790751695633,0.1711786985397339,0.9876896739006042,-1.195764422416687,1.201275110244751]],[[0.5298632383346558,-0.5374199151992798,0.20437496900558472,0.3472098708152771,0.45597174763679504]],[[0.064902663230896,0.3704468607902527,0.2641780376434326,0.11070995777845383,0.18976250290870667]]],"label":[0,0,0,1,0]}