{"input":[[[0.40821054577827454,-0.34570232033729553,0.21051451563835144,0.36350908875465393,0.3634681701660156]],[[0.0728103294968605,0.36309295892715454,0.27089667320251465,0.0897548496723175,0.2034452110528946]],[[-0.1643904447555542,0.17134582996368408,0.9876668453216553,-1.1957769393920898,1.2011547088623047]],[[0.06718206405639648,0.35896795988082886,0.278450608253479,0.085195392370224,0.21020393073558807]]],"label":[0,0,0,0,1]}