{"input":[[[0.5139227509498596,-0.4415825605392456,0.21634423732757568,0.30714723467826843,0.40416836738586426]],[[0.48766133189201355,-0.39373779296875,0.2105829417705536,0.3145519495010376,0.38094156980514526]],[[0.4241105616092682,-0.27732914686203003,0.21507374942302704,0.3157450258731842,0.3223998248577118]],[[0.02804500423371792,0.10511574894189835,0.25363826751708984,0.406881183385849,0.20631980895996094]]],"label":[0,0,0,1,0]}