{"input":[[[0.05062216892838478,0.3794923722743988,0.2616705298423767,0.12844860553741455,0.17976638674736023]],[[0.05771918594837189,0.3736407458782196,0.26595956087112427,0.11328570544719696,0.18939480185508728]],[[0.059076517820358276,0.3762431740760803,0.2583666741847992,0.12794837355613708,0.17836536467075348]],[[0.05978396534919739,0.3754464089870453,0.25929194688796997,0.12539474666118622,0.1800830066204071]]],"label":[0,0,0,0,1]}