{"input":[[[0.4174729585647583,-0.32967403531074524,0.2360575795173645,0.32670629024505615,0.34943723678588867]],[[0.0492708645761013,0.3797062635421753,0.26289936900138855,0.12706351280212402,0.18105991184711456]],[[0.05261017754673958,0.3847861886024475,0.24703004956245422,0.15730586647987366,0.15826769173145294]],[[0.04990224540233612,0.37437528371810913,0.26755788922309875,0.12146417051553726,0.18670032918453217]]],"label":[0,0,0,0,1]}