{"input":[[[0.5307143926620483,-0.5658718347549438,0.19520559906959534,0.36141037940979004,0.47854146361351013]],[[0.4799569547176361,-0.4156778156757355,0.19769839942455292,0.34064698219299316,0.3973754942417145]],[[0.4730156362056732,-0.3226010203361511,0.16971665620803833,0.33812522888183594,0.34174346923828125]],[[0.4819653630256653,-0.3622113764286041,0.17336857318878174,0.34368327260017395,0.36319419741630554]]],"label":[0,0,0,1,0]}