{"input":[[[0.4499400556087494,-0.3235771656036377,0.18662239611148834,0.3390212655067444,0.3479934334754944]],[[0.47814008593559265,-0.3806357979774475,0.19980765879154205,0.32809558510780334,0.3745924234390259]],[[0.6935175657272339,-1.4244341850280762,-0.06710167974233627,0.9574403762817383,0.840578019618988]],[[0.5397427082061768,-0.511896014213562,0.2055085152387619,0.3241233229637146,0.44252142310142517]]],"label":[0,0,0,1,0]}