{"input":[[[0.06425316631793976,0.37174731492996216,0.262045294046402,0.11573256552219391,0.1862216740846634]],[[0.09792452305555344,0.3477681577205658,0.27382543683052063,0.06168431043624878,0.21879757940769196]],[[0.09329305589199066,0.3524357080459595,0.2691691517829895,0.07544378191232681,0.20965826511383057]],[[0.8945960402488708,-15.384517669677734,3.1116373538970947,-0.031831495463848114,12.410116195678711]]],"label":[0,0,0,1,0]}