{"input":[[[0.8945960402488708,-15.384517669677734,3.1116373538970947,-0.031831495463848114,12.410116195678711]],[[0.048523738980293274,0.3822617828845978,0.25801944732666016,0.13791313767433167,0.17328192293643951]],[[0.8945960402488708,-15.384517669677734,3.1116373538970947,-0.031831495463848114,12.410116195678711]],[[0.10839471966028214,0.3458099365234375,0.26508212089538574,0.07077135145664215,0.20994186401367188]]],"label":[0,0,0,1,0]}