{"input":[[[0.04092895984649658,0.3854273855686188,0.26044803857803345,0.13948462903499603,0.17371098697185516]],[[0.04585225135087967,0.3835064768791199,0.2585982084274292,0.13903667032718658,0.17300640046596527]],[[0.05551886558532715,0.37852394580841064,0.2577022910118103,0.132445827126503,0.1758091151714325]],[[0.05429093912243843,0.37772783637046814,0.2610594928264618,0.12650980055332184,0.18041197955608368]]],"label":[0,0,1,0,0]}