{"input":[[[0.5023214221000671,-0.43477481603622437,0.2367798238992691,0.29766198992729187,0.39801153540611267]],[[0.047998156398534775,0.3808569312095642,0.26190292835235596,0.1302567422389984,0.17898520827293396]],[[0.14902570843696594,0.32737997174263,0.2554267644882202,0.05540596321225166,0.21276167035102844]],[[0.043861351907253265,0.37108880281448364,0.27151989936828613,0.12627342343330383,0.18725651502609253]]],"label":[0,0,0,0,1]}