{"input":[[[0.04334884136915207,0.3837989568710327,0.2610814869403839,0.1360449492931366,0.1757257729768753]],[[0.04550499841570854,0.3827342987060547,0.2607850432395935,0.13477465510368347,0.1762009859085083]],[[0.15120506286621094,0.31739428639411926,0.2300080806016922,0.06854546070098877,0.23284713923931122]],[[0.06689753383398056,0.37245824933052063,0.257068395614624,0.12381619960069656,0.1797596663236618]]],"label":[0,0,0,0,1]}