{"input":[[[0.5560789704322815,-0.6106615662574768,0.20491968095302582,0.3488355278968811,0.5008273124694824]],[[0.03429947793483734,0.36210209131240845,0.32139846682548523,0.0180782712996006,0.26412180066108704]],[[0.3993415832519531,-0.28103557229042053,0.2147160768508911,0.341589093208313,0.32538890838623047]],[[0.10001758486032486,0.17650946974754333,0.2820794880390167,0.3249250650405884,0.1164684146642685]]],"label":[0,0,0,1,0]}