{"input":[[[0.05271591246128082,0.3786233067512512,0.26101452112197876,0.12798252701759338,0.17966365814208984]],[[0.05925900489091873,0.37331369519233704,0.26479572057724,0.11436047405004501,0.18827107548713684]],[[0.06380487233400345,0.3743973672389984,0.25658392906188965,0.12753258645534515,0.17768123745918274]],[[0.052564915269613266,0.3790092468261719,0.26031702756881714,0.12957388162612915,0.17853492498397827]]],"label":[0,0,0,1,0]}