{"input":[[[0.48839643597602844,-0.415766179561615,0.19951623678207397,0.33502277731895447,0.3928307294845581]],[[0.5064561367034912,-0.4401244819164276,0.2081449180841446,0.32025033235549927,0.4052730202674866]],[[0.446248322725296,-0.28535643219947815,0.18975166976451874,0.3286961615085602,0.32066023349761963]],[[0.48979872465133667,-0.37942054867744446,0.2461549937725067,0.27891501784324646,0.3645518124103546]]],"label":[0,0,0,1,0]}