{"input":[[[0.42683759331703186,-0.29593223333358765,0.18373483419418335,0.3480658233165741,0.33729398250579834]],[[0.82716304063797,-1.1316702365875244,0.16108711063861847,0.3680407702922821,0.7753793001174927]],[[0.45219185948371887,-0.3410359025001526,0.18820539116859436,0.34213536977767944,0.3585032820701599]],[[0.42920783162117004,-0.3972187340259552,0.19236472249031067,0.38527458906173706,0.3903716206550598]]],"label":[1,0,0,0,0]}