{"input":[[[0.05853993445634842,0.3760151267051697,0.2595643699169159,0.1259162724018097,0.1799643188714981]],[[0.06443824619054794,0.3705010712146759,0.2646503150463104,0.11012836545705795,0.19028198719024658]],[[0.8945960402488708,-15.384517669677734,3.1116373538970947,-0.031831495463848114,12.410116195678711]],[[0.4100024998188019,-0.40642455220222473,0.20469993352890015,0.40301308035850525,0.38870909810066223]]],"label":[0,0,1,0,0]}