{"input":[[[0.06249498948454857,0.37062811851501465,0.26682037115097046,0.10729672014713287,0.19275987148284912]],[[0.05740266293287277,0.37439918518066406,0.26469719409942627,0.11618681997060776,0.18731410801410675]],[[0.06398307532072067,0.3731027841567993,0.259329229593277,0.12163696438074112,0.18194791674613953]],[[0.06075409799814224,0.37513574957847595,0.25878557562828064,0.12560008466243744,0.17972441017627716]]],"label":[0,1,0,0,0]}