{"input":[[[0.05107869580388069,0.3767758011817932,0.26725447177886963,0.11638898402452469,0.18850202858448029]],[[-1.1302344799041748,0.9465904831886292,0.4616162180900574,0.745368242263794,-0.02334047481417656]],[[0.06218902766704559,0.3758998513221741,0.2552095055580139,0.1318182647228241,0.1748833805322647]],[[0.08005086332559586,0.36176803708076477,0.26131758093833923,0.10582154244184494,0.1910419464111328]]],"label":[0,0,1,0,0]}