{"input":[[[0.06657461076974869,0.36342865228652954,0.27778682112693787,0.08086990565061569,0.2113400399684906]],[[0.07048903405666351,0.36673039197921753,0.26554933190345764,0.10295827686786652,0.19427292048931122]],[[0.06141410768032074,0.3721941113471985,0.2645995020866394,0.11288712173700333,0.18890516459941864]],[[0.06229456514120102,0.37296825647354126,0.2617737054824829,0.11800874769687653,0.1849547177553177]]],"label":[0,0,0,1,0]}