{"input":[[[0.05770483613014221,0.37399905920028687,0.2651970386505127,0.11488398909568787,0.18821507692337036]],[[0.44966164231300354,-0.6908292770385742,0.11348684132099152,0.6058133840560913,0.5218674540519714]],[[0.08442380279302597,0.3838191032409668,0.20869700610637665,0.20958271622657776,0.11347737908363342]],[[0.4203299880027771,-0.2919878363609314,0.2026469111442566,0.3373766839504242,0.33163419365882874]]],"label":[0,0,0,1,0]}