{"input":[[[0.06835513561964035,0.3654593527317047,0.271159291267395,0.09310462325811386,0.20192164182662964]],[[0.07278203219175339,0.3595450222492218,0.27892255783081055,0.07303183525800705,0.2157185673713684]],[[0.5154411792755127,-0.3522566556930542,0.15330970287322998,0.3467644453048706,0.3367413282394409]],[[0.6593099236488342,-0.42183825373649597,0.13359464704990387,0.27305060625076294,0.3558831512928009]]],"label":[0,1,0,0,0]}