{"input":[[[0.06262000650167465,0.37098875641822815,0.26577913761138916,0.10937482118606567,0.1912371814250946]],[[0.4801747500896454,-0.34519895911216736,0.2535286247730255,0.26591211557388306,0.3455834686756134]],[[0.04552271589636803,0.38562554121017456,0.25415295362472534,0.14861875772476196,0.16607996821403503]],[[0.0488864928483963,0.3818606734275818,0.25849756598472595,0.13659174740314484,0.17416347563266754]]],"label":[0,0,0,1,0]}