{"input":[[[0.0412515290081501,0.3735355734825134,0.2869262993335724,0.08392881602048874,0.21435773372650146]],[[0.489387571811676,-0.4214993119239807,0.1977463662624359,0.34004074335098267,0.3943246603012085]],[[0.051823217421770096,0.3070248067378998,0.3260178565979004,0.06258812546730042,0.2525460124015808]],[[0.08005228638648987,0.35759565234184265,0.2740832269191742,0.07679107785224915,0.21147774159908295]]],"label":[0,0,0,1,0]}