{"input":[[[0.04773867875337601,0.3790661096572876,0.26628369092941284,0.12133785337209702,0.18557362258434296]],[[0.05135951191186905,0.3787399232387543,0.26247236132621765,0.1261235475540161,0.1813046783208847]],[[-0.09460505843162537,0.46472373604774475,0.24638238549232483,0.2885676920413971,0.09493118524551392]],[[0.06413131952285767,0.3728170394897461,0.25978532433509827,0.12055578827857971,0.18271049857139587]]],"label":[0,0,0,0,1]}