{"input":[[[0.042901407927274704,0.38412103056907654,0.26090800762176514,0.13680046796798706,0.17526912689208984]],[[0.04207061976194382,0.38420236110687256,0.26176828145980835,0.13573196530342102,0.17622670531272888]],[[0.4636699855327606,-0.44441327452659607,0.2107413411140442,0.3722308576107025,0.39777112007141113]],[[0.08272559940814972,0.3599969148635864,0.2654069662094116,0.09253904223442078,0.1993314027786255]]],"label":[0,0,0,1,0]}