{"input":[[[0.06943556666374207,0.36513078212738037,0.2704349756240845,0.09369314461946487,0.20130550861358643]],[[0.4600954055786133,-0.3708465099334717,0.2047613561153412,0.33393698930740356,0.3720528185367584]],[[0.44650405645370483,-0.2753996253013611,0.17861934006214142,0.3356817066669464,0.3145945072174072]],[[0.41934147477149963,-0.2493646889925003,0.19470293819904327,0.329588383436203,0.3057319223880768]]],"label":[0,0,1,0,0]}