{"input":[[[0.08835688978433609,0.3381520211696625,0.30767419934272766,-0.0006156882154755294,0.26643264293670654]],[[0.06011535972356796,0.371569961309433,0.2676687240600586,0.10761191695928574,0.1930340826511383]],[[0.06332274526357651,0.37581345438957214,0.24654123187065125,0.1527635157108307,0.1615590751171112]],[[0.3880689740180969,-0.2359764128923416,0.19366276264190674,0.3597751557826996,0.2944695055484772]]],"label":[0,0,1,0,0]}