{"input":[[[0.07154247909784317,0.3676440119743347,0.262180358171463,0.10906454920768738,0.1895686388015747]],[[0.06437428295612335,0.37092363834381104,0.2637503147125244,0.1120682880282402,0.1888834536075592]],[[0.057404596358537674,0.37475308775901794,0.2638758420944214,0.11790362000465393,0.18606284260749817]],[[0.05453140661120415,0.37708956003189087,0.2622055113315582,0.12390585243701935,0.1822676956653595]]],"label":[0,0,1,0,0]}