{"input":[[[-0.16467991471290588,0.17559772729873657,0.9870864748954773,-1.1960954666137695,1.1980911493301392]],[[0.06179778277873993,0.36784693598747253,0.2739897668361664,0.09293980151414871,0.20342573523521423]],[[0.4683604836463928,-0.403433233499527,0.19654309749603271,0.34932583570480347,0.3892037868499756]],[[-1.9017497301101685,-0.071538046002388,1.5276778936386108,0.7598027586936951,0.6858071088790894]]],"label":[0,1,0,0,0]}