{"input":[[[0.04192415997385979,0.3852308392524719,0.2595779597759247,0.1404426544904709,0.17282433807849884]],[[0.06260281801223755,0.366150826215744,0.27675482630729675,0.0864747017621994,0.2080167680978775]],[[0.4190909266471863,-0.2337779998779297,0.1854168325662613,0.33468183875083923,0.2945883274078369]],[[0.4386202394962311,-0.264818400144577,0.185016468167305,0.33109521865844727,0.3100864589214325]]],"label":[0,0,0,0,1]}