{"input":[[[0.033068347722291946,0.38509753346443176,0.2709977626800537,0.12435969710350037,0.18647663295269012]],[[0.0571967251598835,0.37022125720977783,0.27433785796165466,0.09625524282455444,0.20198889076709747]],[[0.05970333516597748,0.3737236559391022,0.2632628381252289,0.11718118190765381,0.18612898886203766]],[[0.07197622954845428,0.36600154638290405,0.2653082311153412,0.10216357558965683,0.19455040991306305]]],"label":[0,0,0,1,0]}