{"input":[[[0.07248561829328537,0.36180707812309265,0.27419862151145935,0.08314894884824753,0.2083597034215927]],[[0.05675815790891647,0.3749619722366333,0.2642281949520111,0.11773154884576797,0.18632009625434875]],[[0.07255333662033081,0.36708638072013855,0.2621477544307709,0.10825219005346298,0.1899603009223938]],[[0.09310909360647202,0.3459128439426422,0.2841634750366211,0.04430076852440834,0.23251380026340485]]],"label":[0,1,0,0,0]}