{"input":[[[0.000695692200679332,0.4010426700115204,0.275193989276886,0.1440342664718628,0.17903336882591248]],[[0.037410587072372437,0.3870794475078583,0.26098331809043884,0.14147891104221344,0.1730477511882782]],[[0.42064058780670166,-0.2565985918045044,0.19438916444778442,0.3304779827594757,0.311090886592865]],[[0.41985756158828735,-0.25587600469589233,0.1846403330564499,0.3410266041755676,0.31035158038139343]]],"label":[0,0,0,0,1]}