{"input":[[[0.5059272646903992,-0.39768096804618835,0.16730649769306183,0.3465932607650757,0.3778539299964905]],[[0.06875840574502945,0.36741745471954346,0.26620060205459595,0.10310787707567215,0.1945156306028366]],[[0.02047685533761978,0.15881852805614471,0.2682647407054901,0.3747119605541229,0.17772793769836426]],[[0.08101315051317215,0.36195603013038635,0.26303374767303467,0.09901244938373566,0.19498467445373535]]],"label":[0,0,0,1,0]}