{"input":[[[0.06339477747678757,0.3695808947086334,0.26803719997406006,0.10397285223007202,0.19501429796218872]],[[0.06460520625114441,0.3687286972999573,0.26843979954719543,0.1020732894539833,0.19615308940410614]],[[0.05742000415921211,0.3762418031692505,0.2604714334011078,0.12500087916851044,0.18086594343185425]],[[0.06164595112204552,0.374174028635025,0.25984135270118713,0.12261485308408737,0.18172383308410645]]],"label":[0,0,1,0,0]}