{"input":[[[0.5660557150840759,-0.5155094265937805,0.23581381142139435,0.27668479084968567,0.43695515394210815]],[[0.05052646994590759,0.37897318601608276,0.26297760009765625,0.12580108642578125,0.18172162771224976]],[[0.04292919114232063,0.3857857286930084,0.2570672333240509,0.14480243623256683,0.16941536962985992]],[[0.08765535056591034,0.3572535514831543,0.2653663158416748,0.08831745386123657,0.20140725374221802]]],"label":[0,0,0,1,0]}