{"input":[[[0.5418589115142822,-0.4827997386455536,0.23698528110980988,0.28217142820358276,0.42178404331207275]],[[-0.036488838493824005,0.20997178554534912,0.6369385123252869,-0.5354198217391968,0.7249983549118042]],[[0.04671637713909149,0.3882039189338684,0.2466675043106079,0.16323184967041016,0.155180424451828]],[[0.42802584171295166,-0.3018372058868408,0.19561049342155457,0.34156858921051025,0.33663228154182434]]],"label":[0,0,0,1,0]}