{"input":[[[0.028131892904639244,0.1035626232624054,0.2539248466491699,0.40683719515800476,0.20754343271255493]],[[0.05067409574985504,0.36915138363838196,0.2849262058734894,0.0798686221241951,0.2153797447681427]],[[0.4415822923183441,-0.35615891218185425,0.212293341755867,0.33836156129837036,0.36392173171043396]],[[0.43049582839012146,-0.2774006426334381,0.198931485414505,0.32972481846809387,0.31824854016304016]]],"label":[0,0,0,1,0]}