{"input":[[[0.43084219098091125,-0.30581939220428467,0.19283795356750488,0.3415827751159668,0.34055644273757935]],[[0.4840329587459564,-0.42410963773727417,0.18942809104919434,0.351011723279953,0.399636834859848]],[[0.7310726642608643,-0.8240290284156799,0.20246988534927368,0.2978300154209137,0.5926564335823059]],[[0.06638737767934799,0.3677123785018921,0.2684420943260193,0.10051940381526947,0.1969386637210846]]],"label":[1,0,0,0,0]}