{"input":[[[-0.16479608416557312,0.177304208278656,0.986853301525116,-1.1962227821350098,1.1968613862991333]],[[0.05387088656425476,0.37401556968688965,0.26999539136886597,0.10822071880102158,0.19389750063419342]],[[0.03831147402524948,0.3891634941101074,0.2552613914012909,0.15260958671569824,0.16465404629707336]],[[0.040502626448869705,0.38710668683052063,0.2571752071380615,0.14669246971607208,0.16852301359176636]]],"label":[0,0,0,1,0]}