{"input":[[[0.028094716370105743,0.10422708094120026,0.25380221009254456,0.4068560004234314,0.20701994001865387]],[[0.041763391345739365,0.38254302740097046,0.265918105840683,0.12733568251132965,0.18243980407714844]],[[0.48432299494743347,-0.32057031989097595,0.17170658707618713,0.3305666148662567,0.333974152803421]],[[0.43617239594459534,-0.27721109986305237,0.1880447417497635,0.3315311372280121,0.32146286964416504]]],"label":[0,0,0,1,0]}