{"input":[[[0.4450322687625885,-0.27391448616981506,0.17972446978092194,0.3306085169315338,0.3185492753982544]],[[0.44406670331954956,-0.2977977991104126,0.18972718715667725,0.3306120038032532,0.3333919644355774]],[[0.4553280770778656,-0.28329411149024963,0.17446623742580414,0.33234769105911255,0.32115209102630615]],[[0.4440910220146179,-0.3350149393081665,0.1959647238254547,0.33967941999435425,0.35527974367141724]]],"label":[1,0,0,0,0]}