{"input":[[[0.46478328108787537,-0.4676928222179413,0.217900350689888,0.348408967256546,0.4366002380847931]],[[0.07461842894554138,0.36280420422554016,0.26925092935562134,0.09161263704299927,0.20171378552913666]],[[0.04169030115008354,0.38746801018714905,0.25482508540153503,0.15056684613227844,0.16544976830482483]],[[-0.0056283785961568356,0.2258625328540802,0.23983393609523773,0.49982044100761414,0.040111467242240906]]],"label":[0,0,0,0,1]}