{"input":[[[0.08662582188844681,0.3553144037723541,0.2710743844509125,0.07729709893465042,0.20968830585479736]],[[0.11647355556488037,0.32727500796318054,0.29695260524749756,-0.002856534905731678,0.2621554434299469]],[[0.458555668592453,-0.3385004699230194,0.18717040121555328,0.3405686914920807,0.3522057831287384]],[[0.48313742876052856,-0.470399409532547,0.2043718844652176,0.35321924090385437,0.42967090010643005]]],"label":[0,0,1,0,0]}