{"input":[[[0.44643718004226685,-0.32075777649879456,0.18711620569229126,0.33901265263557434,0.3481917679309845]],[[0.5267709493637085,-0.5131364464759827,0.22485817968845367,0.3161930441856384,0.44531431794166565]],[[0.5046343207359314,-0.359414279460907,0.1712176352739334,0.32766708731651306,0.3558952212333679]],[[0.5831259489059448,-0.5219858884811401,0.17903433740139008,0.32236742973327637,0.4374581575393677]]],"label":[0,1,0,0,0]}