{"input":[[[0.4288643002510071,-0.5416164994239807,0.16129440069198608,0.49948251247406006,0.4519752562046051]],[[0.045523498207330704,0.3791429102420807,0.26886752247810364,0.11788899451494217,0.18857702612876892]],[[0.05631353706121445,0.37737607955932617,0.2591487765312195,0.12876129150390625,0.17840027809143066]],[[0.04802580550312996,0.3817252218723297,0.2598734200000763,0.1344756782054901,0.17589983344078064]]],"label":[0,0,0,1,0]}