{"input":[[[0.46875765919685364,-0.3783932626247406,0.19218416512012482,0.34136801958084106,0.3760834038257599]],[[0.452644407749176,-0.3433874249458313,0.19380411505699158,0.33668023347854614,0.36025866866111755]],[[0.4169679284095764,-0.28484952449798584,0.200886532664299,0.3407747447490692,0.3262203633785248]],[[0.47713521122932434,-0.32578030228614807,0.17712117731571198,0.3321347236633301,0.33938920497894287]]],"label":[0,0,0,1,0]}