{"input":[[[0.05213990435004234,0.37920519709587097,0.2604113519191742,0.1297484189271927,0.1784951239824295]],[[0.05849112942814827,0.37427443265914917,0.2636062204837799,0.1175122857093811,0.18611590564250946]],[[0.05709732323884964,0.37447884678840637,0.2648869752883911,0.11606081575155258,0.1874760091304779]],[[0.07896135747432709,0.36313149333000183,0.26303908228874207,0.10078035295009613,0.19408774375915527]]],"label":[0,0,0,0,1]}