{"input":[[[0.07069078087806702,0.3633163273334503,0.2730235755443573,0.08717721700668335,0.20579208433628082]],[[0.08934671431779861,0.3490217626094818,0.2818581163883209,0.052408527582883835,0.22736495733261108]],[[3.478224039077759,-0.05788715183734894,-3.056764841079712,1.5608468055725098,-0.9244187474250793]],[[0.05802757292985916,0.3655323088169098,0.2646993398666382,0.12925228476524353,0.18248845636844635]]],"label":[0,0,0,0,1]}