{"input":[[[0.06312470883131027,0.37121692299842834,0.26467424631118774,0.11123023927211761,0.18975389003753662]],[[0.061168134212493896,0.37277132272720337,0.2636285126209259,0.11512430757284164,0.18730774521827698]],[[0.05876924842596054,0.37594446539878845,0.259446382522583,0.1259596049785614,0.1798802763223648]],[[0.07470785081386566,0.36751165986061096,0.2584770619869232,0.11402874439954758,0.1852746456861496]]],"label":[0,0,0,0,1]}