{"input":[[[0.037312157452106476,0.3886844217777252,0.2575714588165283,0.1486683338880539,0.16776371002197266]],[[0.03766537085175514,0.3863541781902313,0.2624112069606781,0.13825280964374542,0.1753164827823639]],[[0.42853420972824097,-0.2834957540035248,0.19334067404270172,0.3355405926704407,0.3260803520679474]],[[0.07195228338241577,0.3689531981945038,0.25865671038627625,0.1160714402794838,0.1843664050102234]]],"label":[0,0,0,1,0]}