{"input":[[[0.09144382923841476,0.331307053565979,0.31827685236930847,-0.02524743601679802,0.2842196524143219]],[[1.5435757637023926,-1.6741880178451538,0.1908518373966217,0.07178282737731934,0.867977499961853]],[[1.2379834651947021,-1.567211627960205,0.07827972620725632,0.44180628657341003,0.8091420531272888]],[[0.07944875210523605,0.36752551794052124,0.2523849308490753,0.12261633574962616,0.17802439630031586]]],"label":[0,0,0,0,1]}