{"input":[[[0.04854747653007507,0.3800187110900879,0.26309359073638916,0.12729324400424957,0.1810469925403595]],[[0.059827789664268494,0.3731748163700104,0.2644016146659851,0.11468375474214554,0.1879119724035263]],[[0.05667886883020401,0.37757593393325806,0.2583799362182617,0.13001711666584015,0.17734810709953308]],[[0.4347005784511566,-0.34101271629333496,0.2302619367837906,0.3230458199977875,0.3530043661594391]]],"label":[0,0,0,1,0]}