{"input":[[[0.45448777079582214,-0.35905420780181885,0.20290988683700562,0.33834192156791687,0.3633146286010742]],[[0.06569460034370422,0.3707068860530853,0.26248106360435486,0.11358249187469482,0.18753497302532196]],[[-1.4995696544647217,5.741161823272705,1.7786675691604614,-2.7198047637939453,-2.30045485496521]],[[0.47672489285469055,-0.4024883806705475,0.21220339834690094,0.33166560530662537,0.3818944990634918]]],"label":[1,0,0,0,0]}