{"input":[[0.019880205392837524,0.00485482532531023,0.004976978525519371,0.8130567073822021,0.03188886120915413,0.00887043122202158,0.07221139967441559,0.008139721117913723,0.036120861768722534],[0.03369051590561867,0.01897844672203064,0.021650351583957672,0.6237604022026062,0.027538657188415527,0.027629045769572258,0.17971289157867432,0.02208487130701542,0.0449548214673996],[0.05850252881646156,0.036410003900527954,0.03308509290218353,0.2833462059497833,0.007742441724985838,0.06654080748558044,0.41220298409461975,0.038582611829042435,0.06358733028173447],[0.044548239558935165,0.006494132801890373,0.033840712159872055,0.6817382574081421,0.020399311557412148,0.013299304060637951,0.09143359959125519,0.04347390681505203,0.06477247178554535]],"label":[0,0,0,1,0,0,0,0,0]}