{"input":[[0.20717044174671173,0.1296592652797699,0.20612116158008575,0.0853973776102066,0.020795151591300964,0.019169772043824196,0.12342746555805206,0.17461182177066803,0.033647626638412476],[0.10312463343143463,0.08424562960863113,0.132581427693367,0.29680612683296204,0.02677084319293499,0.023887567222118378,0.13309842348098755,0.11208061873912811,0.08740473538637161],[0.04423917457461357,0.025686074048280716,0.06787469238042831,0.005299785640090704,0.006673596333712339,0.010358782485127449,0.039135079830884933,0.7768042683601379,0.02392849512398243],[0.08858870714902878,0.17258544266223907,0.042996522039175034,0.01795470528304577,0.01011640951037407,0.020733624696731567,0.4277395009994507,0.20009730756282806,0.019187824800610542]],"label":[0,0,0,0,0,0,0,1,0]}