{"input":[[0.013836674392223358,0.0097737405449152,0.1902117282152176,0.0050453729927539825,0.007337641902267933,0.004039482679218054,0.06571176648139954,0.558330774307251,0.14571280777454376],[0.06660464406013489,0.043395034968853,0.03207014128565788,0.022794365882873535,0.005081133916974068,0.016732240095734596,0.6410276293754578,0.07094524800777435,0.10134956240653992],[0.0997571349143982,0.04152484983205795,0.04020380228757858,0.12254846841096878,0.0055380454286932945,0.061711352318525314,0.12863485515117645,0.35171592235565186,0.14836549758911133],[0.1398840993642807,0.036557745188474655,0.03944696858525276,0.04869046434760094,0.011263548396527767,0.028699936345219612,0.22711052000522614,0.33450406789779663,0.13384266197681427]],"label":[0,0,0,0,0,0,0,0,1]}