{"input":[[0.0238534826785326,0.007299074437469244,0.04865166172385216,0.1090964674949646,0.021867766976356506,0.004342743195593357,0.1208377555012703,0.15888360142707825,0.5051674842834473],[0.026546165347099304,0.0070441230200231075,0.04001741483807564,0.1476375162601471,0.028440997004508972,0.0062538874335587025,0.26071953773498535,0.1651187539100647,0.3182215094566345],[0.0026107612065970898,0.024631207808852196,0.011475776322185993,0.4808256924152374,0.06054678186774254,0.08138938993215561,0.2197154313325882,0.06949668377637863,0.049308255314826965],[0.023508716374635696,0.03481198474764824,0.018754377961158752,0.42038971185684204,0.10767853260040283,0.100265733897686,0.21958793699741364,0.01551809348165989,0.05948483198881149]],"label":[0,0,0,0,0,0,0,1,0]}