{"input":[[0.004275111481547356,0.022379282861948013,0.05687587708234787,0.21080000698566437,0.026921898126602173,0.008531135506927967,0.589565098285675,0.00324006169103086,0.07741144299507141],[0.011751120910048485,0.053299859166145325,0.0662027969956398,0.05633292719721794,0.013027901761233807,0.024904105812311172,0.5219505429267883,0.02948671020567417,0.22304411232471466],[0.04168566316366196,0.4052487909793854,0.06252660602331161,0.011386954225599766,0.014105353504419327,0.03475067764520645,0.39138224720954895,0.015400202013552189,0.02351360395550728],[0.05936508625745773,0.1281592696905136,0.09304013103246689,0.010317502543330193,0.026300862431526184,0.020023787394165993,0.593969464302063,0.008530907332897186,0.060292936861515045]],"label":[0,0,0,0,0,0,1,0,0]}