{"input":[[0.08729860186576843,6.213660526555032e-05,0.40053054690361023,0.026426486670970917,0.3885619044303894,0.0004696798569057137,0.003163109300658107,0.07272639870643616,0.02076122723519802],[0.008248335681855679,0.0007322284509427845,0.1767505407333374,0.1251513957977295,0.33304089307785034,0.002692153910174966,0.022351384162902832,0.22708208858966827,0.10395106673240662],[0.03812521696090698,6.139459583209828e-05,0.3920935392379761,0.20582686364650726,0.14347559213638306,0.0004563388356473297,0.006776703055948019,0.1355615258216858,0.07762277871370316],[0.026080090552568436,0.0002538125845603645,0.6578223705291748,0.05256347730755806,0.06216318905353546,0.0006182889919728041,0.001890796353109181,0.1365446150302887,0.06206333264708519]],"label":[0,0,1,0,0,0,0,0,0]}