{"input":[[8.617142884759232e-05,4.161301603744505e-06,0.06710590422153473,5.729332883674942e-07,0.00019164315017405897,4.1463313209533226e-06,3.772319132622215e-06,0.9323056936264038,0.00029789807740598917],[0.10273763537406921,0.00012101465108571574,0.011282786726951599,4.223771975375712e-05,0.00548764830455184,5.678109664586373e-05,0.000721287855412811,0.8608733415603638,0.018677344545722008],[0.00010988696885760874,1.3888516150473151e-05,0.0005472134798765182,2.4627797756693326e-06,0.0003026273916475475,8.447543223155662e-06,6.93454931024462e-05,0.9978052973747253,0.001140771433711052],[0.0013053015572950244,0.01168227382004261,0.2742721438407898,0.0005755040911026299,0.002666339511051774,0.009544828906655312,0.029006710276007652,0.5916887521743774,0.07925824075937271]],"label":[0,0,0,0,0,0,0,1,0]}