{"input":[[0.02992120198905468,0.0023102560080587864,0.17652487754821777,0.2294415682554245,0.48846325278282166,0.004001258406788111,0.02461547963321209,0.008243991062045097,0.03647814318537712],[0.011441376060247421,0.001545020379126072,0.09356171637773514,0.6785649657249451,0.18698838353157043,0.0029754205606877804,0.01391714345663786,0.002632416319102049,0.008373567834496498],[0.06558472663164139,0.011988571844995022,0.08703131228685379,0.1378612369298935,0.183000385761261,0.013785753399133682,0.3996974229812622,0.011980743147432804,0.08906988054513931],[0.19797688722610474,0.013183683156967163,0.2992646396160126,0.14255675673484802,0.22045962512493134,0.006067614536732435,0.06246207281947136,0.03147891163825989,0.02654970996081829]],"label":[0,0,0,0,1,0,0,0,0]}