{"input":[[0.01382767129689455,0.2003406137228012,0.5275667309761047,0.00962180458009243,0.0786968320608139,0.025007247924804688,0.008618672378361225,0.13360406458377838,0.0027164246421307325],[0.004885947797447443,0.0005334189627319574,0.9044851064682007,0.013900198973715305,0.04587026312947273,0.0006820889539085329,0.015677187591791153,0.00631960341706872,0.007646271958947182],[0.0007760641165077686,0.0008257737499661744,0.6459922790527344,0.334439218044281,0.009988129138946533,0.0006756430375389755,0.002808063058182597,0.003156761173158884,0.0013380884192883968],[0.008474336937069893,0.015881262719631195,0.708412766456604,0.03839266300201416,0.036412354558706284,0.004033177625387907,0.10988971590995789,0.061147645115852356,0.017356012016534805]],"label":[0,0,1,0,0,0,0,0,0]}