{"input":[[0.008070182986557484,0.007714889943599701,0.9008404016494751,0.0030826865695416927,0.016795670613646507,0.0012385466834530234,0.00952123198658228,0.032224081456661224,0.020512208342552185],[0.1294044554233551,0.051192108541727066,0.4651610851287842,0.061373695731163025,0.13703860342502594,0.016383059322834015,0.03705311939120293,0.0327242836356163,0.06966959685087204],[0.052292779088020325,0.06765271723270416,0.717869222164154,0.00325416075065732,0.004583792295306921,0.00966531503945589,0.11057977378368378,0.015491640195250511,0.018610607832670212],[0.044747062027454376,0.07114928215742111,0.33614692091941833,0.059305980801582336,0.04681029170751572,0.04071987792849541,0.2643192708492279,0.08841446042060852,0.048386868089437485]],"label":[0,0,1,0,0,0,0,0,0]}