{"input":[[0.08198779076337814,0.036887407302856445,0.07368356734514236,0.3160577416419983,0.0531945526599884,0.02559947967529297,0.19137892127037048,0.08419247716665268,0.1370181292295456],[0.018351467326283455,0.008579791523516178,0.015673788264393806,0.6351258754730225,0.015119101852178574,0.012983819469809532,0.2562909722328186,0.013410990126430988,0.024464143440127373],[0.042093049734830856,0.04948687553405762,0.05906645953655243,0.2623419463634491,0.06962747871875763,0.036278337240219116,0.14983344078063965,0.27641892433166504,0.05485348775982857],[0.025541342794895172,0.028955454006791115,0.009143869392573833,0.7925450801849365,0.04019322991371155,0.03580468147993088,0.036603882908821106,0.017670316621661186,0.013542082160711288]],"label":[0,0,0,0,0,0,1,0,0]}