{"input":[[0.27109295129776,0.09430509060621262,0.16915428638458252,0.0014906442956998944,0.022615205496549606,0.01867225207388401,0.34851929545402527,0.04547283053398132,0.028677385300397873],[0.05791906639933586,0.05767180770635605,0.0693356990814209,0.07400640845298767,0.016856662929058075,0.010904503054916859,0.6870904564857483,0.014364234171807766,0.01185121200978756],[0.09550665318965912,0.03229958564043045,0.14396721124649048,0.00596093712374568,0.007583498489111662,0.026341961696743965,0.4104141592979431,0.20001710951328278,0.07790882140398026],[0.0662556141614914,0.05361364409327507,0.061423953622579575,0.032491736114025116,0.03110353834927082,0.04758147895336151,0.5820326209068298,0.08799172937870026,0.03750566765666008]],"label":[0,0,1,0,0,0,0,0,0]}