{"input":[[0.12053976953029633,0.10899422317743301,0.12496555596590042,0.06717172265052795,0.04944656789302826,0.022381538525223732,0.30341267585754395,0.15119001269340515,0.05189796909689903],[0.16705602407455444,0.027581144124269485,0.3404889404773712,0.15800343453884125,0.08245233446359634,0.017590543255209923,0.14569447934627533,0.024973643943667412,0.03615949675440788],[0.23331737518310547,0.050817158073186874,0.20723916590213776,0.08791347593069077,0.023022569715976715,0.008451319299638271,0.28026846051216125,0.011220412328839302,0.09775003045797348],[0.2635723948478699,0.024625394493341446,0.29268375039100647,0.10425645858049393,0.05684416741132736,0.003832504851743579,0.16350361704826355,0.04514707252383232,0.045534648001194]],"label":[0,0,1,0,0,0,0,0,0]}