{"input":[[0.015558161772787571,0.07282726466655731,0.011693586595356464,0.016568545252084732,0.0030962189193814993,0.29332220554351807,0.3308543264865875,0.1722210943698883,0.08385862410068512],[0.004599960055202246,0.03961526229977608,0.09242716431617737,0.15084445476531982,0.021297108381986618,0.027732819318771362,0.602794349193573,0.027018005028367043,0.03367089852690697],[0.0330515056848526,0.08760451525449753,0.05554162338376045,0.3439585566520691,0.13335926830768585,0.05036817863583565,0.16033188998699188,0.06486903131008148,0.07091538608074188],[0.0365532748401165,0.02567741647362709,0.007043719757348299,0.6643955707550049,0.01059730164706707,0.03514211252331734,0.16887497901916504,0.021224120631814003,0.030491486191749573]],"label":[0,0,0,1,0,0,0,0,0]}