{"input":[[0.12746983766555786,0.030885351821780205,0.04247081279754639,0.02803364396095276,0.0050409575924277306,0.08351270854473114,0.26294785737991333,0.3866637349128723,0.03297510743141174],[0.0634077787399292,0.09833551198244095,0.04721534997224808,0.06429964303970337,0.01648014597594738,0.2174369841814041,0.08871109038591385,0.28744274377822876,0.11667075753211975],[0.05085739493370056,0.27128729224205017,0.0747484564781189,0.04236682876944542,0.023186812177300453,0.04258081316947937,0.19481070339679718,0.2606154978275299,0.03954627737402916],[0.016944222152233124,0.28924885392189026,0.04649689048528671,0.13354329764842987,0.029347756877541542,0.10115218907594681,0.213128000497818,0.13323286175727844,0.03690590709447861]],"label":[1,0,0,0,0,0,0,0,0]}