{"input":[[0.04802332818508148,0.002746236277744174,0.30855920910835266,0.07007218897342682,0.08337752521038055,0.004013394471257925,0.020096953958272934,0.12553532421588898,0.3375757932662964],[0.00396782485768199,0.00019580541993491352,0.6317925453186035,0.16826766729354858,0.13417981564998627,0.0003139943873975426,0.0013697798131033778,0.03258604183793068,0.02732662670314312],[0.08475418388843536,0.0025706919841468334,0.13142670691013336,0.22728832066059113,0.1987890750169754,0.0029397602193057537,0.02463453821837902,0.1772126406431198,0.15038412809371948],[0.18291892111301422,0.0002843268448486924,0.05187450721859932,0.009345568716526031,0.0340583473443985,0.00034506857628002763,0.0023269085213541985,0.6203732490539551,0.09847306460142136]],"label":[0,0,0,0,1,0,0,0,0]}