{"input":[[0.01045840885490179,0.015928534790873528,0.008494148962199688,0.6042186617851257,0.02914096973836422,0.04637300595641136,0.20536592602729797,0.011316969990730286,0.06870339810848236],[0.0134043600410223,0.021469710394740105,0.04028486832976341,0.6482886075973511,0.03085198439657688,0.04058022424578667,0.059478338807821274,0.03938567638397217,0.10625625401735306],[0.010776922106742859,0.04944115877151489,0.010659943334758282,0.4513303339481354,0.027809232473373413,0.054132964462041855,0.2861635088920593,0.008717535063624382,0.1009683683514595],[0.006640571169555187,0.024305250495672226,0.015198366716504097,0.512650191783905,0.030963830649852753,0.05490794777870178,0.1584474742412567,0.035839423537254333,0.16104698181152344]],"label":[0,0,0,1,0,0,0,0,0]}