{"input":[[0.2643958032131195,0.020865220576524734,0.24831698834896088,0.019164564087986946,0.008062559179961681,0.008772064000368118,0.32924532890319824,0.06964294612407684,0.0315345823764801],[0.831611692905426,0.012866031378507614,0.05362528935074806,0.018212629482150078,0.003105604089796543,0.0029511619359254837,0.05862787738442421,0.013207498006522655,0.005792064126580954],[0.5927151441574097,0.025252582505345345,0.08510395884513855,0.02398446388542652,0.008836367167532444,0.011988932266831398,0.1486150622367859,0.04498318210244179,0.05852031707763672],[0.5952054858207703,0.020404083654284477,0.03071867674589157,0.005906820297241211,0.005142171401530504,0.014914791099727154,0.29829153418540955,0.0094525758177042,0.019963840022683144]],"label":[1,0,0,0,0,0,0,0,0]}