{"input":[[0.04055101424455643,0.09320644289255142,0.0863991305232048,0.010643268935382366,0.014865806326270103,0.022657830268144608,0.17679376900196075,0.5230345726013184,0.031848158687353134],[0.031145844608545303,0.011033277958631516,0.3738142251968384,0.03413127735257149,0.01236721407622099,0.06588609516620636,0.11872731894254684,0.2691233158111572,0.08377134054899216],[0.0758136585354805,0.08346564322710037,0.20472875237464905,0.006189518608152866,0.011968455277383327,0.06353107839822769,0.16792316734790802,0.34302079677581787,0.043358881026506424],[0.06071801483631134,0.05188304930925369,0.13906529545783997,0.022393912076950073,0.04746956378221512,0.0875655934214592,0.09985657781362534,0.4162585735321045,0.07478940486907959]],"label":[0,0,1,0,0,0,0,0,0]}