{"input":[[0.024597370997071266,0.0008886476862244308,0.19896447658538818,0.5953647494316101,0.07013499736785889,0.0015861124265938997,0.08543822914361954,0.005681795999407768,0.017343569546937943],[0.011939862743020058,0.0011273896088823676,0.45052868127822876,0.28208333253860474,0.21094922721385956,0.0012312878388911486,0.017426807433366776,0.014850686304271221,0.009862673468887806],[0.060529664158821106,0.0032762212213128805,0.7302737832069397,0.07268168032169342,0.06550582498311996,0.0017673044931143522,0.012264174409210682,0.029029622673988342,0.02467166632413864],[0.11276020854711533,0.01821111887693405,0.27184611558914185,0.09392920881509781,0.020925667136907578,0.024265436455607414,0.04423918575048447,0.20078153908252716,0.21304157376289368]],"label":[0,0,0,0,1,0,0,0,0]}