{"input":[[0.3985385000705719,0.011193511076271534,0.09325510263442993,0.23288044333457947,0.04009826108813286,0.0029263379983603954,0.01742386631667614,0.030818672850728035,0.17286533117294312],[0.16526883840560913,0.0027707426343113184,0.11885654926300049,0.21277353167533875,0.22555126249790192,0.0008355511236004531,0.05349738523364067,0.009096593596041203,0.21134959161281586],[0.1742851436138153,0.00994026381522417,0.2637443542480469,0.09754502028226852,0.13895422220230103,0.016957510262727737,0.236172616481781,0.034825507551431656,0.027575239539146423],[0.11473692208528519,0.013141674920916557,0.2813313901424408,0.21779915690422058,0.10789208114147186,0.011690102517604828,0.05719190835952759,0.16769495606422424,0.02852189913392067]],"label":[0,0,0,0,0,0,0,0,1]}