{"input":[[0.013763880357146263,0.010851682163774967,0.05930076166987419,0.33117565512657166,0.13736429810523987,0.009580074809491634,0.4073687493801117,0.007189103402197361,0.02340574935078621],[0.029655154794454575,0.03902307152748108,0.056294649839401245,0.26598456501960754,0.07979381084442139,0.04317647963762283,0.2672925293445587,0.07746957987546921,0.1413101702928543],[0.005266846157610416,0.001999419182538986,0.008380905725061893,0.83616703748703,0.014276529662311077,0.0027642694767564535,0.10053989291191101,0.005761818028986454,0.02484329603612423],[0.0155599070712924,0.007249863818287849,0.007049673702567816,0.6471233367919922,0.011052013374865055,0.006796452682465315,0.28774091601371765,0.0017461060779169202,0.01568172685801983]],"label":[0,0,0,1,0,0,0,0,0]}