{"input":[[0.16057486832141876,0.018444828689098358,0.31948548555374146,0.05528584122657776,0.07346923649311066,0.014419939368963242,0.058107852935791016,0.1789686679840088,0.12124323099851608],[0.06489583849906921,0.04077446833252907,0.5510674715042114,0.04135945066809654,0.09516377747058868,0.03778944909572601,0.05603230372071266,0.040329672396183014,0.07258754223585129],[0.12444767355918884,0.046297430992126465,0.464726060628891,0.03548356145620346,0.022543897852301598,0.04828977584838867,0.23692934215068817,0.007105927914381027,0.01417636964470148],[0.26541244983673096,0.04250781610608101,0.39196574687957764,0.047102417796850204,0.01468067429959774,0.05201535299420357,0.07164067775011063,0.08767437189817429,0.027000514790415764]],"label":[0,0,1,0,0,0,0,0,0]}