{"input":[[0.06847032904624939,0.09273986518383026,0.029058784246444702,0.23618604242801666,0.01582995615899563,0.06475094705820084,0.17984871566295624,0.22384420037269592,0.08927109092473984],[0.012077409774065018,0.029703965410590172,0.013793769292533398,0.4741787910461426,0.033890996128320694,0.070215605199337,0.32778075337409973,0.02537381835281849,0.0129848662763834],[0.044281862676143646,0.03657592087984085,0.024073835462331772,0.07981061190366745,0.020690761506557465,0.036634936928749084,0.6357112526893616,0.08863998204469681,0.03358084335923195],[0.025720281526446342,0.05544869601726532,0.03518718481063843,0.027401944622397423,0.04343573749065399,0.028966128826141357,0.7067579030990601,0.04184221103787422,0.035239849239587784]],"label":[0,0,0,0,0,0,1,0,0]}