{"input":[[0.022535594180226326,0.012351254001259804,0.023931056261062622,0.56870436668396,0.044642869383096695,0.017640935257077217,0.21689379215240479,0.04275289177894592,0.050547271966934204],[0.0039198934100568295,0.01318358164280653,0.04003142565488815,0.6035600304603577,0.052785612642765045,0.011458367109298706,0.258059561252594,0.0031489150132983923,0.013852630741894245],[0.036334581673145294,0.04205759987235069,0.008552078157663345,0.19086575508117676,0.002633631695061922,0.033967986702919006,0.668514609336853,0.0005700724432244897,0.016503673046827316],[0.021021444350481033,0.044154804199934006,0.06559789180755615,0.16815611720085144,0.033442411571741104,0.013388332910835743,0.647240161895752,0.0037253298796713352,0.003273529000580311]],"label":[0,0,0,1,0,0,0,0,0]}