{"input":[[0.9192426800727844,9.707946446724236e-05,0.008662795647978783,1.5140051345952088e-06,5.057989983470179e-05,2.1932692106929608e-05,0.00020041495736222714,0.0716048926115036,0.00011805238318629563],[0.9164026975631714,0.008553081192076206,0.01567036658525467,0.00022309301130007952,0.00029146249289624393,0.0030450988560914993,0.04855768755078316,0.00589420972391963,0.0013622940750792623],[0.8648080229759216,0.001025864272378385,0.02231929451227188,6.802029020036571e-06,0.0003392231301404536,0.00024422258138656616,0.0013411545660346746,0.10967441648244858,0.00024100950395222753],[0.772973895072937,0.0036955317482352257,0.0851055383682251,8.713320312381256e-06,0.00018872851796913892,0.0017502056434750557,0.02042144350707531,0.09656490385532379,0.019291047006845474]],"label":[1,0,0,0,0,0,0,0,0]}