{"input":[[0.041951391845941544,0.005253006238490343,0.045824918895959854,0.7787495255470276,0.03921901434659958,0.008155249059200287,0.05264534801244736,0.01033715158700943,0.01786438561975956],[0.04596421495079994,0.018961476162075996,0.17168454825878143,0.4938134253025055,0.03613750636577606,0.012154096737504005,0.10363664478063583,0.047299180179834366,0.07034891843795776],[0.12749360501766205,0.18886719644069672,0.06395597010850906,0.03011876717209816,0.0044225845485925674,0.0739976242184639,0.30602964758872986,0.12517710030078888,0.07993746548891068],[0.015490857884287834,0.5267547369003296,0.048372428864240646,0.03930111601948738,0.012570220045745373,0.018351009115576744,0.2991083562374115,0.029315533116459846,0.010735822841525078]],"label":[0,0,0,0,0,0,0,0,1]}