{"input":[[0.02913711965084076,0.016202617436647415,0.46460840106010437,0.11031195521354675,0.2400570958852768,0.004631011746823788,0.015006516128778458,0.037763867527246475,0.08228152990341187],[0.016091851517558098,0.0020686292555183172,0.47341734170913696,0.06260623037815094,0.29178303480148315,0.0002773322630673647,0.0022746785543859005,0.06418476998806,0.08729604631662369],[0.11685799807310104,0.007396574132144451,0.17347073554992676,0.38466134667396545,0.0789957046508789,0.0027976944111287594,0.022109422832727432,0.13918285071849823,0.07452768832445145],[0.03214441239833832,0.0016846265643835068,0.03141921013593674,0.6844331622123718,0.14532704651355743,0.0033564441837370396,0.027514204382896423,0.0081132547929883,0.06600771099328995]],"label":[0,0,0,1,0,0,0,0,0]}