{"input":[[0.1411788910627365,0.06740569323301315,0.21002784371376038,0.11342745274305344,0.046704910695552826,0.039093293249607086,0.17922477424144745,0.043557506054639816,0.15937957167625427],[0.11167289316654205,0.13761524856090546,0.12753349542617798,0.062474075704813004,0.08533275872468948,0.055410031229257584,0.25879478454589844,0.039901044219732285,0.12126569449901581],[0.3818838596343994,0.015756186097860336,0.13563001155853271,0.015063325874507427,0.013833124190568924,0.005395032465457916,0.18885108828544617,0.10504822432994843,0.1385391801595688],[0.2544441819190979,0.03153892606496811,0.15004606544971466,0.05285416916012764,0.1464441865682602,0.01794770173728466,0.20771178603172302,0.05352085828781128,0.08549216389656067]],"label":[0,0,1,0,0,0,0,0,0]}