{"input":[[0.04065839573740959,0.01855694316327572,0.15412135422229767,0.2861262559890747,0.07801853120326996,0.017330234870314598,0.12617450952529907,0.17034605145454407,0.10866772383451462],[0.06271932274103165,0.003935667220503092,0.6060157418251038,0.01520046778023243,0.041872020810842514,0.0046629528515040874,0.012207538820803165,0.130404993891716,0.12298121303319931],[0.06602324545383453,0.03376305475831032,0.06076205149292946,0.28098586201667786,0.011476607993245125,0.016970112919807434,0.14055511355400085,0.08000428974628448,0.3094596266746521],[0.0526764877140522,0.11484479904174805,0.05044025927782059,0.006759914103895426,0.008464071899652481,0.020888106897473335,0.19295673072338104,0.521620512008667,0.03134918957948685]],"label":[0,0,0,0,0,0,0,0,1]}