{"input":[[0.014212513342499733,0.6564682126045227,0.08513395488262177,0.0017362982034683228,0.009753492660820484,0.11541282385587692,0.043057091534137726,0.06104373186826706,0.01318192295730114],[0.040480904281139374,0.5925356149673462,0.041427306830883026,0.0034679349046200514,0.008772716857492924,0.1619521826505661,0.09620600193738937,0.02437267266213894,0.03078463487327099],[0.2656797468662262,0.06425423920154572,0.002500204835087061,0.0027647733222693205,0.0013473407598212361,0.17525215446949005,0.4749806225299835,0.0038079095538705587,0.009412980638444424],[0.015180542133748531,0.10826657712459564,0.037761032581329346,0.0031321831047534943,0.003306257538497448,0.05078187584877014,0.712736189365387,0.02218688279390335,0.046648457646369934]],"label":[0,0,0,0,0,0,1,0,0]}