{"input":[[0.029928267002105713,0.017262926325201988,0.02041291445493698,0.40540605783462524,0.03182223439216614,0.019891873002052307,0.34070464968681335,0.03899233415722847,0.09557879716157913],[0.03884497284889221,0.04384741932153702,0.02311054989695549,0.28150537610054016,0.022881431505084038,0.030823396518826485,0.420762300491333,0.03164396062493324,0.10658062994480133],[0.012950425036251545,0.011208155192434788,0.03748253360390663,0.6007554531097412,0.021404877305030823,0.023881563916802406,0.10138363391160965,0.11578406393527985,0.07514932006597519],[0.009650995954871178,0.009364983066916466,0.028563886880874634,0.7013888359069824,0.011169255711138248,0.016544457525014877,0.09040913730859756,0.06764451414346695,0.06526393443346024]],"label":[0,0,0,1,0,0,0,0,0]}