{"input":[[0.0518697053194046,0.001077098771929741,0.9095288515090942,8.925625479605515e-06,0.00031594597385264933,2.499766014807392e-05,0.0004480393836274743,0.03551997244358063,0.001206501736305654],[0.6381459832191467,0.00909948255866766,0.29309073090553284,0.00020944162679370493,0.0005099145928397775,0.0003735062782652676,0.001956542255356908,0.05121951922774315,0.005394880659878254],[0.8105219602584839,0.001635878230445087,0.16035278141498566,0.0004270013887435198,0.0018822865094989538,0.0016171566676348448,0.006633317098021507,0.011287817731499672,0.005641820840537548],[0.6776742339134216,0.0002709859109017998,0.3172161877155304,0.0002226976357633248,0.0012815712252631783,4.37072230852209e-05,0.0013724459568038583,0.0013482379727065563,0.0005699270404875278]],"label":[1,0,0,0,0,0,0,0,0]}