{"input":[[0.01972382329404354,0.02809486910700798,0.0043322923593223095,0.07661738246679306,0.001921553979627788,0.03210968151688576,0.774632453918457,0.05152564495801926,0.011042294092476368],[0.025160346180200577,0.01776169426739216,0.021348295733332634,0.7441918253898621,0.035135749727487564,0.009372648783028126,0.0899331197142601,0.021183842793107033,0.03591245785355568],[0.04226778447628021,0.011384793557226658,0.0202897097915411,0.6078711152076721,0.016991302371025085,0.007116917986422777,0.1617138534784317,0.11244138330221176,0.019923141226172447],[0.43199554085731506,0.018718786537647247,0.013480495661497116,0.037887707352638245,0.008743545971810818,0.03023219294846058,0.084227554500103,0.36525002121925354,0.009464175440371037]],"label":[0,0,0,0,0,0,1,0,0]}