{"input":[[0.3311435282230377,0.15656296908855438,0.0576188787817955,0.030810091644525528,0.024578697979450226,0.07387931644916534,0.2889472246170044,0.027976306155323982,0.008483045734465122],[0.03669239580631256,0.5866044759750366,0.009908519685268402,0.010331405326724052,0.0027564868796616793,0.18283624947071075,0.16217553615570068,0.005416065454483032,0.0032788345124572515],[0.02473377250134945,0.10309513658285141,0.0006529274978674948,0.0011088561732321978,0.0006839131237939,0.05614500865340233,0.8012802600860596,0.010832032188773155,0.0014680834719911218],[0.010592118836939335,0.4431551694869995,0.0010706778848543763,0.0036022320855408907,0.000680062104947865,0.172744482755661,0.35774508118629456,0.002186609897762537,0.008223563432693481]],"label":[0,0,0,0,0,0,1,0,0]}