{"input":[[0.10957705229520798,0.030607957392930984,0.2172134965658188,0.10029468685388565,0.020789602771401405,0.015613976866006851,0.28186267614364624,0.15581311285495758,0.06822743266820908],[0.28334882855415344,0.02062939666211605,0.16320562362670898,0.11938869953155518,0.011679939925670624,0.013173012994229794,0.22790315747261047,0.08316194266080856,0.07750941812992096],[0.055463701486587524,0.0023220768198370934,0.06558860093355179,0.044286858290433884,0.013988879509270191,0.0188782699406147,0.06306418776512146,0.6376276016235352,0.09877988696098328],[0.054512444883584976,0.020413927733898163,0.11969847232103348,0.4183342754840851,0.04939297214150429,0.016911126673221588,0.14103591442108154,0.06718737632036209,0.11251351237297058]],"label":[0,0,0,0,0,0,0,1,0]}