{"input":[[0.7760167121887207,0.001959399087354541,0.043296974152326584,0.013723119162023067,0.045346904546022415,0.003959912806749344,0.007795489858835936,0.045029569417238235,0.06287197768688202],[0.01841793954372406,0.01727708987891674,0.1824478954076767,0.5933639407157898,0.10236742347478867,0.0033899545669555664,0.03955567628145218,0.025507306680083275,0.017672758549451828],[0.46986809372901917,0.0020371214486658573,0.12027904391288757,0.0023262060713022947,0.011691736057400703,0.001775879762135446,0.014044695533812046,0.3573872745037079,0.020589889958500862],[0.2597161531448364,0.001036635716445744,0.5078863501548767,0.0036532788071781397,0.08181018382310867,0.0016918103210628033,0.013043639250099659,0.10913065075874329,0.022031283006072044]],"label":[1,0,0,0,0,0,0,0,0]}