{"input":[[0.013427665457129478,0.0032110002357512712,0.04337989166378975,0.7014126777648926,0.08103571087121964,0.0034374804235994816,0.09267481416463852,0.005785408895462751,0.05563533678650856],[0.06449434161186218,0.008004093542695045,0.0879722461104393,0.5359405279159546,0.05459248274564743,0.007064109668135643,0.12963154911994934,0.01929728128015995,0.09300342202186584],[0.014044400304555893,0.006302461959421635,0.019536076113581657,0.6509460210800171,0.047410160303115845,0.005712918471544981,0.10146289318799973,0.00888257846236229,0.14570248126983643],[0.01916465535759926,0.003195743774995208,0.011728571727871895,0.6733042001724243,0.10945337265729904,0.005558708682656288,0.10395530611276627,0.018046949058771133,0.05559248477220535]],"label":[0,0,0,0,0,0,0,0,1]}