{"input":[[0.09854451566934586,0.20126746594905853,0.04581743851304054,0.08780224621295929,0.030829139053821564,0.1495858132839203,0.26119300723075867,0.07037083059549332,0.05458955466747284],[0.005569762084633112,0.03512343391776085,0.0045432415790855885,0.00047152308980003,0.0002587556664366275,0.08292946219444275,0.8666175603866577,0.0016879031900316477,0.0027983668260276318],[0.10010767728090286,0.0719490721821785,0.0735703781247139,0.06634441018104553,0.020089998841285706,0.016375046223402023,0.5618626475334167,0.05344501510262489,0.03625568002462387],[0.09345849603414536,0.12843817472457886,0.17208196222782135,0.04339634254574776,0.03802531585097313,0.03758411854505539,0.17378735542297363,0.2578907012939453,0.055337511003017426]],"label":[0,0,0,0,0,0,1,0,0]}