{"input":[[0.023776020854711533,0.44869333505630493,0.02524648606777191,0.04080482944846153,0.006507210433483124,0.17843633890151978,0.2127920538187027,0.03670026734471321,0.02704344131052494],[0.004787372890859842,0.3177470564842224,0.0010037984466180205,0.0057143052108585835,0.0014319454785436392,0.149917870759964,0.5107271671295166,0.0013871620176360011,0.00728332856670022],[0.007362389471381903,0.2354058027267456,0.10794874280691147,0.010284323245286942,0.021273599937558174,0.12941719591617584,0.05155646800994873,0.15473410487174988,0.2820172905921936],[0.10756843537092209,0.12109619379043579,0.03818928077816963,0.04468715563416481,0.0033783279359340668,0.4091849625110626,0.1985320746898651,0.017049355432391167,0.06031424179673195]],"label":[0,0,0,0,0,0,1,0,0]}