{"input":[[0.1096135601401329,0.0018544512568041682,0.048621732741594315,0.649929404258728,0.061492353677749634,0.01042595412582159,0.030122824013233185,0.006069981958717108,0.08186963200569153],[0.04046398028731346,0.003181392326951027,0.1283489167690277,0.16037657856941223,0.05929582938551903,0.0026697975117713213,0.009378268383443356,0.23469287157058716,0.3615924119949341],[0.012794635258615017,0.009052189998328686,0.39338424801826477,0.33542507886886597,0.02992856502532959,0.003148231655359268,0.014523718506097794,0.00476711243391037,0.1969761997461319],[0.02510870434343815,0.010178159922361374,0.10541294515132904,0.4174562394618988,0.14944781363010406,0.0192621611058712,0.1301434189081192,0.06394688785076141,0.07904363423585892]],"label":[0,0,1,0,0,0,0,0,0]}