{"input":[[0.17381501197814941,0.014607515186071396,0.5701503753662109,0.00860865879803896,0.012078129686415195,0.019407154992222786,0.08761809766292572,0.09236760437488556,0.0213474053889513],[0.033046137541532516,0.056909531354904175,0.25244900584220886,0.069575235247612,0.24683921039104462,0.08272120356559753,0.06883683055639267,0.17781324684619904,0.011809534393250942],[0.18461833894252777,0.03411265090107918,0.32080191373825073,0.18371567130088806,0.03952224180102348,0.053604159504175186,0.07942263036966324,0.09037299454212189,0.013829484581947327],[0.05593860521912575,0.006829052232205868,0.13361941277980804,0.6211147308349609,0.037638109177351,0.01389767974615097,0.033275604248046875,0.0451202392578125,0.05256654694676399]],"label":[0,0,0,0,0,0,1,0,0]}