{"input":[[0.047762058675289154,0.0009916932322084904,0.6732450127601624,0.06135513260960579,0.1310466080904007,0.003167836694046855,0.034459438174963,0.030971191823482513,0.017001092433929443],[0.0027390241157263517,1.0926815775746945e-05,0.8964246511459351,0.00024323147954419255,0.06681496649980545,1.4903016563039273e-05,0.00034036312717944384,0.02796129509806633,0.00545071205124259],[0.006474526599049568,8.549855556339025e-05,0.26408258080482483,0.0001753341348376125,0.005557198077440262,1.3477576430886984e-05,0.00010417857265565544,0.718518078327179,0.0049891420640051365],[0.014573667198419571,0.009432273916900158,0.45518168807029724,0.0006058478611521423,0.008582071401178837,0.002508614445105195,0.010166630148887634,0.48620209097862244,0.012747031636536121]],"label":[0,0,1,0,0,0,0,0,0]}