{"input":[[0.06936812400817871,0.003293008077889681,0.04557153955101967,0.7383407354354858,0.03579351678490639,0.005085780750960112,0.030635137110948563,0.014249306172132492,0.05766287073493004],[0.27820977568626404,0.0002614140685182065,0.012459961697459221,0.6256676316261292,0.057495031505823135,0.0006129441317170858,0.008956161327660084,0.000989254331216216,0.01534785982221365],[0.4930511713027954,0.034933820366859436,0.020445961505174637,0.020859425887465477,0.04459473863244057,0.025788869708776474,0.32300204038619995,0.008600608445703983,0.028723394498229027],[0.2531895041465759,0.00898149237036705,0.10824985057115555,0.06754713505506516,0.22129446268081665,0.018030056729912758,0.1365368366241455,0.1298142969608307,0.05635639652609825]],"label":[1,0,0,0,0,0,0,0,0]}