{"input":[[0.015585933811962605,0.015004142187535763,0.03514992445707321,0.6930363774299622,0.018562057986855507,0.009513412602245808,0.17674794793128967,0.01164328958839178,0.024756958708167076],[0.01602049544453621,0.05076964944601059,0.017566470429301262,0.4827934801578522,0.009976157918572426,0.058831147849559784,0.283293217420578,0.036828845739364624,0.04392057657241821],[0.0194562878459692,0.012080732733011246,0.004370057489722967,0.3444918692111969,0.112242691218853,0.022013096138834953,0.2355249673128128,0.218994602560997,0.030825763940811157],[0.02181435003876686,0.003373371670022607,0.016949627548456192,0.7276554107666016,0.06315538287162781,0.011986428871750832,0.11296207457780838,0.019135940819978714,0.022967394441366196]],"label":[0,0,0,1,0,0,0,0,0]}