{"input":[[0.3578443229198456,0.05245259404182434,0.013822180218994617,0.04357515275478363,0.006627730559557676,0.11391337215900421,0.3681938648223877,0.00901714339852333,0.03455375134944916],[0.05277082324028015,0.2995705008506775,0.05318458378314972,0.0932251363992691,0.018074482679367065,0.1333288699388504,0.19147889316082,0.10741537809371948,0.05095129832625389],[0.006864756811410189,0.38907110691070557,0.032261788845062256,0.05010112002491951,0.008767334744334221,0.20265813171863556,0.26766958832740784,0.004044119268655777,0.0385621003806591],[0.03560230880975723,0.12499332427978516,0.02041550911962986,0.39115121960639954,0.028100349009037018,0.08170782774686813,0.2798680365085602,0.004181637894362211,0.033979933708906174]],"label":[0,0,0,1,0,0,0,0,0]}