{"input":[[0.17562222480773926,0.27381667494773865,0.02862492948770523,0.0033453023061156273,0.0021819197572767735,0.40504196286201477,0.06276319921016693,0.019685544073581696,0.028918150812387466],[0.009011581540107727,0.22623273730278015,0.05676490068435669,0.05251786485314369,0.006311367265880108,0.058839086443185806,0.45146623253822327,0.048743728548288345,0.09011250734329224],[0.057951420545578,0.34381964802742004,0.05530456453561783,0.04130818694829941,0.010017471387982368,0.2093254178762436,0.19465507566928864,0.051731791347265244,0.03588645160198212],[0.030991563573479652,0.5664328932762146,0.03479808568954468,0.10497023910284042,0.010269537568092346,0.03165080398321152,0.028058413416147232,0.18149234354496002,0.01133604533970356]],"label":[0,1,0,0,0,0,0,0,0]}