{"input":[[0.006384877022355795,0.5510119199752808,0.00020575588860083371,0.00011329355038469657,9.956083522411063e-05,0.36369600892066956,0.07083333283662796,0.0008975639357231557,0.006757729221135378],[9.634130037738942e-06,0.9608967304229736,3.6613025713450043e-06,4.790399998455541e-06,1.5717224641775829e-06,0.02280690148472786,0.015815529972314835,9.788132047106046e-06,0.000451479951152578],[0.004294464364647865,0.5053672790527344,0.014569923281669617,0.002906830282881856,0.09365492314100266,0.2153395116329193,0.12480977177619934,0.0006418770644813776,0.03841547295451164],[0.008161567151546478,0.33046263456344604,0.0010595214553177357,0.001932965125888586,0.000990799511782825,0.24239861965179443,0.4053918421268463,0.0037658405490219593,0.00583618925884366]],"label":[0,1,0,0,0,0,0,0,0]}