{"input":[[0.0384933166205883,0.0021574324928224087,0.04782068356871605,0.6602358222007751,0.08185224235057831,0.002808802528306842,0.14197999238967896,0.014387302100658417,0.010264383628964424],[0.0005426006973721087,0.00014764303341507912,0.0014872881583869457,0.9630110859870911,0.021643124520778656,0.0011642621830105782,0.010708699934184551,0.0005394556210376322,0.0007559043006040156],[0.0012518567964434624,1.5511292076553218e-05,0.0057077668607234955,0.9031400680541992,0.08466670662164688,1.5339532183133997e-05,0.00396458525210619,0.0004974029725417495,0.0007407371303997934],[0.00026611710200086236,2.666565887921024e-05,0.0023290663957595825,0.8013132214546204,0.179961696267128,7.210006879176944e-05,0.011811191216111183,0.0009547367808409035,0.003265219973400235]],"label":[0,0,0,1,0,0,0,0,0]}