{"input":[[0.016011981293559074,0.027113482356071472,0.02463563159108162,0.693967342376709,0.030801579356193542,0.02123219706118107,0.12402918189764023,0.028049102053046227,0.034159399569034576],[0.02648206613957882,0.03281743824481964,0.02016664296388626,0.3790654242038727,0.00773961003869772,0.0671665221452713,0.3929080069065094,0.04555781930685043,0.02809642255306244],[0.007736219093203545,0.011470962315797806,0.02930757775902748,0.5922994613647461,0.27840906381607056,0.0021797462832182646,0.061474014073610306,0.010468512773513794,0.0066544958390295506],[0.02098121866583824,0.009280205704271793,0.02317344956099987,0.2664055824279785,0.27058157324790955,0.0014040254754945636,0.3924162685871124,0.005317565985023975,0.010440192185342312]],"label":[0,0,0,1,0,0,0,0,0]}