{"input":[[0.0572655163705349,0.007356202695518732,0.2230873554944992,0.30374735593795776,0.03449951112270355,0.026371588930487633,0.28571999073028564,0.0034084534272551537,0.05854420363903046],[0.07864566147327423,0.03322478383779526,0.04853704199194908,0.16723400354385376,0.2567863464355469,0.020703531801700592,0.24794161319732666,0.0886797085404396,0.058247268199920654],[0.07499703019857407,0.011147378012537956,0.22441568970680237,0.13068561255931854,0.031155357137322426,0.013685296289622784,0.31975647807121277,0.010067282244563103,0.18408988416194916],[0.00839296355843544,0.001516420510597527,0.19680748879909515,0.39954885840415955,0.19372022151947021,0.003621721873059869,0.09420407563447952,0.010476501658558846,0.09171176701784134]],"label":[0,0,0,0,1,0,0,0,0]}