{"input":[[0.13797101378440857,0.02145526558160782,0.31909072399139404,0.13716073334217072,0.05689087510108948,0.018184106796979904,0.08790211379528046,0.16565021872520447,0.05569494888186455],[0.22680683434009552,0.07927045971155167,0.03917255252599716,0.06385301053524017,0.03537765517830849,0.02381027676165104,0.3704049289226532,0.15173524618148804,0.009568980894982815],[0.017688997089862823,0.00401660893112421,0.0712415874004364,0.04144381359219551,0.03866007179021835,0.0008983860025182366,0.03829092159867287,0.773358166217804,0.014401399530470371],[0.09873755276203156,0.0029249833896756172,0.03584351763129234,0.05255763605237007,0.012843291275203228,0.0035585761070251465,0.03377499431371689,0.6936246752738953,0.06613484770059586]],"label":[0,0,0,0,0,0,0,1,0]}