{"input":[[0.2884541451931,0.003096009371802211,0.1865113377571106,0.020702727138996124,0.2739713490009308,0.0037184685934334993,0.015428654849529266,0.15161222219467163,0.056505076587200165],[0.8173877000808716,0.0050332979299128056,0.16659137606620789,0.0021206350065767765,0.001524462946690619,0.00039497273974120617,0.004470491781830788,0.0021245640236884356,0.0003525011707097292],[0.972311794757843,1.5391333363368176e-05,0.0011894555063918233,0.0003292604524176568,0.0005224040360189974,7.660782284801826e-05,3.589327752706595e-05,0.025222305208444595,0.00029678846476599574],[0.6368679404258728,0.0002446855651214719,0.02329305186867714,5.17990265507251e-05,0.00123295106459409,0.001146098249591887,0.0021100419107824564,0.31639915704727173,0.01865430921316147]],"label":[1,0,0,0,0,0,0,0,0]}