{"input":[[0.0120870191603899,0.05043553560972214,0.007685292512178421,0.19624657928943634,0.009330171160399914,0.02129236049950123,0.6074428558349609,0.08213740587234497,0.013342739082872868],[0.014699866995215416,0.03140971437096596,0.11971554905176163,0.37182870507240295,0.035940464586019516,0.04904462769627571,0.15828463435173035,0.13577912747859955,0.08329735696315765],[0.00776253268122673,0.0017167850164696574,0.062369171530008316,0.8199226260185242,0.03879574313759804,0.0007164207636378706,0.059357285499572754,0.0008694495190866292,0.008489998057484627],[0.07246658205986023,0.007865301333367825,0.059390269219875336,0.4541683793067932,0.2841237485408783,0.002517898567020893,0.011667720973491669,0.033448152244091034,0.07435187697410583]],"label":[0,0,0,1,0,0,0,0,0]}