{"input":[[0.003005331614986062,0.004982242826372385,0.0021821153350174427,0.37371546030044556,0.017624882981181145,0.024071916937828064,0.5303590297698975,0.03077392652630806,0.013285125605762005],[0.0064910645596683025,0.014425971545279026,0.012685566209256649,0.49451544880867004,0.05792059004306793,0.04733329266309738,0.16689741611480713,0.07077392190694809,0.12895682454109192],[0.0032650732900947332,0.0036801628302782774,0.012199461460113525,0.4907996356487274,0.015778154134750366,0.007959946058690548,0.4450569748878479,0.004374108277261257,0.016886534169316292],[0.0035714053083211184,0.0049587031826376915,0.0033722121734172106,0.3338618874549866,0.007693017832934856,0.029058825224637985,0.5882347226142883,0.015851642936468124,0.013397612608969212]],"label":[0,0,0,0,0,0,1,0,0]}