{"input":[[0.06146475300192833,0.05778171867132187,0.022328492254018784,0.058681972324848175,0.018439829349517822,0.053031910210847855,0.4634093940258026,0.028685158118605614,0.23617681860923767],[0.0053909048438072205,0.0578954741358757,0.015733806416392326,0.11590391397476196,0.007297870237380266,0.023273849859833717,0.7001858949661255,0.01709941029548645,0.05721884220838547],[0.06709979474544525,0.02156907133758068,0.051634371280670166,0.33119046688079834,0.008557764813303947,0.012763661332428455,0.4338415265083313,0.03422495350241661,0.03911842033267021],[0.03234720230102539,0.005796520505100489,0.009237795136868954,0.5899550318717957,0.014646685682237148,0.011588194407522678,0.2840023934841156,0.0034767864271998405,0.04894937202334404]],"label":[0,0,0,0,0,0,0,0,1]}