{"input":[[0.02609671652317047,0.008595647290349007,0.04185240715742111,0.16453534364700317,0.02257973700761795,0.04743391275405884,0.6238279342651367,0.009053505957126617,0.05602474510669708],[0.0011050747707486153,0.001598180504515767,0.018221836537122726,0.29665324091911316,0.07908108830451965,0.008701931685209274,0.5664226412773132,0.0063726166263222694,0.021843260154128075],[0.013552785851061344,0.07317160815000534,0.43280455470085144,0.10991940647363663,0.19710789620876312,0.015510207042098045,0.11772332340478897,0.004771552048623562,0.035438667982816696],[0.016751321032643318,0.008169790729880333,0.023101774975657463,0.6023064255714417,0.011782676912844181,0.0115554453805089,0.27396079897880554,0.00800736527889967,0.04436441510915756]],"label":[0,0,0,0,1,0,0,0,0]}