{"input":[[0.20517727732658386,0.007348150014877319,0.14665421843528748,0.040591493248939514,0.007977120578289032,0.0045265438966453075,0.10852932184934616,0.4679865539073944,0.011209229938685894],[0.03708560764789581,0.001529366709291935,0.7516409754753113,0.00024922264856286347,0.023227309808135033,0.00010736753756646067,0.002371344482526183,0.18113316595554352,0.002655701246112585],[0.0003695787163451314,2.0091834812774323e-05,0.00013645207218360156,3.98724608885459e-07,1.1735255611711182e-05,2.697074887691997e-05,0.0011552679352462292,0.9976298809051514,0.0006496526766568422],[0.0011325324885547161,0.00022232584888115525,0.011496184393763542,0.00024290299916174263,0.006755267735570669,0.0002473900094628334,0.0031631619203835726,0.9743011593818665,0.0024392290506511927]],"label":[0,0,0,0,0,0,0,1,0]}