{"input":[[0.004852327983826399,0.006733665242791176,0.001407949603162706,0.07471292465925217,0.007387395948171616,0.03653518483042717,0.8566017746925354,0.001495773671194911,0.01027290802448988],[0.07257748395204544,0.029588161036372185,0.03053966350853443,0.44883230328559875,0.03168657794594765,0.017909085378050804,0.2961154580116272,0.027655553072690964,0.0450957790017128],[0.03443123400211334,0.060746945440769196,0.0632285550236702,0.36698246002197266,0.07866298407316208,0.016321608796715736,0.274158775806427,0.01636420376598835,0.08910316973924637],[0.027532197535037994,0.042506035417318344,0.02027047425508499,0.002729865489527583,0.0036821323446929455,0.02978644333779812,0.6712877750396729,0.08055806159973145,0.12164697796106339]],"label":[0,0,0,0,0,0,1,0,0]}