{"input":[[0.0019300252897664905,0.026328636333346367,0.04793950542807579,0.016597723588347435,0.15877285599708557,0.003539451165124774,0.5392487645149231,0.05328221991658211,0.15236082673072815],[0.0049423398450016975,0.029154958203434944,0.09394575655460358,0.03312522545456886,0.2750625014305115,0.07636827975511551,0.464423805475235,0.008382844738662243,0.01459429319947958],[0.095634326338768,0.0469457283616066,0.16083326935768127,0.02007525973021984,0.22019816935062408,0.02320989780128002,0.3582243025302887,0.06495588272809982,0.009923162870109081],[0.0031909227836877108,0.019893798977136612,0.007767919916659594,0.059389691799879074,0.04453781992197037,0.005869212094694376,0.8526896238327026,0.005278678145259619,0.0013822864275425673]],"label":[0,0,0,0,1,0,0,0,0]}