{"input":[[0.06641695648431778,0.1402989625930786,0.08329332619905472,0.27200254797935486,0.07276466488838196,0.07060272991657257,0.18830212950706482,0.04205108806490898,0.0642675831913948],[0.09552662074565887,0.0652177482843399,0.0338033027946949,0.1294199675321579,0.012489156797528267,0.10974537581205368,0.535423755645752,0.008227838203310966,0.010146231390535831],[0.07551934570074081,0.06642398238182068,0.13469727337360382,0.24482236802577972,0.027220355346798897,0.027302823960781097,0.09892096370458603,0.23828542232513428,0.08680751919746399],[0.0925755724310875,0.1091126948595047,0.18607524037361145,0.015027784742414951,0.010226399637758732,0.07916004955768585,0.07166193425655365,0.24553674459457397,0.19062361121177673]],"label":[0,0,0,1,0,0,0,0,0]}