{"input":[[0.039829328656196594,0.008076045662164688,0.013952885754406452,0.5642539262771606,0.02512264996767044,0.005653562489897013,0.26886749267578125,0.003298931522294879,0.07094519585371017],[0.013483832590281963,0.0009700982482172549,0.006598709616810083,0.8459478616714478,0.03697394207119942,0.0018210483249276876,0.07972860336303711,0.0008049801690503955,0.013670888729393482],[0.0039637042209506035,0.0015053960960358381,0.0036484759766608477,0.8493003249168396,0.04811558499932289,0.007471091113984585,0.03299803286790848,0.018903885036706924,0.034093599766492844],[0.035657260566949844,0.011061297729611397,0.015537077561020851,0.5414972305297852,0.08005118370056152,0.02654534950852394,0.12282157689332962,0.037367966026067734,0.1294611096382141]],"label":[0,0,0,1,0,0,0,0,0]}