{"input":[[0.18049058318138123,0.02281550131738186,0.15505066514015198,0.29414698481559753,0.059294670820236206,0.007162083406001329,0.11567585170269012,0.11643511056900024,0.048928506672382355],[0.3164885938167572,0.0070358277298510075,0.3277502655982971,0.07981329411268234,0.07117440551519394,0.0022502371575683355,0.04105215147137642,0.12238233536481857,0.032052796334028244],[0.27074021100997925,0.1031007170677185,0.07719199359416962,0.0222002025693655,0.03166211396455765,0.009140386246144772,0.39802536368370056,0.03408408164978027,0.053854841738939285],[0.22645285725593567,0.04090019315481186,0.0509311817586422,0.01407606527209282,0.02377908118069172,0.007978224195539951,0.5570839047431946,0.035176098346710205,0.04362238943576813]],"label":[0,0,0,0,0,0,1,0,0]}