{"input":[[0.04285178333520889,0.42254331707954407,0.029635556042194366,0.001034672255627811,0.02364332601428032,0.3330567181110382,0.13081872463226318,0.001389145734719932,0.015026774257421494],[0.007218118291348219,0.013586762361228466,0.10734935849905014,0.023945186287164688,0.23606213927268982,0.01329710427671671,0.45061686635017395,0.07448840886354446,0.07343603670597076],[0.00527099659666419,0.5057318806648254,0.1652989387512207,0.020889047533273697,0.006643399130553007,0.07253652811050415,0.18348947167396545,0.022381821647286415,0.01775793358683586],[0.002229844219982624,0.06139358878135681,0.6492589712142944,0.010699461214244366,0.0309325959533453,0.004642606247216463,0.13665547966957092,0.005145384464412928,0.09904207289218903]],"label":[0,1,0,0,0,0,0,0,0]}