{"input":[[0.12764857709407806,0.05183040723204613,0.10474294424057007,0.03910999745130539,0.03220532089471817,0.4246794879436493,0.13564960658550262,0.06978143006563187,0.014352294616401196],[0.025166599079966545,0.008149469271302223,0.28360164165496826,0.003907090052962303,0.040299154818058014,0.126278817653656,0.4761110246181488,0.0172335896641016,0.01925262063741684],[0.19090703129768372,0.03193095698952675,0.04236038401722908,0.0030802255496382713,0.0109562324360013,0.11128558218479156,0.38225260376930237,0.19364076852798462,0.03358627110719681],[0.16581691801548004,0.01518928911536932,0.29526829719543457,0.002797040855512023,0.037878505885601044,0.015247050672769547,0.28255072236061096,0.13194286823272705,0.05330927297472954]],"label":[0,0,0,0,0,0,1,0,0]}