{"input":[[0.06732397526502609,0.0464286282658577,0.3066752851009369,0.016324106603860855,0.04142799973487854,0.01863633468747139,0.43857765197753906,0.049759749323129654,0.014846268109977245],[0.049874771386384964,0.04676380008459091,0.5302156209945679,0.03654695674777031,0.004446589387953281,0.031117260456085205,0.2108769565820694,0.08346118032932281,0.006696873810142279],[0.04375298693776131,0.012466915883123875,0.19230952858924866,0.0017796282190829515,0.008028343319892883,0.0062220715917646885,0.01303172204643488,0.6984013915061951,0.024007409811019897],[0.01902727782726288,0.04242973029613495,0.32466256618499756,0.07680019736289978,0.05288565903902054,0.010810406878590584,0.13606896996498108,0.28644078969955444,0.05087437480688095]],"label":[0,0,0,0,0,0,0,1,0]}