{"input":[[0.0743040144443512,0.051294270902872086,0.3521777093410492,0.03440452367067337,0.018378738313913345,0.05554911866784096,0.1490446776151657,0.19157014787197113,0.07327680289745331],[0.19765602052211761,0.024071894586086273,0.011864516884088516,0.015008685179054737,0.01592445559799671,0.07736515253782272,0.5122911334037781,0.041095562279224396,0.10472257435321808],[0.5317660570144653,0.03376506641507149,0.16304488480091095,0.0334894172847271,0.019527198746800423,0.0171419195830822,0.05604943260550499,0.03341270610690117,0.11180329322814941],[0.49868130683898926,0.09624458849430084,0.03854389116168022,0.023723619058728218,0.02774057537317276,0.036891207098960876,0.1008235290646553,0.06105037033557892,0.11630090326070786]],"label":[0,0,0,0,0,0,0,0,1]}