{"input":[[0.02748163416981697,0.004035693593323231,0.15873534977436066,0.5055971741676331,0.14623451232910156,0.00045707946992479265,0.006451157853007317,0.024678314104676247,0.12632904946804047],[0.12887169420719147,0.0013458381872624159,0.13533666729927063,0.30058661103248596,0.23469039797782898,0.0007635090150870383,0.011308775283396244,0.028074486181139946,0.15902204811573029],[0.0923195630311966,0.0008157360716722906,0.2571149468421936,0.12709496915340424,0.27451688051223755,0.0003073458792641759,0.004233709070831537,0.055214185267686844,0.18838262557983398],[0.03139294683933258,0.00045202174806036055,0.4415143132209778,0.06292343139648438,0.2608848512172699,0.0004388684465084225,0.01437423937022686,0.01698603667318821,0.1710333526134491]],"label":[0,0,1,0,0,0,0,0,0]}