{"input":[[0.008696974255144596,0.07240740209817886,0.08844899386167526,0.14368759095668793,0.03731979802250862,0.12928520143032074,0.2554071545600891,0.10552665591239929,0.15922021865844727],[0.011174770072102547,0.12031465768814087,0.2950940430164337,0.07227228581905365,0.027091778814792633,0.043830882757902145,0.31149691343307495,0.03549215942621231,0.08323254436254501],[0.07453030347824097,0.0928085669875145,0.17718462646007538,0.08614000678062439,0.03938092663884163,0.05166470259428024,0.26884177327156067,0.06333314627408981,0.1461159735918045],[0.017179084941744804,0.035225871950387955,0.1946154534816742,0.07899719476699829,0.04236970469355583,0.0366835743188858,0.3937252163887024,0.029273023828864098,0.17193090915679932]],"label":[0,0,0,0,0,0,1,0,0]}