{"input":[[0.5912190079689026,0.0027857827953994274,0.05479854717850685,0.02065395936369896,0.003986763767898083,0.011379680596292019,0.16967137157917023,0.13054585456848145,0.014958979561924934],[0.11549953371286392,0.034217022359371185,0.2940627634525299,0.08532547205686569,0.06558015942573547,0.028990861028432846,0.21703319251537323,0.10662752389907837,0.0526634156703949],[0.05849141255021095,0.03999191150069237,0.14100611209869385,0.2907455563545227,0.021626537665724754,0.01981183886528015,0.2523150146007538,0.09161761403083801,0.08439405262470245],[0.15160980820655823,0.0179215669631958,0.21831128001213074,0.24002408981323242,0.05828235298395157,0.025063397362828255,0.12836802005767822,0.10065703839063644,0.05976245924830437]],"label":[1,0,0,0,0,0,0,0,0]}