{"input":[[0.09414029121398926,0.23035886883735657,0.20013420283794403,0.06426975876092911,0.07361729443073273,0.11317288130521774,0.14765910804271698,0.036828409880399704,0.03981919214129448],[0.052408166229724884,0.3094537854194641,0.06007976084947586,0.10179649293422699,0.07576454430818558,0.23732046782970428,0.1279008835554123,0.013655291870236397,0.021620608866214752],[0.07881899178028107,0.23261643946170807,0.15261460840702057,0.0651780217885971,0.03580586984753609,0.16739246249198914,0.07496178150177002,0.16447921097278595,0.02813272550702095],[0.0286099873483181,0.03659440577030182,0.2542670667171478,0.2260950207710266,0.08335582166910172,0.05974724516272545,0.21419937908649445,0.0671350285410881,0.029996121302247047]],"label":[0,0,1,0,0,0,0,0,0]}