{"input":[[0.02155972272157669,0.0024050059728324413,0.23223350942134857,0.002326643094420433,0.015020212158560753,0.013697725720703602,0.09523963183164597,0.44769155979156494,0.16982607543468475],[0.03110119327902794,0.016605600714683533,0.08549308031797409,0.003760975319892168,0.002497910987585783,0.010189075022935867,0.05781283974647522,0.7131220102310181,0.07941733300685883],[0.08510708808898926,0.06242742761969566,0.0034330771304666996,0.0008782296790741384,0.009834219701588154,0.00777167733758688,0.40791329741477966,0.016784150153398514,0.4058508574962616],[0.2567943036556244,0.02604486420750618,0.05130115523934364,0.03149595484137535,0.018127668648958206,0.01907108724117279,0.41893714666366577,0.08709615468978882,0.09113164991140366]],"label":[0,0,0,0,0,0,0,1,0]}