{"input":[[0.04964566230773926,0.11490489542484283,0.030378488823771477,0.06441653519868851,0.005752646364271641,0.04973870888352394,0.6014783978462219,0.035537391901016235,0.04814732447266579],[0.006909316871315241,0.062014684081077576,0.010677383281290531,0.1723640412092209,0.0030498828273266554,0.08568048477172852,0.45354053378105164,0.037236232310533524,0.1685275137424469],[0.03958446532487869,0.10694269090890884,0.028528211638331413,0.09711568057537079,0.013324961997568607,0.03893228620290756,0.5859361290931702,0.06138228997588158,0.028253301978111267],[0.1392524093389511,0.10660838335752487,0.014547907747328281,0.1681729257106781,0.0052232081070542336,0.07276546210050583,0.27089282870292664,0.20384922623634338,0.01868770644068718]],"label":[1,0,0,0,0,0,0,0,0]}