{"input":[[0.16801702976226807,0.003440544940531254,0.5278912782669067,0.003683925373479724,0.02881193906068802,0.0013746788026764989,0.014267023652791977,0.2379819005727768,0.01453165803104639],[0.014588671736419201,0.01871737651526928,0.04955916479229927,0.23004017770290375,0.017673062160611153,0.018862325698137283,0.5502675175666809,0.06360024958848953,0.03669143095612526],[0.015295863151550293,0.001867363229393959,0.18601815402507782,0.14424097537994385,0.3605240285396576,0.01679045706987381,0.1041041761636734,0.033076364547014236,0.1380826234817505],[0.2204073816537857,0.0017484589479863644,0.11201188713312149,0.10025908797979355,0.384514182806015,0.002634554635733366,0.07734198868274689,0.04736445099115372,0.053717970848083496]],"label":[0,0,1,0,0,0,0,0,0]}