{"input":[[0.6286348104476929,0.015924546867609024,0.09075329452753067,0.00025830446975305676,0.0005476940423250198,0.011720381677150726,0.026656245812773705,0.22272464632987976,0.0027801229152828455],[0.27022138237953186,0.01586398296058178,0.3137025833129883,0.004668321460485458,0.0010879628825932741,0.017217308282852173,0.26822027564048767,0.1003994271159172,0.008618754334747791],[0.052014436572790146,0.0010258906986564398,0.01842755824327469,4.3659792936523445e-06,4.87558136228472e-05,0.007423976436257362,0.1644628345966339,0.7548571825027466,0.0017349548870697618],[0.31295403838157654,0.028039593249559402,0.2635231614112854,0.02417892776429653,0.0024103836622089148,0.052576009184122086,0.20121021568775177,0.054584648460149765,0.06052296981215477]],"label":[1,0,0,0,0,0,0,0,0]}