{"input":[[0.5642073750495911,0.004399886820465326,0.23893113434314728,0.053912315517663956,0.11306869238615036,0.0017900812672451138,0.008100065402686596,0.0063308291137218475,0.009259669110178947],[0.3713180720806122,0.021830199286341667,0.2586166560649872,0.08957289159297943,0.06840964406728745,0.008197528310120106,0.1309160739183426,0.007926731370389462,0.04321219399571419],[0.33916300535202026,0.0018932457314804196,0.08700616657733917,0.011642184108495712,0.06360609829425812,0.018699293956160545,0.4353888928890228,0.024068737402558327,0.018532343208789825],[0.32999569177627563,0.011490857228636742,0.13966034352779388,0.0365271121263504,0.021389849483966827,0.02941158227622509,0.4055773615837097,0.015816472470760345,0.01013070810586214]],"label":[0,0,1,0,0,0,0,0,0]}