{"input":[[0.004949360154569149,0.00814717635512352,0.0024875756353139877,0.14295847713947296,0.007024239748716354,0.04567711800336838,0.7694310545921326,0.006324827671051025,0.013000248931348324],[0.022048188373446465,0.07751762121915817,0.02029624953866005,0.24828267097473145,0.025541000068187714,0.031360793858766556,0.2814120650291443,0.03659256175160408,0.256948858499527],[0.011498410254716873,0.4267973005771637,0.07820440828800201,0.04069540277123451,0.010517716407775879,0.11466144025325775,0.215376615524292,0.01968475431203842,0.08256395161151886],[0.0015553206903859973,0.5204033851623535,0.0035343223717063665,0.006108302157372236,0.0024705759715288877,0.03562946617603302,0.41341614723205566,0.0004492088919505477,0.016433242708444595]],"label":[0,0,0,0,0,1,0,0,0]}