{"input":[[0.000672990339808166,0.0008090916671790183,0.10059168189764023,0.5900428891181946,0.12466306239366531,0.0034248593728989363,0.15244293212890625,0.007729560136795044,0.01962290331721306],[0.015677720308303833,0.01055529247969389,0.017842089757323265,0.625031590461731,0.05421590059995651,0.013392246328294277,0.20839831233024597,0.035238366574048996,0.019648505374789238],[0.056768998503685,0.020768944174051285,0.2666041851043701,0.27921104431152344,0.19738855957984924,0.020698044449090958,0.08802670985460281,0.031884126365184784,0.03864927589893341],[0.05354602634906769,0.0148198576644063,0.05028596147894859,0.6542220115661621,0.08440655469894409,0.01517963781952858,0.06737598776817322,0.040083762258291245,0.020080192014575005]],"label":[0,0,0,0,1,0,0,0,0]}