{"input":[[0.007671499624848366,0.006565525196492672,0.00784598384052515,0.7463579773902893,0.026487307623028755,0.007011676672846079,0.17090947926044464,0.005663964431732893,0.02148652821779251],[0.017602525651454926,0.00867561437189579,0.022836387157440186,0.7359882593154907,0.05727406218647957,0.006568713113665581,0.0900166928768158,0.013995484448969364,0.04704238101840019],[0.003948629833757877,0.0032606797758489847,0.004987001419067383,0.627122700214386,0.019407369196414948,0.014098212122917175,0.3148755133152008,0.002478375332430005,0.009821519255638123],[0.00580887496471405,0.004055662080645561,0.005792238283902407,0.8725011348724365,0.012101753614842892,0.006925538647919893,0.08241850882768631,0.00533980131149292,0.00505655026063323]],"label":[0,0,0,0,1,0,0,0,0]}