{"input":[[0.05771568790078163,0.030056128278374672,0.23343436419963837,0.10037125647068024,0.05904616042971611,0.08850765973329544,0.3622446060180664,0.0243191160261631,0.0443049781024456],[0.006961495615541935,0.007318535353988409,0.06551520526409149,0.3154086172580719,0.15768229961395264,0.009339781478047371,0.08995207399129868,0.012300550006330013,0.3355213701725006],[0.012717878445982933,0.02795081026852131,0.2286488264799118,0.5212087631225586,0.08014523983001709,0.018571889027953148,0.06141570582985878,0.006065928377211094,0.04327501356601715],[0.0015438331756740808,0.0026187559124082327,0.0332525260746479,0.7618981599807739,0.10999634861946106,0.014010334387421608,0.04823892191052437,0.0009832713985815644,0.027457769960165024]],"label":[0,0,0,1,0,0,0,0,0]}