{"input":[[0.000659191922750324,0.000448960461653769,0.0017508207820355892,0.9694991111755371,0.00957118533551693,0.0003839125856757164,0.011262399144470692,0.0006710407906211913,0.005753479897975922],[0.0031067326199263334,8.171838999260217e-05,0.00045528620830737054,0.9906647205352783,0.001885529374703765,0.0012638237094506621,0.0008640670566819608,0.00011207298666704446,0.0015659751370549202],[0.009892208501696587,0.0033811854664236307,0.145883709192276,0.6231130957603455,0.08172642439603806,0.0018426039023324847,0.11045143008232117,0.004408925771713257,0.019300302490592003],[0.0034272230695933104,0.007510904222726822,0.06842239946126938,0.5089254975318909,0.02109851874411106,0.0758468508720398,0.16821952164173126,0.018582656979560852,0.12796638906002045]],"label":[0,0,0,1,0,0,0,0,0]}