{"input":[[0.008729235269129276,0.02801346220076084,0.04039376974105835,0.08935215324163437,0.013266723603010178,0.03568416088819504,0.47359809279441833,0.094666987657547,0.21629545092582703],[0.0014276542933657765,0.002844910603016615,0.004120769444853067,0.5160452723503113,0.013075878843665123,0.14473509788513184,0.30333012342453003,0.00610337033867836,0.008316922932863235],[0.016532927751541138,0.017795104533433914,0.09821327775716782,0.33184829354286194,0.008260324597358704,0.01777230016887188,0.3903055489063263,0.056985851377248764,0.0622863844037056],[0.017302796244621277,0.019495511427521706,0.10852578282356262,0.3283267319202423,0.02209838666021824,0.014082812704145908,0.21739530563354492,0.1396961659193039,0.13307645916938782]],"label":[0,0,0,0,0,0,1,0,0]}