{"input":[[0.6182085275650024,0.008720058016479015,0.29987895488739014,0.0008509139879606664,0.002205973956733942,0.0032324783969670534,0.008359230123460293,0.039033714681863785,0.019510148093104362],[0.5698598623275757,0.026935985311865807,0.21420958638191223,0.003544798819348216,0.003698135493323207,0.010423368774354458,0.09296254813671112,0.038932155817747116,0.03943358734250069],[0.23698066174983978,0.04093615338206291,0.13012923300266266,0.014787337742745876,0.01628935895860195,0.05590852349996567,0.23176690936088562,0.18614508211612701,0.08705677092075348],[0.24866005778312683,0.038293760269880295,0.18926210701465607,0.010038616135716438,0.01692652888596058,0.05210402235388756,0.2081182450056076,0.2047669142484665,0.03182968497276306]],"label":[0,0,0,0,1,0,0,0,0]}