{"input":[[0.18619200587272644,0.0013017330784350634,0.11548885703086853,0.049951862543821335,0.17140762507915497,0.008371766656637192,0.4270751178264618,0.026735762134194374,0.01347521971911192],[0.025484567508101463,0.0031395340338349342,0.0472802110016346,0.4748988747596741,0.2955434322357178,0.004453589674085379,0.1227295771241188,0.010960924439132214,0.015509187243878841],[0.33274829387664795,0.053425274789333344,0.417619526386261,0.07281233370304108,0.057683415710926056,0.00377098866738379,0.030413636937737465,0.013130687177181244,0.018395932391285896],[0.1529410183429718,0.06865853071212769,0.29608088731765747,0.07699225097894669,0.15213745832443237,0.01284190732985735,0.18132586777210236,0.023847900331020355,0.035174183547496796]],"label":[0,0,0,1,0,0,0,0,0]}