{"input":[[0.30549508333206177,0.05733055993914604,0.020676324144005775,0.025221403688192368,0.0018400858389213681,0.3788532316684723,0.20124396681785583,0.002746349200606346,0.006592960562556982],[0.025334205478429794,0.2256668657064438,0.06132020801305771,0.11978812515735626,0.02418631874024868,0.06403152644634247,0.362671822309494,0.04193665087223053,0.07506434619426727],[0.25927042961120605,0.139101043343544,0.1735762506723404,0.06097618117928505,0.018925299867987633,0.08932001143693924,0.2277149111032486,0.0177142433822155,0.013401643373072147],[0.0041069104336202145,0.02664327621459961,0.3231351673603058,0.043133821338415146,0.3835487365722656,0.03350420296192169,0.12206767499446869,0.04192647337913513,0.021933825686573982]],"label":[0,0,0,0,0,0,1,0,0]}