{"input":[[0.4202467203140259,0.0017601357540115714,0.5531846880912781,0.0003043616598006338,0.002629182068631053,0.0017543449066579342,0.0035790137480944395,0.014337978325784206,0.002203561132773757],[0.7806190252304077,0.0026424003299325705,0.20322389900684357,0.0003068760852329433,0.0028844636399298906,0.0017625580076128244,0.0043846541084349155,0.0022321464493870735,0.0019438404124230146],[0.29069268703460693,0.003465852001681924,0.32523614168167114,0.00020782777573913336,0.0050510200671851635,0.0011733220890164375,0.00517505407333374,0.3614940643310547,0.0075040096417069435],[0.05796606466174126,0.005776215810328722,0.7210155129432678,0.0005834925686940551,0.012611760757863522,0.0022771963849663734,0.015248643234372139,0.16371312737464905,0.020808085799217224]],"label":[1,0,0,0,0,0,0,0,0]}