{"input":[[0.28652745485305786,0.15505413711071014,0.1584409475326538,0.008762314915657043,0.009810328483581543,0.07200319319963455,0.15508683025836945,0.1411740779876709,0.013140678405761719],[0.070260189473629,0.3599713444709778,0.01221491489559412,0.00481227645650506,0.00990309752523899,0.08422926813364029,0.38768795132637024,0.05258050933480263,0.018340472131967545],[0.22702312469482422,0.054955970495939255,0.20397639274597168,0.0011634276015684009,0.0017771265702322125,0.006131054367870092,0.41267523169517517,0.08799179643392563,0.004305850248783827],[0.22888752818107605,0.1778603345155716,0.17887695133686066,0.010650000534951687,0.014330008998513222,0.01200782973319292,0.3490040600299835,0.02225172147154808,0.006131560076028109]],"label":[0,0,0,0,0,0,1,0,0]}