{"input":[[0.0032886238768696785,0.00037113032885827124,0.0006701246020384133,0.9601052403450012,0.01748465746641159,0.000724732642993331,0.011014916934072971,0.0016399621963500977,0.004700555931776762],[0.0008738235337659717,0.0004995124181732535,0.0011300280457362533,0.9671374559402466,0.007363864220678806,0.0012188430409878492,0.012538982555270195,0.0004783525364473462,0.008759207092225552],[0.013249332085251808,0.0031346154864877462,0.0049506560899317265,0.7570597529411316,0.04482371732592583,0.006750872358679771,0.14386793971061707,0.01570025272667408,0.01046286802738905],[0.0023518058005720377,0.000696170493029058,0.001142163178883493,0.8957170844078064,0.02594432234764099,0.0029629019554704428,0.0439344085752964,0.01633990742266178,0.010911253280937672]],"label":[0,0,0,1,0,0,0,0,0]}