{"input":[[0.8825480341911316,0.02666281908750534,0.03633058816194534,0.0008582889568060637,0.002154436893761158,0.0007945771212689579,0.005704496521502733,0.032075684517621994,0.012871019542217255],[0.4468439817428589,0.01684933342039585,0.04715419560670853,0.002984493039548397,0.005121764726936817,0.003850287292152643,0.03606578707695007,0.1213270053267479,0.31980305910110474],[0.15372158586978912,0.04726608097553253,0.0910625010728836,0.0068985349498689175,0.0580480620265007,0.005293327383697033,0.10971006006002426,0.4748641848564148,0.05313565209507942],[0.19024965167045593,0.03525019437074661,0.030133338645100594,0.0016444483771920204,0.026312390342354774,0.010720767080783844,0.10474759340286255,0.5547077655792236,0.0462338849902153]],"label":[1,0,0,0,0,0,0,0,0]}