{"input":[[0.03364302217960358,0.08443783223628998,0.4546111226081848,0.029585855081677437,0.02369602769613266,0.04681053385138512,0.21340490877628326,0.06442283093929291,0.049387894570827484],[0.02470581978559494,0.002350322902202606,0.8101386427879333,0.0032209097407758236,0.0285330880433321,0.0023889371659606695,0.029562070965766907,0.0876292884349823,0.01147098932415247],[0.006285346578806639,0.01367244590073824,0.10441180318593979,0.5857954621315002,0.15414008498191833,0.01377442479133606,0.09317512065172195,0.008961360901594162,0.01978386752307415],[0.022976228967308998,0.0027806030120700598,0.2033723145723343,0.17129629850387573,0.030584562569856644,0.015101478435099125,0.519271969795227,0.02089957892894745,0.01371692307293415]],"label":[0,0,0,1,0,0,0,0,0]}