{"input":[[0.01673741079866886,0.060508932918310165,0.22612875699996948,0.31420814990997314,0.11114764958620071,0.0066350665874779224,0.16454151272773743,0.03221187740564346,0.06788058578968048],[0.008218619972467422,0.014629974029958248,0.07055205851793289,0.531818687915802,0.116106778383255,0.008360536769032478,0.19207288324832916,0.020437736064195633,0.037802740931510925],[0.004491868428885937,0.012502169236540794,0.06443443149328232,0.6457257866859436,0.06719304621219635,0.006522217765450478,0.14211872220039368,0.0116132702678442,0.0453985370695591],[0.009575787000358105,0.01882011629641056,0.27990543842315674,0.3871590197086334,0.1825917512178421,0.005638883914798498,0.09072791785001755,0.0074537405744194984,0.018127331510186195]],"label":[0,0,0,1,0,0,0,0,0]}