{"input":[[0.022265905514359474,0.516232967376709,0.03692013770341873,0.037424925714731216,0.023419586941599846,0.07074576616287231,0.18733684718608856,0.041071973741054535,0.06458190828561783],[0.050283901393413544,0.15396898984909058,0.04852360859513283,0.08220528811216354,0.0805218443274498,0.2715483605861664,0.256086528301239,0.03143487125635147,0.02542673423886299],[0.0010429647518321872,0.5984000563621521,0.016798537224531174,0.0036286432296037674,0.0022087451070547104,0.03369644284248352,0.3182981312274933,0.015040416270494461,0.010886017233133316],[0.007016878109425306,0.4783293604850769,0.01396044623106718,0.014242750592529774,0.0028410241939127445,0.041862789541482925,0.43165120482444763,0.0036167341750115156,0.006478800904005766]],"label":[0,0,0,0,0,1,0,0,0]}