{"input":[[0.055266864597797394,0.0057242619805037975,0.008048305287957191,0.016715310513973236,0.00892710406333208,0.03461097925901413,0.836941123008728,0.0036591121461242437,0.03010687790811062],[0.02482195384800434,0.10246304422616959,0.17806868255138397,0.14005638659000397,0.04391969367861748,0.04473509639501572,0.33365339040756226,0.015696831047534943,0.11658500134944916],[0.03850254416465759,0.002236342988908291,0.021511942148208618,0.5580321550369263,0.24248680472373962,0.012783828191459179,0.09145871549844742,0.007055747322738171,0.02593187801539898],[0.049449775367975235,0.03620777279138565,0.17952053248882294,0.26257187128067017,0.051744524389505386,0.024687152355909348,0.3762865960597992,0.003397745080292225,0.016134057193994522]],"label":[0,0,0,0,0,0,0,0,1]}