{"input":[[0.15764129161834717,0.0363025963306427,0.06469610333442688,0.005453712772578001,0.003968819975852966,0.04908410459756851,0.6474269032478333,0.018756013363599777,0.01667047291994095],[0.030614832416176796,0.2122713029384613,0.012270848266780376,0.01787826605141163,0.0042082821018993855,0.02372031658887863,0.5963800549507141,0.07545500248670578,0.02720111422240734],[0.027729399502277374,0.03806643560528755,0.30686959624290466,0.08924032002687454,0.050742823630571365,0.011604252271354198,0.06159164384007454,0.26723241806030273,0.14692318439483643],[0.010486013256013393,0.13847382366657257,0.0874505490064621,0.01654231920838356,0.03151465207338333,0.06102398410439491,0.1404869556427002,0.35427501797676086,0.1597467064857483]],"label":[0,0,0,0,0,0,1,0,0]}