{"input":[[0.06614505499601364,0.004712805151939392,0.1680436134338379,0.4658767580986023,0.1438816487789154,0.008161395788192749,0.02047818899154663,0.033764276653528214,0.0889362171292305],[0.027818266302347183,0.007562705315649509,0.0505107082426548,0.4070316255092621,0.05738476291298866,0.03637941926717758,0.1615445613861084,0.13214075565338135,0.11962724477052689],[0.013069333508610725,0.010722623206675053,0.07859150320291519,0.6048296093940735,0.07391510158777237,0.02009861171245575,0.07379863411188126,0.007338793482631445,0.11763583868741989],[0.013544522225856781,0.01545366644859314,0.06281248480081558,0.5579862594604492,0.040928181260824203,0.03221963718533516,0.10588899254798889,0.01368861086666584,0.15747761726379395]],"label":[0,0,0,1,0,0,0,0,0]}