{"input":[[0.0003604826342780143,0.19745728373527527,0.00025339247076772153,0.00884971208870411,0.0007330155349336565,0.009456425905227661,0.7810570001602173,0.00017720359028317034,0.0016554645262658596],[0.05779672786593437,0.009516915306448936,0.0024263884406536818,0.0019585799891501665,0.0002848748117685318,0.005539007019251585,0.9040440917015076,0.0005158190033398569,0.017917603254318237],[0.10340242087841034,0.10237713903188705,0.0031352597288787365,0.0007363794138655066,0.0009576950687915087,0.04163618013262749,0.5349389314651489,0.2104732245206833,0.002342767780646682],[0.03354901820421219,0.15781879425048828,0.11628377437591553,0.0022901196498423815,0.0033344728872179985,0.019917814061045647,0.6632687449455261,0.0013131151208654046,0.0022241005208343267]],"label":[0,0,0,0,0,0,1,0,0]}