{"input":[[0.01948428712785244,0.5457022786140442,0.05558112636208534,0.0024184980429708958,0.007794188801199198,0.07079758495092392,0.21562691032886505,0.01093730516731739,0.07165785133838654],[0.0173140037804842,0.01736264117062092,0.7325114607810974,0.026152487844228745,0.04941427707672119,0.01005287654697895,0.019366707652807236,0.04079736769199371,0.08702811598777771],[0.11392046511173248,0.3909323513507843,0.07879350334405899,0.032418690621852875,0.004027337301522493,0.009808194823563099,0.1280292272567749,0.14224106073379517,0.09982915222644806],[0.03763030469417572,0.07841303199529648,0.03373822197318077,0.4098450243473053,0.03220624849200249,0.013266944326460361,0.16613928973674774,0.20889726281166077,0.019863750785589218]],"label":[0,0,0,0,0,0,1,0,0]}