{"input":[[0.022608449682593346,0.5072221159934998,0.08445543050765991,0.036439478397369385,0.00591507600620389,0.1170751228928566,0.1824341118335724,0.02356034889817238,0.020289834588766098],[0.042604777961969376,0.2566831409931183,0.05379257723689079,0.27825403213500977,0.020233865827322006,0.06382844597101212,0.14172546565532684,0.08849341422319412,0.05438430234789848],[0.03225594386458397,0.47851505875587463,0.02413787692785263,0.0638183206319809,0.00459960475564003,0.040311895310878754,0.3242444694042206,0.01017332635819912,0.021943455561995506],[0.05653537064790726,0.31901130080223083,0.07564520090818405,0.09862783551216125,0.01005478948354721,0.03557255119085312,0.15180785953998566,0.1602797955274582,0.09246520698070526]],"label":[0,1,0,0,0,0,0,0,0]}