{"input":[[0.0022600183729082346,0.0004926929250359535,0.3630502223968506,0.1954490691423416,0.1763286143541336,0.0005553470691666007,0.18877825140953064,0.052563928067684174,0.02052178792655468],[0.0016131286974996328,0.0012602549977600574,0.008444547653198242,0.1679743081331253,0.033461734652519226,0.037995845079422,0.4900928735733032,0.010546106845140457,0.248611181974411],[0.023671668022871017,0.016832541674375534,0.09732577949762344,0.16527031362056732,0.026688633486628532,0.06233755126595497,0.291993111371994,0.12864074110984802,0.1872396022081375],[0.003485705703496933,0.033401794731616974,0.08045462518930435,0.2731342315673828,0.019001850858330727,0.010664249770343304,0.4507685899734497,0.01918463222682476,0.10990429669618607]],"label":[0,0,0,1,0,0,0,0,0]}