{"input":[[0.13182787597179413,0.025777969509363174,0.35968220233917236,0.028682151809334755,0.06462403386831284,0.01849316619336605,0.07035665214061737,0.2863137125968933,0.014242390170693398],[0.15389028191566467,0.15335305035114288,0.22805513441562653,0.0830269306898117,0.027334541082382202,0.07669075578451157,0.07687557488679886,0.12143819779157639,0.0793355405330658],[0.7514601945877075,0.014821752905845642,0.09211821109056473,0.0162429828196764,0.02899768389761448,0.0020392246078699827,0.06070775166153908,0.025672972202301025,0.007939336821436882],[0.11596637964248657,0.13090090453624725,0.41329288482666016,0.01508442871272564,0.0385899692773819,0.02393120899796486,0.19448719918727875,0.019732655957341194,0.04801437258720398]],"label":[0,0,0,0,0,0,1,0,0]}