{"input":[[0.06781434267759323,0.04443112388253212,0.4519842565059662,0.09625624865293503,0.030550368130207062,0.019054153934121132,0.233406662940979,0.033944021910429,0.022558806464076042],[0.4230646789073944,0.015063893049955368,0.19334779679775238,0.07190655916929245,0.044424641877412796,0.01918064057826996,0.15873762965202332,0.043765127658843994,0.03050895966589451],[0.3138662576675415,0.021040629595518112,0.13871368765830994,0.047747883945703506,0.01042057666927576,0.01159150991588831,0.2790636420249939,0.10822608321905136,0.06932970136404037],[0.3471660912036896,0.05122837424278259,0.07636494189500809,0.017389653250575066,0.023488696664571762,0.01295323483645916,0.22281500697135925,0.0716274082660675,0.1769665628671646]],"label":[0,0,1,0,0,0,0,0,0]}