{"input":[[0.007782921195030212,0.009674642235040665,0.90401691198349,0.0023612549994140863,0.018648236989974976,0.005329872481524944,0.035936884582042694,0.012958998791873455,0.003290328662842512],[0.0047171576879918575,0.0007463154615834355,0.9445805549621582,0.0001128281801356934,0.014815287664532661,0.00019442176562733948,0.03141828626394272,0.0014705699868500233,0.001944589545018971],[0.21448183059692383,0.23914030194282532,0.36616095900535583,0.0014172008959576488,0.023565521463751793,0.0037700841203331947,0.0762171745300293,0.0727754756808281,0.0024715668987482786],[0.6962252855300903,0.08302004635334015,0.010927686467766762,0.0003547991218511015,0.01566299982368946,0.003505285130813718,0.12838490307331085,0.03975076973438263,0.022168144583702087]],"label":[0,0,1,0,0,0,0,0,0]}