{"input":[[0.05743716284632683,0.004164588637650013,0.6929135322570801,0.010064887814223766,0.060850005596876144,0.0006635967874899507,0.007096178829669952,0.05353564769029617,0.11327442526817322],[0.01697589084506035,0.03126302734017372,0.19693908095359802,0.06587819010019302,0.09708031266927719,0.01178012602031231,0.029264384880661964,0.1103440672159195,0.4404749870300293],[0.0268084779381752,0.0034385703038424253,0.04167305678129196,0.019709931686520576,0.005430539138615131,0.01288931630551815,0.028960298746824265,0.35910627245903015,0.5019835829734802],[0.004474187735468149,0.003891013329848647,0.03654305264353752,0.5126415491104126,0.10117780417203903,0.015392589382827282,0.10772593319416046,0.024378780275583267,0.19377513229846954]],"label":[0,0,0,1,0,0,0,0,0]}