{"input":[[0.3005441129207611,0.0783267691731453,0.02404424175620079,0.007923689670860767,0.028112376108765602,0.05388914793729782,0.3458475172519684,0.10677102208137512,0.05454103276133537],[0.1489735245704651,0.25610673427581787,0.14064189791679382,0.007258469704538584,0.019134504720568657,0.09618746489286423,0.24247527122497559,0.06723418086767197,0.02198795974254608],[0.3494306206703186,0.07645300775766373,0.01734084077179432,0.01746968924999237,0.023968765512108803,0.018222680315375328,0.2829250693321228,0.19796067476272583,0.01622861996293068],[0.10154329240322113,0.06316877156496048,0.4789486825466156,0.0055150482803583145,0.006676413118839264,0.012827854603528976,0.2701341509819031,0.029420562088489532,0.031765297055244446]],"label":[0,0,0,0,0,0,1,0,0]}