{"input":[[0.1639830619096756,0.004676926415413618,0.2849597632884979,0.32678934931755066,0.06022143363952637,0.0014072414487600327,0.029911695048213005,0.04220152646303177,0.08584899455308914],[0.10123459994792938,0.002532642101868987,0.6199349761009216,0.17321237921714783,0.046665776520967484,0.0008925209986045957,0.018750691786408424,0.01813243143260479,0.018643919378519058],[0.00742474477738142,0.00441453792154789,0.011573637835681438,0.3816258907318115,0.059238702058792114,0.04891945794224739,0.06616923213005066,0.336090624332428,0.0845431238412857],[0.017982369288802147,0.0004359212180133909,0.7334492802619934,0.02217385359108448,0.13790027797222137,4.698644261225127e-05,0.0036845558788627386,0.08229326456785202,0.002033479046076536]],"label":[0,0,0,0,0,0,0,0,1]}