{"input":[[0.0018946039490401745,0.0011559368576854467,0.0013557354686781764,0.6965005993843079,0.019983630627393723,0.003860702272504568,0.2697429358959198,0.002226519864052534,0.003279354888945818],[0.0011572501389309764,0.001442822627723217,0.0009826546302065253,0.5549402832984924,0.02015942707657814,0.008315296843647957,0.4065161645412445,0.003826447995379567,0.0026597250252962112],[0.010221987031400204,0.00833179522305727,0.008099373430013657,0.6050499081611633,0.03347703069448471,0.009640127420425415,0.17435668408870697,0.10013449192047119,0.05068860575556755],[0.01316871028393507,0.005727516952902079,0.02191254124045372,0.5425297021865845,0.021633045747876167,0.014039565809071064,0.1991209238767624,0.16526594758033752,0.016602154821157455]],"label":[0,0,0,1,0,0,0,0,0]}