{"input":[[0.01751282624900341,0.03055998496711254,0.01842670701444149,0.32374149560928345,0.015731772407889366,0.05059085413813591,0.46760502457618713,0.05277739465236664,0.023053955286741257],[0.013984903693199158,0.023387832567095757,0.03331831470131874,0.4140101373195648,0.01626262068748474,0.03269658982753754,0.29305779933929443,0.10385782271623611,0.06942395120859146],[0.002549641067162156,0.00011276460281806067,0.0038489860016852617,1.168177004728932e-05,0.00014246899809222668,0.0004415272851474583,0.0009213582379743457,0.9866750240325928,0.005296569317579269],[0.06722790002822876,0.010302124544978142,0.01867380551993847,0.013299671933054924,0.036006566137075424,0.0054407017305493355,0.0719228982925415,0.7255683541297913,0.0515580028295517]],"label":[0,0,0,0,0,0,0,1,0]}