{"input":[[0.6840222477912903,0.0043900348246097565,0.07800015062093735,0.00010294905223418027,0.0028321982827037573,7.573560287710279e-05,0.13855686783790588,0.08730701357126236,0.004712843336164951],[0.3553844392299652,0.039611198008060455,0.04223400726914406,0.002361125312745571,0.004540527705103159,0.01970834657549858,0.47135746479034424,0.022174546495079994,0.04262838140130043],[0.13328798115253448,0.003664371557533741,0.18072617053985596,0.0021339557133615017,0.02479417808353901,0.002303594257682562,0.5284236669540405,0.08411292731761932,0.040553122758865356],[0.7405053973197937,0.0047298274002969265,0.1354999542236328,0.04510508105158806,0.006138748023658991,0.0013036644086241722,0.03829590603709221,0.017081856727600098,0.011339597404003143]],"label":[0,0,0,0,0,0,1,0,0]}