{"input":[[0.19389185309410095,5.495988261827733e-06,0.805814802646637,3.525497595546767e-05,6.72963069519028e-05,9.037727295435616e-07,9.105484787141904e-05,3.0807645089225844e-05,6.250484875636175e-05],[0.37040945887565613,8.542279829271138e-06,0.629256010055542,2.7393778509576805e-05,0.00010455789742991328,1.0240353276458336e-06,9.948589649866335e-06,5.320586569723673e-05,0.0001298452407354489],[0.7676975131034851,0.013909634202718735,0.09068866074085236,0.0003220911312382668,0.0014424168039113283,0.0013391555985435843,0.0030537680722773075,0.008641816675662994,0.11290504783391953],[0.3324361741542816,0.016131602227687836,0.5981520414352417,0.00013917255273554474,0.0017581033753231168,0.0006910591619089246,0.0028595393523573875,0.01153512578457594,0.03629712760448456]],"label":[1,0,0,0,0,0,0,0,0]}