{"input":[[0.00010089056740980595,0.9425912499427795,2.0027538994327188e-05,0.00015749830345157534,1.5627210814272985e-05,0.0013559384969994426,0.05567454546689987,1.0204191312368494e-05,7.413544517476112e-05],[0.04157774895429611,0.38828128576278687,0.010545357130467892,0.00026701169554144144,0.001883852411992848,0.03314075618982315,0.5179324150085449,0.0009623354417271912,0.0054091718047857285],[0.0014720670878887177,0.9616188406944275,0.005658735521137714,0.00042041062260977924,0.001001490163616836,0.009007074870169163,0.018293634057044983,0.0017290408723056316,0.0007985725533217192],[0.0006018219864927232,0.7718425393104553,0.0014229125808924437,7.082200318109244e-05,0.00033324016840197146,0.0022941625211387873,0.22175592184066772,0.000616976642049849,0.0010615807259455323]],"label":[0,1,0,0,0,0,0,0,0]}