{"input":[[0.09251890331506729,0.10376249253749847,0.20332448184490204,0.013753626495599747,0.025112954899668694,0.03139948844909668,0.12230441719293594,0.3670760691165924,0.040747616440057755],[0.1782723069190979,0.06498847901821136,0.16447238624095917,0.036249492317438126,0.09406817704439163,0.06145681068301201,0.1126389428973198,0.16804562509059906,0.11980769038200378],[0.03249973803758621,0.08239302784204483,0.06914478540420532,0.3001843988895416,0.19354891777038574,0.028461063280701637,0.10075129568576813,0.09321735799312592,0.0997994914650917],[0.15537819266319275,0.0365646667778492,0.1594410091638565,0.08774423599243164,0.06458362936973572,0.008828402496874332,0.052575621753931046,0.24256905913352966,0.1923152059316635]],"label":[0,0,0,0,0,0,1,0,0]}