{"input":[[0.01906404457986355,0.12804439663887024,0.012080824933946133,0.03850860893726349,0.0015088715590536594,0.06294847279787064,0.6737521886825562,0.023920416831970215,0.04017224907875061],[0.044185373932123184,0.23647430539131165,0.10486868023872375,0.1519104391336441,0.007680976763367653,0.07821721583604813,0.31423285603523254,0.03569238260388374,0.026737725362181664],[0.02060714364051819,0.05713052675127983,0.0030594919808208942,0.06575265526771545,0.008348497562110424,0.018013153225183487,0.8150550127029419,0.003039310919120908,0.008994108997285366],[0.0006746662547811866,0.002909021219238639,0.0029856704641133547,0.017459377646446228,0.0019122507655993104,0.00018950259254779667,0.9733214974403381,8.570011414121836e-05,0.0004623659187927842]],"label":[0,0,0,0,0,0,1,0,0]}