{"input":[[0.0765225812792778,0.0039845723658800125,0.36179792881011963,0.03245373070240021,0.028974024578928947,0.0023100445978343487,0.0687146708369255,0.39674872159957886,0.028493693098425865],[0.044028911739587784,0.0006423203740268946,0.010174121707677841,0.002014023019000888,0.007000225130468607,0.00035368496901355684,0.10168848931789398,0.8276604413986206,0.0064378054812550545],[0.017631322145462036,0.042305730283260345,0.026632867753505707,0.3069174587726593,0.02841740846633911,0.11539323627948761,0.26557809114456177,0.13412953913211823,0.06299439817667007],[0.015458236448466778,0.0040007950738072395,0.1434692144393921,0.002896938007324934,0.6961326599121094,0.002012094482779503,0.03969643637537956,0.09326764941215515,0.0030660273041576147]],"label":[0,0,0,0,0,0,0,0,1]}