{"input":[[0.010347210802137852,0.027177011594176292,0.024080505594611168,0.12507908046245575,0.026301583275198936,0.01029335055500269,0.399163156747818,0.34470218420028687,0.03285593539476395],[0.008227226324379444,0.0009851772338151932,0.028236357495188713,0.7321562170982361,0.05298888683319092,0.004676090087741613,0.11627697944641113,0.0034027209039777517,0.05305042117834091],[0.01529652625322342,0.2371169477701187,0.030092932283878326,0.03307377174496651,0.005232583731412888,0.040911536663770676,0.36272960901260376,0.24400725960731506,0.03153879940509796],[0.004686956759542227,0.1480071246623993,0.2673588693141937,0.2413991391658783,0.013544070534408092,0.14752669632434845,0.08511696755886078,0.016008256003260612,0.07635192573070526]],"label":[0,0,0,1,0,0,0,0,0]}