{"input":[[0.08796685189008713,0.10271850228309631,0.02868516556918621,0.0071412064135074615,0.013232845813035965,0.04607110098004341,0.3653583228588104,0.31070390343666077,0.038122110068798065],[0.012700958177447319,0.08500777184963226,0.05062054470181465,0.011832267977297306,0.031707245856523514,0.07608284056186676,0.6791666746139526,0.03247581794857979,0.020405801013112068],[0.13090065121650696,0.031066451221704483,0.04398282989859581,0.2518506944179535,0.08261793106794357,0.055403634905815125,0.2381078004837036,0.047650471329689026,0.11841962486505508],[0.03254346922039986,0.06245555356144905,0.11452379077672958,0.0693337693810463,0.023933179676532745,0.07600899785757065,0.08488669991493225,0.37436643242836,0.16194817423820496]],"label":[0,0,0,1,0,0,0,0,0]}