{"input":[[0.005315185524523258,0.004702665377408266,0.010865190997719765,0.7817803621292114,0.032605238258838654,0.0024389128666371107,0.07948990911245346,0.004982884507626295,0.07781967520713806],[0.013673672452569008,0.012312673032283783,0.011454727500677109,0.4716774821281433,0.04959240183234215,0.0058629135601222515,0.37441349029541016,0.020604103803634644,0.0404086709022522],[0.04524936154484749,0.0008866955176927149,0.015591292642056942,0.5172569155693054,0.034528106451034546,0.005119483917951584,0.3267418146133423,0.02649436891078949,0.02813194878399372],[0.1343102753162384,0.0020328043028712273,0.011964683420956135,0.4542984068393707,0.15671442449092865,0.01066164206713438,0.008125117048621178,0.16203093528747559,0.059861741960048676]],"label":[0,0,0,0,1,0,0,0,0]}