{"input":[[0.004364697262644768,0.001148294541053474,0.9541144371032715,0.019728900864720345,0.0036096512340009212,0.0004833620332647115,0.009422654286026955,0.002359736477956176,0.00476834224537015],[0.06557399779558182,0.02811560034751892,0.7754548788070679,0.015034358017146587,0.017139213159680367,0.004990474320948124,0.06272654980421066,0.02170233055949211,0.00926257949322462],[0.0046853190287947655,0.0055348193272948265,0.7809724807739258,0.004272951278835535,0.007112595718353987,0.0003687471617013216,0.006245748605579138,0.18780532479286194,0.003002069192007184],[0.014157974161207676,0.007437469437718391,0.3890635371208191,0.18862029910087585,0.12784914672374725,0.12276437133550644,0.10612712800502777,0.019201207906007767,0.024778777733445168]],"label":[0,0,1,0,0,0,0,0,0]}