{"input":[[0.03767428174614906,0.012271217070519924,0.07180415838956833,0.3600367605686188,0.014159351587295532,0.044374898076057434,0.20872381329536438,0.017648177221417427,0.2333073765039444],[0.010857324115931988,0.004151871427893639,0.025885624811053276,0.20663529634475708,0.021829793229699135,0.047279492020606995,0.33801519870758057,0.09606419503688812,0.24928125739097595],[0.007442528381943703,0.006378599442541599,0.052878282964229584,0.3700309097766876,0.012510894797742367,0.00796499289572239,0.19444778561592102,0.008883688598871231,0.33946239948272705],[0.005424583796411753,0.009065567515790462,0.02727234736084938,0.3785013258457184,0.019019849598407745,0.045481134206056595,0.14044946432113647,0.0555376373231411,0.3192480802536011]],"label":[0,0,0,1,0,0,0,0,0]}