{"input":[[0.024158667773008347,0.08263760805130005,0.03708436340093613,0.27673739194869995,0.015015851706266403,0.021609043702483177,0.40642526745796204,0.07114105671644211,0.06519068777561188],[0.030665215104818344,0.02927543967962265,0.031090622767806053,0.619088351726532,0.03372795879840851,0.010383088141679764,0.1678110659122467,0.026260673999786377,0.05169767513871193],[0.022687377408146858,0.005389026366174221,0.048373810946941376,0.7073425650596619,0.014771094545722008,0.0040298267267644405,0.16304130852222443,0.026502106338739395,0.007862878032028675],[0.012974140234291553,0.006560836918652058,0.02298010140657425,0.23579400777816772,0.007501029875129461,0.004899294581264257,0.6633668541908264,0.007545124273747206,0.038378652185201645]],"label":[0,0,0,1,0,0,0,0,0]}