{"input":[[0.0019997318740934134,0.0019182802643626928,0.12745220959186554,0.344713419675827,0.19554360210895538,0.00238032266497612,0.15696516633033752,0.025394177064299583,0.14363309741020203],[0.0014814240857958794,0.0021303200628608465,0.025739120319485664,0.8703932166099548,0.04813164845108986,0.0014362316578626633,0.03441578894853592,0.0027391298208385706,0.013533263467252254],[0.09752339869737625,0.057420019060373306,0.08848143368959427,0.28724974393844604,0.09364839643239975,0.04568014666438103,0.23564942181110382,0.05376998335123062,0.04057746380567551],[0.011155768297612667,0.09201927483081818,0.07101649791002274,0.2001125067472458,0.10411377996206284,0.03828424587845802,0.20022253692150116,0.11564866453409195,0.16742660105228424]],"label":[0,0,0,1,0,0,0,0,0]}