{"input":[[0.10901670157909393,0.018618211150169373,0.06984655559062958,0.5063045024871826,0.06560888886451721,0.006704056169837713,0.06864463537931442,0.036653123795986176,0.11860334128141403],[0.07315639406442642,0.02158607915043831,0.17674605548381805,0.3344252407550812,0.09993867576122284,0.007427357602864504,0.08674712479114532,0.06585482507944107,0.1341182142496109],[0.027676276862621307,0.0012291730381548405,0.09203845262527466,0.5933491587638855,0.13870105147361755,0.001054018852300942,0.028187792748212814,0.002645938191562891,0.11511813849210739],[0.17322295904159546,0.004086829721927643,0.23818950355052948,0.15099333226680756,0.33827003836631775,0.001751001924276352,0.06659708172082901,0.018115200102329254,0.008774004876613617]],"label":[0,0,0,1,0,0,0,0,0]}