{"input":[[0.01250122208148241,0.0008759340271353722,0.7971762418746948,0.00029144412837922573,0.002554195700213313,0.000221633177716285,0.01076657697558403,0.1733621060848236,0.002250680234283209],[0.017774589359760284,0.0007786436472088099,0.5671550035476685,8.20778586785309e-06,0.006208726670593023,0.0003299409872852266,0.0013661099364981055,0.4048333168029785,0.0015454285312443972],[0.05797383189201355,0.010647842660546303,0.053855352103710175,0.00047769059892743826,0.0013550083385780454,0.00431781867519021,0.06954997777938843,0.7924386262893677,0.009383855387568474],[0.11662567406892776,0.005086600314825773,0.8426157236099243,3.298409183116746e-06,0.0009405739256180823,0.0002602588792797178,0.014720714651048183,0.01586136594414711,0.003885809099301696]],"label":[0,0,0,0,0,0,0,1,0]}