{"input":[[0.7796427011489868,0.002658443059772253,0.13306964933872223,0.0003771772317122668,0.0040423269383609295,0.0016607008874416351,0.00579055305570364,0.058845847845077515,0.013912545517086983],[0.8230311274528503,0.0018627280369400978,0.11317948997020721,0.0021380980033427477,0.025477275252342224,0.00025775324320420623,0.004084473010152578,0.02733076922595501,0.0026383514050394297],[0.7946656942367554,0.0012203999795019627,0.18493713438510895,0.0026744212955236435,0.0025823896285146475,0.0003698847722262144,0.003872839966788888,0.004638021346181631,0.0050392611883580685],[0.7143911719322205,0.0003347212332300842,0.27879852056503296,0.00032864997046999633,0.0012749998131766915,5.8389083278598264e-05,0.001168932649306953,0.0019324582535773516,0.0017120998818427324]],"label":[1,0,0,0,0,0,0,0,0]}