{"input":[[0.0035865390673279762,1.4399030078493524e-05,0.021989574655890465,0.4678918719291687,0.49764880537986755,9.635448805056512e-05,0.001800698577426374,0.004274738486856222,0.0026970491744577885],[0.001672012498602271,4.883483052253723e-05,0.010046584531664848,0.7694442272186279,0.1801711767911911,0.00015237856132443994,0.0028790647629648447,0.01687358319759369,0.018712026998400688],[0.0009394846856594086,5.397908898885362e-05,0.0043103452771902084,0.9410074949264526,0.0363246314227581,0.0003662786912173033,0.002407633699476719,0.006062030326575041,0.008528239093720913],[0.000873891927767545,0.0001404358190484345,0.0033254316076636314,0.9624620676040649,0.01307887863367796,0.0008708926034159958,0.00805517379194498,0.0033643869683146477,0.007828830741345882]],"label":[0,0,0,1,0,0,0,0,0]}