{"input":[[0.052529022097587585,0.019612429663538933,0.021610373631119728,0.6247519254684448,0.027839703485369682,0.011715537868440151,0.18437162041664124,0.020540673285722733,0.037028681486845016],[0.02161579765379429,0.014074367471039295,0.006385623477399349,0.730130136013031,0.02489522658288479,0.01096853706985712,0.16217617690563202,0.009463625028729439,0.020290501415729523],[0.09913045167922974,0.005314949434250593,0.1486525982618332,0.4404236078262329,0.01897808350622654,0.006192916538566351,0.10904547572135925,0.16211415827274323,0.010147794149816036],[0.03841090202331543,0.027978120371699333,0.08726726472377777,0.5891184210777283,0.04159719496965408,0.020313015207648277,0.10404286533594131,0.05102025717496872,0.04025192931294441]],"label":[0,0,0,1,0,0,0,0,0]}