{"input":[[0.2526240646839142,0.03166903182864189,0.06725720316171646,0.01729140616953373,0.013230524957180023,0.03280274569988251,0.3247174918651581,0.17341811954975128,0.08698932081460953],[0.10147395730018616,0.14313295483589172,0.0242924764752388,0.010032854974269867,0.007149533834308386,0.17497989535331726,0.22232328355312347,0.11720200628042221,0.1994129717350006],[0.23073570430278778,0.015618490055203438,0.22950460016727448,0.12659001350402832,0.06729282438755035,0.05688440799713135,0.09462589770555496,0.0802140161395073,0.0985339879989624],[0.018621228635311127,0.0045997826382517815,0.03758426383137703,0.004252614453434944,0.017907703295350075,0.008274592459201813,0.02368759550154209,0.10605529695749283,0.7790169715881348]],"label":[0,0,0,0,0,0,0,1,0]}