{"input":[[0.05038285627961159,0.05168696492910385,0.049210526049137115,0.3454599678516388,0.023171085864305496,0.025425873696804047,0.29540660977363586,0.06289985030889511,0.09635624289512634],[0.07844798266887665,0.06639040261507034,0.07512997090816498,0.32517868280410767,0.026184799149632454,0.030006960034370422,0.2334272861480713,0.06566374003887177,0.09957010298967361],[0.1167583018541336,0.05676864832639694,0.0453001894056797,0.3609597682952881,0.010180062614381313,0.06208353117108345,0.11803306639194489,0.19714434444904327,0.03277203440666199],[0.04676232859492302,0.09880749136209488,0.05287989601492882,0.2482011318206787,0.034086115658283234,0.053270500153303146,0.2839861214160919,0.13921986520290375,0.0427866205573082]],"label":[0,0,0,0,0,0,1,0,0]}