{"input":[[0.0076436433009803295,0.6238380074501038,0.0074444664642214775,0.007677516434341669,0.0043233297765254974,0.05100719630718231,0.2811427712440491,0.0076574585400521755,0.00926563236862421],[8.380840881727636e-05,0.4411606788635254,0.00018156682199332863,0.0006055394187569618,0.0001900102070067078,0.09717923402786255,0.4570716321468353,0.00033145255292765796,0.0031961200293153524],[0.006983731873333454,0.517313539981842,0.011223504319787025,0.04531169310212135,0.004911054857075214,0.14063723385334015,0.2225339263677597,0.020470598712563515,0.030614642426371574],[0.0023006030824035406,0.1671895980834961,0.004458106588572264,0.0019098833436146379,0.006850659381598234,0.008811022154986858,0.801453709602356,0.004819733090698719,0.002206680830568075]],"label":[0,0,0,0,0,0,0,0,1]}