{"input":[[0.006377263925969601,3.2772602480690693e-06,0.2400759756565094,7.626869773957878e-05,0.0020577600225806236,4.363995174117008e-07,1.927258745126892e-05,0.7511838674545288,0.00020585716993082315],[0.026769030839204788,7.27576480130665e-05,0.8901426196098328,0.00247575668618083,0.05379316583275795,1.616254485270474e-05,0.0018323396798223257,0.02431757189333439,0.0005806008703075349],[0.15542417764663696,0.0031686448492109776,0.09838945418596268,0.004829926881939173,0.012506433762609959,0.0012213221052661538,0.04751988500356674,0.5107623934745789,0.16617782413959503],[0.021064553409814835,0.006133651360869408,0.17756548523902893,0.00021181165357120335,0.006767180282622576,0.0005943586584180593,0.005441034212708473,0.780319333076477,0.0019025127403438091]],"label":[0,0,0,0,0,0,0,1,0]}