{"input":[[0.021179934963583946,0.010092593729496002,0.29267647862434387,0.205912247300148,0.07006964087486267,0.004690050613135099,0.2547743618488312,0.015542709268629551,0.12506203353405],[0.03271772712469101,0.004197264090180397,0.029415439814329147,0.7051485776901245,0.1328325718641281,0.0017606621840968728,0.06585459411144257,0.014000757597386837,0.014072374440729618],[0.1882556676864624,0.09703703224658966,0.21619515120983124,0.08259305357933044,0.27354151010513306,0.002646219450980425,0.12866055965423584,0.008599316701292992,0.002471454907208681],[0.10141748189926147,0.0046502165496349335,0.15210142731666565,0.21998877823352814,0.4061475992202759,0.0007317718700505793,0.02229369804263115,0.0353090837597847,0.057360030710697174]],"label":[0,0,0,0,1,0,0,0,0]}