{"input":[[0.034430231899023056,0.024164991453289986,0.0713953822851181,0.005470384377986193,0.006409735418856144,0.002403919119387865,0.02290615253150463,0.8085453510284424,0.02427389658987522],[0.031407423317432404,0.006190262269228697,0.06689346581697464,0.004929869435727596,0.01191533263772726,0.003673108061775565,0.013812585733830929,0.689129650592804,0.172048419713974],[0.07226791232824326,0.10914202034473419,0.05308544263243675,0.02902976982295513,0.019944392144680023,0.036472808569669724,0.12299405783414841,0.4993876814842224,0.05767597630620003],[0.012778264470398426,0.013001569546759129,0.04847884178161621,0.0017465916462242603,0.009492862038314342,0.0028398253489285707,0.008407767862081528,0.8960100412368774,0.007244199514389038]],"label":[0,0,1,0,0,0,0,0,0]}