{"input":[[0.03597736358642578,0.0012186210369691253,0.008034267462790012,0.002020748797804117,0.006103623658418655,0.001453823409974575,0.006451163906604052,0.9221149682998657,0.016625352203845978],[0.11080470681190491,0.01161978393793106,0.11320812255144119,0.014139785431325436,0.02261357009410858,0.004315071273595095,0.015477442182600498,0.6160587668418884,0.09176279604434967],[0.028446102514863014,0.005863690283149481,0.01701401174068451,0.0008158788550645113,0.012751768343150616,0.013988973572850227,0.006226217839866877,0.868927538394928,0.04596586897969246],[0.26553627848625183,0.02283787727355957,0.16604268550872803,0.08276955783367157,0.018641648814082146,0.031004998832941055,0.19880878925323486,0.12091671675443649,0.0934414342045784]],"label":[0,0,0,0,0,0,0,1,0]}