{"input":[[0.0784631296992302,0.21068492531776428,0.045786261558532715,0.10007923096418381,0.009371085092425346,0.11594042181968689,0.32261693477630615,0.0763034075498581,0.04075455293059349],[0.04505142942070961,0.25748592615127563,0.048822689801454544,0.11693158000707626,0.0364856980741024,0.17342925071716309,0.20904959738254547,0.07011063396930695,0.04263322800397873],[0.12927761673927307,0.19061195850372314,0.1302797943353653,0.11995963752269745,0.04482145980000496,0.06585878133773804,0.12137223035097122,0.07199520617723465,0.12582336366176605],[0.0426190011203289,0.2801392078399658,0.0645143911242485,0.08000101149082184,0.01858600787818432,0.14493705332279205,0.1294427514076233,0.11133427917957306,0.12842625379562378]],"label":[0,0,0,0,0,1,0,0,0]}