{"input":[[0.0065148258581757545,0.0007636211812496185,0.012946972623467445,0.10579845309257507,0.07466760277748108,0.0008243244374170899,0.01312724407762289,0.010254315100610256,0.7751027345657349],[0.0011679588351398706,0.00013692343782167882,0.007948999293148518,0.030318962410092354,0.0215630903840065,0.00328008527867496,0.08530569821596146,0.00560818612575531,0.8446700572967529],[0.004066112916916609,0.00029959299718029797,0.08497118204832077,0.009627063758671284,0.004825166426599026,0.00022053385328035802,0.001010370091535151,0.7175706028938293,0.17740941047668457],[0.11608009785413742,0.018450498580932617,0.030226606875658035,0.08370143920183182,0.07252760231494904,0.0222689937800169,0.09978455305099487,0.1502971351146698,0.40666308999061584]],"label":[0,0,0,0,0,0,0,0,1]}