{"input":[[0.001923080999404192,0.0019234056817367673,0.028710119426250458,0.7191098928451538,0.04507990553975105,0.0049075293354690075,0.036939457058906555,0.011559711769223213,0.14984695613384247],[0.004480186849832535,0.003432036377489567,0.022652866318821907,0.4534831941127777,0.014959177933633327,0.014236577786505222,0.10564844310283661,0.030397748574614525,0.3507097363471985],[0.005411635152995586,0.036615654826164246,0.027151234447956085,0.20014259219169617,0.01404193602502346,0.03189405798912048,0.217903271317482,0.038139019161462784,0.42870059609413147],[0.0063691772520542145,0.029176216572523117,0.03508726879954338,0.10308793187141418,0.04123259708285332,0.011365152895450592,0.2786123752593994,0.21719449758529663,0.27787473797798157]],"label":[0,0,0,0,0,0,0,0,1]}