{"input":[[0.24363523721694946,0.01747932843863964,0.6546589136123657,0.0051299408078193665,0.01552579179406166,0.002451319247484207,0.010039765387773514,0.03546244278550148,0.015617216005921364],[0.2720564603805542,0.04266625642776489,0.5203357338905334,0.040608376264572144,0.008241730742156506,0.006350118201225996,0.027947230264544487,0.012634518556296825,0.06915948539972305],[0.6050399541854858,0.008541726507246494,0.11814968287944794,0.0327279157936573,0.009175609797239304,0.0038642678409814835,0.05209429934620857,0.15391410887241364,0.016492370516061783],[0.31151318550109863,0.006829240825027227,0.41976502537727356,0.012020003981888294,0.05797573924064636,0.0014312915736809373,0.05563627928495407,0.10510987788438797,0.029719293117523193]],"label":[1,0,0,0,0,0,0,0,0]}