{"input":[[0.8823601007461548,0.0013130799634382129,0.09069216996431351,0.0004729071806650609,0.002070797374472022,0.0005961155402474105,0.0047928341664373875,0.015084953978657722,0.002617113059386611],[0.6953567862510681,0.0012085135094821453,0.2547660768032074,0.00030783869442529976,0.001195991993881762,0.0007783726323395967,0.004184700082987547,0.038675371557474136,0.0035262524615973234],[0.49829745292663574,0.0007615227368660271,0.35249948501586914,0.00010050815035356209,0.0018820128170773387,0.00016590046288911253,0.0006472390377894044,0.1413949728012085,0.004250878933817148],[0.42934906482696533,0.009714866057038307,0.09825477749109268,0.0101156085729599,0.025316277518868446,0.005562651436775923,0.12920741736888885,0.23935377597808838,0.05312563106417656]],"label":[1,0,0,0,0,0,0,0,0]}