{"input":[[0.041139233857393265,0.007812779396772385,0.3488706648349762,0.03282097354531288,0.36448413133621216,0.002902683336287737,0.03828807920217514,0.1281384974718094,0.0355428047478199],[0.013495764695107937,0.003670716192573309,0.07761301100254059,0.010192671790719032,0.6922975778579712,0.0019041853956878185,0.002410265151411295,0.16594268381595612,0.0324731320142746],[0.0517582930624485,0.0032028525602072477,0.06291136890649796,0.06489622592926025,0.19993475079536438,0.007592631038278341,0.021134832873940468,0.23596692085266113,0.35260215401649475],[0.039320699870586395,0.025541896000504494,0.23028436303138733,0.01970585808157921,0.11183016747236252,0.011138488538563251,0.057382889091968536,0.3789328336715698,0.12586279213428497]],"label":[1,0,0,0,0,0,0,0,0]}