{"input":[[0.8597908020019531,1.8658862472875626e-06,0.08766411244869232,2.6559189336694544e-07,0.00017691805260255933,3.926554654754e-06,0.00018006317259278148,0.050633836537599564,0.0015481405425816774],[0.9589684009552002,9.683101961854845e-05,0.03836093470454216,7.708872544753831e-07,0.00026611279463395476,5.8902787714032456e-05,0.0013016450684517622,0.00041264554602093995,0.0005336685571819544],[0.7903463840484619,0.0007922810036689043,0.010278739035129547,8.676640572957695e-05,0.00027037615654990077,0.0005841280799359083,0.000923462794162333,0.19370310008525848,0.003014796180650592],[0.3182666003704071,0.006783612072467804,0.0014101674314588308,1.9974254428234417e-06,0.0002163995523005724,0.026111098006367683,0.02839304320514202,0.6146631836891174,0.004153982270509005]],"label":[1,0,0,0,0,0,0,0,0]}