{"input":[[0.007026584353297949,0.0026568679604679346,0.03473447635769844,0.6921152472496033,0.0841159000992775,0.0005786134279333055,0.15912339091300964,0.001401361427269876,0.018247487023472786],[0.0007694312371313572,0.0008018372463993728,0.04452213644981384,0.2846040427684784,0.006444510538130999,0.002932341769337654,0.6550659537315369,0.0018178382888436317,0.003041919320821762],[0.0473158024251461,0.01621387153863907,0.2152465283870697,0.2845521569252014,0.1839471310377121,0.003932774066925049,0.06053360551595688,0.09778189659118652,0.09047619998455048],[0.02662426419556141,0.007225095294415951,0.12128434330224991,0.3540017008781433,0.1031685546040535,0.007533674128353596,0.2867145240306854,0.025829892605543137,0.06761793792247772]],"label":[0,0,0,0,1,0,0,0,0]}