{"input":[[0.01802239939570427,0.06936107575893402,0.012603127397596836,0.11090218275785446,0.006549394223839045,0.07257498055696487,0.5955371260643005,0.0368196927011013,0.07762999832630157],[0.007872178219258785,0.7364431023597717,0.021220937371253967,0.016547763720154762,0.012534582987427711,0.04253186658024788,0.08412007242441177,0.06927289813756943,0.009456601925194263],[0.045275043696165085,0.2588730454444885,0.013529933989048004,0.0635947585105896,0.012880481779575348,0.28382840752601624,0.24323923885822296,0.05984658747911453,0.018932444974780083],[0.000923116400372237,0.5621749758720398,0.012777203693985939,0.007637027185410261,0.0010665871668606997,0.042837511748075485,0.33622032403945923,0.006794784218072891,0.02956845611333847]],"label":[0,1,0,0,0,0,0,0,0]}