{"input":[[0.04318084567785263,0.017168406397104263,0.03398808091878891,0.6792810559272766,0.06780920177698135,0.010771316476166248,0.08505330234766006,0.019617905840277672,0.04312991350889206],[0.054866984486579895,0.026144593954086304,0.02443576604127884,0.6798970699310303,0.04285296052694321,0.010829093866050243,0.10763394832611084,0.01113525964319706,0.0422043539583683],[0.145847350358963,0.10465343296527863,0.06205790117383003,0.28975170850753784,0.021522725000977516,0.06402908265590668,0.1923363357782364,0.054416339844465256,0.06538502871990204],[0.19058595597743988,0.06755253672599792,0.08857052773237228,0.12855510413646698,0.020635074004530907,0.024196872487664223,0.0777064710855484,0.1925361454486847,0.2096613347530365]],"label":[0,0,0,0,0,0,0,0,1]}