{"input":[[0.06361095607280731,0.003977321088314056,0.06639830023050308,0.4006589949131012,0.10634548962116241,0.002514186315238476,0.026744801551103592,0.02371629700064659,0.30603358149528503],[0.013720265589654446,0.006867506541311741,0.05590109899640083,0.5908762812614441,0.031758297234773636,0.009670629166066647,0.13008573651313782,0.03765576332807541,0.123464435338974],[0.09831266105175018,0.007438700180500746,0.07658341526985168,0.28426316380500793,0.29393136501312256,0.016551686450839043,0.08992493152618408,0.014534546993672848,0.118459552526474],[0.020003529265522957,0.01750835031270981,0.029914546757936478,0.4952792525291443,0.013477243483066559,0.02431926690042019,0.1681237369775772,0.01778588257730007,0.213588148355484]],"label":[0,0,0,0,1,0,0,0,0]}