{"input":[[0.10378090292215347,0.07373389601707458,0.41764888167381287,0.02090439200401306,0.025670897215604782,0.013000850565731525,0.08606191724538803,0.14766687154769897,0.11153135448694229],[0.06859949976205826,0.01931200921535492,0.21635915338993073,0.02550976164638996,0.04562816768884659,0.012172007001936436,0.28015848994255066,0.12890198826789856,0.20335890352725983],[0.15134000778198242,0.04153118655085564,0.30059435963630676,0.008203819394111633,0.0833386555314064,0.022483516484498978,0.04938045144081116,0.30027395486831665,0.04285402223467827],[0.10310794413089752,0.10998376458883286,0.12063527852296829,0.059772178530693054,0.12132926285266876,0.04594375938177109,0.10548411309719086,0.24975432455539703,0.08398936688899994]],"label":[0,0,0,0,1,0,0,0,0]}