{"input":[[0.05305756628513336,0.010280239395797253,0.09407921880483627,0.525014340877533,0.0956803634762764,0.010114277713000774,0.08427612483501434,0.06120336428284645,0.06629456579685211],[0.041870322078466415,0.008247997611761093,0.11167339235544205,0.39556747674942017,0.09164123237133026,0.008162318728864193,0.10491509735584259,0.12676531076431274,0.11115678399801254],[0.08449865132570267,0.002388416789472103,0.07339010387659073,0.5543047785758972,0.08159329742193222,0.007371210027486086,0.03190746530890465,0.1317524015903473,0.0327935665845871],[0.08624033629894257,0.004049453418701887,0.0899023562669754,0.6287241578102112,0.03755282238125801,0.006879194173961878,0.06835242360830307,0.04088396951556206,0.0374152846634388]],"label":[0,0,0,0,1,0,0,0,0]}