{"input":[[0.08753474056720734,0.06362953037023544,0.14199860394001007,0.0008605674956925213,0.040665965527296066,0.0020502342376857996,0.023377589881420135,0.5597724318504333,0.08011037856340408],[0.12047208100557327,0.009625043720006943,0.1923535317182541,0.0014989632181823254,0.03366179019212723,0.018380368128418922,0.057758018374443054,0.1804218739271164,0.3858283460140228],[0.7109392881393433,0.011716739274561405,0.027059242129325867,0.0032374346628785133,0.011596214957535267,0.014324529096484184,0.037929169833660126,0.07240612804889679,0.1107911542057991],[0.8561002612113953,0.0013356647687032819,0.013345245271921158,0.0016964683309197426,0.01310507208108902,0.0015490340301766992,0.005157469771802425,0.08628586679697037,0.021424967795610428]],"label":[1,0,0,0,0,0,0,0,0]}