{"input":[[0.05975494161248207,0.3052957057952881,0.022320443764328957,0.005148506257683039,0.0035062197130173445,0.4044364392757416,0.14521731436252594,0.04099014028906822,0.01333019882440567],[0.027464022859930992,0.39849424362182617,0.00730244442820549,0.008998424746096134,0.01021807361394167,0.2275674045085907,0.27069127559661865,0.03520994633436203,0.014054222032427788],[0.05277806147933006,0.0608377642929554,0.05721690133213997,0.0015411066124215722,0.0012403805740177631,0.1319229155778885,0.614380955696106,0.015025799162685871,0.06505611538887024],[0.03237389028072357,0.12532903254032135,0.06476446986198425,0.006011672783643007,0.016447581350803375,0.17609599232673645,0.40279269218444824,0.02946382947266102,0.14672082662582397]],"label":[0,0,0,0,0,1,0,0,0]}