{"input":[[0.5727953910827637,0.0010538646019995213,0.3221188485622406,6.603018118767068e-05,0.0019140526419505477,0.0011561502469703555,0.017246825620532036,0.08237258344888687,0.0012761999387294054],[0.8907173871994019,0.0028983016964048147,0.03757438063621521,1.0830383871507365e-05,0.0007653808570466936,0.0001319856382906437,0.0026320721954107285,0.0637417882680893,0.001527894288301468],[0.18310290575027466,0.00029911764431744814,0.24472080171108246,3.750514588318765e-05,0.0003003470483236015,0.00027257707552053034,0.004456765484064817,0.565542459487915,0.001267573912627995],[0.6754769086837769,0.0011826874688267708,0.28178736567497253,9.437351764063351e-06,0.0006463526515290141,0.00015704984252806753,0.012773444876074791,0.025592904537916183,0.0023738278541713953]],"label":[1,0,0,0,0,0,0,0,0]}