{"input":[[0.07851898670196533,0.001403818023391068,0.6141749620437622,0.0561646893620491,0.18926288187503815,0.0027237243484705687,0.00677643483504653,0.004360700957477093,0.04661381244659424],[0.012424252927303314,0.0033039157278835773,0.5434969067573547,0.19756169617176056,0.08769972622394562,0.009762594476342201,0.011792845092713833,0.08515561372041702,0.04880252480506897],[0.03295904025435448,0.00017005216795951128,0.4902958273887634,0.1767316460609436,0.23367957770824432,0.0004229118349030614,0.006776308640837669,0.013838944025337696,0.04512568190693855],[0.00953593011945486,0.0015676665352657437,0.06632903218269348,0.7377086281776428,0.06952150911092758,0.002771716332063079,0.06299404054880142,0.011646730825304985,0.03792469948530197]],"label":[0,0,1,0,0,0,0,0,0]}