{"input":[[0.5919548273086548,0.008536608889698982,0.2772829830646515,0.00015611325216013938,0.0020511788316071033,0.0013422517804428935,0.006092221941798925,0.11118853837251663,0.0013953230809420347],[0.7673237323760986,0.00028432629187591374,0.22167648375034332,0.00021199554612394422,0.0019195714266970754,0.00014305456716101617,0.0006953818374313414,0.007167789153754711,0.0005777328624390066],[0.6666975021362305,0.006258072331547737,0.035983264446258545,0.0005782057996839285,0.03505728393793106,0.004527679178863764,0.07832881808280945,0.16930201649665833,0.0032671994995325804],[0.6422204375267029,0.005139251705259085,0.020997438579797745,0.002213641768321395,0.03946775943040848,0.0034414934925734997,0.17343808710575104,0.10543455928564072,0.0076472642831504345]],"label":[1,0,0,0,0,0,0,0,0]}