{"input":[[0.059632714837789536,0.019407516345381737,0.22543928027153015,0.04519946873188019,0.0965217724442482,0.011504019610583782,0.05052186921238899,0.4438748359680176,0.04789863899350166],[0.035849712789058685,0.04280776157975197,0.3478379547595978,0.0015457903500646353,0.1113416850566864,0.004242070950567722,0.012495524249970913,0.4345073699951172,0.009372166357934475],[0.028171340003609657,0.09175585955381393,0.27405306696891785,0.0040299249812960625,0.0018337091896682978,0.01717950403690338,0.16147105395793915,0.34715011715888977,0.07435548305511475],[0.0051475465297698975,0.04740505293011665,0.28829362988471985,0.0018566712969914079,0.024275001138448715,0.007682782597839832,0.03213293477892876,0.500856876373291,0.0923495665192604]],"label":[0,0,1,0,0,0,0,0,0]}