{"input":[[0.7537480592727661,0.0025566862896084785,0.026771239936351776,0.0035197497345507145,0.013530818745493889,0.0005853711627423763,0.00687287887558341,0.09885414689779282,0.09356105327606201],[0.4619361162185669,0.010871358215808868,0.029208539053797722,0.004247517790645361,0.02682708203792572,0.04847312346100807,0.13030946254730225,0.1270914226770401,0.16103540360927582],[0.4861794412136078,0.0826159119606018,0.0701674073934555,0.016288472339510918,0.009813223965466022,0.017554236575961113,0.038407955318689346,0.1961861252784729,0.08278720080852509],[0.5097478032112122,0.0007621769909746945,0.009389651007950306,0.0035317784640938044,0.007135743275284767,0.0008681979379616678,0.005727456882596016,0.10323318839073181,0.35960397124290466]],"label":[0,0,0,0,0,0,0,0,1]}