{"input":[[0.015330495312809944,0.0041723307222127914,0.0010639990214258432,0.47577813267707825,0.008593508042395115,0.04743858799338341,0.353549063205719,0.005068289581686258,0.08900558203458786],[0.018870852887630463,0.005284941755235195,0.006669588387012482,0.47190040349960327,0.030235320329666138,0.045637428760528564,0.23590752482414246,0.010610903613269329,0.17488300800323486],[0.02310318872332573,0.015587925910949707,0.003453319426625967,0.3999805450439453,0.02127067558467388,0.06987808644771576,0.2179177701473236,0.030688194558024406,0.21812033653259277],[0.010652697645127773,0.02389512024819851,0.0025541188661009073,0.552238941192627,0.03237571194767952,0.00987591128796339,0.32395434379577637,0.003771010087803006,0.04068215191364288]],"label":[0,0,0,0,0,0,1,0,0]}