{"input":[[0.0731830894947052,0.00028816849226132035,0.022209729999303818,0.00047420806367881596,0.003649380523711443,0.00037165614776313305,0.0023268605582416058,0.8847355842590332,0.012761342339217663],[0.007934480905532837,0.0007504772511310875,0.02035755291581154,0.0018607378005981445,0.0032983324490487576,0.00021255266619846225,0.009811301715672016,0.9493153691291809,0.006459173280745745],[0.008125624619424343,0.08440828323364258,0.012737784534692764,0.016179116442799568,0.01222149282693863,0.020201291888952255,0.043187085539102554,0.7967367768287659,0.006202485878020525],[0.01359160989522934,0.0869726911187172,0.02521866373717785,0.017693357542157173,0.023655565455555916,0.047478754073381424,0.07751196622848511,0.6865500807762146,0.02132738195359707]],"label":[0,0,0,0,0,0,0,1,0]}