{"input":[[0.0027730742003768682,0.020500069484114647,0.003143040230497718,0.03522695600986481,0.0019043298671022058,0.01165507547557354,0.9164783954620361,0.004058502148836851,0.004260435234755278],[0.013419241644442081,0.024223189800977707,0.002846092451363802,0.1050780788064003,0.008412929251790047,0.021943174302577972,0.7985286116600037,0.01365566998720169,0.011893031187355518],[0.019720258191227913,0.027935653924942017,0.01941758766770363,0.5869341492652893,0.017922312021255493,0.04903567209839821,0.18268077075481415,0.06825602054595947,0.02809750847518444],[0.017747657373547554,0.03617650270462036,0.010181770659983158,0.547730565071106,0.0070733013562858105,0.06823287904262543,0.28846263885498047,0.016436103731393814,0.007958504371345043]],"label":[0,0,0,0,0,0,1,0,0]}