{"input":[[0.041827790439128876,0.00914356391876936,0.12857559323310852,0.40047863125801086,0.02010563760995865,0.0014556824462488294,0.33073967695236206,0.010844186879694462,0.056829288601875305],[0.06749378889799118,0.01756029762327671,0.028335703536868095,0.6988672018051147,0.04998987913131714,0.008497669361531734,0.09309675544500351,0.010310135781764984,0.02584858424961567],[0.049582622945308685,0.005144109018146992,0.015896521508693695,0.7218930721282959,0.0370853953063488,0.003682290203869343,0.11029312014579773,0.012144520878791809,0.0442783460021019],[0.021161314100027084,0.007027314510196447,0.21876047551631927,0.5542469620704651,0.07200152426958084,0.003994729369878769,0.07351179420948029,0.014766087755560875,0.034529753029346466]],"label":[0,0,0,1,0,0,0,0,0]}