{"input":[[0.20452165603637695,0.017542295157909393,0.633712112903595,0.06502877920866013,0.046651482582092285,0.002686121966689825,0.01690690964460373,0.00882809516042471,0.00412259716540575],[0.2716189920902252,0.0005647602374665439,0.6947957277297974,0.0002661833423189819,0.005060231313109398,6.357580423355103e-05,0.00259584141895175,0.024670172482728958,0.00036451700725592673],[0.20149816572666168,0.061569299548864365,0.03148416802287102,0.004088691435754299,0.025921396911144257,0.007383212447166443,0.13166438043117523,0.5164075493812561,0.019983146339654922],[0.5648142695426941,0.023033902049064636,0.15813742578029633,0.004412780981510878,0.03895021229982376,0.006181619595736265,0.09963241219520569,0.09444720298051834,0.010390175506472588]],"label":[1,0,0,0,0,0,0,0,0]}