{"input":[[0.010040163062512875,0.2140849083662033,0.012944497168064117,0.03805573657155037,0.005974220111966133,0.08982344716787338,0.5542702078819275,0.016503186896443367,0.058303676545619965],[0.005777877289801836,0.20574790239334106,0.0021216270979493856,0.031122557818889618,0.003348506987094879,0.06352276355028152,0.6523284316062927,0.004831892438232899,0.03119843825697899],[0.032064925879240036,0.07643381506204605,0.16389141976833344,0.1956390142440796,0.020803214982151985,0.08508376777172089,0.3612127900123596,0.010070446878671646,0.05480062589049339],[0.003911461215466261,0.011081533506512642,0.4451621174812317,0.18465130031108856,0.032714445143938065,0.042015254497528076,0.191025510430336,0.06518284976482391,0.02425559237599373]],"label":[0,0,0,0,0,0,1,0,0]}