{"input":[[0.051006924360990524,0.014644946902990341,0.7923085689544678,0.013007900677621365,0.05608493834733963,0.0012440067948773503,0.053978245705366135,0.014744319021701813,0.002980239689350128],[0.10581325739622116,0.011755906976759434,0.4672448933124542,0.16211506724357605,0.07884177565574646,0.0018243467202410102,0.08336810767650604,0.07746699452400208,0.011569702997803688],[0.06882952898740768,0.035545237362384796,0.6014766693115234,0.09481308609247208,0.039624009281396866,0.004256826359778643,0.06641128659248352,0.017440415918827057,0.07160299271345139],[0.07466123253107071,0.008729098364710808,0.5795511603355408,0.04132942482829094,0.030089152976870537,0.007548362948000431,0.13786202669143677,0.06522171944379807,0.05500784143805504]],"label":[0,0,0,0,1,0,0,0,0]}