{"input":[[0.018501102924346924,0.012109090574085712,0.009534843266010284,0.6310916543006897,0.22723597288131714,0.0069980621337890625,0.06090901046991348,0.004744424019008875,0.02887590229511261],[0.021366188302636147,0.00756749976426363,0.004303791560232639,0.7962554097175598,0.031134193763136864,0.0062223211862146854,0.09831448644399643,0.004626888316124678,0.0302091296762228],[0.04282539337873459,0.012766747735440731,0.026604855433106422,0.6642158627510071,0.05101105943322182,0.018040480092167854,0.09468463808298111,0.0469248965382576,0.042926155030727386],[0.04971540346741676,0.011628817766904831,0.024646282196044922,0.6974639296531677,0.03900730982422829,0.02198799140751362,0.07355669885873795,0.045171190053224564,0.03682232275605202]],"label":[0,0,0,1,0,0,0,0,0]}