{"input":[[0.00015652993170078844,4.889183855993906e-06,0.005041200667619705,0.4272487163543701,0.5657681226730347,7.198347884695977e-05,0.00031118770129978657,0.0008121657883748412,0.0005851629539392889],[0.0022917725145816803,0.00020915477944072336,0.028249569237232208,0.4169825613498688,0.5133565664291382,0.0013035618467256427,0.025789372622966766,0.006887790746986866,0.004929659888148308],[0.002041648142039776,0.0009595417650416493,0.12190419435501099,0.5091978311538696,0.091798335313797,0.0029405790846794844,0.046381961554288864,0.04264473915100098,0.1821311116218567],[0.013599337078630924,0.019146999344229698,0.0559634305536747,0.37409618496894836,0.07423800230026245,0.010492990724742413,0.19903773069381714,0.07951909303665161,0.17390626668930054]],"label":[0,0,0,1,0,0,0,0,0]}