{"input":[[0.16098640859127045,0.12829668819904327,0.12674643099308014,0.07550252974033356,0.01747913844883442,0.0685461163520813,0.33529132604599,0.022325484082102776,0.06482580304145813],[0.07925646007061005,0.010060750879347324,0.07636432349681854,0.19735534489154816,0.1789153814315796,0.0045252833515405655,0.02331344224512577,0.370439738035202,0.05976923182606697],[0.060736458748579025,0.06572206318378448,0.10395513474941254,0.12398581951856613,0.02410336583852768,0.09973465651273727,0.3585231900215149,0.018113834783434868,0.14512552320957184],[0.007651064544916153,0.00656515546143055,0.2916125953197479,0.1276041865348816,0.08457380533218384,0.014077817089855671,0.2943430542945862,0.16125136613845825,0.012320872396230698]],"label":[0,0,0,1,0,0,0,0,0]}