{"input":[[0.39667072892189026,0.027730198577046394,0.032294049859046936,0.004823296796530485,0.007705621421337128,0.05608409270644188,0.10638606548309326,0.15393367409706116,0.21437223255634308],[0.3817426562309265,0.019210712984204292,0.12451806664466858,0.009386580437421799,0.0246988944709301,0.012339463457465172,0.04583747312426567,0.25430163741111755,0.1279645711183548],[0.5350735783576965,0.003058828180655837,0.32814881205558777,0.0006854534731246531,0.0119461165741086,0.0011568776099011302,0.01844651810824871,0.03606541082262993,0.06541840732097626],[0.07755784690380096,0.34711650013923645,0.014092223718762398,0.06576529890298843,0.014372792094945908,0.08205897361040115,0.22525106370449066,0.14996030926704407,0.02382490411400795]],"label":[1,0,0,0,0,0,0,0,0]}