{"input":[[0.27231156826019287,0.1981285959482193,0.018284616991877556,0.010140577331185341,0.004652747418731451,0.22969861328601837,0.1334145963191986,0.06902279704809189,0.06434592604637146],[0.12119624763727188,0.2553882300853729,0.03196050971746445,0.10042034834623337,0.06430474668741226,0.12217682600021362,0.2335306704044342,0.03118916042149067,0.03983324393630028],[0.07475018501281738,0.0560268834233284,0.14967583119869232,0.32370296120643616,0.07001306861639023,0.12528280913829803,0.10900499671697617,0.048635225743055344,0.042907994240522385],[0.047640610486269,0.20465393364429474,0.2747404873371124,0.0584818497300148,0.03180190548300743,0.15878745913505554,0.0730634555220604,0.025321083143353462,0.12550918757915497]],"label":[0,0,0,0,0,1,0,0,0]}