{"input":[[0.014131205156445503,0.01380748301744461,0.06901608407497406,0.27799007296562195,0.06246865913271904,0.01708320900797844,0.39471209049224854,0.016339300200343132,0.1344519853591919],[0.002907265443354845,0.0005291742854751647,0.10255518555641174,0.7182155847549438,0.14538168907165527,0.000409851927543059,0.007377915550023317,0.0014374074526131153,0.021185975521802902],[0.014534741640090942,0.0004236334061715752,0.0675005167722702,0.2573511302471161,0.0842660665512085,0.0016793620306998491,0.024171071127057076,0.051955390721559525,0.4981180429458618],[0.007477277889847755,0.00021013806690461934,0.04157906025648117,0.3290848731994629,0.524462878704071,0.0006802194402553141,0.020587977021932602,0.004805175121873617,0.07111246138811111]],"label":[0,0,0,0,1,0,0,0,0]}