{"input":[[0.034809671342372894,0.08853165805339813,0.15561653673648834,0.2412944883108139,0.03572250157594681,0.06623218953609467,0.2886860966682434,0.01333586871623993,0.07577108591794968],[0.012625978328287601,0.09175021946430206,0.06792476028203964,0.07323849201202393,0.011390848085284233,0.09325625747442245,0.5430458188056946,0.012699014507234097,0.09406863152980804],[0.044210392981767654,0.07253216207027435,0.06949731707572937,0.17537975311279297,0.045067235827445984,0.12397582083940506,0.3026435077190399,0.04584929347038269,0.12084446102380753],[0.08248509466648102,0.126256063580513,0.04347996041178703,0.2352226823568344,0.015611669048666954,0.06515069305896759,0.13058370351791382,0.13357144594192505,0.16763877868652344]],"label":[0,0,0,1,0,0,0,0,0]}