{"input":[[0.0016385676572099328,0.0013033965369686484,0.023848233744502068,0.8160136938095093,0.11463741958141327,0.0016454861033707857,0.02619819901883602,0.0009252766030840576,0.013789770193397999],[0.0038531634490936995,0.00031677502556703985,0.0268123559653759,0.7586380243301392,0.15056532621383667,0.0005712485290132463,0.00793304294347763,0.003171831602230668,0.04813827946782112],[0.0008792525040917099,1.9404471458983608e-05,0.0002943323052022606,0.9711148738861084,0.023677289485931396,2.522160684748087e-05,0.0020110239274799824,0.00013142067473381758,0.0018472278025001287],[0.0019393455004319549,0.00013901482452638447,0.0033041818533092737,0.8792155981063843,0.10307712107896805,0.000202304741833359,0.00629504956305027,0.0007676868699491024,0.005059671588242054]],"label":[0,0,0,1,0,0,0,0,0]}