{"input":[[0.1235378161072731,0.12183596938848495,0.024846136569976807,0.0010795962298288941,0.006167969200760126,0.04643935710191727,0.16181200742721558,0.4675906002521515,0.04669056087732315],[0.016191944479942322,0.5155122876167297,0.0008477242663502693,0.0006687752902507782,0.001010705018416047,0.13654658198356628,0.1311970353126526,0.050949376076459885,0.14707548916339874],[0.05705946683883667,0.026652704924345016,0.003223212668672204,0.0007188668823800981,0.002515775617212057,0.011263360269367695,0.49095234274864197,0.3918156027793884,0.015798624604940414],[0.027821045368909836,0.20441073179244995,0.012778123840689659,0.004370190668851137,0.008354690857231617,0.06420227885246277,0.19452151656150818,0.40048858523368835,0.08305278420448303]],"label":[0,0,0,0,0,1,0,0,0]}