{"input":[[0.031602613627910614,0.045792873948812485,0.06008468568325043,0.4206893742084503,0.028714541345834732,0.04367030784487724,0.29320594668388367,0.041149359196424484,0.03509031608700752],[0.1789858490228653,0.0977087914943695,0.2575618028640747,0.14161844551563263,0.015560002997517586,0.02760249190032482,0.12931326031684875,0.0930904969573021,0.05855894461274147],[0.20694682002067566,0.007813435047864914,0.060613613575696945,0.39047855138778687,0.06518536806106567,0.010880454443395138,0.05181550979614258,0.08589993417263031,0.12036625295877457],[0.13276264071464539,0.004413472954183817,0.2970242500305176,0.26230013370513916,0.10719315707683563,0.007142067886888981,0.037547290325164795,0.1337338536977768,0.01788310892879963]],"label":[0,0,0,1,0,0,0,0,0]}