{"input":[[0.04339157044887543,0.04866698756814003,0.1486569046974182,0.2076997011899948,0.023239335045218468,0.11543808877468109,0.24680742621421814,0.015800295397639275,0.15029972791671753],[0.005863858386874199,0.4150656759738922,0.003866752376779914,0.02450878731906414,0.006380412261933088,0.09326748549938202,0.26440757513046265,0.0176138523966074,0.16902554035186768],[0.031877048313617706,0.44501203298568726,0.04643413424491882,0.007858028635382652,0.02349216863512993,0.18446747958660126,0.11505519598722458,0.01844954863190651,0.12735432386398315],[0.003942494746297598,0.23673942685127258,0.6030518412590027,0.003918037749826908,0.00614933343604207,0.0549032986164093,0.02427327260375023,0.0014896048232913017,0.06553264707326889]],"label":[0,1,0,0,0,0,0,0,0]}