{"input":[[0.021936016157269478,0.011408558115363121,0.2162177413702011,0.4362775981426239,0.04406069964170456,0.021575966849923134,0.21882794797420502,0.007332375273108482,0.022363031283020973],[0.01495235413312912,0.008561568334698677,0.1750870943069458,0.457296758890152,0.026156041771173477,0.04907016083598137,0.25347405672073364,0.004975735209882259,0.010426262393593788],[0.11228867620229721,0.04642634838819504,0.18553796410560608,0.24969914555549622,0.022307435050606728,0.08212246000766754,0.2584301233291626,0.025831865146756172,0.017356012016534805],[0.03272506967186928,0.00785808078944683,0.11190145462751389,0.5904984474182129,0.09616268426179886,0.02221943438053131,0.08192772418260574,0.017285866662859917,0.039421141147613525]],"label":[0,0,1,0,0,0,0,0,0]}