{"input":[[0.009390524588525295,0.00020677839347627014,0.16514357924461365,2.5130859739874722e-06,0.0005048197926953435,0.00046181949437595904,0.008814984001219273,0.8149803876876831,0.0004945682012476027],[0.003523442195728421,0.001059780246578157,0.48751360177993774,3.146720337099396e-05,0.005743296816945076,0.00020578336261678487,0.0010522170923650265,0.4991229772567749,0.0017474588239565492],[0.3381398320198059,0.048101797699928284,0.5358508229255676,0.00013246532762423158,0.0009122381452471018,0.0020434276666492224,0.02774340659379959,0.03786015883088112,0.009215704165399075],[0.18434801697731018,0.02155175805091858,0.7394677996635437,0.0006059232982806861,0.0004512718296609819,0.0014133057557046413,0.014195282943546772,0.02177288755774498,0.016193727031350136]],"label":[0,0,0,0,0,0,0,1,0]}