{"input":[[0.01823815330862999,0.030419614166021347,0.04320531338453293,0.3296983242034912,0.030064670369029045,0.02190614491701126,0.10084675252437592,0.020037561655044556,0.40558353066444397],[0.04281225427985191,0.057052504271268845,0.07191217690706253,0.20672638714313507,0.05554714426398277,0.020951954647898674,0.10971058905124664,0.15477439761161804,0.2805125415325165],[0.031506333500146866,0.023817481473088264,0.3129701316356659,0.1624864637851715,0.030827747657895088,0.01998957246541977,0.08153437823057175,0.23611454665660858,0.10075345635414124],[0.03993649408221245,0.009436056949198246,0.07722998410463333,0.33520492911338806,0.15823161602020264,0.015213796868920326,0.03323093801736832,0.09608829021453857,0.23542796075344086]],"label":[0,0,0,0,0,0,1,0,0]}