{"input":[[0.026739777997136116,0.032938312739133835,0.009381760843098164,0.03344922885298729,0.0009216148173436522,0.15030916035175323,0.7035587430000305,0.0031834514811635017,0.03951790928840637],[0.0010484257945790887,0.02842106856405735,0.1696818321943283,0.08842094987630844,0.16770301759243011,0.029167773202061653,0.43722420930862427,0.006142487749457359,0.07219024747610092],[0.0983947291970253,0.030086219310760498,0.25413209199905396,0.08805162459611893,0.06589861214160919,0.021522488445043564,0.3045330047607422,0.03527369350194931,0.10210753232240677],[0.049969181418418884,0.026849158108234406,0.10787816345691681,0.3244588077068329,0.06207359954714775,0.012381493113934994,0.3344607651233673,0.01717243529856205,0.06475628912448883]],"label":[0,0,0,0,0,0,1,0,0]}