{"input":[[0.011949295178055763,0.004518325440585613,0.3220462203025818,0.002397469710558653,0.06907647103071213,0.0034088711254298687,0.12077796459197998,0.4600699543952942,0.00575538445264101],[0.0010678492253646255,0.045736946165561676,0.08154615759849548,0.0015585115179419518,0.01430489867925644,0.010503007099032402,0.05623664706945419,0.7158082723617554,0.073237843811512],[0.02968866564333439,0.07052060961723328,0.4517892003059387,0.004606259521096945,0.017463834956288338,0.011336461640894413,0.37503015995025635,0.01933012157678604,0.020234715193510056],[0.14327844977378845,0.0570814423263073,0.16399939358234406,0.031217964366078377,0.011252237483859062,0.007787026930600405,0.5269078016281128,0.012178689241409302,0.04629695788025856]],"label":[0,0,0,0,0,0,1,0,0]}