{"input":[[0.019835909828543663,0.009205423295497894,0.06389041244983673,0.008849256671965122,0.14376775920391083,0.0036628483794629574,0.03852050378918648,0.672153115272522,0.04011467844247818],[0.09399162232875824,0.05450460687279701,0.16023926436901093,0.20694385468959808,0.2701939642429352,0.010347235947847366,0.04732641950249672,0.11813807487487793,0.03831495717167854],[0.0040605035610497,0.004035372287034988,0.9532788991928101,0.001026188605464995,0.006578144617378712,9.493612742517143e-05,0.00425738887861371,0.02255624532699585,0.004112377762794495],[0.02343265525996685,0.0003796458477154374,0.8493704199790955,0.0006608748226426542,0.028387179598212242,1.4326912605611142e-05,0.0024613183923065662,0.08569994568824768,0.009593538008630276]],"label":[0,0,0,0,0,0,0,1,0]}