{"input":[[0.06630279868841171,0.137279212474823,0.26997584104537964,0.025128094479441643,0.004883923102170229,0.03754374757409096,0.2659459412097931,0.09429589658975601,0.09864456206560135],[0.078689344227314,0.05219760164618492,0.22478917241096497,0.047839660197496414,0.019831355661153793,0.026855284348130226,0.06613751500844955,0.2876492738723755,0.1960107684135437],[0.022979822009801865,0.0144477104768157,0.014325655996799469,0.2230931967496872,0.01637885719537735,0.09081147611141205,0.0974198654294014,0.4605282247066498,0.06001516431570053],[0.023882213979959488,0.12048931419849396,0.02381817437708378,0.06293065845966339,0.015091566368937492,0.04272463545203209,0.34356310963630676,0.32127845287323,0.04622189328074455]],"label":[0,0,0,0,0,0,0,1,0]}