{"input":[[0.06828246265649796,0.03748762980103493,0.10773364454507828,0.6466647982597351,0.042682137340307236,0.014545924961566925,0.06946156173944473,0.004185957368463278,0.00895588006824255],[0.13439899682998657,0.09648178517818451,0.10812908411026001,0.17293447256088257,0.040896713733673096,0.010665908455848694,0.1394324153661728,0.10755380988121033,0.18950675427913666],[0.16071194410324097,0.0050545064732432365,0.019893484190106392,0.011991259641945362,0.08097049593925476,0.006574221886694431,0.040547244250774384,0.5807803273200989,0.09347647428512573],[0.12171274423599243,0.031355276703834534,0.10252200812101364,0.05995338410139084,0.10334864258766174,0.046833522617816925,0.29292672872543335,0.12469165772199631,0.11665604263544083]],"label":[0,0,1,0,0,0,0,0,0]}