{"input":[[0.24204176664352417,0.0027600759640336037,0.1395314782857895,0.3295741379261017,0.06766676902770996,0.000609479087870568,0.03438572213053703,0.028583098202943802,0.15484745800495148],[0.03323601186275482,0.0045164963230490685,0.46265608072280884,0.3553929924964905,0.03487316519021988,0.0009278661455027759,0.029392734169960022,0.0135883167386055,0.0654163807630539],[0.3571174442768097,0.006619916297495365,0.16297712922096252,0.2355729639530182,0.0664181262254715,0.010155838914215565,0.11649946868419647,0.025911595672369003,0.018727464601397514],[0.03547378256917,0.004111585672944784,0.004532986786216497,0.18358151614665985,0.010794541798532009,0.008249716833233833,0.2222154438495636,0.4922769367694855,0.03876342251896858]],"label":[0,0,0,0,0,0,0,0,1]}