{"input":[[0.4521397650241852,0.03854146972298622,0.015127028338611126,0.020331524312496185,0.033915262669324875,0.017479004338383675,0.1996457576751709,0.13920892775058746,0.08361127227544785],[0.33216971158981323,0.028131956234574318,0.04239071533083916,0.2271755337715149,0.025744618847966194,0.04044743627309799,0.19309782981872559,0.02633357234299183,0.08450864255428314],[0.4900035858154297,0.30509763956069946,0.015998367220163345,0.0010283783776685596,0.0006565690855495632,0.013325005769729614,0.1474333256483078,0.014700168743729591,0.01175693329423666],[0.47657346725463867,0.015241468325257301,0.003721999004483223,0.0023478269577026367,0.005928324535489082,0.00395226338878274,0.07158802449703217,0.4131484627723694,0.007498083170503378]],"label":[0,0,0,0,0,0,1,0,0]}