{"input":[[0.016110986471176147,0.02389591373503208,0.2705109715461731,0.08909615874290466,0.050058528780937195,0.013436759822070599,0.1843675673007965,0.04803992062807083,0.3044831156730652],[0.031938336789608,0.007779018022119999,0.28676658868789673,0.330188125371933,0.05560816451907158,0.005441656801849604,0.11944345384836197,0.03396470472216606,0.12887005507946014],[0.0684133917093277,0.056329287588596344,0.07257283478975296,0.3076196610927582,0.05387294664978981,0.06609819829463959,0.20980104804039001,0.06737657636404037,0.09791594743728638],[0.03383638709783554,0.0819835290312767,0.01067422702908516,0.04393990710377693,0.012988457456231117,0.0463961623609066,0.6389191150665283,0.04893285036087036,0.08232928812503815]],"label":[0,0,0,0,0,0,0,1,0]}