{"input":[[0.24171344935894012,0.053016964346170425,0.4152965843677521,0.07017681747674942,0.04483988881111145,0.01599285937845707,0.0790700763463974,0.0393393374979496,0.0405539944767952],[0.5372210144996643,0.008266771212220192,0.26429352164268494,0.007166313007473946,0.026422472670674324,0.005438466090708971,0.021340763196349144,0.0980045348405838,0.031846169382333755],[0.49511340260505676,0.0023421968799084425,0.4322724938392639,0.007190378848463297,0.0038896461483091116,0.001447685295715928,0.04774005338549614,0.005681002512574196,0.004323107190430164],[0.33936771750450134,0.004523514304310083,0.44770336151123047,0.014552827924489975,0.02936531789600849,0.001047996454872191,0.04619840160012245,0.07547269016504288,0.04176812618970871]],"label":[0,0,1,0,0,0,0,0,0]}