{"input":[[0.07546333223581314,0.03529373183846474,0.020438335835933685,0.24216605722904205,0.1648421734571457,0.011846279725432396,0.07778250426054001,0.13134260475635529,0.24082501232624054],[0.26379162073135376,0.02690734528005123,0.0792689174413681,0.04954236373305321,0.2285105288028717,0.012218497693538666,0.08881482481956482,0.18305444717407227,0.067891426384449],[0.07477717101573944,0.0012355177896097302,0.05344533175230026,0.4157639443874359,0.23831558227539062,0.0009419549605809152,0.01106223650276661,0.07800233364105225,0.1264559030532837],[0.25480562448501587,0.0002463296696078032,0.11511658132076263,0.10554461926221848,0.40503430366516113,8.320896449731663e-05,0.017426075413823128,0.09560651332139969,0.006136693526059389]],"label":[1,0,0,0,0,0,0,0,0]}