{"input":[[0.012259179726243019,0.03499159961938858,0.0021755534689873457,0.4225292503833771,0.009324909187853336,0.031178630888462067,0.35583341121673584,0.0038928412832319736,0.12781459093093872],[0.021633941680192947,0.00890875980257988,0.03409517556428909,0.38688337802886963,0.04695149511098862,0.015940872952342033,0.34778693318367004,0.026251940056681633,0.11154739558696747],[0.20402666926383972,0.003340128343552351,0.04153161123394966,0.40913820266723633,0.08145741373300552,0.004488997161388397,0.19939488172531128,0.03858377784490585,0.018038364127278328],[0.06300491839647293,0.012892783619463444,0.11506064981222153,0.3386574983596802,0.13146720826625824,0.0056806905195117,0.29440489411354065,0.015117025002837181,0.023714305832982063]],"label":[0,0,0,1,0,0,0,0,0]}