{"input":[[0.19679932296276093,0.10370095819234848,0.16685925424098969,0.010741322301328182,0.00650718854740262,0.18925555050373077,0.2214766889810562,0.05509291961789131,0.04956689104437828],[0.1602621227502823,0.050487082451581955,0.37520432472229004,0.005289164371788502,0.03020579367876053,0.019209247082471848,0.23834747076034546,0.04415208101272583,0.07684266567230225],[0.40187424421310425,0.031326208263635635,0.17598068714141846,0.0036960006691515446,0.0036222811322659254,0.0051720887422561646,0.27360987663269043,0.041218049824237823,0.06350051611661911],[0.6607691049575806,0.029417559504508972,0.08811479061841965,0.0009373216307722032,0.005379496142268181,0.0031962664797902107,0.1342526376247406,0.007737144827842712,0.07019562274217606]],"label":[0,0,0,0,0,0,1,0,0]}