{"input":[[0.028734566643834114,0.05971437692642212,0.10162428021430969,0.09704592078924179,0.02353043295443058,0.030294576659798622,0.5323955416679382,0.061585184186697006,0.0650751143693924],[0.027125753462314606,0.2413593828678131,0.011544475331902504,0.013884663581848145,0.005587917752563953,0.17045795917510986,0.42586514353752136,0.04843096062541008,0.055743638426065445],[0.09457805752754211,0.028579430654644966,0.03648660331964493,0.004301636945456266,0.006056774873286486,0.05520681291818619,0.5357035994529724,0.1546909213066101,0.08439616858959198],[0.03259701281785965,0.010644650086760521,0.04355848208069801,0.007427591364830732,0.0107027068734169,0.06545383483171463,0.5173636674880981,0.08217262476682663,0.23007944226264954]],"label":[0,0,0,0,0,1,0,0,0]}