{"input":[[0.03548199683427811,0.028200391680002213,0.4265461564064026,0.23380567133426666,0.21786727011203766,0.0028404619079083204,0.03292812034487724,0.00811245758086443,0.014217406511306763],[0.0014954364160075784,0.0009193890145979822,0.15452542901039124,0.6295021176338196,0.0942382663488388,0.002265457296743989,0.05098191648721695,0.0059504322707653046,0.060121554881334305],[0.0030320733785629272,0.0023263280745595694,0.44482171535491943,0.13539531826972961,0.17928586900234222,0.027552640065550804,0.14252649247646332,0.02329767867922783,0.04176187515258789],[0.010998248122632504,0.007299328688532114,0.2086641490459442,0.4179615080356598,0.17972038686275482,0.019697900861501694,0.03261987119913101,0.08838313817977905,0.034655503928661346]],"label":[0,0,0,1,0,0,0,0,0]}