{"input":[[0.12784133851528168,0.059747785329818726,0.035976164042949677,0.3123572766780853,0.027721427381038666,0.06740672141313553,0.237321674823761,0.030882980674505234,0.10074464231729507],[0.0545031763613224,0.2871260344982147,0.06773945689201355,0.002648318652063608,0.010904439724981785,0.04171319305896759,0.47662103176116943,0.019996652379631996,0.03874775767326355],[0.13190536201000214,0.08697351813316345,0.3587186336517334,0.0006218079361133277,0.00646592490375042,0.011543032713234425,0.08065539598464966,0.11546842753887177,0.20764786005020142],[0.3234737515449524,0.03464822471141815,0.10661301016807556,0.002651562448590994,0.038203224539756775,0.02510664612054825,0.19375233352184296,0.012489150278270245,0.263062059879303]],"label":[1,0,0,0,0,0,0,0,0]}