{"input":[[0.0457855723798275,0.05559534579515457,0.5582849383354187,0.07449958473443985,0.033674102276563644,0.03321070969104767,0.1753750741481781,0.0072398316115140915,0.01633482240140438],[0.06941709667444229,0.0712212398648262,0.3134489357471466,0.05698278918862343,0.04609742388129234,0.013952153734862804,0.05352121591567993,0.2845177948474884,0.09084131568670273],[0.01202575396746397,0.044200580567121506,0.1432044804096222,0.29659828543663025,0.08100590854883194,0.01854214072227478,0.23791782557964325,0.06440673768520355,0.10209821164608002],[0.01678233966231346,0.003060330869629979,0.46971574425697327,0.19841483235359192,0.041601479053497314,0.006486070808023214,0.11405150592327118,0.0284869521856308,0.12140073627233505]],"label":[1,0,0,0,0,0,0,0,0]}