{"input":[[0.00708920881152153,0.0005305970553308725,0.023111166432499886,0.20567066967487335,0.013829048722982407,0.001586008002050221,0.03845847025513649,0.7066875696182251,0.0030372755136340857],[0.066109798848629,0.022020813077688217,0.026366429403424263,0.332639217376709,0.0536695197224617,0.015833746641874313,0.2853068709373474,0.0775151476264,0.1205383837223053],[0.11228343844413757,0.05789051577448845,0.2055807113647461,0.2492803931236267,0.04818869009613991,0.01587674953043461,0.1242758259177208,0.06627370417118073,0.12034989148378372],[0.03908432647585869,0.008949587121605873,0.013497058302164078,0.7143353223800659,0.05258617550134659,0.004319359082728624,0.05482279136776924,0.004861341789364815,0.10754406452178955]],"label":[0,0,0,1,0,0,0,0,0]}