{"input":[[0.046940144151449203,0.0005848934524692595,0.23477914929389954,0.5121158361434937,0.10380642861127853,0.00506195891648531,0.05017656087875366,0.03509225696325302,0.011442811228334904],[0.01653940975666046,0.004342198837548494,0.005192240234464407,0.3915368318557739,0.09307660162448883,0.009779487736523151,0.4140412509441376,0.018171483650803566,0.04732052981853485],[0.013395899906754494,0.00475510535761714,0.03880694881081581,0.2871483564376831,0.08150242269039154,0.01619819924235344,0.26807621121406555,0.06044644117355347,0.2296704649925232],[0.005240542348474264,0.010207978077232838,0.008625825867056847,0.591093122959137,0.06680891662836075,0.009444569237530231,0.24257957935333252,0.034605953842401505,0.03139341622591019]],"label":[0,0,0,1,0,0,0,0,0]}