{"input":[[0.007042309734970331,4.572272518998943e-05,0.3535628318786621,0.4975062906742096,0.12242155522108078,9.968139784177765e-05,0.006772393360733986,0.002893478376790881,0.009655723348259926],[0.029451636597514153,0.002376188989728689,0.05140175670385361,0.46186792850494385,0.23429179191589355,0.003297917079180479,0.16850066184997559,0.027091939002275467,0.02172021009027958],[0.028086289763450623,0.00031636838684789836,0.4470619261264801,0.27546611428260803,0.10702168196439743,0.0022896251175552607,0.007678929716348648,0.05637854337692261,0.07570051401853561],[0.024668021127581596,0.0004123393155168742,0.07420890778303146,0.5902236700057983,0.06153985857963562,0.003908977843821049,0.00651540094986558,0.03655267506837845,0.20197021961212158]],"label":[0,0,1,0,0,0,0,0,0]}