{"input":[[0.050180722028017044,0.00046790274791419506,0.6178693771362305,0.023718813434243202,0.08540427684783936,0.0004796896537300199,0.0024926005862653255,0.14109322428703308,0.07829341292381287],[0.08288697898387909,0.008854418992996216,0.06522411108016968,0.036142732948064804,0.06399517506361008,0.0033217899035662413,0.026977965608239174,0.6461348533630371,0.06646200269460678],[0.09116746485233307,0.0052440888248384,0.15886561572551727,0.17470990121364594,0.09262045472860336,0.005129160359501839,0.015373077243566513,0.23626545071601868,0.2206249088048935],[0.3460642099380493,0.001675790292210877,0.047602392733097076,0.029927395284175873,0.034701358526945114,0.011193189769983292,0.007189614232629538,0.263762503862381,0.25788360834121704]],"label":[0,0,0,0,1,0,0,0,0]}