{"input":[[0.00536181777715683,8.80620177667879e-07,0.003228374756872654,1.0783623594079472e-07,3.674724894153769e-06,1.9216106466046767e-06,9.190742275677621e-06,0.990925669670105,0.0004683563020080328],[0.0076711601577699184,2.671081165317446e-05,5.941271410847548e-06,1.8770151655189693e-07,0.00013538592611439526,5.9001347835874185e-05,0.001345090102404356,0.9898017048835754,0.0009547818335704505],[0.053381286561489105,6.4819491853995714e-06,0.009656312875449657,1.637973946344573e-05,9.663916898716707e-06,4.24588097303058e-06,6.65183033561334e-05,0.9366046190261841,0.0002544448943808675],[0.10356204956769943,0.0019017127342522144,0.01814396120607853,0.0007514089229516685,0.005596830043941736,0.001647359342314303,0.07580006122589111,0.7711624503135681,0.021434154361486435]],"label":[0,0,0,0,0,0,0,1,0]}