{"input":[[0.05063817277550697,0.006246841046959162,0.0234417412430048,0.721531867980957,0.09194041788578033,0.020270518958568573,0.028485242277383804,0.002878478728234768,0.054566629230976105],[0.10983379930257797,0.012123257853090763,0.049162447452545166,0.4566776156425476,0.12003215402364731,0.03365757316350937,0.05603572353720665,0.02766886167228222,0.13480855524539948],[0.008857155218720436,0.002778781810775399,0.47798022627830505,0.20760321617126465,0.22724786400794983,0.003987624775618315,0.02627001702785492,0.002673201262950897,0.042601943016052246],[0.013626203872263432,0.006939591374248266,0.0415438637137413,0.3538983166217804,0.07867927104234695,0.02882889285683632,0.08693744987249374,0.03306609392166138,0.3564801812171936]],"label":[0,0,0,0,1,0,0,0,0]}