{"input":[[0.0003450708754826337,0.00034373850212432444,0.0002608144422993064,0.825214684009552,0.009473977610468864,0.0014938791282474995,0.16067400574684143,0.00043453075340949,0.0017593377269804478],[0.002422251272946596,0.0032211430370807648,0.00358623662032187,0.4115060865879059,0.022934094071388245,0.004854697734117508,0.5415405631065369,0.0017071914626285434,0.00822776835411787],[0.018129752948880196,0.01807549223303795,0.00030216624145396054,0.10751289129257202,0.0011403640964999795,0.13020648062229156,0.5147484540939331,0.010583571158349514,0.1993008852005005],[0.013661361299455166,0.010187696665525436,0.00024605661747045815,0.050389233976602554,0.0018715814221650362,0.015854589641094208,0.8619112968444824,0.0006160250632092357,0.04526209458708763]],"label":[0,0,0,0,0,0,1,0,0]}