{"input":[[0.03821953386068344,0.05657918006181717,0.02763592265546322,0.5402418375015259,0.029599279165267944,0.03022610954940319,0.1775353103876114,0.05639323964715004,0.04356953129172325],[0.22268544137477875,0.10468065738677979,0.1517370641231537,0.003960554488003254,0.03385782614350319,0.19949296116828918,0.19793765246868134,0.042000651359558105,0.043647076934576035],[0.12635499238967896,0.052868522703647614,0.10076722502708435,0.12240489572286606,0.0060197096318006516,0.002908824011683464,0.5251844525337219,0.02727045863866806,0.036220960319042206],[0.2608417272567749,0.1429755985736847,0.0467296727001667,0.1909450739622116,0.017638856545090675,0.010191136039793491,0.23857152462005615,0.03188226372003555,0.06022405996918678]],"label":[1,0,0,0,0,0,0,0,0]}