{"input":[[0.02736894227564335,0.043505024164915085,0.001301562413573265,0.0007197692757472396,0.0005444124690257013,0.18487092852592468,0.7324988842010498,0.0015544984489679337,0.0076359533704817295],[0.019610850140452385,0.3268863260746002,0.0352771058678627,0.0002921434643212706,0.0019109993008896708,0.2533639669418335,0.2256864607334137,0.11774685233831406,0.019225316122174263],[0.023582857102155685,0.33262380957603455,0.02821560949087143,0.0020616829860955477,0.0057434942573308945,0.12272348999977112,0.4724913537502289,0.008514029905200005,0.004043697379529476],[0.023409772664308548,0.2209310382604599,0.018895039334893227,0.02691437117755413,0.01117109414190054,0.024062462151050568,0.6336808204650879,0.016243834048509598,0.024691538885235786]],"label":[0,0,0,0,0,0,1,0,0]}