{"input":[[0.07168478518724442,0.008333424106240273,0.4226318299770355,0.07642654329538345,0.04329993575811386,0.016827991232275963,0.24539795517921448,0.043311771005392075,0.07208569347858429],[0.013414827175438404,0.011132865212857723,0.0684000551700592,0.5395950078964233,0.059328820556402206,0.013189461082220078,0.19055049121379852,0.02255363203585148,0.08183491230010986],[0.029859688133001328,0.036685384809970856,0.056796349585056305,0.16006921231746674,0.047598883509635925,0.051697809249162674,0.4586763083934784,0.07081973552703857,0.08779655396938324],[0.040140300989151,0.06960893422365189,0.03405016288161278,0.4876827299594879,0.04277997463941574,0.03670263662934303,0.16583432257175446,0.05902101844549179,0.06417999416589737]],"label":[0,0,0,0,0,0,0,1,0]}