{"input":[[0.03759033605456352,0.04312555491924286,0.10415081679821014,0.014288305304944515,0.10246744006872177,0.05757325142621994,0.27590546011924744,0.08188468217849731,0.2830141484737396],[0.01271960698068142,0.0003253788163419813,0.3019537031650543,0.0010785413905978203,0.23775260150432587,0.0003227223642170429,0.0024483627639710903,0.413684606552124,0.02971457690000534],[0.0620257742702961,0.08582742512226105,0.2183014303445816,0.006304833572357893,0.0143734160810709,0.06930471211671829,0.41834670305252075,0.08873346447944641,0.036782365292310715],[0.015017461962997913,0.0036607529036700726,0.07129446417093277,0.0023879280779510736,0.05081350728869438,0.011395183391869068,0.1554563045501709,0.49346834421157837,0.1965060979127884]],"label":[0,0,0,0,0,0,0,1,0]}