{"input":[[0.017448825761675835,0.0013911608839407563,0.046511925756931305,0.6264927983283997,0.21130378544330597,0.004617323167622089,0.040225230157375336,0.0076473369263112545,0.04436172917485237],[0.009428784251213074,0.003656203392893076,0.028932541608810425,0.5173500180244446,0.02748851478099823,0.00562864076346159,0.29909548163414,0.07360892742872238,0.034810833632946014],[0.23552241921424866,0.0004145194834563881,0.2121785432100296,0.07927455008029938,0.17721708118915558,0.0004814984858967364,0.012841551564633846,0.024475304409861565,0.2575945556163788],[0.059988442808389664,0.0011094200890511274,0.032100122421979904,0.6581003665924072,0.1094290018081665,0.011221615597605705,0.07358889281749725,0.028637327253818512,0.025824882090091705]],"label":[0,0,0,0,1,0,0,0,0]}