{"input":[[0.022220419719815254,0.0025711136404424906,0.025336259976029396,0.78359454870224,0.01204149890691042,0.0025362020824104548,0.14492738246917725,0.0055502355098724365,0.0012223678641021252],[0.00292587629519403,0.00030975762638263404,0.032978180795907974,0.8387481570243835,0.03662717342376709,0.0004980909870937467,0.0761055201292038,0.009515427052974701,0.0022917715832591057],[0.16247858107089996,0.0003187469264958054,0.058998677879571915,0.013415992259979248,0.0015352587215602398,0.001366284559480846,0.7404670715332031,0.016747189685702324,0.004672213923186064],[0.008570080623030663,0.0002442197874188423,0.0021230217535048723,0.0005509622860699892,0.00035065741394646466,0.00027911877259612083,0.006915497127920389,0.9800326824188232,0.0009337590308859944]],"label":[0,0,0,0,1,0,0,0,0]}