{"input":[[0.12030497193336487,0.1231997013092041,0.2870055139064789,0.00437844218686223,0.027394669130444527,0.040793344378471375,0.08081512153148651,0.0566108375787735,0.25949737429618835],[0.043925024569034576,0.0358007550239563,0.20016084611415863,0.0027113142423331738,0.007658996153622866,0.18931284546852112,0.03691330924630165,0.03493404760956764,0.44858288764953613],[0.12891989946365356,0.0732555165886879,0.4073949456214905,0.004595643375068903,0.21128873527050018,0.00952343363314867,0.07235237210988998,0.05840560048818588,0.03426388278603554],[0.12979833781719208,0.01897519826889038,0.24624642729759216,0.0031683307606726885,0.10351219028234482,0.01116557139903307,0.31670308113098145,0.025297213345766068,0.14513368904590607]],"label":[0,0,0,0,0,0,0,0,1]}