{"input":[[0.09106334298849106,0.11303217709064484,0.18994268774986267,0.2760035991668701,0.013713188469409943,0.0500677190721035,0.21265868842601776,0.028428373858332634,0.02509024366736412],[0.015562028624117374,0.0199287049472332,0.011028465814888477,0.006549821700900793,0.006555323954671621,0.005658894311636686,0.9207015037536621,0.007796951103955507,0.006218408700078726],[0.014695395715534687,0.11558245122432709,0.008907930925488472,0.2804618179798126,0.023645348846912384,0.04328955337405205,0.39470088481903076,0.018439505249261856,0.10027718544006348],[0.008537927642464638,0.045480016618967056,0.02013656124472618,0.5284211039543152,0.05632571876049042,0.012800249271094799,0.26801028847694397,0.00979552511125803,0.05049264803528786]],"label":[0,0,0,0,0,0,1,0,0]}