{"input":[[0.0698065236210823,0.03610899671912193,0.10778481513261795,0.015488243661820889,0.02891281433403492,0.23940955102443695,0.25965356826782227,0.19865712523460388,0.04417829588055611],[0.10309523344039917,0.05525897070765495,0.015816479921340942,0.0064143952913582325,0.01976684480905533,0.20972029864788055,0.5560733675956726,0.01872856356203556,0.015125837177038193],[0.011918725445866585,0.6185266971588135,0.0566636323928833,0.00932381208986044,0.008358707651495934,0.013104266487061977,0.0452696792781353,0.2242897003889084,0.012544771656394005],[0.013348759151995182,0.3524966537952423,0.11561911553144455,0.005496426485478878,0.010868724435567856,0.04738708212971687,0.4143868386745453,0.037375859916210175,0.003020455362275243]],"label":[0,1,0,0,0,0,0,0,0]}