{"input":[[0.06976078450679779,0.0015890966169536114,0.3475988507270813,0.006817001383751631,0.011398411355912685,0.003160717897117138,0.04028460755944252,0.4813680052757263,0.038022443652153015],[0.6321725249290466,0.00026308122323825955,0.018611475825309753,0.004218216985464096,0.01005636714398861,0.0010760546429082751,0.013441329821944237,0.27143779397010803,0.0487232580780983],[0.12353197485208511,0.002942451508715749,0.5608037114143372,0.13817960023880005,0.05772499367594719,0.0027528416831046343,0.01478119008243084,0.008363324217498302,0.09091983735561371],[0.14832358062267303,0.0018295255722478032,0.7116929292678833,0.02423282340168953,0.03126520290970802,0.0012682039523497224,0.009612233377993107,0.04623816907405853,0.0255372803658247]],"label":[0,0,1,0,0,0,0,0,0]}