{"input":[[0.16883637011051178,0.13506154716014862,0.14805923402309418,0.07871413230895996,0.019556084647774696,0.17724889516830444,0.14296762645244598,0.026539772748947144,0.10301628708839417],[0.20350085198879242,0.19710354506969452,0.15426495671272278,0.016543187201023102,0.013048243708908558,0.10242074728012085,0.0838112160563469,0.15953652560710907,0.06977081298828125],[0.12924692034721375,0.13041062653064728,0.17012935876846313,0.07974923402070999,0.01855420507490635,0.0590999610722065,0.10974864661693573,0.11041975766420364,0.19264133274555206],[0.022214921191334724,0.16364358365535736,0.11878946423530579,0.04536132887005806,0.01569868065416813,0.098159059882164,0.03539363667368889,0.3246682584285736,0.17607112228870392]],"label":[0,0,1,0,0,0,0,0,0]}