{"input":[[0.4460991322994232,0.009292861446738243,0.4106765687465668,0.008014649152755737,0.010536374524235725,0.0009155937586911023,0.026995757594704628,0.05325791612267494,0.03421124070882797],[0.5772612690925598,0.02119975909590721,0.21062536537647247,0.025631211698055267,0.016300586983561516,0.00272825313732028,0.09355364739894867,0.022800160571932793,0.0298997163772583],[0.6321979761123657,0.012366412207484245,0.15666034817695618,0.001714265439659357,0.00559261767193675,0.003193274373188615,0.03674992918968201,0.11742601543664932,0.03409918397665024],[0.4757055938243866,0.03472890332341194,0.28989702463150024,0.008445840328931808,0.03540406748652458,0.008175831288099289,0.048113565891981125,0.06252794712781906,0.037001121789216995]],"label":[0,0,0,0,0,0,0,1,0]}