{"input":[[0.012722336687147617,0.08160341531038284,0.027889296412467957,0.04564109444618225,0.012709609232842922,0.04569357633590698,0.6959710717201233,0.03964598849415779,0.03812369331717491],[0.010351252742111683,0.04884868860244751,0.018439097329974174,0.0782826840877533,0.005423821043223143,0.025200899690389633,0.7604426741600037,0.022499335929751396,0.030511535704135895],[0.0467049665749073,0.25205931067466736,0.043814271688461304,0.13165007531642914,0.018411338329315186,0.07878818362951279,0.36923685669898987,0.02511473372578621,0.03422034531831741],[0.0456678532063961,0.11940415948629379,0.09714958816766739,0.061405401676893234,0.020154587924480438,0.05011940002441406,0.5437765121459961,0.017381619662046432,0.04494094476103783]],"label":[0,0,0,0,0,0,1,0,0]}