{"input":[[0.01204105094075203,0.002414900343865156,0.02751578390598297,0.8324446082115173,0.016588592901825905,0.007172469515353441,0.06340944021940231,0.0038752248510718346,0.03453786298632622],[0.009012964554131031,0.0005136248073540628,0.138986736536026,0.6620660424232483,0.10975807160139084,0.0014877804787829518,0.05031857267022133,0.003813202725723386,0.024042993783950806],[0.033193208277225494,0.020118672400712967,0.28342390060424805,0.2808423936367035,0.012644891627132893,0.04871675372123718,0.16124658286571503,0.11199086904525757,0.04782268777489662],[0.14419016242027283,0.00553102046251297,0.0681503638625145,0.346722811460495,0.10477744042873383,0.011354748159646988,0.164112389087677,0.050020888447761536,0.10514017939567566]],"label":[0,0,1,0,0,0,0,0,0]}