{"input":[[0.27024370431900024,0.051385119557380676,0.24621890485286713,0.15545214712619781,0.018116019666194916,0.0346376933157444,0.1780702769756317,0.03051692619919777,0.015359140932559967],[0.09041948616504669,0.07277871668338776,0.14549817144870758,0.11885932087898254,0.07087673991918564,0.1346093714237213,0.23363812267780304,0.053712911903858185,0.07960721105337143],[0.2141391783952713,0.04388437792658806,0.4365425407886505,0.0739678144454956,0.009581024758517742,0.03057423233985901,0.12598393857479095,0.05040784925222397,0.014919073320925236],[0.4296380877494812,0.029155123978853226,0.2940434515476227,0.059157826006412506,0.007858467288315296,0.01573740877211094,0.04678719490766525,0.04499604180455208,0.07262641936540604]],"label":[0,0,0,0,0,0,1,0,0]}