{"input":[[0.5999312400817871,0.010649401694536209,0.032281115651130676,0.09241163730621338,0.007956743240356445,0.007892806082963943,0.1736489087343216,0.06686370819807053,0.008364480920135975],[0.3462110161781311,0.15850654244422913,0.04507177695631981,0.02458447776734829,0.019726864993572235,0.01806695945560932,0.25171226263046265,0.02320426143705845,0.11291584372520447],[0.7125346660614014,0.009565710090100765,0.13648633658885956,0.004620219115167856,0.0038232598453760147,0.009326652623713017,0.08213800936937332,0.03168162703514099,0.009823580272495747],[0.07646894454956055,0.11992786079645157,0.03810690715909004,0.12488539516925812,0.025914808735251427,0.045331381261348724,0.5130456686019897,0.018456991761922836,0.0378621369600296]],"label":[1,0,0,0,0,0,0,0,0]}