{"input":[[0.07644611597061157,0.0045422883704304695,0.8657214641571045,0.003131030360236764,0.007734769489616156,0.0018337712390348315,0.0281952153891325,0.005214349366724491,0.007181031163781881],[0.3450647294521332,0.005888465326279402,0.5794582366943359,0.001277933712117374,0.028567420318722725,0.002411565510556102,0.023073755204677582,0.0054921037517488,0.008765841834247112],[0.15541286766529083,0.003772913245484233,0.7980848550796509,0.002922958927229047,0.011505522765219212,0.001309811370447278,0.012298204004764557,0.009272628463804722,0.0054202633909881115],[0.2474512755870819,0.0036392754409462214,0.6929076910018921,0.0010693187359720469,0.011799555271863937,0.0009189515840262175,0.00796821340918541,0.0245748832821846,0.009670860134065151]],"label":[0,0,1,0,0,0,0,0,0]}