{"input":[[0.1817045658826828,0.3158572018146515,0.03707961365580559,0.06189538910984993,0.012537391856312752,0.17387273907661438,0.17356233298778534,0.019654257223010063,0.023836614564061165],[0.012936006300151348,0.20921850204467773,0.005854889750480652,0.008754300884902477,0.0027879129629582167,0.2056901454925537,0.5461013913154602,0.002131159184500575,0.006525598932057619],[0.08095964789390564,0.3022835850715637,0.1318553239107132,0.02064722403883934,0.013895857147872448,0.07698889076709747,0.23823721706867218,0.06571147590875626,0.06942083686590195],[0.04308769106864929,0.34792882204055786,0.14972779154777527,0.02748992294073105,0.012577414512634277,0.21666519343852997,0.11679299175739288,0.033207375556230545,0.052522823214530945]],"label":[0,0,0,0,0,1,0,0,0]}