{"input":[[0.001416850951500237,0.003086110344156623,0.0045434883795678616,0.8577499985694885,0.024991460144519806,0.0032868601847440004,0.10006212443113327,0.00011641294986475259,0.004746777471154928],[0.05966044217348099,0.008535134606063366,0.005744543392211199,0.3603156507015228,0.015390746295452118,0.02134275808930397,0.5066207051277161,0.0049222307279706,0.017467772588133812],[0.007680343464016914,0.033220816403627396,0.006852100137621164,0.5139121413230896,0.006891085300594568,0.003548179054632783,0.4228028655052185,0.0005508553003892303,0.004541619215160608],[0.013374377973377705,0.0010831556282937527,0.023758459836244583,0.565089762210846,0.32232213020324707,0.0011787053663283587,0.031513605266809464,0.03282596543431282,0.008853764273226261]],"label":[0,0,0,0,1,0,0,0,0]}