{"input":[[0.26592811942100525,0.32320353388786316,0.09332699328660965,0.005868048407137394,0.006816435605287552,0.030743839219212532,0.083372563123703,0.17497651278972626,0.015764031559228897],[0.015758749097585678,0.3170754909515381,0.1584259420633316,0.026711806654930115,0.017984282225370407,0.09427844732999802,0.08421530574560165,0.2045474648475647,0.08100243657827377],[0.12773631513118744,0.17388135194778442,0.12964706122875214,0.019146250560879707,0.016963405534625053,0.04420969635248184,0.26978960633277893,0.1289881020784378,0.08963828533887863],[0.06600270420312881,0.10958384722471237,0.02876797504723072,0.01755506545305252,0.013305139727890491,0.0334954671561718,0.3891267776489258,0.2089114487171173,0.13325153291225433]],"label":[0,0,0,0,0,0,1,0,0]}