{"input":[[0.08825608342885971,0.08636535704135895,0.09529966861009598,0.0933196023106575,0.020405396819114685,0.09552129358053207,0.10417407006025314,0.09075281769037247,0.3259057402610779],[0.04176238179206848,0.03833139315247536,0.10645715147256851,0.1728775054216385,0.051570553332567215,0.08800910413265228,0.13115400075912476,0.09692747890949249,0.27291038632392883],[0.02614489570260048,0.20611143112182617,0.050508659332990646,0.0908677875995636,0.02314642071723938,0.10194188356399536,0.13145992159843445,0.22032056748867035,0.1494983285665512],[0.017457272857427597,0.18865135312080383,0.026755454018712044,0.02395811676979065,0.013085934333503246,0.2093048393726349,0.1433209329843521,0.29942893981933594,0.07803709805011749]],"label":[0,0,1,0,0,0,0,0,0]}