{"input":[[0.06050831452012062,0.07491850107908249,0.21811285614967346,0.05808088555932045,0.027224410325288773,0.1621406078338623,0.1369689702987671,0.225579634308815,0.03646578639745712],[0.0390700064599514,0.009092612192034721,0.6326149106025696,0.021706096827983856,0.014057700522243977,0.046380091458559036,0.09773614257574081,0.07305849343538284,0.06628397852182388],[0.024918533861637115,0.12743641436100006,0.271746963262558,0.11564243584871292,0.06146387383341789,0.03224208950996399,0.17058919370174408,0.0377093106508255,0.15825116634368896],[0.016205091029405594,0.04084377363324165,0.22551020979881287,0.40683165192604065,0.04524383693933487,0.021559640765190125,0.1272464096546173,0.0206910390406847,0.095868319272995]],"label":[0,0,0,0,0,0,0,0,1]}