{"input":[[0.03823322430253029,0.003121843794360757,0.5035332441329956,0.007382681127637625,0.033994030207395554,0.0007347954087890685,0.005464364308863878,0.3431701958179474,0.06436556577682495],[0.2285124957561493,0.0031606818083673716,0.13330291211605072,0.44675037264823914,0.07447726279497147,0.001956966705620289,0.004986426327377558,0.0762096643447876,0.03064328245818615],[0.005766726564615965,0.0001229862537002191,0.13592126965522766,0.04330357164144516,0.7288452982902527,0.00015776920190546662,0.0037127353716641665,0.05365677550435066,0.028512950986623764],[0.24560973048210144,0.0002968450717162341,0.385429322719574,0.029145903885364532,0.09560035169124603,0.000334036914864555,0.001498567871749401,0.2269780933856964,0.01510725449770689]],"label":[0,0,0,1,0,0,0,0,0]}