{"input":[[0.02782328613102436,0.014608601108193398,0.034412555396556854,0.3147777020931244,0.04979529604315758,0.06322575360536575,0.32977408170700073,0.11840197443962097,0.04718071594834328],[0.12121283262968063,0.0040345084853470325,0.14010104537010193,0.14416727423667908,0.1862778216600418,0.025423314422369003,0.1180482879281044,0.10441175103187561,0.15632317960262299],[0.0247954148799181,0.008167391642928123,0.020742470398545265,0.6783233284950256,0.05726988613605499,0.006269844248890877,0.17530329525470734,0.0029671587981283665,0.02616124227643013],[0.011129138991236687,0.0008118614205159247,0.009341884404420853,0.8325892686843872,0.11548049002885818,0.0020708271767944098,0.02115837298333645,0.002107738284394145,0.005310379900038242]],"label":[0,0,0,0,0,0,1,0,0]}