{"input":[[0.0012441165745258331,0.0024771911557763815,0.22122934460639954,0.1890595406293869,0.446071058511734,0.0007056480972096324,0.08346227556467056,0.054928358644247055,0.0008224551565945148],[0.009713215753436089,0.17654003202915192,0.1539333462715149,0.1999596357345581,0.03320368006825447,0.0435112789273262,0.19902436435222626,0.13638707995414734,0.047727420926094055],[0.004028183873742819,0.03750000149011612,0.8599252700805664,0.021762849763035774,0.044097352772951126,0.0010918992338702083,0.016099434345960617,0.014482342638075352,0.001012645778246224],[0.003834180999547243,0.010045022703707218,0.2979866862297058,0.2613900601863861,0.3491922616958618,0.005406673066318035,0.026916855946183205,0.03372260555624962,0.011505638249218464]],"label":[0,0,0,0,1,0,0,0,0]}