{"input":[[0.09405282139778137,0.006482447497546673,0.23877876996994019,0.20929202437400818,0.1536264419555664,0.0007020526099950075,0.1377570629119873,0.006048727780580521,0.1532597690820694],[0.12348710000514984,0.0042603579349815845,0.09962630271911621,0.4906632900238037,0.1426277905702591,0.0017745981458574533,0.035401105880737305,0.005463522858917713,0.09669587761163712],[0.02102195844054222,0.006757838651537895,0.012104415334761143,0.30920153856277466,0.2482144981622696,0.01578894816339016,0.187874898314476,0.05379975959658623,0.14523613452911377],[0.05637450888752937,0.008894531056284904,0.0595879852771759,0.2514818012714386,0.2793870270252228,0.006552520673722029,0.24343155324459076,0.030710602179169655,0.06357952207326889]],"label":[0,0,0,0,1,0,0,0,0]}