{"input":[[0.19944782555103302,0.020019598305225372,0.26397812366485596,0.004311755299568176,0.022626644000411034,0.008876756764948368,0.17376957833766937,0.2865593135356903,0.020410457625985146],[0.026453565806150436,0.17783914506435394,0.09934312850236893,0.02555626630783081,0.021797891706228256,0.09235157072544098,0.2232721447944641,0.2847632169723511,0.048623133450746536],[0.14086304605007172,0.22144384682178497,0.31530702114105225,0.006341787986457348,0.0020779024343937635,0.020004630088806152,0.11504661291837692,0.17216995358467102,0.0067451284267008305],[0.11740501970052719,0.10821843892335892,0.3472905158996582,0.030374355614185333,0.03868233412504196,0.039143797010183334,0.23454000055789948,0.03301544487476349,0.051330044865608215]],"label":[0,0,0,0,0,0,0,1,0]}