{"input":[[0.18058714270591736,0.10858737677335739,0.2609780728816986,0.010823761112987995,0.026634467765688896,0.037691134959459305,0.1204746887087822,0.21739965677261353,0.03682385012507439],[0.011187635362148285,0.4557458162307739,0.017809856683015823,0.09729310870170593,0.042357344180345535,0.09976181387901306,0.24973586201667786,0.014439755119383335,0.011668805964291096],[0.02643532119691372,0.11892335116863251,0.25149646401405334,0.07472259551286697,0.03778236731886864,0.12941667437553406,0.09397770464420319,0.14753523468971252,0.11971023678779602],[0.0037214308977127075,0.020458124577999115,0.29437586665153503,0.4592724144458771,0.021344097331166267,0.07277337461709976,0.10158072412014008,0.007493993733078241,0.01897999458014965]],"label":[0,0,0,1,0,0,0,0,0]}