{"input":[[0.1344170868396759,0.01835646852850914,0.01754520647227764,0.4011790156364441,0.008883248083293438,0.01200991403311491,0.3227563500404358,0.0641949325799942,0.020657707005739212],[0.15319512784481049,0.002468349179252982,0.03131904453039169,0.3992839753627777,0.04853891581296921,0.00209541036747396,0.29021865129470825,0.029519032686948776,0.04336147755384445],[0.009288533590734005,0.0014961103443056345,0.005166059825569391,0.06904281675815582,0.009709766134619713,0.001660187030211091,0.8998358845710754,0.0016039613401517272,0.002196756424382329],[0.008035708218812943,0.0011134998640045524,0.003552565583959222,0.782365620136261,0.07882949709892273,0.0031760192941874266,0.10636130720376968,0.007907490245997906,0.008658257313072681]],"label":[0,0,0,0,1,0,0,0,0]}