{"input":[[0.03845851495862007,0.04222438484430313,0.03956226259469986,0.4523995518684387,0.04453758895397186,0.025007452815771103,0.25067612528800964,0.03691371530294418,0.07022032886743546],[0.03775368630886078,0.036349374800920486,0.06447920203208923,0.46903708577156067,0.06671727448701859,0.06386200338602066,0.15650330483913422,0.022124113515019417,0.0831739604473114],[0.03334489092230797,0.021640179678797722,0.0529983751475811,0.6357089877128601,0.054359983652830124,0.018765557557344437,0.12777464091777802,0.01941908895969391,0.035988304764032364],[0.03536723181605339,0.011467122472822666,0.051201384514570236,0.5838691592216492,0.08183582872152328,0.017614994198083878,0.15256181359291077,0.015984266996383667,0.05009818077087402]],"label":[0,0,0,1,0,0,0,0,0]}