{"input":"102085.jpg","scores":[[[0.05100928246974945,0.3776217997074127,0.2654350697994232,0.1202465295791626,0.18568730354309082]],[[0.06393035501241684,0.3691276013851166,0.2684137523174286,0.10271277278661728,0.1958155632019043]],[[0.3868630528450012,-0.22530776262283325,0.21403199434280396,0.32985419034957886,0.29455846548080444]],[[0.5503321886062622,-0.26626795530319214,0.10728684812784195,0.3299253582954407,0.2787235379219055]],[[0.07085151225328445,0.3673302233219147,0.2637636363506317,0.10636325180530548,0.1916913539171219]]],"label":[0,0,1,0,0]}