{"input":"103128.jpg","scores":[[[0.05487750470638275,0.3758792579174042,0.2644954025745392,0.11882500350475311,0.18592281639575958]],[[0.07598145306110382,0.3626784086227417,0.2678098976612091,0.09342993795871735,0.20010028779506683]],[[0.5050949454307556,-0.48096516728401184,0.20694053173065186,0.3404359221458435,0.42849379777908325]],[[0.08410178869962692,0.35644418001174927,0.27171269059181213,0.07817035913467407,0.2095710188150406]],[[0.4591425359249115,-0.30598485469818115,0.17530471086502075,0.3383799195289612,0.3331577777862549]]],"label":[0,0,0,0,1]}