{"input":"13263.jpg","scores":[[[-2.4095516204833984,5.459578990936279,1.3327828645706177,-1.3865859508514404,-1.9962246417999268]],[[0.06103868409991264,0.20631280541419983,0.28650763630867004,0.3235076665878296,0.12263315916061401]],[[0.05291803553700447,0.3800547420978546,0.25750917196273804,0.1351262480020523,0.17439183592796326]],[[0.044535428285598755,0.38448742032051086,0.25800928473472595,0.14142437279224396,0.17154347896575928]],[[0.06768039613962173,0.37094640731811523,0.2595255374908447,0.11799664795398712,0.18385101854801178]]],"label":[1,0,0,0,0]}