{"input":"14285.jpg","scores":[[[0.06523239612579346,0.3706912100315094,0.26322850584983826,0.11239977926015854,0.18844804167747498]],[[0.06212576851248741,0.3718425929546356,0.26453521847724915,0.1123909279704094,0.18910549581050873]],[[0.07875648885965347,0.363332599401474,0.2628563940525055,0.10133813321590424,0.1937163770198822]],[[0.05680554360151291,0.37580689787864685,0.2622527778148651,0.12181496620178223,0.1833198517560959]],[[0.08010725677013397,0.3509800434112549,0.2669617235660553,0.1072775274515152,0.19467344880104065]]],"label":[0,0,1,0,0]}