{"input":"16345.jpg","scores":[[[0.07350321114063263,0.3759993612766266,0.24046853184700012,0.15282531082630157,0.1572035551071167]],[[-0.09065160155296326,0.32550254464149475,0.3157777488231659,0.44976291060447693,-0.00039158339495770633]],[[0.47215765714645386,-0.31125134229660034,0.1702863872051239,0.3366287350654602,0.3321785032749176]],[[0.9969161748886108,-1.2951304912567139,0.12918679416179657,0.38756242394447327,0.7814651131629944]],[[0.4808237552642822,-0.4213966429233551,0.20241758227348328,0.3414789140224457,0.3966763913631439]]],"label":[0,0,1,0,0]}