{"input":"17814.jpg","scores":[[[0.06356670707464218,0.3706209361553192,0.2654631733894348,0.10919693857431412,0.19115224480628967]],[[0.07253745198249817,0.36123982071876526,0.2753608822822571,0.0806887224316597,0.2101731151342392]],[[0.058134857565164566,0.37594839930534363,0.26020437479019165,0.12493888288736343,0.18077340722084045]],[[0.8945960402488708,-15.384517669677734,3.1116373538970947,-0.031831495463848114,12.410116195678711]],[[0.0592753030359745,0.37391576170921326,0.2633863687515259,0.11729394644498825,0.1861286163330078]]],"label":[0,1,0,0,0]}