{"input":"18412.jpg","scores":[[[0.5007880926132202,-0.43696245551109314,0.21775805950164795,0.3144528567790985,0.4039633870124817]],[[0.02888178639113903,0.09015820175409317,0.25639808177948,0.4064575135707855,0.21810434758663177]],[[0.4163244366645813,-0.5142809748649597,0.18611441552639008,0.4598507285118103,0.45199137926101685]],[[0.10150737315416336,0.3463713526725769,0.2725584805011749,0.06117596849799156,0.21838673949241638]],[[0.33922794461250305,-0.23111426830291748,0.2530459463596344,0.33226272463798523,0.3065776824951172]]],"label":[0,0,0,0,1]}