{"input":"22227.jpg","scores":[[[0.4586433470249176,-0.4200493395328522,0.21792954206466675,0.3568253815174103,0.38665106892585754]],[[0.4815230071544647,-0.4077227711677551,0.2059110552072525,0.33188918232917786,0.38839954137802124]],[[0.5156514048576355,-0.517845869064331,0.21548914909362793,0.3367830514907837,0.44992226362228394]],[[0.5151427388191223,-0.5091311931610107,0.21628665924072266,0.3396909236907959,0.4380108714103699]],[[0.4555800259113312,-0.2919493019580841,0.17120079696178436,0.3395329713821411,0.32563555240631104]]],"label":[1,0,0,0,0]}