{"input":"22331.jpg","scores":[[[0.49113720655441284,-0.41269242763519287,0.24035076797008514,0.29123634099960327,0.3899681270122528]],[[0.05482794716954231,0.37681058049201965,0.2624640166759491,0.12310650944709778,0.18279100954532623]],[[0.09390953928232193,0.3551200330257416,0.26230573654174805,0.08923562616109848,0.19942906498908997]],[[0.07623369246721268,0.3482987582683563,0.2766731083393097,0.09125480055809021,0.2075396180152893]],[[0.05927068740129471,0.37472039461135864,0.2616109549999237,0.12099641561508179,0.18340155482292175]]],"label":[0,0,0,1,0]}