{"input":"26736.jpg","scores":[[[0.07107774913311005,0.3648461699485779,0.2690960466861725,0.09503350406885147,0.19994646310806274]],[[0.08719918876886368,0.3537004590034485,0.2740374803543091,0.07060238718986511,0.21446047723293304]],[[0.47027817368507385,-0.31300294399261475,0.16943076252937317,0.3382593095302582,0.33503469824790955]],[[0.06162956729531288,0.371682345867157,0.2655191421508789,0.11077189445495605,0.19039708375930786]],[[0.08269035816192627,0.3609691262245178,0.26324552297592163,0.09708364307880402,0.19601136445999146]]],"label":[0,1,0,0,0]}