{"input":"32145.jpg","scores":[[[0.4524928033351898,-0.33553585410118103,0.18907369673252106,0.33831557631492615,0.35565370321273804]],[[0.5161134004592896,-0.5096640586853027,0.20233701169490814,0.3464331328868866,0.4447805881500244]],[[0.44781747460365295,-0.2932646870613098,0.1767159253358841,0.33979061245918274,0.3289406895637512]],[[0.4676119089126587,-0.31245577335357666,0.1737605184316635,0.33639290928840637,0.3346903920173645]],[[0.46044862270355225,-0.3691656291484833,0.18351107835769653,0.35257622599601746,0.3726297616958618]]],"label":[1,0,0,0,0]}