{"input":"32616.jpg","scores":[[[-0.5946347117424011,1.1665571928024292,0.33107516169548035,0.4442044198513031,-0.3472020924091339]],[[0.4734443128108978,-0.393586128950119,0.20425598323345184,0.33279353380203247,0.3830922544002533]],[[0.42401322722435,-0.3199644684791565,0.19987033307552338,0.34896454215049744,0.34711629152297974]],[[0.4717523157596588,-0.3400176167488098,0.1879783719778061,0.3305225670337677,0.349764347076416]],[[0.4874669909477234,-0.43675559759140015,0.20320428907871246,0.3386935889720917,0.4073907732963562]]],"label":[0,0,1,0,0]}