{"input":"38994.jpg","scores":[[[0.07934664189815521,0.36162325739860535,0.2659589648246765,0.0943489819765091,0.19872216880321503]],[[0.05619167163968086,0.3754848539829254,0.2637452781200409,0.11923816800117493,0.18533997237682343]],[[0.07758814841508865,0.36650320887565613,0.2571164667606354,0.11435142159461975,0.1844407320022583]],[[0.05155607685446739,0.37857896089553833,0.26258963346481323,0.1257065236568451,0.18156883120536804]],[[0.06990955770015717,0.36870425939559937,0.26183223724365234,0.111221544444561,0.18833234906196594]]],"label":[0,0,1,0,0]}