{"input":"44118.jpg","scores":[[[0.028128493577241898,0.10362338274717331,0.25391364097595215,0.40683889389038086,0.2074955701828003]],[[0.07046553492546082,0.3657611310482025,0.2677718997001648,0.09833889454603195,0.1976625621318817]],[[0.04290493205189705,0.38459986448287964,0.2598226070404053,0.1390628069639206,0.17360977828502655]],[[0.05765180662274361,0.35799306631088257,0.27814456820487976,0.1044514998793602,0.20175907015800476]],[[0.07280553877353668,0.36414507031440735,0.26849275827407837,0.09478362649679184,0.19977299869060516]]],"label":[0,0,1,0,0]}