{"input":"48227.jpg","scores":[[[0.4363584816455841,-0.3211139738559723,0.1998547911643982,0.33598649501800537,0.3489142060279846]],[[0.4861484169960022,-0.4132709801197052,0.20774595439434052,0.32699838280677795,0.39237821102142334]],[[0.4293311536312103,-0.29797670245170593,0.19625529646873474,0.33572918176651,0.33666107058525085]],[[0.047807127237319946,0.3810136020183563,0.26178401708602905,0.1306733340024948,0.17872194945812225]],[[0.4371384084224701,-0.3121294379234314,0.19506600499153137,0.3363950252532959,0.3435300290584564]]],"label":[0,0,1,0,0]}