{"input":"51486.jpg","scores":[[[0.1623934507369995,0.33341991901397705,0.2243713140487671,0.10865384340286255,0.1711614578962326]],[[0.7104141712188721,-0.6254246830940247,0.11504396051168442,0.3255881071090698,0.4743784964084625]],[[0.4309995472431183,-0.29811927676200867,0.20082150399684906,0.3323030471801758,0.33399516344070435]],[[0.5444137454032898,-0.4297081232070923,0.17638948559761047,0.3170197904109955,0.39188507199287415]],[[0.465288907289505,-0.3221752941608429,0.18305133283138275,0.3311794400215149,0.34265565872192383]]],"label":[0,0,0,1,0]}