{"input":"52579.jpg","scores":[[[0.4554937481880188,-0.3100619912147522,0.17778517305850983,0.33708781003952026,0.3396952152252197]],[[0.4634346067905426,-0.35660430788993835,0.1884015053510666,0.3399517238140106,0.36481648683547974]],[[0.464826762676239,-0.31272563338279724,0.17451180517673492,0.33528152108192444,0.33810558915138245]],[[0.47946250438690186,-0.35928991436958313,0.17980150878429413,0.3380395472049713,0.36198627948760986]],[[0.4663398563861847,-0.31335729360580444,0.17387476563453674,0.3352164626121521,0.33792629837989807]]],"label":[0,0,1,0,0]}