{"input":"52976.jpg","scores":[[[0.5036852359771729,-0.42554882168769836,0.20986293256282806,0.31592974066734314,0.3960708677768707]],[[0.609065055847168,-0.5667188763618469,0.237879678606987,0.25872138142585754,0.46105286478996277]],[[0.3866010904312134,-0.2893766462802887,0.2259102761745453,0.34567809104919434,0.3311872184276581]],[[0.4695267379283905,-0.30133959650993347,0.17130285501480103,0.3338620066642761,0.3266479969024658]],[[0.8945960402488708,-15.384517669677734,3.1116373538970947,-0.031831495463848114,12.410116195678711]]],"label":[0,0,0,0,1]}