{"input":"54028.jpg","scores":[[[0.06678285449743271,0.3682502210140228,0.2668071687221527,0.10357006639242172,0.19458971917629242]],[[0.058120910078287125,0.3738054633140564,0.26513928174972534,0.11463464796543121,0.18829970061779022]],[[0.10011250525712967,0.3531435430049896,0.25873011350631714,0.0913199633359909,0.19669392704963684]],[[0.11364351958036423,0.32100358605384827,0.27520066499710083,0.07298970222473145,0.21716250479221344]],[[0.06678445637226105,0.3723996579647064,0.25736483931541443,0.1232917532324791,0.18015924096107483]]],"label":[0,0,1,0,0]}