{"input":"57986.jpg","scores":[[[0.0661521926522255,0.3679433763027191,0.2682880163192749,0.10103201866149902,0.1965843290090561]],[[0.0697578489780426,0.3670184314250946,0.26586225628852844,0.10293596237897873,0.19442550837993622]],[[0.45931243896484375,-0.44796037673950195,0.19229745864868164,0.3746744394302368,0.4216760993003845]],[[1.2485307455062866,-2.279217481613159,-0.08898206800222397,0.8064370155334473,1.3132317066192627]],[[0.5435803532600403,-0.39205533266067505,0.13241583108901978,0.35024943947792053,0.36580970883369446]]],"label":[0,1,0,0,0]}