{"input":"60478.jpg","scores":[[[0.44934752583503723,-0.3502580225467682,0.1857043206691742,0.3531816899776459,0.3620244562625885]],[[0.8945960402488708,-15.384517669677734,3.1116373538970947,-0.031831495463848114,12.410116195678711]],[[0.44374004006385803,-0.2882474362850189,0.18111936748027802,0.3362753391265869,0.32711273431777954]],[[-1.101358413696289,2.652540683746338,0.6484047770500183,-0.13327349722385406,-1.0663135051727295]],[[0.49620530009269714,-0.3274966776371002,0.16077947616577148,0.3320959210395813,0.3384159505367279]]],"label":[0,1,0,0,0]}