{"input":"62799.jpg","scores":[[[0.6664276719093323,-2.243710517883301,-0.38561728596687317,1.71466863155365,1.2482315301895142]],[[0.8945960402488708,-15.384517669677734,3.1116373538970947,-0.031831495463848114,12.410116195678711]],[[0.4498201906681061,-0.32853931188583374,0.18592838943004608,0.3409411311149597,0.35184967517852783]],[[0.6406586170196533,-0.517318069934845,0.1387026607990265,0.3094720244407654,0.42848479747772217]],[[0.712889552116394,-0.5640676021575928,0.10638352483510971,0.3038068413734436,0.44098761677742004]]],"label":[0,0,1,0,0]}