{"input":"63123.jpg","scores":[[[0.06312882900238037,0.37094447016716003,0.2653026580810547,0.1099112331867218,0.19071286916732788]],[[0.06088559329509735,0.37330400943756104,0.2627716362476349,0.11716200411319733,0.1858767718076706]],[[0.052880797535181046,0.3782537579536438,0.26163893938064575,0.1265355944633484,0.1806909590959549]],[[0.047752995043992996,0.3824610710144043,0.2585649788379669,0.1374434232711792,0.1737774908542633]],[[0.05600207298994064,0.37675410509109497,0.2611048221588135,0.12491808831691742,0.1812208741903305]]],"label":[1,0,0,0,0]}