{"input":"69513.jpg","scores":[[[0.4923125207424164,-0.4255605638027191,0.20601755380630493,0.33179789781570435,0.39543265104293823]],[[0.028393659740686417,0.09888355433940887,0.2547881603240967,0.4067046642303467,0.21122995018959045]],[[0.059323448687791824,0.3739354908466339,0.2632846236228943,0.11746350675821304,0.18599292635917664]],[[0.8945960402488708,-15.384517669677734,3.1116373538970947,-0.031831495463848114,12.410116195678711]],[[-0.3358179032802582,1.4463807344436646,0.6172447204589844,-0.3380786180496216,-0.38972893357276917]]],"label":[0,1,0,0,0]}