{"input":"72817.jpg","scores":[[[0.4666510820388794,-0.3700368404388428,0.20557990670204163,0.3285224437713623,0.36928337812423706]],[[0.4960136115550995,-0.43072831630706787,0.20237281918525696,0.32975441217422485,0.4025874435901642]],[[0.4432045817375183,-0.3311529755592346,0.20382733643054962,0.33359071612358093,0.35053035616874695]],[[0.44938135147094727,-0.3173701763153076,0.19422683119773865,0.3305913805961609,0.34317055344581604]],[[0.48926475644111633,-0.38139888644218445,0.19678497314453125,0.32281795144081116,0.3725312054157257]]],"label":[0,0,1,0,0]}