{"input":"74466.jpg","scores":[[[0.028326909989118576,0.10007672756910324,0.25456804037094116,0.4067384600639343,0.21028989553451538]],[[0.061565056443214417,0.3718796670436859,0.2651311457157135,0.11164305359125137,0.18978111445903778]],[[0.10539234429597855,0.303760826587677,0.32045644521713257,0.23589785397052765,0.03449256345629692]],[[0.07200703024864197,0.365449994802475,0.26657041907310486,0.0994907096028328,0.1964818686246872]],[[0.05479053407907486,0.3761923909187317,0.2639097273349762,0.12012103199958801,0.18498627841472626]]],"label":[0,1,0,0,0]}