{"input":"76272.jpg","scores":[[[0.14118346571922302,0.3237372934818268,0.273673951625824,0.024148879572749138,0.2372564673423767]],[[0.058143146336078644,0.3742315471172333,0.2641316056251526,0.11672206968069077,0.18677166104316711]],[[0.052823878824710846,0.3797032833099365,0.258410781621933,0.13332875072956085,0.17573319375514984]],[[0.08305489271879196,0.3606044352054596,0.2635982930660248,0.09603079408407211,0.19671154022216797]],[[-0.9139956831932068,0.062248773872852325,0.9806087613105774,0.48259177803993225,0.388546347618103]]],"label":[0,1,0,0,0]}