{"input":"78182.jpg","scores":[[[0.045717958360910416,0.38312235474586487,0.2596287429332733,0.13700444996356964,0.17452657222747803]],[[0.06562475115060806,0.36228764057159424,0.2816965878009796,0.07351181656122208,0.2168792337179184]],[[0.4315435290336609,-0.45908424258232117,0.07068822532892227,0.5870157480239868,0.36983680725097656]],[[0.05914405360817909,0.3715287148952484,0.26897895336151123,0.1057279035449028,0.19462034106254578]],[[0.05978372320532799,0.37533891201019287,0.2595565617084503,0.12483810633420944,0.18048271536827087]]],"label":[0,0,0,0,1]}