{"input":"78480.jpg","scores":[[[0.43476569652557373,-0.2988177239894867,0.17904110252857208,0.3476872742176056,0.33732369542121887]],[[0.4766763150691986,-0.42907506227493286,0.19536808133125305,0.35509392619132996,0.40193673968315125]],[[0.4591841399669647,-0.36163875460624695,0.1855723261833191,0.3466688096523285,0.37021341919898987]],[[0.44913774728775024,-0.37724605202674866,0.19408071041107178,0.3548755645751953,0.3791520297527313]],[[0.43570634722709656,-0.30643823742866516,0.18123508989810944,0.3472178280353546,0.34227898716926575]]],"label":[1,0,0,0,0]}