{"input":"79622.jpg","scores":[[[0.047968171536922455,0.38230204582214355,0.25865644216537476,0.13706359267234802,0.17400971055030823]],[[0.05422219634056091,0.37755393981933594,0.26153966784477234,0.1255674660205841,0.1811167299747467]],[[0.04100561514496803,0.38518238067626953,0.2608526051044464,0.13858383893966675,0.17437554895877838]],[[0.043974459171295166,0.38327065110206604,0.2614748775959015,0.13467909395694733,0.17660096287727356]],[[0.5853396654129028,-0.04573972523212433,0.05597324296832085,0.28189191222190857,0.1225348636507988]]],"label":[0,0,0,1,0]}