{"input":"82298.jpg","scores":[[[0.10373661667108536,0.3452538847923279,0.27229639887809753,0.05976871773600578,0.21894441545009613]],[[-0.048693012446165085,0.13406658172607422,0.5453183650970459,-0.2309352308511734,0.6002432703971863]],[[0.5079990029335022,-0.45032060146331787,0.21367432177066803,0.32004615664482117,0.40860116481781006]],[[0.08111640065908432,0.3593330383300781,0.2689104378223419,0.08663859218358994,0.2040015161037445]],[[1.7461833953857422,-2.773499011993408,-0.1678200215101242,0.8664224147796631,1.328713297843933]]],"label":[0,1,0,0,0]}