{"input":"82764.jpg","scores":[[[-0.009359651245176792,0.24315348267555237,0.2909688949584961,0.3303285837173462,0.14490868151187897]],[[0.5727006196975708,-0.8083951473236084,0.11465435475111008,0.5641064047813416,0.5569337606430054]],[[0.46119919419288635,-0.37086039781570435,0.19955474138259888,0.3380948007106781,0.3720116913318634]],[[0.48129597306251526,-0.3432912230491638,0.2541916072368622,0.2636312246322632,0.3441724479198456]],[[0.4776467978954315,-0.38361963629722595,0.23813292384147644,0.3029037415981293,0.3649361729621887]]],"label":[0,0,0,1,0]}