{"input":"83922.jpg","scores":[[[0.48156994581222534,-0.4155109226703644,0.22938768565654755,0.30957502126693726,0.39497828483581543]],[[0.07187782227993011,0.3565828502178192,0.2865026891231537,0.05805201828479767,0.2269846498966217]],[[0.5332390069961548,-0.5274364352226257,0.21066878736019135,0.33429017663002014,0.44923853874206543]],[[0.5530946254730225,-0.5614903569221497,0.22195428609848022,0.3152092695236206,0.47123220562934875]],[[-2.57177472114563,5.474466800689697,0.9896411895751953,-0.43046674132347107,-2.461867094039917]]],"label":[0,0,1,0,0]}