{"input":"86661.jpg","scores":[[[0.1251605749130249,0.3205103278160095,0.30129262804985046,-0.01951492391526699,0.27255141735076904]],[[0.49330955743789673,-0.42206278443336487,0.2041657269001007,0.3274138271808624,0.397173672914505]],[[0.43755269050598145,-0.3260324001312256,0.19185540080070496,0.3448328971862793,0.3517914414405823]],[[0.46941179037094116,-0.3552039563655853,0.19373829662799835,0.332072913646698,0.3599809408187866]],[[0.5194119215011597,-0.5125458240509033,0.21397925913333893,0.34474977850914,0.43440482020378113]]],"label":[1,0,0,0,0]}