{"input":"89901.jpg","scores":[[[0.4429367482662201,-0.31932881474494934,0.19361165165901184,0.3370007872581482,0.3457796275615692]],[[0.07858903706073761,0.3595273792743683,0.27165788412094116,0.08311397582292557,0.20711174607276917]],[[0.05815298482775688,0.37619641423225403,0.25959181785583496,0.1262078732252121,0.17985093593597412]],[[0.06794331967830658,0.36845794320106506,0.2647964656352997,0.10676848143339157,0.19203384220600128]],[[0.053890619426965714,0.3760647475719452,0.2653166651725769,0.11797457933425903,0.18675340712070465]]],"label":[0,0,1,0,0]}