{"input":"96144.jpg","scores":[[[-0.2996305525302887,1.3148921728134155,0.5805059671401978,-0.26364701986312866,-0.33212050795555115]],[[0.04474522918462753,0.3812207579612732,0.26515233516693115,0.12632499635219574,0.18255659937858582]],[[0.04472743719816208,0.38790827989578247,0.2499469816684723,0.15810425579547882,0.15931299328804016]],[[0.37731078267097473,-0.23919837176799774,0.23301969468593597,0.32517117261886597,0.30369675159454346]],[[-0.05059277266263962,0.4465298652648926,0.23677952587604523,0.26913732290267944,0.09814609587192535]]],"label":[0,0,0,1,0]}