{"input":"99669.jpg","scores":[[[0.06697726249694824,0.3579862713813782,0.2897944748401642,0.05540817230939865,0.22983385622501373]],[[0.06957998126745224,0.3648492395877838,0.27098193764686584,0.0924060195684433,0.2021828591823578]],[[0.08223981410264969,0.3613004982471466,0.2630206048488617,0.09795622527599335,0.19548283517360687]],[[0.1334301233291626,0.3239152431488037,0.2831515967845917,0.011124602518975735,0.24837839603424072]],[[0.09008704125881195,0.36075282096862793,0.25439658761024475,0.10908840596675873,0.18567518889904022]]],"label":[0,0,0,1,0]}