{"input":[[0.02003035880625248,0.04594999551773071,0.1288965791463852,0.701074481010437,0.10404858738183975],[0.026384718716144562,0.04816718399524689,0.13161197304725647,0.6692879796028137,0.12454808503389359],[0.002579676453024149,0.01845720037817955,0.09915461391210556,0.8725435733795166,0.007264968007802963],[0.010217824019491673,0.03268948942422867,0.11044926941394806,0.8274472951889038,0.01919616013765335],[0.004265632946044207,0.028873488306999207,0.16655680537223816,0.790155827999115,0.01014825887978077]],"label":[0,0,0,1,0]}