{"input":[[0.044828712940216064,0.21261882781982422,0.06421762704849243,0.2094588726758957,0.4688759446144104],[0.03882600739598274,0.15579359233379364,0.03685704991221428,0.154587984085083,0.6139354109764099],[0.022350795567035675,0.17086052894592285,0.09255901724100113,0.2051367610692978,0.5090929269790649],[0.02686893939971924,0.17638278007507324,0.2282712161540985,0.4812397360801697,0.0872374102473259],[0.02469104342162609,0.14946649968624115,0.05659283697605133,0.4481540322303772,0.3210955858230591]],"label":[0,0,0,1,0]}