{"input":[[0.022095223888754845,0.06437501311302185,0.2774798274040222,0.5820295214653015,0.054020389914512634],[0.010627996176481247,0.04620831832289696,0.23313957452774048,0.6846321821212769,0.02539188228547573],[0.0034073754213750362,0.024014713242650032,0.19734539091587067,0.7531510591506958,0.02208138071000576],[0.00319331930950284,0.031292300671339035,0.20115657150745392,0.7448828816413879,0.019474925473332405],[0.003035132773220539,0.024427291005849838,0.19572614133358002,0.7707396745681763,0.0060717822052538395]],"label":[0,0,0,1,0]}