{"input":[[0.19918842613697052,0.44924598932266235,0.1952759027481079,0.13118308782577515,0.025106538087129593],[0.2585373818874359,0.46230489015579224,0.08665406703948975,0.11546269059181213,0.07704102247953415],[0.07350173592567444,0.6168420910835266,0.0566597543656826,0.20514436066150665,0.04785209894180298],[0.12176670134067535,0.5079467296600342,0.1260562390089035,0.199606254696846,0.044624101370573044],[0.19575785100460052,0.6558116674423218,0.055547475814819336,0.07629743218421936,0.016585463657975197]],"label":[0,1,0,0,0]}