{"input":[[0.11383412778377533,0.06416530907154083,0.006051336415112019,0.010319224558770657,0.8056300282478333],[0.1925051063299179,0.06808967143297195,0.004387303721159697,0.005427437834441662,0.7295904755592346],[0.2082587629556656,0.09599143266677856,0.0030549392104148865,0.004727168940007687,0.6879676580429077],[0.12432251870632172,0.048515256494283676,0.0014068568125367165,0.0022057045716792345,0.8235496878623962],[0.2629488706588745,0.08029636740684509,0.0008319332846440375,0.0012011408107355237,0.654721736907959]],"label":[0,0,0,0,1]}