{"input":[[0.05376535281538963,0.3886004686355591,0.1850176602602005,0.24269802868366241,0.12991848587989807],[0.037262216210365295,0.3759399354457855,0.2273428589105606,0.22013187408447266,0.13932304084300995],[0.1387324184179306,0.5653011798858643,0.0538049191236496,0.07255354523658752,0.16960792243480682],[0.11388461291790009,0.5795570015907288,0.055446937680244446,0.07144687324762344,0.1796644628047943],[0.0687369555234909,0.5954005718231201,0.12545794248580933,0.1410665661096573,0.06933796405792236]],"label":[0,1,0,0,0]}