{"input":[[0.052211862057447433,0.37568315863609314,0.062269192188978195,0.06713228672742844,0.4427034556865692],[0.049312982708215714,0.37957242131233215,0.16612865030765533,0.18040917813777924,0.22457683086395264],[0.04940399155020714,0.3208855092525482,0.11328622698783875,0.3866928517818451,0.12973138689994812],[0.0805584117770195,0.2751224637031555,0.17607267200946808,0.22364239394664764,0.24460409581661224],[0.0415644608438015,0.3970527946949005,0.11298544704914093,0.27625516057014465,0.17214222252368927]],"label":[0,0,1,0,0]}