{"input":"100307.jpg","scores":[[0.035418447107076645,0.2577347755432129,0.1261264681816101,0.559604287147522,0.02111598290503025],[0.039324305951595306,0.40348565578460693,0.08679264038801193,0.42819127440452576,0.04220617562532425],[0.016786379739642143,0.2148446887731552,0.10848214477300644,0.6416196823120117,0.01826716773211956],[0.028123943135142326,0.23179222643375397,0.1227007582783699,0.588509202003479,0.028873922303318977],[0.01409726683050394,0.16144685447216034,0.17649202048778534,0.6253277659416199,0.022636085748672485],[0.007339800707995892,0.12340389937162399,0.09078912436962128,0.7745380401611328,0.003929096274077892]],"label":[0,0,0,1,0]}