{"input":[[0.4389664828777313,0.1984838992357254,0.009768140502274036,0.026602504774928093,0.32617905735969543],[0.5913544297218323,0.16763553023338318,0.013344690203666687,0.014001710340380669,0.21366359293460846],[0.36718252301216125,0.17194786667823792,0.013006024993956089,0.03163015842437744,0.4162333905696869],[0.5563280582427979,0.14991290867328644,0.013919253833591938,0.015984222292900085,0.26385554671287537],[0.44659146666526794,0.22899332642555237,0.028921689838171005,0.0393795445561409,0.2561139166355133]],"label":[1,0,0,0,0]}