{"input":[[0.06428995728492737,0.530060350894928,0.03488764539361,0.04909803718328476,0.321664035320282],[0.06006704270839691,0.6626702547073364,0.053739096969366074,0.0359669104218483,0.18755674362182617],[0.05353940650820732,0.31350815296173096,0.032479483634233475,0.0295622069388628,0.5709108114242554],[0.06354152411222458,0.26308077573776245,0.024788087233901024,0.022166874259710312,0.6264227032661438],[0.07631104439496994,0.30083826184272766,0.025963444262742996,0.039079051464796066,0.5578082203865051]],"label":[0,1,0,0,0]}