{"input":[[0.016286827623844147,0.052204910665750504,0.33715710043907166,0.49544990062713623,0.09890121966600418],[0.002706805942580104,0.010248164646327496,0.14538730680942535,0.83664470911026,0.005013033747673035],[0.0007432214915752411,0.02377975545823574,0.12889054417610168,0.8436567187309265,0.0029298006556928158],[0.0009741533431224525,0.022318203002214432,0.09644854813814163,0.8768526315689087,0.003406536066904664],[0.00021643830405082554,0.0055925543420016766,0.07597337663173676,0.9178552627563477,0.00036239370820112526]],"label":[0,0,0,1,0]}