{"input":[[0.017734194174408913,0.1212487444281578,0.15657538175582886,0.4970467984676361,0.20739489793777466],[0.014961913228034973,0.11494967341423035,0.1731056571006775,0.5302473902702332,0.16673539578914642],[0.02574550360441208,0.129361093044281,0.23932409286499023,0.5377780795097351,0.0677911639213562],[0.06285113096237183,0.29725074768066406,0.14944133162498474,0.3376694321632385,0.15278729796409607],[0.0047699264250695705,0.056548070162534714,0.09301916509866714,0.8217015862464905,0.023961234837770462]],"label":[0,0,0,1,0]}