{"input":[[0.009893452748656273,0.03368410840630531,0.8421642184257507,0.10433168709278107,0.00992663949728012],[0.0064275069162249565,0.02954614721238613,0.7554324865341187,0.20466351509094238,0.003930383361876011],[0.009546115063130856,0.030363040044903755,0.9037619233131409,0.05157383903861046,0.004755115602165461],[0.005122715141624212,0.024182161316275597,0.9075459837913513,0.05462424084544182,0.008524849079549313],[0.005802056286484003,0.018098417669534683,0.9094155430793762,0.06467001885175705,0.0020139794796705246]],"label":[0,0,1,0,0]}