{"input":[[0.02678651548922062,0.09643885493278503,0.2814160883426666,0.4201047420501709,0.175253763794899],[0.05247873812913895,0.13524951040744781,0.2105177938938141,0.4109419882297516,0.19081194698810577],[0.004470183979719877,0.043965429067611694,0.4680386781692505,0.4752538502216339,0.008271852508187294],[0.016277549788355827,0.07117945700883865,0.4379790723323822,0.4414261281490326,0.03313785418868065],[0.0017136697424575686,0.01503367256373167,0.44581231474876404,0.5334805846214294,0.003959782421588898]],"label":[0,0,1,0,0]}