{"input":[[0.011133975349366665,0.09833580255508423,0.7262788414955139,0.10670626163482666,0.05754512548446655],[0.012873315252363682,0.10218612104654312,0.5836610794067383,0.26905548572540283,0.03222394362092018],[0.11119352281093597,0.34078067541122437,0.1845513880252838,0.07203736156225204,0.2914370000362396],[0.02219807356595993,0.16448234021663666,0.6107047200202942,0.16609811782836914,0.03651677444577217],[0.03280157223343849,0.1403762400150299,0.6155638098716736,0.16492989659309387,0.04632844403386116]],"label":[0,0,1,0,0]}