{"input":[[0.008575293235480785,0.12157909572124481,0.09951034933328629,0.7650233507156372,0.005311927292495966],[0.030461302027106285,0.15689316391944885,0.2901169955730438,0.5095375180244446,0.012990962713956833],[0.007471950259059668,0.09544137120246887,0.21438850462436676,0.6709883809089661,0.011709807440638542],[0.020074589177966118,0.16026218235492706,0.30949729681015015,0.47540733218193054,0.034758660942316055],[0.0025811924133449793,0.07123720645904541,0.14231200516223907,0.7820147275924683,0.0018548667430877686]],"label":[0,0,0,1,0]}