{"input":"100561.jpg","scores":[[0.040132489055395126,0.14938569068908691,0.48025888204574585,0.28524601459503174,0.04497687891125679],[0.005855813156813383,0.12138313055038452,0.6984690427780151,0.15669557452201843,0.017596404999494553],[0.008512225933372974,0.07637631893157959,0.37246352434158325,0.5341878533363342,0.00846002995967865],[0.03908511623740196,0.43474632501602173,0.26357442140579224,0.08901989459991455,0.17357420921325684],[0.07352788746356964,0.3560318350791931,0.3957713842391968,0.10991885513067245,0.06475002318620682],[0.004433470778167248,0.1808449923992157,0.7053207755088806,0.09780006855726242,0.011600637808442116]],"label":[0,0,1,0,0]}