{"input":[[0.014310267753899097,0.13051478564739227,0.09818415343761444,0.7293035387992859,0.027687259018421173],[0.022864781320095062,0.2445192039012909,0.09512169659137726,0.5819132924079895,0.05558105558156967],[0.01091854739934206,0.06259652227163315,0.2976627051830292,0.5922074913978577,0.03661475330591202],[0.03087611123919487,0.11764190346002579,0.2345404028892517,0.5475725531578064,0.06936901807785034],[0.005770172458142042,0.13785800337791443,0.16650396585464478,0.6809287667274475,0.008939063176512718]],"label":[0,0,0,1,0]}