{"input":"100541.jpg","scores":[[0.11721698194742203,0.15508627891540527,0.031084509566426277,0.13815054297447205,0.5584616661071777],[0.07620743662118912,0.2843749225139618,0.0875224694609642,0.43303313851356506,0.1188620775938034],[0.3041549324989319,0.2408454865217209,0.02576415427029133,0.19751983880996704,0.23171557486057281],[0.1589997261762619,0.31928664445877075,0.07129482924938202,0.3657255172729492,0.08469334989786148],[0.24629443883895874,0.4075942039489746,0.04237474501132965,0.22176815569400787,0.08196853846311569]],"label":[0,0,0,1,0]}