{"input":[[0.030376778915524483,0.44699010252952576,0.1500508189201355,0.2544879615306854,0.1180942952632904],[0.07278241217136383,0.48231828212738037,0.12018803507089615,0.23978173732757568,0.08492952585220337],[0.19481360912322998,0.5141018629074097,0.12292756140232086,0.11651882529258728,0.051638033241033554],[0.06626851856708527,0.2603783905506134,0.4357196092605591,0.1702602207660675,0.06737321615219116],[0.10375062376260757,0.5779968500137329,0.09176027029752731,0.06535705924034119,0.16113513708114624]],"label":[0,0,1,0,0]}