{"input":[[0.11673591285943985,0.21017849445343018,0.08418772369623184,0.05319696664810181,0.5357009172439575],[0.22996649146080017,0.46628686785697937,0.0726984515786171,0.11931586265563965,0.11173227429389954],[0.013533473946154118,0.2459108978509903,0.30918532609939575,0.4131071865558624,0.01826319471001625],[0.12678182125091553,0.32814982533454895,0.0969533920288086,0.1986963301897049,0.2494186908006668],[0.07600317895412445,0.5152112245559692,0.1274128407239914,0.2519570291042328,0.029415737837553024]],"label":[0,0,1,0,0]}