{"input":[[0.0026126455049961805,0.04050978273153305,0.03196840360760689,0.8902912139892578,0.034617938101291656],[0.011491409502923489,0.07324130833148956,0.040012143552303314,0.8197247385978699,0.05553033947944641],[0.009602143429219723,0.08050771802663803,0.060316529124975204,0.762884795665741,0.08668884634971619],[0.06480556726455688,0.3123055100440979,0.03907104209065437,0.48037874698638916,0.10343913733959198],[0.003857494331896305,0.03674199432134628,0.02931811660528183,0.9199696183204651,0.010112786665558815]],"label":[0,0,0,1,0]}