{"input":[[0.22101010382175446,0.3910565972328186,0.12025686353445053,0.04599260911345482,0.2216838300228119],[0.11486732214689255,0.542351484298706,0.09209145605564117,0.055252306163311005,0.19543752074241638],[0.12683559954166412,0.43423086404800415,0.13456600904464722,0.06800536066293716,0.23636217415332794],[0.11392185091972351,0.333929181098938,0.018146375194191933,0.041632212698459625,0.4923703372478485],[0.2414548695087433,0.45069822669029236,0.024832306429743767,0.02326197363436222,0.2597526013851166]],"label":[0,0,1,0,0]}