{"input":"100771.jpg","scores":[[0.024829506874084473,0.14888180792331696,0.5868815779685974,0.1986188143491745,0.040788207203149796],[0.029820607975125313,0.39083391427993774,0.4407643675804138,0.11568386852741241,0.022897299379110336],[0.007305081933736801,0.2597042918205261,0.6373863816261292,0.03195829316973686,0.06364597380161285],[0.006064294837415218,0.0823393315076828,0.4740261733531952,0.4312582015991211,0.006311960518360138],[0.01617095060646534,0.14974631369113922,0.5728498101234436,0.227649986743927,0.033582959324121475],[0.006653101649135351,0.22677254676818848,0.609356701374054,0.1544972062110901,0.0027204127982258797]],"label":[0,0,1,0,0]}