{"input":"100704.jpg","scores":[[0.034389179199934006,0.08230151236057281,0.12510398030281067,0.7380170822143555,0.0201882254332304],[0.0214227344840765,0.06685847789049149,0.2301516830921173,0.6371332406997681,0.044433895498514175],[0.01734873838722706,0.03945451229810715,0.26871001720428467,0.6227588653564453,0.05172787979245186],[0.021764839068055153,0.10174264013767242,0.14462633430957794,0.7104671597480774,0.021399056538939476],[0.02101120725274086,0.12391340732574463,0.14548738300800323,0.6886434555053711,0.02094467729330063],[0.00462168687954545,0.033192019909620285,0.08729498833417892,0.8708698749542236,0.0040213847532868385]],"label":[0,0,0,1,0]}