{"input":[[0.13319888710975647,0.026964759454131126,0.005745780188590288,0.021556543186306953,0.8125340342521667],[0.047243762761354446,0.010953999124467373,0.003655336331576109,0.01081695407629013,0.927329957485199],[0.17192469537258148,0.02408282272517681,0.00233471323736012,0.011285882443189621,0.7903718948364258],[0.16531148552894592,0.06342694163322449,0.02316931262612343,0.07947010546922684,0.6686221957206726],[0.1722823977470398,0.017820268869400024,0.002637276193127036,0.013797434978187084,0.7934625744819641]],"label":[0,0,0,0,1]}