{"input":[[0.01618978939950466,0.20978394150733948,0.22979672253131866,0.5245850086212158,0.01964462175965309],[0.007083508186042309,0.1199180856347084,0.12400226294994354,0.735724151134491,0.01327197439968586],[0.011907767504453659,0.0978500247001648,0.4839105010032654,0.36885327100753784,0.03747846186161041],[0.012872676365077496,0.19343146681785583,0.30167147517204285,0.41718852519989014,0.0748358741402626],[0.01039313618093729,0.27779823541641235,0.1511552780866623,0.5375567674636841,0.023096634075045586]],"label":[0,0,0,1,0]}