{"input":[[0.012991494499146938,0.01718982309103012,0.0010903021320700645,0.005655472632497549,0.9630729556083679],[0.011123149655759335,0.01859336532652378,0.0017212310340255499,0.006352835334837437,0.9622094035148621],[0.010715221054852009,0.013882054015994072,0.0011510606855154037,0.004270039964467287,0.9699816703796387],[0.01021501887589693,0.01592422090470791,0.001582067459821701,0.004645537585020065,0.9676331281661987],[0.004229451064020395,0.0023980755358934402,0.00035716244019567966,0.00046337678213603795,0.9925519227981567]],"label":[0,0,0,0,1]}