{"input":[[0.012612713500857353,0.04404383525252342,0.7463505268096924,0.18048050999641418,0.016512431204319],[0.016478586941957474,0.06019729748368263,0.7241564393043518,0.1796560138463974,0.019511699676513672],[0.006634709425270557,0.06977659463882446,0.7519997358322144,0.1630200445652008,0.008568888530135155],[0.006254642736166716,0.05223013460636139,0.7414988279342651,0.19401782751083374,0.005998595617711544],[0.0014758016914129257,0.0190147515386343,0.786614716053009,0.1916056126356125,0.0012890419457107782]],"label":[0,0,1,0,0]}