{"input":[[0.027106644585728645,0.05018206685781479,0.5659675002098083,0.09238284826278687,0.2643609941005707],[0.09793347120285034,0.09072762727737427,0.2924829125404358,0.0889078676700592,0.429948091506958],[0.04014554247260094,0.12503546476364136,0.6355959177017212,0.14946091175079346,0.049762263894081116],[0.03744390979409218,0.20553644001483917,0.5051597952842712,0.18625332415103912,0.06560642272233963],[0.026993917301297188,0.08472069352865219,0.7343631982803345,0.12152005732059479,0.032402195036411285]],"label":[0,0,1,0,0]}