{"input":[[0.05830468609929085,0.2584660053253174,0.10199723392724991,0.4699622392654419,0.11126980185508728],[0.17504926025867462,0.30471813678741455,0.03335804119706154,0.18854856491088867,0.29832595586776733],[0.14649567008018494,0.395849347114563,0.07618821412324905,0.1593920886516571,0.2220746874809265],[0.08695805072784424,0.3316534161567688,0.11425590515136719,0.4031375050544739,0.06399504840373993],[0.10952220112085342,0.4412863552570343,0.06345632672309875,0.27078473567962646,0.11495047062635422]],"label":[0,1,0,0,0]}