{"input":[[0.22846312820911407,0.10330919921398163,0.010519166477024555,0.01338654849678278,0.6443220376968384],[0.28012773394584656,0.04675944894552231,0.018833165988326073,0.00891010370105505,0.6453694701194763],[0.3233850300312042,0.14758002758026123,0.006307304371148348,0.02310049720108509,0.49962714314460754],[0.308859646320343,0.05429735779762268,0.0066598281264305115,0.014429718255996704,0.6157534122467041],[0.3645390272140503,0.04865169897675514,0.004826969001442194,0.01729598455131054,0.5646862983703613]],"label":[1,0,0,0,0]}