{"input":[[0.010867864824831486,0.27329257130622864,0.34902873635292053,0.3624197542667389,0.004391049966216087],[0.004874260164797306,0.08040161430835724,0.174704909324646,0.7363806366920471,0.003638665657490492],[0.1429644525051117,0.33869385719299316,0.09751460701227188,0.09692096710205078,0.32390618324279785],[0.06390085816383362,0.311014324426651,0.11315032839775085,0.2011340707540512,0.3108004033565521],[0.006565167102962732,0.12919773161411285,0.32590022683143616,0.5339128375053406,0.004424083512276411]],"label":[0,0,0,1,0]}