{"input":"100919.jpg","scores":[[0.22745977342128754,0.1893506944179535,0.14729569852352142,0.27783605456352234,0.15805783867835999],[0.1274716556072235,0.291814386844635,0.01676260493695736,0.034113917499780655,0.529837429523468],[0.12046166509389877,0.1887178272008896,0.0200753565877676,0.012009999714791775,0.6587351560592651],[0.13066832721233368,0.33823421597480774,0.10063331574201584,0.1106596514582634,0.31980445981025696],[0.2439441829919815,0.313123881816864,0.1369096338748932,0.058197520673274994,0.2478247433900833],[0.22545687854290009,0.298549622297287,0.04872019588947296,0.03319361433386803,0.39407971501350403]],"label":[0,0,0,0,1]}