{"input":"100971.jpg","scores":[[0.2756466567516327,0.06791999191045761,0.01027712132781744,0.020151684060692787,0.6260045170783997],[0.19766750931739807,0.056465666741132736,0.0045840064994990826,0.007798929698765278,0.7334837913513184],[0.1328544020652771,0.030059076845645905,0.0020831243600696325,0.0054128579795360565,0.8295905590057373],[0.21603646874427795,0.04303393512964249,0.0026526094879955053,0.005498394835740328,0.7327786087989807],[0.24638280272483826,0.01804828830063343,0.0009699851507321,0.0016086669638752937,0.7329902648925781],[0.1601884514093399,0.027254974469542503,0.00177593098487705,0.0035854270681738853,0.807195246219635]],"label":[0,1,0,0,0]}