{"input":[[0.2243085503578186,0.025347311049699783,0.0010034666629508138,0.003152639139443636,0.7461880445480347],[0.4851936995983124,0.05066972225904465,0.003759777406230569,0.016513638198375702,0.4438631534576416],[0.26537761092185974,0.11391407996416092,0.006105636712163687,0.03398226574063301,0.5806204676628113],[0.4462781250476837,0.06812351197004318,0.005613264627754688,0.01648092456161976,0.4635041654109955],[0.7914093732833862,0.04038280248641968,0.001030904008075595,0.004019707906991243,0.16315722465515137]],"label":[0,0,0,0,1]}