{"input":"101018.jpg","scores":[[0.030229104682803154,0.17975273728370667,0.2577238976955414,0.5002046823501587,0.032089605927467346],[0.06150588393211365,0.3320932984352112,0.202570840716362,0.3428672254085541,0.06096271798014641],[0.038333743810653687,0.4458999037742615,0.22890684008598328,0.26571133732795715,0.021148059517145157],[0.004451178479939699,0.1167994886636734,0.1980389505624771,0.6714131236076355,0.009297232143580914],[0.013566413894295692,0.20141573250293732,0.27977290749549866,0.4599440097808838,0.04530084505677223],[0.0029206222388893366,0.10907918959856033,0.2462947517633438,0.635368287563324,0.006337135098874569]],"label":[0,0,1,0,0]}