{"input":[[0.017822233960032463,0.03836726397275925,0.5203806757926941,0.38318806886672974,0.040241774171590805],[0.03141358122229576,0.04561326280236244,0.5029157996177673,0.3740840256214142,0.045973315834999084],[0.01931845024228096,0.08611081540584564,0.46251311898231506,0.36839622259140015,0.06366141140460968],[0.021942049264907837,0.06196916848421097,0.7053635716438293,0.16588948667049408,0.0448356494307518],[0.02383388951420784,0.050531741231679916,0.4657059609889984,0.4355217218399048,0.024406656622886658]],"label":[0,0,1,0,0]}