{"input":[[0.028946027159690857,0.07733041048049927,0.21505983173847198,0.3918199837207794,0.2868437170982361],[0.010735523886978626,0.050819847732782364,0.6584938168525696,0.2614477574825287,0.018503081053495407],[0.021989421918988228,0.05049179866909981,0.2934810519218445,0.5537693500518799,0.08026842772960663],[0.01721801795065403,0.03189145401120186,0.35261574387550354,0.5729717016220093,0.025303080677986145],[0.03360999748110771,0.05196911841630936,0.3667474389076233,0.5296554565429688,0.018018057569861412]],"label":[0,0,1,0,0]}