{"input":[[0.05970011651515961,0.2294352948665619,0.47354570031166077,0.14329572021961212,0.09402322769165039],[0.03621955215930939,0.16494698822498322,0.5822794437408447,0.09755601733922958,0.11899785697460175],[0.013366788625717163,0.037773117423057556,0.4808618426322937,0.4400871694087982,0.02791116200387478],[0.0281724501401186,0.17917779088020325,0.595743715763092,0.17649032175540924,0.020415671169757843],[0.014553003944456577,0.13048450648784637,0.6613645553588867,0.17641523480415344,0.017182717099785805]],"label":[0,0,1,0,0]}