{"input":"101333.jpg","scores":[[0.22286857664585114,0.30588802695274353,0.09262918680906296,0.18280859291553497,0.19580557942390442],[0.535142183303833,0.1724928617477417,0.006922434084117413,0.015353566966950893,0.2700890600681305],[0.2744920253753662,0.4500621259212494,0.007168108597397804,0.010167194530367851,0.25811052322387695],[0.17210353910923004,0.48947814106941223,0.04566683992743492,0.057126034051179886,0.23562540113925934],[0.1682339608669281,0.6188022494316101,0.07240811735391617,0.04959679767489433,0.0909588560461998],[0.35387638211250305,0.49687856435775757,0.02092459425330162,0.04974892735481262,0.07857146859169006]],"label":[0,1,0,0,0]}