{"input":[[0.0729629322886467,0.1716657429933548,0.5654799342155457,0.09669425338506699,0.09319713711738586],[0.027852265164256096,0.06624635308980942,0.7688273787498474,0.10066378861665726,0.036410145461559296],[0.016727140173316002,0.06460896134376526,0.6924242377281189,0.19200319051742554,0.03423647582530975],[0.01625305972993374,0.06936345994472504,0.7803395986557007,0.09846873581409454,0.035575173795223236],[0.01961582340300083,0.05084735155105591,0.8270960450172424,0.08100567013025284,0.021435076370835304]],"label":[0,0,1,0,0]}