{"input":"101400.jpg","scores":[[0.014363688416779041,0.1378113180398941,0.06237633153796196,0.7428638339042664,0.0425848662853241],[0.0035553709603846073,0.02680760994553566,0.04965631663799286,0.9057285785675049,0.014252140186727047],[0.0009835762903094292,0.02070637233555317,0.03727724775671959,0.9361104369163513,0.004922414198517799],[0.003962747752666473,0.10754982382059097,0.05100136250257492,0.8244352340698242,0.013050860725343227],[0.005974484141916037,0.11672560125589371,0.0842243880033493,0.7702869176864624,0.022788558155298233],[0.00030829556635580957,0.020601624622941017,0.021540602669119835,0.9562646746635437,0.0012848111800849438]],"label":[0,0,0,1,0]}