{"input":[[0.03291120007634163,0.22753064334392548,0.09564393758773804,0.25675708055496216,0.387157142162323],[0.035811178386211395,0.2839333117008209,0.09308972209692001,0.3122986853122711,0.27486711740493774],[0.022198772057890892,0.2513999938964844,0.12110220640897751,0.42369404435157776,0.1816050112247467],[0.021654047071933746,0.31047290563583374,0.1951621025800705,0.4095545709133148,0.06315638870000839],[0.017205355688929558,0.15501409769058228,0.10691328346729279,0.5761581063270569,0.14470914006233215]],"label":[0,1,0,0,0]}