{"input":[[0.08829763531684875,0.17221185564994812,0.08280645310878754,0.5706580877304077,0.08602593839168549],[0.04371720552444458,0.1465032696723938,0.1798410564661026,0.5573617815971375,0.07257666438817978],[0.049339938908815384,0.22355112433433533,0.12844839692115784,0.5407600998878479,0.05790036916732788],[0.11354117095470428,0.5371417999267578,0.061038605868816376,0.23211312294006348,0.056165315210819244],[0.13535910844802856,0.4139670729637146,0.08258496969938278,0.27541279792785645,0.09267599880695343]],"label":[0,0,0,1,0]}