{"input":[[0.017474927008152008,0.3743487298488617,0.24591204524040222,0.3292239010334015,0.03304033353924751],[0.028995860368013382,0.27187034487724304,0.30839452147483826,0.3591631054878235,0.03157613426446915],[0.06679637730121613,0.4197159707546234,0.24728575348854065,0.18136748671531677,0.08483440428972244],[0.030594347044825554,0.29232025146484375,0.3042948842048645,0.3447045385837555,0.02808605693280697],[0.015571477822959423,0.43006768822669983,0.21799221634864807,0.3216857314109802,0.014682886190712452]],"label":[0,0,0,1,0]}