{"input":"101540.jpg","scores":[[0.013871682807803154,0.05950324237346649,0.517301619052887,0.3795650601387024,0.02975834161043167],[0.0014516364317387342,0.02686803974211216,0.1650131791830063,0.7976679801940918,0.008999127894639969],[0.010384035296738148,0.09791070967912674,0.32979559898376465,0.49657219648361206,0.06533753126859665],[0.016740264371037483,0.19280356168746948,0.4274711012840271,0.3431083559989929,0.019876735284924507],[0.008647809736430645,0.07006259262561798,0.44474154710769653,0.46530359983444214,0.011244454421103],[0.0015369065804407,0.01908414624631405,0.2128172218799591,0.7647948265075684,0.0017668897053226829]],"label":[0,0,1,0,0]}