{"input":"101629.jpg","scores":[[0.14499863982200623,0.47379162907600403,0.062392458319664,0.2529556453227997,0.06586160510778427],[0.04559967666864395,0.40417054295539856,0.09397134184837341,0.3948063552379608,0.061451975256204605],[0.14431247115135193,0.5072012543678284,0.05837830901145935,0.09407158195972443,0.19603632390499115],[0.0972614735364914,0.6508772373199463,0.05214922875165939,0.11019156873226166,0.08952056616544724],[0.12711665034294128,0.6052871346473694,0.08726370334625244,0.09656085073947906,0.08377161622047424],[0.11065132170915604,0.6919931173324585,0.03068271093070507,0.05942356213927269,0.10724930465221405]],"label":[0,1,0,0,0]}