{"input":[[0.286523699760437,0.21356059610843658,0.013814229518175125,0.03165284916758537,0.4544485807418823],[0.43170464038848877,0.15047217905521393,0.004564438946545124,0.012167141772806644,0.40109166502952576],[0.30096668004989624,0.19040662050247192,0.0055218967609107494,0.025986719876527786,0.4771180748939514],[0.31732240319252014,0.31115779280662537,0.0259624682366848,0.11033685505390167,0.2352205365896225],[0.6711419224739075,0.1547274887561798,0.002850984688848257,0.007960595190525055,0.16331908106803894]],"label":[1,0,0,0,0]}