{"input":[[0.032707829028367996,0.20571064949035645,0.4726211130619049,0.1784599870443344,0.11050036549568176],[0.007828202098608017,0.11976521462202072,0.6840583086013794,0.1749306619167328,0.013417578302323818],[0.0718412846326828,0.30850160121917725,0.4243684411048889,0.13498900830745697,0.06029966101050377],[0.1141773909330368,0.5568733215332031,0.16935381293296814,0.11181306093931198,0.047782447189092636],[0.012749830260872841,0.255838006734848,0.6312662363052368,0.08627580106258392,0.013870040886104107]],"label":[0,0,1,0,0]}