{"input":[[0.07532264292240143,0.7087632417678833,0.03756637126207352,0.1264711618423462,0.051876481622457504],[0.6461064219474792,0.18409496545791626,0.0098430709913373,0.0084590595215559,0.1514964997768402],[0.18395459651947021,0.6355089545249939,0.061605304479599,0.04691839590668678,0.07201271504163742],[0.13242916762828827,0.5492152571678162,0.07159210741519928,0.11684921383857727,0.12991425395011902],[0.16128234565258026,0.6167020797729492,0.06257741153240204,0.09806513041257858,0.06137297675013542]],"label":[0,1,0,0,0]}