{"input":[[0.026796985417604446,0.06924447417259216,0.3811141550540924,0.4765799045562744,0.04626458138227463],[0.04134218022227287,0.09138467907905579,0.45185405015945435,0.3671964704990387,0.0482226237654686],[0.002632283605635166,0.021306995302438736,0.25062528252601624,0.7216306924819946,0.0038047812413424253],[0.010252530686557293,0.055900949984788895,0.30956700444221497,0.6150535941123962,0.009225917980074883],[0.039330266416072845,0.10876999795436859,0.41263681650161743,0.43203163146972656,0.007231318857520819]],"label":[0,0,1,0,0]}