{"input":[[0.11638227105140686,0.3977789282798767,0.014137795194983482,0.3381522595882416,0.13354873657226562],[0.1278982162475586,0.47725793719291687,0.01937234029173851,0.2719397246837616,0.10353179275989532],[0.022363850846886635,0.12994995713233948,0.045444998890161514,0.6290508508682251,0.17319035530090332],[0.08307375013828278,0.32550913095474243,0.028993699699640274,0.4110252261161804,0.15139824151992798],[0.020640915259718895,0.3545037508010864,0.013132966123521328,0.5965887904167175,0.01513361744582653]],"label":[0,0,0,1,0]}