{"input":"101705.jpg","scores":[[0.07086782157421112,0.12365110218524933,0.337101012468338,0.3888373076915741,0.07954283058643341],[0.035900868475437164,0.08764169365167618,0.3859974145889282,0.3761797547340393,0.11428024619817734],[0.04758848249912262,0.10329439491033554,0.26472923159599304,0.4276219308376312,0.1567659229040146],[0.07889097183942795,0.18685324490070343,0.2706727087497711,0.27411946654319763,0.1894635409116745],[0.05300362408161163,0.12676826119422913,0.3537188470363617,0.3926999568939209,0.07380932569503784],[0.030773073434829712,0.06901442259550095,0.45284032821655273,0.399189293384552,0.048182908445596695]],"label":[0,0,0,1,0]}