{"input":[[0.008798993192613125,0.02493911236524582,0.2589471638202667,0.6819248795509338,0.025389838963747025],[0.006136000156402588,0.019371971487998962,0.15010353922843933,0.7975755929946899,0.026812847703695297],[0.0014573446242138743,0.010435579344630241,0.15467913448810577,0.8243469595909119,0.009081060998141766],[0.004985835403203964,0.021081168204545975,0.514892041683197,0.4457048773765564,0.013336015865206718],[0.0010191864566877484,0.00871975440531969,0.18012194335460663,0.8078610897064209,0.0022781225852668285]],"label":[0,0,1,0,0]}