{"input":[[0.015568988397717476,0.02972990646958351,0.5246402025222778,0.4103693962097168,0.01969149336218834],[0.11531331390142441,0.08212409913539886,0.2668370008468628,0.30760467052459717,0.22812092304229736],[0.020593445748090744,0.05901460349559784,0.5244219303131104,0.37412166595458984,0.021848339587450027],[0.009350709617137909,0.03439820557832718,0.47153058648109436,0.4766238331794739,0.0080966642126441],[0.040269941091537476,0.08685898035764694,0.5137651562690735,0.34672704339027405,0.012378938496112823]],"label":[0,0,1,0,0]}