{"input":[[0.27389761805534363,0.5362484455108643,0.021395182237029076,0.058406829833984375,0.11005193740129471],[0.064809150993824,0.08900249749422073,0.00815060455352068,0.015832582488656044,0.822205126285553],[0.11072968691587448,0.6685606837272644,0.05817664414644241,0.09919972717761993,0.06333325803279877],[0.1383565217256546,0.7182856202125549,0.029086336493492126,0.021466758102178574,0.0928046703338623],[0.18261536955833435,0.5673391819000244,0.04930592700839043,0.11920825392007828,0.0815313309431076]],"label":[0,0,1,0,0]}