{"input":[[0.027712460607290268,0.05953562632203102,0.1010034903883934,0.06318363547325134,0.7485647797584534],[0.019532417878508568,0.05312656611204147,0.05586192384362221,0.020286893472075462,0.8511921763420105],[0.005544692277908325,0.021352743729948997,0.07459041476249695,0.024355024099349976,0.874157190322876],[0.02080070599913597,0.03662273287773132,0.07815118879079819,0.018321922048926353,0.8461034297943115],[0.010782706551253796,0.023260025307536125,0.09644290804862976,0.035294678062200546,0.8342196941375732]],"label":[0,0,0,0,1]}