{"input":"102023.jpg","scores":[[0.08140777051448822,0.22563856840133667,0.057349830865859985,0.5508083701133728,0.08479540795087814],[0.021835388615727425,0.24832993745803833,0.06972470134496689,0.5802362561225891,0.07987368851900101],[0.017774151638150215,0.15995024144649506,0.07436633855104446,0.6643962860107422,0.08351294696331024],[0.05559631064534187,0.2124212086200714,0.07092630863189697,0.266183078289032,0.39487317204475403],[0.0681433156132698,0.07836472243070602,0.028379932045936584,0.1744667887687683,0.6506452560424805],[0.018194466829299927,0.10283849388360977,0.10237125307321548,0.723131537437439,0.053464192897081375]],"label":[0,0,0,1,0]}