{"input":[[0.07263509184122086,0.15783816576004028,0.4413193464279175,0.23182858526706696,0.09637874364852905],[0.15010535717010498,0.24835222959518433,0.30999675393104553,0.18054860830307007,0.11099711805582047],[0.011831739917397499,0.07703720778226852,0.36894458532333374,0.5342473387718201,0.007939151488244534],[0.009011105634272099,0.07996311038732529,0.33061325550079346,0.5690932273864746,0.011319253593683243],[0.059552911669015884,0.2740398347377777,0.37295880913734436,0.2630499005317688,0.030398575589060783]],"label":[0,0,1,0,0]}