{"input":[[0.02420569770038128,0.260991632938385,0.39916738867759705,0.25138524174690247,0.06425004452466965],[0.04026678949594498,0.4651133120059967,0.20137523114681244,0.2395639270544052,0.05368073284626007],[0.022090250626206398,0.2236078530550003,0.31933173537254333,0.40118134021759033,0.033788785338401794],[0.12122288346290588,0.6030289530754089,0.07968869060277939,0.115019291639328,0.08104018867015839],[0.01344713568687439,0.5072599053382874,0.3144413232803345,0.1527097374200821,0.012141947634518147]],"label":[0,0,0,1,0]}