{"input":"102135.jpg","scores":[[0.33370083570480347,0.3371179401874542,0.13559183478355408,0.09639886766672134,0.09719054400920868],[0.046874213963747025,0.13692249357700348,0.2862083613872528,0.3877484202384949,0.1422465443611145],[0.337968647480011,0.3719446361064911,0.09749152511358261,0.1049470379948616,0.0876481756567955],[0.06582631915807724,0.1952805072069168,0.3559372127056122,0.32805243134498596,0.05490348860621452],[0.2673981785774231,0.2028937041759491,0.3220570683479309,0.14283472299575806,0.064816415309906]],"label":[1,0,0,0,0]}