{"input":[[0.016888052225112915,0.11929614096879959,0.18762634694576263,0.6310480833053589,0.04514137655496597],[0.0172941405326128,0.10447394847869873,0.39018023014068604,0.4392105042934418,0.04884115979075432],[0.07789601385593414,0.2364819049835205,0.1502169817686081,0.12285314500331879,0.41255199909210205],[0.17305061221122742,0.2974051833152771,0.09459217637777328,0.21337497234344482,0.22157707810401917],[0.013294768519699574,0.18335774540901184,0.2415783405303955,0.5418490171432495,0.01992015168070793]],"label":[0,0,0,1,0]}