{"input":[[0.0510389506816864,0.02759489044547081,0.015269674360752106,0.053546760231256485,0.85254967212677],[0.04018797725439072,0.029161028563976288,0.019388101994991302,0.057526201009750366,0.8537366390228271],[0.08576018363237381,0.04147156700491905,0.01845005713403225,0.04430299997329712,0.8100152015686035],[0.07897483557462692,0.041803035885095596,0.021967429667711258,0.03871007636189461,0.8185446858406067],[0.03388979658484459,0.09409866482019424,0.012280697003006935,0.0404072068631649,0.8193235993385315]],"label":[0,0,0,0,1]}