{"input":"102251.jpg","scores":[[0.08342175930738449,0.11818856745958328,0.2296236753463745,0.5398513674736023,0.028914567083120346],[0.1072923094034195,0.1549973338842392,0.19807252287864685,0.48812416195869446,0.051513709127902985],[0.3892149031162262,0.2234666496515274,0.1205834150314331,0.18202026188373566,0.08471474051475525],[0.02455594204366207,0.11799777299165726,0.4988386929035187,0.34364569187164307,0.014961877837777138],[0.054678793996572495,0.20530182123184204,0.24303236603736877,0.4459133744239807,0.051073696464300156],[0.194203183054924,0.31599196791648865,0.169832244515419,0.29167452454566956,0.028298044577240944]],"label":[0,0,0,1,0]}