{"input":"102226.jpg","scores":[[0.0333830900490284,0.0650971531867981,0.41533181071281433,0.4099157452583313,0.07627211511135101],[0.018845954909920692,0.06645376235246658,0.3911375403404236,0.43470582365989685,0.08885689079761505],[0.009554433636367321,0.04253768548369408,0.4557981491088867,0.4794829487800598,0.01262680534273386],[0.006291890051215887,0.06962237507104874,0.34450098872184753,0.5344889163970947,0.04509580135345459],[0.024672865867614746,0.09155267477035522,0.5150269269943237,0.28917473554611206,0.07957278937101364],[0.0012636628234758973,0.038038451224565506,0.3525833785533905,0.6045623421669006,0.003552245907485485]],"label":[0,0,1,0,0]}