{"input":[[0.0610809251666069,0.10675343126058578,0.26448535919189453,0.28646722435951233,0.2812131345272064],[0.0194541048258543,0.06734861433506012,0.41532519459724426,0.41068318486213684,0.08718893676996231],[0.01220985222607851,0.04639367759227753,0.25025126338005066,0.6132024526596069,0.07794284075498581],[0.009402422234416008,0.05329420045018196,0.34825143218040466,0.5450786352157593,0.04397327080368996],[0.005715652368962765,0.03757207468152046,0.4793250858783722,0.4574803113937378,0.019906872883439064]],"label":[0,0,1,0,0]}