{"input":[[0.13242731988430023,0.0641879215836525,0.0024554666597396135,0.008919079788029194,0.7920102477073669],[0.42736661434173584,0.04073812812566757,0.0029498939402401447,0.006077852565795183,0.5228675007820129],[0.17011909186840057,0.02510679140686989,0.00043757306411862373,0.0007799356244504452,0.8035566210746765],[0.2670060396194458,0.01446927897632122,0.00035554886562749743,0.0007124162511900067,0.7174566388130188],[0.4116334915161133,0.015815168619155884,0.0002331837167730555,0.00042643098277039826,0.5718916654586792]],"label":[1,0,0,0,0]}