{"input":[[0.008722467347979546,0.02401132695376873,0.44029366970062256,0.4967036247253418,0.030268918722867966],[0.005804702639579773,0.020710667595267296,0.33616557717323303,0.6205500960350037,0.01676892675459385],[0.01588754914700985,0.11269040405750275,0.5886747241020203,0.2414928674697876,0.041254524141550064],[0.007669560145586729,0.045290447771549225,0.7292140126228333,0.1935432404279709,0.024282781407237053],[0.001628910074941814,0.014279971830546856,0.7156993746757507,0.2659796476364136,0.002412081928923726]],"label":[0,0,1,0,0]}