{"input":[[0.04867962375283241,0.15882472693920135,0.10208602249622345,0.4417579472064972,0.2486516684293747],[0.051513295620679855,0.1271297037601471,0.11150229722261429,0.3037661910057068,0.4060884714126587],[0.05032724887132645,0.16999708116054535,0.14012877643108368,0.3396352529525757,0.2999116778373718],[0.06093774363398552,0.12074635177850723,0.09012617915868759,0.15408757328987122,0.5741021037101746],[0.01664065755903721,0.0640447735786438,0.2706347703933716,0.580524206161499,0.06815554946660995]],"label":[0,1,0,0,0]}