{"input":"102462.jpg","scores":[[0.015923919156193733,0.033348653465509415,0.7477033734321594,0.1811722218990326,0.02185191586613655],[0.012876034714281559,0.03550272062420845,0.6443576812744141,0.2581959366798401,0.04906759783625603],[0.01485599484294653,0.019263386726379395,0.5413179993629456,0.3956187665462494,0.028943801298737526],[0.007523167412728071,0.031202230602502823,0.7837328910827637,0.15489201247692108,0.022649617865681648],[0.0050590755417943,0.03314798325300217,0.767876148223877,0.1700344830751419,0.023882275447249413],[0.005186543334275484,0.02046697959303856,0.6392073035240173,0.32404792308807373,0.011091270484030247]],"label":[0,0,1,0,0]}