{"input":[[0.006487782578915358,0.03472539782524109,0.1638396680355072,0.7444415092468262,0.050505608320236206],[0.00491777528077364,0.018372897058725357,0.08967709541320801,0.8680985569953918,0.01893373765051365],[0.003824106650426984,0.04955899715423584,0.35193172097206116,0.5694844126701355,0.02520081028342247],[0.0009069268126040697,0.009268752299249172,0.15352417528629303,0.832443356513977,0.003856864059343934],[0.002913170726969838,0.017598282545804977,0.18074721097946167,0.7783747315406799,0.02036668360233307]],"label":[0,0,0,1,0]}