{"input":"10256.jpg","scores":[[0.5634440183639526,0.05247664079070091,0.007475611753761768,0.027766680344939232,0.3488370478153229],[0.43018049001693726,0.02742455154657364,0.0018369712634012103,0.0036733015440404415,0.5368847250938416],[0.3545040786266327,0.01892251707613468,0.000625361455604434,0.0031621598172932863,0.6227859258651733],[0.4487544000148773,0.022711055353283882,0.0007264831219799817,0.002550617791712284,0.5252573490142822],[0.33846572041511536,0.018436819314956665,0.0011248820228502154,0.0033852558117359877,0.6385873556137085],[0.7153740525245667,0.005937512032687664,0.0001450957206543535,0.00045955937821418047,0.278083860874176]],"label":[1,0,0,0,0]}