{"input":"102539.jpg","scores":[[0.004238353110849857,0.04467706009745598,0.22780300676822662,0.7137146592140198,0.009566892869770527],[0.01966799423098564,0.07221577316522598,0.1667550504207611,0.7241222262382507,0.01723898947238922],[0.013500604778528214,0.08723059296607971,0.20021076500415802,0.6540030241012573,0.04505497217178345],[0.04027988016605377,0.11928991228342056,0.39535799622535706,0.3866340219974518,0.0584382489323616],[0.02486150898039341,0.12222576141357422,0.48590540885925293,0.35607218742370605,0.010935082100331783]],"label":[0,1,0,0,0]}