{"input":[[0.004562605172395706,0.013082477264106274,0.526620090007782,0.4481881260871887,0.007546707522124052],[0.002008834620937705,0.017374563962221146,0.6012184619903564,0.3732792139053345,0.006118895020335913],[0.007520606275647879,0.038581810891628265,0.5089660286903381,0.402078241109848,0.042853329330682755],[0.003859831253066659,0.02769431658089161,0.4400843381881714,0.5038506388664246,0.024510879069566727],[0.0008306496893055737,0.007497545797377825,0.6884985566139221,0.3009594976902008,0.0022137565538287163]],"label":[0,0,1,0,0]}