{"input":[[0.009480336681008339,0.09777706116437912,0.24437522888183594,0.6186898946762085,0.029677463695406914],[0.011802169494330883,0.1139935776591301,0.28878912329673767,0.5748617053031921,0.010553362779319286],[0.028000151738524437,0.11297373473644257,0.2076576054096222,0.6345646381378174,0.016803845763206482],[0.14123466610908508,0.16748046875,0.24362480640411377,0.3730792999267578,0.07458075135946274],[0.0261891670525074,0.17927898466587067,0.18988612294197083,0.5915552377700806,0.013090571388602257]],"label":[0,0,0,1,0]}