{"input":[[0.10309726744890213,0.5818222165107727,0.02568349614739418,0.06692887097597122,0.22246819734573364],[0.1584467887878418,0.4302803575992584,0.03590424358844757,0.0695640966296196,0.3058045506477356],[0.32577553391456604,0.3874245285987854,0.03871191665530205,0.07746478915214539,0.17062319815158844],[0.10984249413013458,0.5811398029327393,0.026983698830008507,0.18604961037635803,0.09598430246114731],[0.24815812706947327,0.5350154638290405,0.021495474502444267,0.08772832900285721,0.107602559030056]],"label":[1,0,0,0,0]}