{"input":"102753.jpg","scores":[[0.057027678936719894,0.18495984375476837,0.40359774231910706,0.3099820911884308,0.04443266615271568],[0.009986461140215397,0.06291285157203674,0.5090482831001282,0.3974609971046448,0.020591391250491142],[0.03273051604628563,0.10823468863964081,0.599376916885376,0.21724337339401245,0.04241451993584633],[0.36821839213371277,0.20131702721118927,0.12985782325267792,0.2166997790336609,0.08390700072050095],[0.13801419734954834,0.26024386286735535,0.3626065254211426,0.10627985000610352,0.13285554945468903],[0.07064105570316315,0.19494350254535675,0.5462338328361511,0.18166297674179077,0.0065186647698283195]],"label":[0,0,1,0,0]}