{"input":[[0.039831679314374924,0.12515760958194733,0.012346922419965267,0.043745167553424835,0.7789186239242554],[0.05078737810254097,0.3045264184474945,0.018845386803150177,0.041735026985406876,0.5841058492660522],[0.02086731046438217,0.08836906403303146,0.0049497648142278194,0.029691388830542564,0.8561224341392517],[0.03145065903663635,0.22669827938079834,0.025885092094540596,0.08380214124917984,0.6321638226509094],[0.009403676725924015,0.027897909283638,0.0011893088230863214,0.010478395968675613,0.9510306715965271]],"label":[0,1,0,0,0]}