{"input":[[0.05042046308517456,0.06492052972316742,0.06630785018205643,0.24054363369941711,0.5778075456619263],[0.07142958790063858,0.04391036182641983,0.03882729634642601,0.1540808379650116,0.6917518973350525],[0.041690900921821594,0.1497415006160736,0.0893176719546318,0.42499420046806335,0.29425567388534546],[0.10418251901865005,0.10998352617025375,0.057321205735206604,0.24444904923439026,0.48406368494033813],[0.000614056596532464,0.012843859381973743,0.052328385412693024,0.9255118370056152,0.008701752871274948]],"label":[0,0,0,1,0]}