{"input":[[0.03889963775873184,0.22502610087394714,0.21434316039085388,0.2530875504016876,0.2686435580253601],[0.03799336403608322,0.27855053544044495,0.19083574414253235,0.2217479646205902,0.2708725035190582],[0.009970109909772873,0.2521154582500458,0.3452494442462921,0.32765957713127136,0.06500540673732758],[0.02652418613433838,0.29061803221702576,0.27014800906181335,0.361011803150177,0.0516979843378067],[0.04010842740535736,0.32089343667030334,0.1260201781988144,0.2731917202472687,0.2397862672805786]],"label":[0,0,1,0,0]}