{"input":"102871.jpg","scores":[[0.013797653838992119,0.06953616440296173,0.18853351473808289,0.7116494178771973,0.016483258455991745],[0.004112334921956062,0.0462593138217926,0.09700015932321548,0.8460856080055237,0.006542617455124855],[0.009515968151390553,0.06962471455335617,0.15079021453857422,0.7547587752342224,0.015310283750295639],[0.002485041506588459,0.10748574882745743,0.07757626473903656,0.8049109578132629,0.007541949860751629],[0.004508493933826685,0.031118711456656456,0.07085021585226059,0.8819453120231628,0.011577223427593708],[0.0014826308470219374,0.05181632190942764,0.038281556218862534,0.9064251780509949,0.001994253136217594]],"label":[0,0,0,1,0]}