{"input":[[0.02988697774708271,0.08517508208751678,0.20290212333202362,0.5778049230575562,0.10423090308904648],[0.020708663389086723,0.058704081922769547,0.124858058989048,0.6639379858970642,0.13179123401641846],[0.0056408303789794445,0.017255254089832306,0.1659708023071289,0.7958776950836182,0.015255539678037167],[0.008699440397322178,0.026324763894081116,0.5155885219573975,0.4287232756614685,0.02066400833427906],[0.001927916775457561,0.010433605872094631,0.12708745896816254,0.8580814003944397,0.002469613216817379]],"label":[0,0,0,1,0]}