{"input":[[0.19734343886375427,0.5486907362937927,0.01727554388344288,0.04348009079694748,0.1932101994752884],[0.2193235605955124,0.6261483430862427,0.0028642849065363407,0.005535876844078302,0.14612796902656555],[0.30620449781417847,0.4393904507160187,0.0037823370657861233,0.00574923912063241,0.24487346410751343],[0.3187658488750458,0.34997591376304626,0.005429529584944248,0.008029132150113583,0.31779956817626953],[0.19868682324886322,0.6834758520126343,0.005000217817723751,0.008314589038491249,0.1045224666595459]],"label":[0,1,0,0,0]}