{"input":[[0.03782596066594124,0.555105447769165,0.03241879492998123,0.2115228772163391,0.16312699019908905],[0.02445823885500431,0.6192665100097656,0.04129175469279289,0.2769581377506256,0.03802524879574776],[0.05649205669760704,0.3598054051399231,0.0744868740439415,0.2586542069911957,0.25056153535842896],[0.08282195031642914,0.5209732055664062,0.05901356041431427,0.2160666137933731,0.12112461030483246],[0.012410040944814682,0.3448939025402069,0.0420815609395504,0.5844117999076843,0.016202719882130623]],"label":[0,0,0,1,0]}