{"input":[[0.14105087518692017,0.5844606161117554,0.03170888498425484,0.07797227799892426,0.16480731964111328],[0.07954806834459305,0.7628200650215149,0.038376566022634506,0.0851384773850441,0.03411677107214928],[0.23627620935440063,0.33094918727874756,0.06726579368114471,0.08143575489521027,0.2840730547904968],[0.13111086189746857,0.2896784543991089,0.18249991536140442,0.246785506606102,0.14992524683475494],[0.07298196852207184,0.5123586654663086,0.08868000656366348,0.268735408782959,0.0572439581155777]],"label":[0,0,1,0,0]}