{"input":[[0.010030065663158894,0.18695369362831116,0.2804049253463745,0.5126930475234985,0.009918337687849998],[0.015021826140582561,0.32180628180503845,0.5370112061500549,0.09609613567590714,0.030064590275287628],[0.04955664649605751,0.4668347239494324,0.304850310087204,0.13937200605869293,0.039386361837387085],[0.020427556708455086,0.30082419514656067,0.49153149127960205,0.13615427911281586,0.05106250196695328],[0.01089949905872345,0.5831311941146851,0.3225923776626587,0.06045592203736305,0.022921033203601837]],"label":[0,0,0,1,0]}