{"input":"10297.jpg","scores":[[0.02590368315577507,0.12291477620601654,0.5507140755653381,0.26442772150039673,0.03603971749544144],[0.05902954936027527,0.1015794426202774,0.3299279510974884,0.3363659679889679,0.17309702932834625],[0.020834077149629593,0.13571718335151672,0.6296664476394653,0.17337338626384735,0.040408868342638016],[0.007355124223977327,0.1237896978855133,0.6865269541740417,0.1686653345823288,0.013662915676832199],[0.000841174041852355,0.14660334587097168,0.7460307478904724,0.1059013158082962,0.0006234541069716215],[0.009251004084944725,0.15637192130088806,0.6368651390075684,0.14952942728996277,0.047982607036828995]],"label":[0,0,1,0,0]}