{"input":[[0.037484366446733475,0.21292875707149506,0.18018664419651031,0.5359308123588562,0.033469412475824356],[0.07633604109287262,0.5325544476509094,0.1316891461610794,0.23175589740276337,0.02766439877450466],[0.04970676451921463,0.141511932015419,0.3025480806827545,0.4826122522354126,0.0236209649592638],[0.04098847508430481,0.15167656540870667,0.26849937438964844,0.4938281178474426,0.04500741511583328],[0.061425261199474335,0.22946184873580933,0.21115559339523315,0.47841042280197144,0.01954689435660839]],"label":[0,1,0,0,0]}