{"input":"103060.jpg","scores":[[0.11228641122579575,0.24793431162834167,0.04165657237172127,0.18232214450836182,0.41580063104629517],[0.0817350298166275,0.8007219433784485,0.011327862739562988,0.07925830036401749,0.026956899091601372],[0.14849208295345306,0.6885405778884888,0.00825295690447092,0.0703982412815094,0.08431622385978699],[0.061135753989219666,0.47274139523506165,0.011451035737991333,0.13004320859909058,0.3246285617351532],[0.11571987718343735,0.44842079281806946,0.01249417383223772,0.12229157239198685,0.3010735511779785],[0.08111131936311722,0.8077318072319031,0.006712827831506729,0.05540698394179344,0.049037136137485504]],"label":[0,1,0,0,0]}