{"input":[[0.008898063562810421,0.08681194484233856,0.2867426872253418,0.5987963080406189,0.01875096745789051],[0.008249749429523945,0.07291921973228455,0.2449595183134079,0.6324358582496643,0.041435737162828445],[0.015465259552001953,0.08488903939723969,0.13794736564159393,0.7112526893615723,0.05044565722346306],[0.023085270076990128,0.11680098623037338,0.19009624421596527,0.6165637373924255,0.053453803062438965],[0.007950490340590477,0.0963294729590416,0.17314040660858154,0.7021129727363586,0.02046671137213707]],"label":[0,0,0,1,0]}