{"input":[[0.08085496723651886,0.12606209516525269,0.13013210892677307,0.6245953440666199,0.03835548460483551],[0.027537474408745766,0.17907381057739258,0.21298062801361084,0.5421062111854553,0.03830188140273094],[0.008066821843385696,0.29627859592437744,0.33103862404823303,0.3313632011413574,0.03325275331735611],[0.007234551012516022,0.2520143389701843,0.3887610137462616,0.322894424200058,0.029095737263560295],[0.053415972739458084,0.4652308523654938,0.16518689692020416,0.26986631751060486,0.04629998654127121]],"label":[0,0,1,0,0]}