{"input":"103168.jpg","scores":[[0.019284406676888466,0.07888434082269669,0.19319820404052734,0.6814682483673096,0.027164824306964874],[0.007636525668203831,0.040472161024808884,0.15588006377220154,0.7797583937644958,0.01625288836658001],[0.00800141878426075,0.05843358859419823,0.10086147487163544,0.8250634074211121,0.007640029303729534],[0.005729491822421551,0.1238652914762497,0.12172216176986694,0.7309014797210693,0.017781641334295273],[0.014385426416993141,0.18711872398853302,0.21362054347991943,0.5582586526870728,0.026616739109158516],[0.0036363815888762474,0.11981508880853653,0.054740991443395615,0.8179163932800293,0.0038911555893719196]],"label":[0,0,0,1,0]}