{"input":[[0.05300484970211983,0.48889392614364624,0.17484153807163239,0.19130919873714447,0.09195055067539215],[0.11553825438022614,0.4814709722995758,0.17464368045330048,0.11523924767971039,0.11310786753892899],[0.06250069290399551,0.455290824174881,0.16538433730602264,0.24231277406215668,0.07451140880584717],[0.021662475541234016,0.31216099858283997,0.2969270646572113,0.35544419288635254,0.013805245980620384],[0.06497777253389359,0.5126374363899231,0.22172711789608002,0.1751261055469513,0.02553163655102253]],"label":[0,0,0,1,0]}