{"input":"103102.jpg","scores":[[0.05271371826529503,0.22878211736679077,0.04665067791938782,0.3747273087501526,0.2971261739730835],[0.0423121452331543,0.23634734749794006,0.05106528103351593,0.5059704184532166,0.16430485248565674],[0.0677025094628334,0.2835467457771301,0.05520268902182579,0.3538551926612854,0.2396928369998932],[0.08448905497789383,0.37860989570617676,0.03722301498055458,0.2362353354692459,0.2634426951408386],[0.1301834136247635,0.33580461144447327,0.039317790418863297,0.21342162787914276,0.2812725901603699],[0.011435051448643208,0.1439560502767563,0.02500125765800476,0.7975853085517883,0.022022349759936333]],"label":[0,0,0,1,0]}