{"input":"103247.jpg","scores":[[0.16201570630073547,0.11362412571907043,0.16981862485408783,0.4997544288635254,0.054787084460258484],[0.048304054886102676,0.16897039115428925,0.09399253875017166,0.5752262473106384,0.1135067269206047],[0.12340626120567322,0.1983385682106018,0.06676235049962997,0.4058840870857239,0.2056087851524353],[0.07108869403600693,0.14732201397418976,0.0677584707736969,0.34075605869293213,0.3730747401714325],[0.27059999108314514,0.15838292241096497,0.018676970154047012,0.05007922276854515,0.5022608637809753],[0.08290059119462967,0.1616070568561554,0.06904015690088272,0.6343071460723877,0.05214507132768631]],"label":[0,0,0,1,0]}