{"input":[[0.02233295887708664,0.07169057428836823,0.5270490646362305,0.3144395351409912,0.06448784470558167],[0.043029721826314926,0.08896193653345108,0.38445866107940674,0.2387535721063614,0.24479614198207855],[0.020270830020308495,0.047777824103832245,0.38202425837516785,0.5068789124488831,0.0430481918156147],[0.01031679380685091,0.03762837499380112,0.4929104447364807,0.44535642862319946,0.013787987641990185],[0.003907196689397097,0.010220730677247047,0.5774790644645691,0.40284374356269836,0.005549289286136627]],"label":[0,0,1,0,0]}