{"input":[[0.042889416217803955,0.1345568746328354,0.08419641107320786,0.2510285973548889,0.4873286187648773],[0.056534308940172195,0.1167081668972969,0.11796306818723679,0.4528557360172272,0.2559387981891632],[0.04905397444963455,0.19637881219387054,0.11007395386695862,0.5582904815673828,0.08620274066925049],[0.14914105832576752,0.20605799555778503,0.10773531347513199,0.27683889865875244,0.2602267563343048],[0.0064879306592047215,0.05114245042204857,0.051306117326021194,0.8775700926780701,0.013493410311639309]],"label":[0,0,0,1,0]}