{"input":"10389.jpg","scores":[[0.014393577352166176,0.043174680322408676,0.1367165595293045,0.7788459658622742,0.026869280263781548],[0.0054589915089309216,0.02371574006974697,0.16570675373077393,0.7691096067428589,0.036008890718221664],[0.006344132591038942,0.027088601142168045,0.16900700330734253,0.758405327796936,0.03915495425462723],[0.00538069661706686,0.061875857412815094,0.06814327090978622,0.8495652079582214,0.015034952200949192],[0.01077307853847742,0.12427635490894318,0.08204641938209534,0.7637148499488831,0.019189363345503807],[0.003758830251172185,0.03745584934949875,0.1491663157939911,0.8075909614562988,0.002028105081990361]],"label":[0,0,0,1,0]}