{"input":"10421.jpg","scores":[[0.09926073998212814,0.1743985265493393,0.21504968404769897,0.3309279978275299,0.18036304414272308],[0.04494241625070572,0.1358654499053955,0.46177563071250916,0.2648778259754181,0.09253865480422974],[0.028343163430690765,0.2505411207675934,0.28116461634635925,0.19337622821331024,0.24657486379146576],[0.010576232336461544,0.13755469024181366,0.6238844394683838,0.18102119863033295,0.04696336016058922],[0.0944610983133316,0.38604849576950073,0.06331264972686768,0.013000153936445713,0.44317758083343506],[0.013153033331036568,0.2725037932395935,0.44685718417167664,0.11263374239206314,0.15485221147537231]],"label":[0,0,1,0,0]}