{"input":[[0.004271641839295626,0.039680130779743195,0.07444564998149872,0.7836316227912903,0.09797095507383347],[0.008664489723742008,0.051612190902233124,0.052450332790613174,0.7535873651504517,0.13368567824363708],[0.008217569440603256,0.20551130175590515,0.053918711841106415,0.7177009582519531,0.014651364646852016],[0.009830914437770844,0.18937160074710846,0.04995269700884819,0.7288655638694763,0.021979128941893578],[0.00313329859636724,0.06249963492155075,0.02240009792149067,0.9065476059913635,0.0054193404503166676]],"label":[0,0,0,1,0]}