{"input":[[0.009077109396457672,0.09091661870479584,0.3827109932899475,0.49887457489967346,0.018420640379190445],[0.004177785478532314,0.027344467118382454,0.5150676965713501,0.4451195001602173,0.008290527388453484],[0.0034398739226162434,0.05226743593811989,0.6826408505439758,0.25634777545928955,0.0053040399216115475],[0.003258633427321911,0.034322284162044525,0.789100170135498,0.1673695147037506,0.005949412006884813],[0.0007818580488674343,0.007697449531406164,0.8882070183753967,0.1016915962100029,0.00162215786986053]],"label":[0,0,1,0,0]}