{"input":[[0.09481212496757507,0.10717996954917908,0.015384589321911335,0.02346123568713665,0.7591620683670044],[0.2687970697879791,0.23037725687026978,0.011905301362276077,0.04243399575352669,0.4464864134788513],[0.08720137178897858,0.26044127345085144,0.019461827352643013,0.031165987253189087,0.6017295122146606],[0.3203853964805603,0.3540719747543335,0.014630844816565514,0.0622507780790329,0.2486611008644104],[0.22156183421611786,0.1720948964357376,0.007599347271025181,0.018651476129889488,0.5800923705101013]],"label":[0,1,0,0,0]}