{"input":[[0.02893340215086937,0.053533732891082764,0.7148728966712952,0.1835256665945053,0.019134214147925377],[0.10869748145341873,0.12238059937953949,0.5090168118476868,0.21374069154262543,0.04616445302963257],[0.005496731027960777,0.06803089380264282,0.5422650575637817,0.35091733932495117,0.033289939165115356],[0.005249589215964079,0.032323017716407776,0.5882800221443176,0.36696532368659973,0.007182066794484854],[0.028056923300027847,0.10216015577316284,0.5303243398666382,0.31274765729904175,0.026710981503129005]],"label":[0,0,1,0,0]}