{"input":[[0.09356493502855301,0.08316182345151901,0.10511170327663422,0.4747757315635681,0.24338586628437042],[0.03546793758869171,0.07086753100156784,0.15035675466060638,0.57469242811203,0.16861538589000702],[0.005246197339147329,0.03182767331600189,0.13668227195739746,0.8127198219299316,0.013524025678634644],[0.007072141394019127,0.02638617344200611,0.0799635499715805,0.861461341381073,0.025116881355643272],[0.0001880186318885535,0.002077595330774784,0.10447453707456589,0.8924691677093506,0.0007907146937213838]],"label":[0,0,0,1,0]}