{"input":[[0.10709087550640106,0.36436304450035095,0.04651536047458649,0.28774112462997437,0.19428956508636475],[0.1442810744047165,0.3939722776412964,0.11006150394678116,0.19486264884471893,0.15682247281074524],[0.11138484627008438,0.474323034286499,0.07188361883163452,0.2019781768321991,0.1404302418231964],[0.1486457884311676,0.4770515561103821,0.046943433582782745,0.11596894264221191,0.21139037609100342],[0.09576383233070374,0.4851591885089874,0.029924843460321426,0.2512355446815491,0.13791660964488983]],"label":[0,1,0,0,0]}