{"input":[[0.11109372228384018,0.499822735786438,0.1641388237476349,0.10286598652601242,0.1220787987112999],[0.05465663969516754,0.5519766807556152,0.20368404686450958,0.13728542625904083,0.05239713937044144],[0.03775913640856743,0.37218964099884033,0.2711693346500397,0.3004538118839264,0.01842808723449707],[0.059186942875385284,0.5840151906013489,0.19057735800743103,0.13294915854930878,0.033271435648202896],[0.02795618399977684,0.6834656596183777,0.1700264811515808,0.10287375003099442,0.01567790098488331]],"label":[0,1,0,0,0]}