{"input":[[0.012932558543980122,0.11231103539466858,0.7370858788490295,0.10365188121795654,0.034018613398075104],[0.01942664571106434,0.06753778457641602,0.6207526326179504,0.2550303041934967,0.03725268691778183],[0.009104830212891102,0.10301800817251205,0.8353356719017029,0.04018986225128174,0.012351536191999912],[0.007773471996188164,0.0770890936255455,0.8751710057258606,0.029062602669000626,0.010903739370405674],[0.0008243289776146412,0.011752329766750336,0.9738430380821228,0.012263668701052666,0.0013166774297133088]],"label":[0,0,1,0,0]}