{"input":[[0.3019009232521057,0.02552851475775242,0.0010302060982212424,0.002876280341297388,0.6686640977859497],[0.2196156233549118,0.22480180859565735,0.016129810363054276,0.11424306780099869,0.42520958185195923],[0.5968636274337769,0.022983847185969353,0.0026591147761791945,0.0069992500357329845,0.37049418687820435],[0.6877371072769165,0.018572457134723663,0.00183100753929466,0.0037750238552689552,0.28808438777923584],[0.726758599281311,0.03160758689045906,0.0014570532366633415,0.008766857907176018,0.2314099669456482]],"label":[1,0,0,0,0]}