{"input":[[0.007341219577938318,0.0517129972577095,0.03352266550064087,0.634878396987915,0.2725447416305542],[0.006850383244454861,0.048503145575523376,0.029869642108678818,0.7869268655776978,0.12784990668296814],[0.0026913504116237164,0.04142574593424797,0.040429629385471344,0.9031249284744263,0.01232838910073042],[0.004465376492589712,0.057221315801143646,0.040714114904403687,0.8138704895973206,0.08372867107391357],[0.002550702076405287,0.02887466363608837,0.02054983749985695,0.8849808573722839,0.06304389238357544]],"label":[0,0,0,1,0]}