{"input":[[0.010739479213953018,0.20290489494800568,0.27909788489341736,0.4693702757358551,0.037887461483478546],[0.004827132448554039,0.08355532586574554,0.2934626340866089,0.6061303019523621,0.01202461402863264],[0.007018310017883778,0.02874784544110298,0.1983567476272583,0.7310091853141785,0.03486798703670502],[0.015724677592515945,0.06784877181053162,0.2722059190273285,0.6198268532752991,0.024393724277615547],[0.002923394087702036,0.04090716317296028,0.29416459798812866,0.6548177003860474,0.007187191862612963]],"label":[0,0,0,1,0]}