{"input":"10907.jpg","scores":[[0.052091922610998154,0.07070205360651016,0.19381453096866608,0.5884250402450562,0.09496644139289856],[0.048128411173820496,0.07396292686462402,0.1597806066274643,0.5901563167572021,0.12797167897224426],[0.06835629045963287,0.09527198225259781,0.15223328769207,0.5508419275283813,0.13329653441905975],[0.04448545724153519,0.0706319808959961,0.25887352228164673,0.4805290997028351,0.1454799920320511],[0.05536052584648132,0.1265670359134674,0.29897525906562805,0.4366854131221771,0.08241179585456848],[0.006582297850400209,0.035195205360651016,0.1370590776205063,0.807870626449585,0.013292822055518627]],"label":[0,0,0,1,0]}