{"input":[[0.027530303224921227,0.3405076861381531,0.053568173199892044,0.20043770968914032,0.3779560923576355],[0.02592906542122364,0.31717175245285034,0.06810402125120163,0.24085672199726105,0.3479384481906891],[0.026810286566615105,0.3882509768009186,0.044959161430597305,0.17042586207389832,0.369553804397583],[0.013402460142970085,0.19502079486846924,0.0709003284573555,0.26467710733413696,0.4559992551803589],[0.009408638812601566,0.24771621823310852,0.028986535966396332,0.15448613464832306,0.5594024658203125]],"label":[0,1,0,0,0]}