{"input":[[0.026897525414824486,0.25584766268730164,0.3042912483215332,0.37953463196754456,0.033428966999053955],[0.02983914688229561,0.3289220631122589,0.28217849135398865,0.28838303685188293,0.07067717611789703],[0.1295487880706787,0.12479124218225479,0.06994931399822235,0.09603741019964218,0.5796733498573303],[0.17742668092250824,0.2618885338306427,0.14797058701515198,0.20952439308166504,0.20318976044654846],[0.0814422070980072,0.24731655418872833,0.29042622447013855,0.30284661054611206,0.07796834409236908]],"label":[0,0,0,1,0]}