{"input":"10997.jpg","scores":[[0.016689028590917587,0.05827062949538231,0.2707158923149109,0.6367523074150085,0.01757211610674858],[0.0037794504314661026,0.030018610879778862,0.3289015293121338,0.6227289438247681,0.014571490697562695],[0.006692714989185333,0.03941991180181503,0.13310202956199646,0.8034406304359436,0.017344754189252853],[0.01348643284291029,0.06356155872344971,0.4105856716632843,0.5035468339920044,0.00881948322057724],[0.00840652734041214,0.03112838789820671,0.35371068120002747,0.5964680314064026,0.01028643362224102],[0.0007131024613045156,0.007982741110026836,0.3194274604320526,0.6698017120361328,0.002074998104944825]],"label":[0,0,0,1,0]}