{"input":[[0.4890495240688324,0.1678563803434372,0.005091186612844467,0.014536289498209953,0.32346653938293457],[0.36418449878692627,0.05263299122452736,0.004434123169630766,0.005521477200090885,0.5732269287109375],[0.4081856310367584,0.06778160482645035,0.0021627729292958975,0.005730695556849241,0.5161393284797668],[0.666090190410614,0.04210449755191803,0.0015069027431309223,0.0032677771523594856,0.28703054785728455],[0.5625534057617188,0.028025968000292778,0.0003756109217647463,0.0006929393857717514,0.4083520472049713]],"label":[1,0,0,0,0]}