{"input":"11095.jpg","scores":[[0.07487630844116211,0.15380257368087769,0.4401426911354065,0.26968181133270264,0.06149664893746376],[0.05140303447842598,0.29042550921440125,0.27819833159446716,0.2882649898529053,0.09170813113451004],[0.03976202756166458,0.28305357694625854,0.48071447014808655,0.11214004456996918,0.08432988077402115],[0.0432300828397274,0.2052084505558014,0.5610228180885315,0.17354615032672882,0.016992606222629547],[0.008697114884853363,0.07501772791147232,0.8139674067497253,0.0847758799791336,0.017541851848363876],[0.011509416624903679,0.21558305621147156,0.5920053124427795,0.16518284380435944,0.015719415619969368]],"label":[0,0,1,0,0]}