{"input":[[0.0073530180379748344,0.1060299426317215,0.25974148511886597,0.6133926510810852,0.013482912443578243],[0.03505222126841545,0.16596391797065735,0.19214366376399994,0.5133761167526245,0.09346401691436768],[0.007607030216604471,0.05299549922347069,0.07279343903064728,0.8359916806221008,0.030612369999289513],[0.04088522121310234,0.20818883180618286,0.2248307317495346,0.44393423199653625,0.08216093480587006],[0.0025883817579597235,0.04691611975431442,0.11463567614555359,0.8311034440994263,0.004756404086947441]],"label":[0,0,0,1,0]}