{"input":"11119.jpg","scores":[[0.006217770744115114,0.028361095115542412,0.17520534992218018,0.7699317932128906,0.020283959805965424],[0.0030414345674216747,0.029827045276761055,0.11367354542016983,0.8103070259094238,0.04315093159675598],[0.007592532783746719,0.032058414071798325,0.16502636671066284,0.6989561915397644,0.09636648744344711],[0.0010922900401055813,0.021908385679125786,0.1493660807609558,0.8247464299201965,0.002886819653213024],[0.004598579369485378,0.05843530595302582,0.26069211959838867,0.6611863970756531,0.015087638981640339],[0.0021614772267639637,0.015441217459738255,0.1223243698477745,0.8346301317214966,0.025442741811275482]],"label":[0,0,0,1,0]}