{"input":[[0.08101429045200348,0.4507675766944885,0.11643774062395096,0.07027477025985718,0.28150564432144165],[0.14323151111602783,0.399993896484375,0.08505775034427643,0.030427217483520508,0.3412896394729614],[0.05980285257101059,0.17562872171401978,0.022355997934937477,0.006064354907721281,0.7361480593681335],[0.21227717399597168,0.6662269830703735,0.022236932069063187,0.017239749431610107,0.0820191502571106],[0.12522229552268982,0.4017419219017029,0.013835317455232143,0.008743238635361195,0.4504571557044983]],"label":[0,0,1,0,0]}