{"input":[[0.015156003646552563,0.11040686815977097,0.38957861065864563,0.44746121764183044,0.03739727661013603],[0.03518325462937355,0.08519365638494492,0.7415875792503357,0.10886644572019577,0.029169151559472084],[0.05406518280506134,0.22813192009925842,0.39861971139907837,0.2391323745250702,0.08005089312791824],[0.07265714555978775,0.16002987325191498,0.4729600250720978,0.2185247838497162,0.07582820951938629],[0.048605065792798996,0.17260946333408356,0.5203186869621277,0.20385107398033142,0.054615579545497894]],"label":[0,0,1,0,0]}