{"input":[[0.16711904108524323,0.3563111126422882,0.022707141935825348,0.11039495468139648,0.34346771240234375],[0.08254403620958328,0.3428821861743927,0.023389600217342377,0.096721351146698,0.45446279644966125],[0.10766753554344177,0.19182781875133514,0.01877569407224655,0.14081382751464844,0.5409151315689087],[0.1395304799079895,0.203256294131279,0.02074892818927765,0.16513323783874512,0.47133105993270874],[0.07702909409999847,0.27125903964042664,0.026600312441587448,0.17080934345722198,0.45430228114128113]],"label":[0,0,1,0,0]}