{"input":[[0.05072242394089699,0.37821102142333984,0.14135825634002686,0.2214159369468689,0.20829233527183533],[0.03925956040620804,0.11715104430913925,0.5244871973991394,0.1860324889421463,0.13306978344917297],[0.04901513084769249,0.5090886950492859,0.23632453382015228,0.09950992465019226,0.10606173425912857],[0.03278570994734764,0.2629718780517578,0.2597902715206146,0.4006802439689636,0.04377181455492973],[0.072526715695858,0.6296367645263672,0.06445986032485962,0.13734443485736847,0.09603224694728851]],"label":[0,0,0,1,0]}