{"input":"11233.jpg","scores":[[0.03214456886053085,0.3003259301185608,0.3879458010196686,0.037185266613960266,0.2423984408378601],[0.04410051181912422,0.22603389620780945,0.3739738166332245,0.05031599849462509,0.30557581782341003],[0.034828461706638336,0.14060015976428986,0.44476789236068726,0.05528920888900757,0.32451432943344116],[0.05975494906306267,0.1272774040699005,0.288668155670166,0.048402462154626846,0.47589701414108276],[0.02676263079047203,0.1548801064491272,0.5017256736755371,0.048126596957445145,0.2685049772262573]],"label":[0,0,1,0,0]}