{"input":[[0.41524747014045715,0.021402763202786446,0.0010530026629567146,0.005286507774144411,0.557010293006897],[0.5183157920837402,0.03650836646556854,0.007859892211854458,0.011761664412915707,0.4255543649196625],[0.8407976627349854,0.03545475751161575,0.003525578184053302,0.011383642442524433,0.10883833467960358],[0.6216820478439331,0.022303234785795212,0.0009786798618733883,0.00332854432053864,0.3517075181007385],[0.8359370231628418,0.01261458732187748,0.0005279722972773015,0.0016428142553195357,0.14927756786346436]],"label":[1,0,0,0,0]}