{"input":[[0.03518221899867058,0.11385771632194519,0.28420692682266235,0.3730509281158447,0.19370223581790924],[0.05084409937262535,0.32048559188842773,0.23626868426799774,0.36402755975723267,0.028374092653393745],[0.042771581560373306,0.1454399675130844,0.3935404121875763,0.2694433927536011,0.14880459010601044],[0.1196134015917778,0.24505019187927246,0.2515016794204712,0.34234678745269775,0.04148793965578079],[0.019838478416204453,0.14883747696876526,0.36892709136009216,0.4467198848724365,0.01567710004746914]],"label":[0,1,0,0,0]}