{"input":"1129.jpg","scores":[[0.09341764450073242,0.15697312355041504,0.06957607716321945,0.32352694869041443,0.35650622844696045],[0.06360185891389847,0.22812813520431519,0.018527206033468246,0.2006126493215561,0.48913004994392395],[0.0702551007270813,0.253155916929245,0.03793488070368767,0.2684621810913086,0.3701919913291931],[0.07919274270534515,0.22955887019634247,0.038572438061237335,0.4125955104827881,0.24008044600486755],[0.07242327183485031,0.21625301241874695,0.032477445900440216,0.25600358843803406,0.42284274101257324],[0.038917042315006256,0.21118737757205963,0.02581707574427128,0.5117106437683105,0.21236790716648102]],"label":[0,1,0,0,0]}