{"input":"11368.jpg","scores":[[0.08993305265903473,0.139363095164299,0.10163343697786331,0.3988087475299835,0.27026161551475525],[0.02037103846669197,0.14571735262870789,0.13796961307525635,0.641264021396637,0.05467795580625534],[0.036462292075157166,0.09970167279243469,0.13478927314281464,0.45889079570770264,0.27015602588653564],[0.039787616580724716,0.21484267711639404,0.08087398111820221,0.502255380153656,0.16224031150341034],[0.050836220383644104,0.21106234192848206,0.1308271437883377,0.29802414774894714,0.3092501163482666],[0.0034838642459362745,0.10928507149219513,0.1660887897014618,0.706630289554596,0.014511972665786743]],"label":[0,0,0,1,0]}