{"input":[[0.4461703598499298,0.2673667073249817,0.06490833312273026,0.035581350326538086,0.18597319722175598],[0.32537418603897095,0.49710410833358765,0.021969875320792198,0.020201250910758972,0.1353505700826645],[0.569934606552124,0.24799935519695282,0.01993601955473423,0.011323605664074421,0.15080639719963074],[0.34253013134002686,0.4176265597343445,0.03858860209584236,0.03974553570151329,0.1615092009305954],[0.47957611083984375,0.3324770927429199,0.026330184191465378,0.013417848385870457,0.14819875359535217]],"label":[0,1,0,0,0]}