{"input":[[0.00746685266494751,0.03748083487153053,0.291711688041687,0.6300299167633057,0.03331064432859421],[0.01885194517672062,0.08623448014259338,0.5147432684898376,0.3116317689418793,0.06853855401277542],[0.0051291631534695625,0.045952171087265015,0.09007326513528824,0.8470653295516968,0.011780064553022385],[0.012813177891075611,0.08456315845251083,0.3659305274486542,0.49720311164855957,0.039490073919296265],[0.0034753030631691217,0.03569447249174118,0.17211276292800903,0.7825027108192444,0.006214756518602371]],"label":[0,0,1,0,0]}