{"input":"11424.jpg","scores":[[0.016631264239549637,0.05473615601658821,0.5797640085220337,0.3224705755710602,0.026398032903671265],[0.007158603984862566,0.03534350544214249,0.465182900428772,0.47846320271492004,0.013851853087544441],[0.010530136525630951,0.059323009103536606,0.28841209411621094,0.6201329827308655,0.021601801738142967],[0.003758081467822194,0.020536499097943306,0.7372542023658752,0.2117111086845398,0.026740139350295067],[0.009424586780369282,0.0722244456410408,0.4255351722240448,0.48017174005508423,0.012644042260944843],[0.003044984070584178,0.03533310070633888,0.5077174305915833,0.44765064120292664,0.006253895815461874]],"label":[0,0,1,0,0]}