{"input":[[0.026611343026161194,0.1299007087945938,0.19286751747131348,0.6214351058006287,0.02918534353375435],[0.0574667789041996,0.13884665071964264,0.0982346385717392,0.5721986889839172,0.13325324654579163],[0.032103054225444794,0.2556370198726654,0.1521320641040802,0.5030093193054199,0.05711854621767998],[0.055528998374938965,0.3180292844772339,0.11331232637166977,0.3048217296600342,0.2083076685667038],[0.04249013587832451,0.4289782643318176,0.11336240917444229,0.32896551489830017,0.08620365709066391]],"label":[0,0,1,0,0]}