{"input":[[0.041428085416555405,0.06250149011611938,0.22550976276397705,0.11933429539203644,0.5512263774871826],[0.0716109648346901,0.08840570598840714,0.16148577630519867,0.17933914065361023,0.4991583824157715],[0.08206333965063095,0.136496901512146,0.20359332859516144,0.36539778113365173,0.2124485969543457],[0.024468448013067245,0.06293915212154388,0.19858235120773315,0.5667479634284973,0.1472621113061905],[0.06122535839676857,0.034621305763721466,0.5658054351806641,0.1155165508389473,0.22283127903938293]],"label":[0,0,1,0,0]}