{"input":"11539.jpg","scores":[[0.0627305880188942,0.10979127138853073,0.16275981068611145,0.6295732855796814,0.035145122557878494],[0.05747515708208084,0.17452408373355865,0.11177219450473785,0.5262224078178406,0.1300060749053955],[0.05867932736873627,0.1458667814731598,0.11075370013713837,0.6053361296653748,0.07936406135559082],[0.018171418458223343,0.1530572921037674,0.17654356360435486,0.5811002254486084,0.07112745940685272],[0.05121849477291107,0.23258914053440094,0.11965307593345642,0.5224601626396179,0.07407905906438828],[0.013533521443605423,0.09863938391208649,0.07221146672964096,0.7890579104423523,0.02655765973031521]],"label":[0,0,0,1,0]}