{"input":[[0.47745388746261597,0.2919534742832184,0.016633696854114532,0.037786033004522324,0.17617285251617432],[0.374524861574173,0.5486013293266296,0.00641287537291646,0.007851945236325264,0.0626089945435524],[0.5338595509529114,0.21537205576896667,0.08199682831764221,0.07557393610477448,0.09319765120744705],[0.23635628819465637,0.3482845723628998,0.13363303244113922,0.17784596979618073,0.10388012230396271],[0.2677679657936096,0.6651728749275208,0.015658162534236908,0.036136992275714874,0.015263980254530907]],"label":[0,1,0,0,0]}