{"input":[[0.012570628896355629,0.03500627353787422,0.1305350661277771,0.13271033763885498,0.6891776919364929],[0.031770650297403336,0.15635408461093903,0.32917487621307373,0.35862621665000916,0.12407410889863968],[0.015099776908755302,0.11603571474552155,0.5377184748649597,0.041828300803899765,0.2893177568912506],[0.007288666907697916,0.12373446673154831,0.6544057726860046,0.12169024348258972,0.09288077801465988],[0.02268039807677269,0.16115009784698486,0.5535140037536621,0.03397040814161301,0.22868502140045166]],"label":[0,0,1,0,0]}