{"input":[[0.041568320244550705,0.3668992221355438,0.33484262228012085,0.1274319440126419,0.12925788760185242],[0.0374247208237648,0.44188472628593445,0.320465624332428,0.0498662069439888,0.1503586769104004],[0.017823336645960808,0.29839465022087097,0.4313926696777344,0.17686443030834198,0.07552491128444672],[0.04293975606560707,0.2941915690898895,0.3429320752620697,0.27312567830085754,0.04681098833680153],[0.03126370534300804,0.4700673818588257,0.3514622747898102,0.09792735427618027,0.04927928000688553]],"label":[0,1,0,0,0]}