{"input":[[0.21282702684402466,0.48532626032829285,0.010327798314392567,0.03083910048007965,0.260679692029953],[0.12819960713386536,0.37081488966941833,0.03640715777873993,0.14456120133399963,0.32001709938049316],[0.16031666100025177,0.4683055281639099,0.043848104774951935,0.15638326108455658,0.171146422624588],[0.16156016290187836,0.560104250907898,0.04350047558546066,0.08364008367061615,0.1511949747800827],[0.11257028579711914,0.6488282084465027,0.014426560141146183,0.09501175582408905,0.12916313111782074]],"label":[0,1,0,0,0]}