{"input":[[0.03555993735790253,0.7662836313247681,0.048449669033288956,0.04136376082897186,0.10834295302629471],[0.05333121120929718,0.8118722438812256,0.043558716773986816,0.013478553853929043,0.0777592658996582],[0.022921016439795494,0.7963557243347168,0.09956402331590652,0.03953532129526138,0.041623931378126144],[0.03308962285518646,0.6762686967849731,0.04300066456198692,0.017671141773462296,0.22996993362903595],[0.028137769550085068,0.7381431460380554,0.02989662066102028,0.015798337757587433,0.1880241185426712]],"label":[0,0,1,0,0]}