{"input":[[0.05222715437412262,0.08181186020374298,0.0029768517706543207,0.005687170196324587,0.8572969436645508],[0.006775751244276762,0.010675353929400444,0.0015675225295126438,0.0012632171856239438,0.9797180891036987],[0.005026454571634531,0.004378202371299267,0.00028647264116443694,0.00017053386545740068,0.9901382923126221],[0.006254889536648989,0.008967418223619461,0.00022161437664180994,0.00020793761359527707,0.9843481183052063],[0.01963837444782257,0.00873817689716816,0.0003923747572116554,0.00026775477454066277,0.9709632396697998]],"label":[0,0,0,0,1]}