{"input":[[0.06944306194782257,0.42293715476989746,0.35831496119499207,0.06763477623462677,0.08167003095149994],[0.16573964059352875,0.25486326217651367,0.44008398056030273,0.09542924165725708,0.043883901089429855],[0.07755865901708603,0.3074674606323242,0.26156044006347656,0.2916015684604645,0.06181197613477707],[0.23185721039772034,0.3331538438796997,0.2724548876285553,0.10873378068208694,0.05380019173026085],[0.34539082646369934,0.3951916992664337,0.12887510657310486,0.06465140730142593,0.06589096039533615]],"label":[0,0,1,0,0]}