{"input":[[0.03516777232289314,0.29061657190322876,0.10144026577472687,0.4093582332134247,0.16341714560985565],[0.13474281132221222,0.3790554106235504,0.08721675723791122,0.2240804135799408,0.17490455508232117],[0.007064597215503454,0.0886504277586937,0.1771838665008545,0.6930331587791443,0.03406791761517525],[0.02789689041674137,0.15215103328227997,0.1948777437210083,0.5676138401031494,0.057460490614175797],[0.009469115175306797,0.1108294427394867,0.1149151474237442,0.7392045259475708,0.02558174543082714]],"label":[0,0,1,0,0]}