{"input":"11752.jpg","scores":[[0.09975361824035645,0.15969938039779663,0.18799978494644165,0.4641471207141876,0.08840014040470123],[0.17077402770519257,0.3998987376689911,0.11926262825727463,0.2570140063762665,0.05305051431059837],[0.340178519487381,0.210026353597641,0.06089452654123306,0.15174582600593567,0.23715467751026154],[0.1560221016407013,0.4424213171005249,0.08509131520986557,0.2448815405368805,0.07158368080854416],[0.5535303354263306,0.16499997675418854,0.023294907063245773,0.03972931206226349,0.2184455543756485],[0.5017958283424377,0.2167969048023224,0.05673513934016228,0.1572122573852539,0.06745979189872742]],"label":[0,1,0,0,0]}