{"input":[[0.20352524518966675,0.3862733244895935,0.09591895341873169,0.09569042176008224,0.21859215199947357],[0.14156091213226318,0.30354154109954834,0.06535974889993668,0.06822637468576431,0.4213113784790039],[0.0848713368177414,0.376028835773468,0.08505032956600189,0.17529518902301788,0.2787543535232544],[0.09520343691110611,0.3668043911457062,0.13930454850196838,0.08607851713895798,0.31260913610458374],[0.10949216783046722,0.22927053272724152,0.05193263664841652,0.087272047996521,0.522032618522644]],"label":[0,0,1,0,0]}