{"input":[[0.02504080906510353,0.11436529457569122,0.30852845311164856,0.4983244836330414,0.053740955889225006],[0.024987950921058655,0.088770292699337,0.4311116635799408,0.4061999022960663,0.04893011227250099],[0.016826912760734558,0.16278856992721558,0.29241663217544556,0.48269951343536377,0.04526833817362785],[0.022189248353242874,0.1646376997232437,0.2768670320510864,0.4841216504573822,0.05218443647027016],[0.004320729523897171,0.0634697750210762,0.4664299190044403,0.4611832797527313,0.004596279468387365]],"label":[0,1,0,0,0]}