{"input":"11966.jpg","scores":[[0.10159602016210556,0.18327653408050537,0.33486276865005493,0.2089911699295044,0.17127349972724915],[0.08954690396785736,0.3285183906555176,0.035234302282333374,0.04939137026667595,0.49730899930000305],[0.11071500927209854,0.33701780438423157,0.05112800747156143,0.06453887373209,0.43660032749176025],[0.038205865770578384,0.17171074450016022,0.41290283203125,0.17366573214530945,0.20351488888263702],[0.03800772503018379,0.30078864097595215,0.3154104948043823,0.24388088285923004,0.10191215574741364],[0.05038349702954292,0.4451914131641388,0.20731109380722046,0.11417388916015625,0.18294011056423187]],"label":[0,0,1,0,0]}