{"input":[[0.014386889524757862,0.059986237436532974,0.4804612696170807,0.4119122624397278,0.03325335681438446],[0.020924901589751244,0.04799937829375267,0.4965227544307709,0.3713625967502594,0.0631902888417244],[0.006120933219790459,0.03544600307941437,0.7755056619644165,0.1584644466638565,0.024463007226586342],[0.003971942234784365,0.029819142073392868,0.9035604000091553,0.05150039494037628,0.011148015037178993],[0.004579900298267603,0.034757498651742935,0.790105938911438,0.14777830243110657,0.022778291255235672]],"label":[0,0,1,0,0]}