{"input":"12057.jpg","scores":[[0.010374749079346657,0.03308356553316116,0.23263277113437653,0.7100231051445007,0.013885736465454102],[0.001997630810365081,0.011810895055532455,0.19921839237213135,0.7765411734580994,0.010431909002363682],[0.007170543074607849,0.02883613295853138,0.08692296594381332,0.8396568894386292,0.03741348534822464],[0.019859271124005318,0.06923945248126984,0.3420604467391968,0.5460085272789001,0.022832287475466728],[0.004935388453304768,0.023387378081679344,0.2276766002178192,0.7411143183708191,0.00288633001036942],[0.002185504650697112,0.011842974461615086,0.22923581302165985,0.7519304156303406,0.004805236589163542]],"label":[0,0,0,1,0]}