{"input":[[0.08432593941688538,0.3118959963321686,0.21601830422878265,0.13915979862213135,0.24859999120235443],[0.06378638744354248,0.2392222285270691,0.21236492693424225,0.3743816018104553,0.11024492233991623],[0.11510580778121948,0.40844008326530457,0.11692417412996292,0.11380785703659058,0.24572202563285828],[0.11946883052587509,0.36093536019325256,0.14313118159770966,0.2783896327018738,0.0980750024318695],[0.052200671285390854,0.5259511470794678,0.10697740316390991,0.2481413632631302,0.06672944128513336]],"label":[0,0,0,1,0]}