{"input":[[0.02077244222164154,0.5165322422981262,0.3361263871192932,0.0769057422876358,0.049663156270980835],[0.07635107636451721,0.2718258798122406,0.37907180190086365,0.07998336851596832,0.19276787340641022],[0.02632768452167511,0.338079571723938,0.41826748847961426,0.15986105799674988,0.057464249432086945],[0.019665095955133438,0.2538743317127228,0.5532159209251404,0.05068131536245346,0.12256330251693726],[0.010598378255963326,0.6169164180755615,0.24461495876312256,0.0713219866156578,0.056548189371824265]],"label":[0,0,1,0,0]}