{"input":[[0.014866622164845467,0.18517203629016876,0.5491297841072083,0.23194769024848938,0.01888381689786911],[0.021056056022644043,0.11227050423622131,0.4552508592605591,0.3745005130767822,0.03692198917269707],[0.006812121253460646,0.10166759788990021,0.3579137623310089,0.5225441455841064,0.011062349192798138],[0.029957810416817665,0.14960208535194397,0.5321061015129089,0.25971218943595886,0.02862182818353176],[0.0028981484938412905,0.043687526136636734,0.7161626815795898,0.23142556846141815,0.00582602433860302]],"label":[0,0,1,0,0]}