{"input":[[0.02249523252248764,0.1259879469871521,0.4156494140625,0.3186412453651428,0.11722616851329803],[0.027355147525668144,0.14727437496185303,0.5823819637298584,0.18885140120983124,0.054137103259563446],[0.0749073401093483,0.24134878814220428,0.26688069105148315,0.2775414288043976,0.13932177424430847],[0.061788160353899,0.22283051908016205,0.10550442337989807,0.3988940119743347,0.21098287403583527],[0.004375582095235586,0.07466039806604385,0.5247479677200317,0.39342156052589417,0.0027945188339799643]],"label":[0,0,1,0,0]}