{"input":[[0.0164239052683115,0.0580667220056057,0.6728079915046692,0.11368515342473984,0.13901621103286743],[0.010859294794499874,0.05059787631034851,0.8130619525909424,0.07572386413812637,0.04975705221295357],[0.016815267503261566,0.12195464968681335,0.6888049244880676,0.12492609024047852,0.047499071806669235],[0.023505670949816704,0.28148913383483887,0.5405257940292358,0.06233135238289833,0.0921480655670166],[0.004702512640506029,0.03356342762708664,0.9090179800987244,0.04033121466636658,0.012384851463139057]],"label":[0,0,1,0,0]}