{"input":"1217.jpg","scores":[[0.18127483129501343,0.16905030608177185,0.06159881502389908,0.15229098498821259,0.43578505516052246],[0.4253903329372406,0.1396266669034958,0.02531684935092926,0.05527368560433388,0.35439249873161316],[0.3921634554862976,0.11580514907836914,0.020037444308400154,0.042229801416397095,0.42976412177085876],[0.5132688879966736,0.10266094654798508,0.007374360226094723,0.014612949453294277,0.3620827794075012],[0.20349101722240448,0.14727866649627686,0.018117068335413933,0.04997596889734268,0.5811372399330139],[0.5993539094924927,0.21927286684513092,0.0027135659474879503,0.016049426048994064,0.16261015832424164]],"label":[0,1,0,0,0]}