{"input":"12198.jpg","scores":[[0.09806081652641296,0.111221544444561,0.032903216779232025,0.15331609547138214,0.6044982671737671],[0.0949174165725708,0.1412634253501892,0.028770849108695984,0.1991160660982132,0.535932183265686],[0.19991619884967804,0.09686733782291412,0.00901432242244482,0.07033102214336395,0.6238711476325989],[0.12827639281749725,0.1471174955368042,0.025006672367453575,0.10225038975477219,0.5973490476608276],[0.07536032795906067,0.11123821884393692,0.03262733295559883,0.07852447032928467,0.7022496461868286],[0.21774430572986603,0.1522550731897354,0.019368048757314682,0.12875117361545563,0.48188135027885437]],"label":[0,0,0,0,1]}