{"input":[[0.007889297790825367,0.062402497977018356,0.17202380299568176,0.7459293007850647,0.011755142360925674],[0.007523581385612488,0.11700984090566635,0.12701299786567688,0.7237352132797241,0.02471841126680374],[0.05178390070796013,0.23383978009223938,0.12849953770637512,0.5234436988830566,0.06243308261036873],[0.03981926664710045,0.36128470301628113,0.11836837232112885,0.44340401887893677,0.0371236652135849],[0.0014149133348837495,0.03769299015402794,0.1482197642326355,0.8104930520057678,0.002179361181333661]],"label":[0,0,0,1,0]}