{"input":[[0.682492733001709,0.06923467665910721,0.0018461787840351462,0.0029262807220220566,0.24350015819072723],[0.45730844140052795,0.13338232040405273,0.011968210339546204,0.02763194590806961,0.3697091042995453],[0.6120662689208984,0.08851154893636703,0.007203173357993364,0.04965152218937874,0.24256743490695953],[0.7798607349395752,0.08683628588914871,0.006727590691298246,0.019365251064300537,0.10721016675233841],[0.8918449282646179,0.05412229523062706,0.0021487383637577295,0.008559257723391056,0.04332472383975983]],"label":[1,0,0,0,0]}