{"input":[[0.0274482574313879,0.06502989679574966,0.4932546317577362,0.3640082776546478,0.050258979201316833],[0.015069104731082916,0.04402508586645126,0.4502357542514801,0.4468451738357544,0.043824777007102966],[0.00826115533709526,0.047601453959941864,0.7948139309883118,0.13846355676651,0.010859912261366844],[0.04688527062535286,0.0847763940691948,0.755710244178772,0.08345523476600647,0.02917279303073883],[0.010561022907495499,0.03547186031937599,0.6536532044410706,0.29750245809555054,0.002811388811096549]],"label":[0,0,1,0,0]}