{"input":[[0.01808144524693489,0.10221122950315475,0.6452029943466187,0.2105974555015564,0.02390683814883232],[0.017403559759259224,0.08361230790615082,0.6038209795951843,0.2807144522666931,0.014448733069002628],[0.07054811716079712,0.31259989738464355,0.3008495569229126,0.1759192943572998,0.14008310437202454],[0.08256828039884567,0.3884516656398773,0.28516533970832825,0.14799834787845612,0.09581637382507324],[0.00949099287390709,0.13713577389717102,0.49766090512275696,0.3513621687889099,0.004350219387561083]],"label":[0,0,1,0,0]}