{"input":[[0.10127176344394684,0.15963046252727509,0.06843029707670212,0.41208741068840027,0.2585800588130951],[0.1148110032081604,0.19669364392757416,0.09845570474863052,0.44770336151123047,0.14233624935150146],[0.012927328236401081,0.11735302954912186,0.13565434515476227,0.7145722508430481,0.019493063911795616],[0.021158922463655472,0.14158912003040314,0.14719997346401215,0.6405346989631653,0.04951722174882889],[0.044853631407022476,0.16933609545230865,0.21202442049980164,0.5052785277366638,0.0685073658823967]],"label":[0,0,0,1,0]}