{"input":[[0.008664064109325409,0.0985024943947792,0.3360201418399811,0.5217468738555908,0.035066429525613785],[0.010448260232806206,0.053875863552093506,0.37067803740501404,0.5492041110992432,0.015793679282069206],[0.01680690608918667,0.0934249609708786,0.2230519950389862,0.6224213242530823,0.04429478570818901],[0.018018154427409172,0.09147485345602036,0.4388367235660553,0.4117071032524109,0.03996314853429794],[0.0037134315352886915,0.06609094142913818,0.4435790777206421,0.47718071937561035,0.009435697458684444]],"label":[0,0,1,0,0]}