{"input":[[0.005335820373147726,0.02227957174181938,0.007284276653081179,0.18190966546535492,0.7831906676292419],[0.019591132178902626,0.043445296585559845,0.06302233785390854,0.777614414691925,0.0963267907500267],[0.0025496711023151875,0.04074450209736824,0.07063841819763184,0.8717480301856995,0.014319377951323986],[0.002185082994401455,0.06704875826835632,0.0717618465423584,0.8425953388214111,0.01640891470015049],[0.006675453390926123,0.07520724087953568,0.08728582412004471,0.7525131106376648,0.07831840962171555]],"label":[0,0,0,1,0]}