{"input":[[0.010578248649835587,0.03397253155708313,0.14049693942070007,0.7413987517356873,0.07355357706546783],[0.009859866462647915,0.028039731085300446,0.12165500223636627,0.8200832605361938,0.020362161099910736],[0.001999465748667717,0.015016795136034489,0.12309843301773071,0.8483628630638123,0.011522388085722923],[0.008646272122859955,0.03181786462664604,0.16401122510433197,0.7623559236526489,0.03316874802112579],[0.0010824735509231687,0.0033585187047719955,0.05556045100092888,0.9361745715141296,0.003824044018983841]],"label":[0,0,0,1,0]}