{"input":"1257.jpg","scores":[[0.028629649430513382,0.1273670643568039,0.17947795987129211,0.6150543093681335,0.049470964819192886],[0.0074873389676213264,0.09210296720266342,0.17154903709888458,0.6877429485321045,0.04111766442656517],[0.025963658466935158,0.13937965035438538,0.2186269909143448,0.5814567804336548,0.03457288816571236],[0.0507052019238472,0.19305509328842163,0.1302044689655304,0.39045384526252747,0.2355814427137375],[0.05782938003540039,0.28992560505867004,0.17566707730293274,0.3672812283039093,0.10929664224386215],[0.01322178728878498,0.1824711263179779,0.183200404047966,0.5884739756584167,0.03263270854949951]],"label":[0,1,0,0,0]}