{"input":[[0.007590949535369873,0.027312736958265305,0.1683306097984314,0.7833836078643799,0.013382067903876305],[0.004285937175154686,0.020777396857738495,0.4387279748916626,0.5264945030212402,0.0097142169252038],[0.005952856969088316,0.07053063064813614,0.3313860297203064,0.5487833023071289,0.04334719479084015],[0.011471586301922798,0.07044604420661926,0.47715798020362854,0.3705856502056122,0.07033868879079819],[0.002472951775416732,0.008814162574708462,0.1174340769648552,0.8648485541343689,0.006430184002965689]],"label":[0,0,1,0,0]}