{"input":[[0.5880078077316284,0.05466552823781967,0.0030387756414711475,0.009875637479126453,0.3444121778011322],[0.5604987144470215,0.020685488358139992,0.0006805601879023015,0.003570287022739649,0.41456493735313416],[0.6740422248840332,0.08686387538909912,0.0035324981436133385,0.006064121145755053,0.22949723899364471],[0.7253230214118958,0.06326275318861008,0.00541106378659606,0.012831741943955421,0.1931714564561844],[0.9080172777175903,0.03369766101241112,0.0006604457157664001,0.0013472300488501787,0.05627739056944847]],"label":[1,0,0,0,0]}