{"input":"12643.jpg","scores":[[0.15097585320472717,0.4216063916683197,0.0988924503326416,0.16871751844882965,0.1598077416419983],[0.09394097328186035,0.7016773223876953,0.06952565163373947,0.08222869783639908,0.05262726545333862],[0.4168452024459839,0.1559963822364807,0.03662232682108879,0.03678794950246811,0.3537481427192688],[0.1688496172428131,0.16754978895187378,0.013677825219929218,0.02890654094517231,0.621016263961792],[0.23449359834194183,0.2348618060350418,0.14354966580867767,0.1362008899450302,0.2508940100669861],[0.2548998296260834,0.4552524983882904,0.02686413750052452,0.05734746903181076,0.20563608407974243]],"label":[0,0,1,0,0]}