{"input":[[0.006104377564042807,0.08749064803123474,0.15455098450183868,0.7438392639160156,0.008014638908207417],[0.004606322851032019,0.0591314397752285,0.2838253080844879,0.6442878842353821,0.00814908742904663],[0.017542315647006035,0.4417184889316559,0.15258808434009552,0.3658626079559326,0.02228853479027748],[0.07280049473047256,0.4281901717185974,0.15045978128910065,0.29441240429878235,0.05413712561130524],[0.004075883887708187,0.34644997119903564,0.18162836134433746,0.46631455421447754,0.0015312563627958298]],"label":[0,0,0,1,0]}