{"input":"12671.jpg","scores":[[0.18543359637260437,0.48430487513542175,0.07278138399124146,0.17604652047157288,0.08143362402915955],[0.049122802913188934,0.5060755610466003,0.21808935701847076,0.2026161551475525,0.024096127599477768],[0.05784459039568901,0.5645976662635803,0.2844689190387726,0.048655904829502106,0.04443295672535896],[0.19080886244773865,0.3617115020751953,0.15835213661193848,0.14210118353366852,0.14702630043029785],[0.20626115798950195,0.422706663608551,0.15047460794448853,0.045439213514328,0.1751183271408081],[0.03832080587744713,0.44818443059921265,0.3858151137828827,0.10589059442281723,0.021789029240608215]],"label":[0,1,0,0,0]}