{"input":"12783.jpg","scores":[[0.02054956741631031,0.074927918612957,0.19967389106750488,0.6501733660697937,0.054675210267305374],[0.0033257976174354553,0.05072661489248276,0.19753773510456085,0.7388723492622375,0.009537401609122753],[0.00804581493139267,0.06450995802879333,0.15713368356227875,0.7374575138092041,0.03285307437181473],[0.07056567072868347,0.2155761867761612,0.14541095495224,0.2831416130065918,0.28530558943748474],[0.04553873464465141,0.10457591712474823,0.10931842029094696,0.5977436900138855,0.14282314479351044],[0.0075684357434511185,0.03725738450884819,0.1686868816614151,0.7486863136291504,0.037800900638103485]],"label":[0,0,0,1,0]}