{"input":[[0.00111571594607085,0.0012856381945312023,0.00011271866969764233,8.341639477293938e-05,0.9974024891853333],[0.0024356557987630367,0.0009325786959379911,8.402009552810341e-05,2.235003194073215e-05,0.9965253472328186],[0.023462675511837006,0.002168018603697419,0.00020860816584900022,0.0003468710056040436,0.9738138914108276],[0.006404676008969545,0.0012484171893447638,0.000263895868556574,0.00025494038709439337,0.9918280839920044],[0.0024969885125756264,0.0007360702147707343,5.386691918829456e-05,5.509844413609244e-05,0.9966579675674438]],"label":[0,0,0,0,1]}