{"input":[[0.03892132267355919,0.2321562021970749,0.17453095316886902,0.45367559790611267,0.10071592777967453],[0.04150630906224251,0.18043555319309235,0.20349401235580444,0.4800245761871338,0.09453952312469482],[0.11792808771133423,0.46288782358169556,0.10357725620269775,0.21383841335773468,0.1017683818936348],[0.01643183082342148,0.13434092700481415,0.19929207861423492,0.6331236362457275,0.016811493784189224],[0.010927128605544567,0.25504183769226074,0.27633506059646606,0.4405571520328522,0.017138853669166565]],"label":[0,1,0,0,0]}