{"input":"12915.jpg","scores":[[0.07624158263206482,0.23567569255828857,0.07837553322315216,0.23029319941997528,0.37941402196884155],[0.04023304954171181,0.2156495451927185,0.07991426438093185,0.2418641299009323,0.42233899235725403],[0.04578905925154686,0.4811224043369293,0.09360865503549576,0.23013189435005188,0.1493479311466217],[0.08878368884325027,0.39951685070991516,0.06085136532783508,0.18730324506759644,0.26354485750198364],[0.08460655063390732,0.5051261186599731,0.03420247510075569,0.1075076311826706,0.26855719089508057],[0.039541665464639664,0.7522228956222534,0.025662396103143692,0.14236408472061157,0.04020891711115837]],"label":[0,1,0,0,0]}