{"input":[[0.018406450748443604,0.04010395333170891,0.3803441822528839,0.49392610788345337,0.0672193244099617],[0.020168766379356384,0.04062682390213013,0.4631200432777405,0.4244949519634247,0.051589418202638626],[0.00926410872489214,0.030568702146410942,0.22344280779361725,0.7085350155830383,0.028189320117235184],[0.007280602585524321,0.02854830026626587,0.3946065306663513,0.5440764427185059,0.025488168001174927],[0.0018492169911041856,0.00812596920877695,0.4532506465911865,0.5314448475837708,0.005329351872205734]],"label":[0,0,1,0,0]}