{"input":[[0.09307590126991272,0.20842412114143372,0.031737782061100006,0.049782976508140564,0.6169792413711548],[0.08484479784965515,0.16543333232402802,0.027674922719597816,0.03290107473731041,0.6891458630561829],[0.0491350032389164,0.22348345816135406,0.031965795904397964,0.06292565912008286,0.6324900388717651],[0.08306311070919037,0.35973671078681946,0.0955926850438118,0.171968013048172,0.28963950276374817],[0.1295582503080368,0.3180319368839264,0.031600695103406906,0.027151286602020264,0.4936578869819641]],"label":[0,1,0,0,0]}