{"input":"13073.jpg","scores":[[0.06846853345632553,0.14259205758571625,0.18353895843029022,0.5433990955352783,0.06200128793716431],[0.016321955248713493,0.07142619788646698,0.1966235637664795,0.684040367603302,0.03158789128065109],[0.046038225293159485,0.25221875309944153,0.23864637315273285,0.36917510628700256,0.09392152726650238],[0.07863064110279083,0.17921781539916992,0.10072269290685654,0.5133506059646606,0.1280781626701355],[0.15880121290683746,0.19126702845096588,0.09378717094659805,0.4161114990711212,0.1400330811738968],[0.014223296195268631,0.08768568187952042,0.12357784062623978,0.7553181648254395,0.01919504813849926]],"label":[0,0,0,1,0]}