{"input":[[0.04083000123500824,0.1846296489238739,0.09805437177419662,0.5691429972648621,0.10734304785728455],[0.025996137410402298,0.15235655009746552,0.05243680998682976,0.5951151251792908,0.17409539222717285],[0.012670369818806648,0.21169060468673706,0.02876332402229309,0.7312913537025452,0.015584352426230907],[0.029511583968997,0.3112983703613281,0.0396074540913105,0.5830324292182922,0.03655020520091057],[0.036291349679231644,0.48996129631996155,0.02432529255747795,0.4286138117313385,0.020808257162570953]],"label":[0,0,0,1,0]}