{"input":[[0.022197268903255463,0.43515926599502563,0.3602956235408783,0.15295782685279846,0.02938997745513916],[0.021480506286025047,0.3478107154369354,0.48621007800102234,0.09183678776025772,0.05266181379556656],[0.04914405196905136,0.2169526368379593,0.5819582939147949,0.09733796119689941,0.05460706725716591],[0.055247336626052856,0.2615927755832672,0.5184909105300903,0.11845194548368454,0.046216994524002075],[0.018696947023272514,0.204439178109169,0.6994469165802002,0.06556759774684906,0.011849436908960342]],"label":[0,0,1,0,0]}