{"input":"13216.jpg","scores":[[0.08919522166252136,0.424430787563324,0.08789821714162827,0.2068587839603424,0.191616952419281],[0.07287894934415817,0.21009354293346405,0.025515485554933548,0.06738372892141342,0.6241282820701599],[0.031163329258561134,0.1695760190486908,0.09824295341968536,0.3318130075931549,0.3692047595977783],[0.030778149142861366,0.07595416903495789,0.047768887132406235,0.20368309319019318,0.6418156623840332],[0.01889619417488575,0.20268070697784424,0.08913824707269669,0.44658201932907104,0.24270287156105042]],"label":[0,0,0,1,0]}