{"input":"13232.jpg","scores":[[0.044671859592199326,0.14476226270198822,0.5988060235977173,0.14096759259700775,0.07079225778579712],[0.006446409970521927,0.040060095489025116,0.7856155633926392,0.15128669142723083,0.01659124344587326],[0.038454584777355194,0.09784013032913208,0.3968472480773926,0.08596789836883545,0.3808900713920593],[0.014129412360489368,0.1375313252210617,0.7379155158996582,0.09001511335372925,0.020408600568771362],[0.023422373458743095,0.17314179241657257,0.6675708889961243,0.06189174950122833,0.07397310435771942],[0.002827199175953865,0.021293623372912407,0.9417538046836853,0.02949390932917595,0.00463144201785326]],"label":[0,0,1,0,0]}