{"input":[[0.10226964950561523,0.17315450310707092,0.07295579463243484,0.11064380407333374,0.5409762263298035],[0.12002748996019363,0.16485007107257843,0.23220199346542358,0.20485135912895203,0.2780691087245941],[0.12580274045467377,0.25178462266921997,0.23201438784599304,0.1913832128047943,0.19901502132415771],[0.07503914833068848,0.224704310297966,0.1709778904914856,0.3839915096759796,0.14528711140155792],[0.07632298767566681,0.16259759664535522,0.31047070026397705,0.3567362129688263,0.09387248009443283]],"label":[0,1,0,0,0]}