{"input":[[0.42794814705848694,0.2859278917312622,0.03607655316591263,0.04483957588672638,0.20520782470703125],[0.36372068524360657,0.2988864481449127,0.05871107429265976,0.049195967614650726,0.22948578000068665],[0.5145574808120728,0.20708845555782318,0.025939881801605225,0.041157275438308716,0.21125692129135132],[0.5739505290985107,0.17558757960796356,0.014790291897952557,0.0318344309926033,0.20383720099925995],[0.37863922119140625,0.1807582825422287,0.04510990530252457,0.08177172392606735,0.31372085213661194]],"label":[0,1,0,0,0]}