{"input":"13317.jpg","scores":[[0.04901771619915962,0.17544318735599518,0.3740811347961426,0.3311753273010254,0.07028257846832275],[0.009769332595169544,0.10117179155349731,0.4362800717353821,0.4315309226512909,0.021247897297143936],[0.01717340759932995,0.1474316120147705,0.27653852105140686,0.47329604625701904,0.08556042611598969],[0.10476408898830414,0.1873084008693695,0.24915975332260132,0.15466274321079254,0.3041050434112549],[0.04671783372759819,0.48430466651916504,0.23255324363708496,0.07503719627857208,0.1613871455192566],[0.012776224873960018,0.09864088147878647,0.38886889815330505,0.4635409116744995,0.03617311641573906]],"label":[0,0,0,1,0]}