{"input":"13333.jpg","scores":[[0.027676308527588844,0.1508326381444931,0.3087082505226135,0.48880890011787415,0.023973878473043442],[0.01376697700470686,0.2253400832414627,0.2213759571313858,0.529650092124939,0.009866888634860516],[0.014241347089409828,0.17068757116794586,0.2728639841079712,0.5269755125045776,0.01523160096257925],[0.03034362569451332,0.17790421843528748,0.146742582321167,0.6209015846252441,0.024107975885272026],[0.020684171468019485,0.13970239460468292,0.15986141562461853,0.6682277321815491,0.011524323374032974],[0.004312681034207344,0.08344592154026031,0.2692575752735138,0.6407811045646667,0.0022026870865374804]],"label":[0,0,0,1,0]}