{"input":[[0.12147160619497299,0.609153151512146,0.11124318838119507,0.0047264499589800835,0.15340547263622284],[0.11150402575731277,0.620604395866394,0.06852445751428604,0.004312095697969198,0.19505493342876434],[0.09174010902643204,0.44550737738609314,0.318672239780426,0.02377350442111492,0.12030678242444992],[0.10502954572439194,0.47120097279548645,0.1826937347650528,0.015068640001118183,0.22600708901882172],[0.11193753033876419,0.6569452881813049,0.04354586824774742,0.0028641708195209503,0.18470709025859833]],"label":[0,1,0,0,0]}