{"input":"13434.jpg","scores":[[0.058840978890657425,0.14286375045776367,0.302323579788208,0.4440014064311981,0.05197029560804367],[0.04543902352452278,0.19378280639648438,0.20181818306446075,0.4115908741950989,0.1473691314458847],[0.08133050799369812,0.24946463108062744,0.19550874829292297,0.31865033507347107,0.15504583716392517],[0.05678775906562805,0.1928894817829132,0.4223421812057495,0.19621212780475616,0.13176840543746948],[0.02894352748990059,0.21105946600437164,0.46379032731056213,0.19135284423828125,0.10485390573740005],[0.013293085619807243,0.10760438442230225,0.597532331943512,0.25125187635421753,0.030318349599838257]],"label":[0,0,1,0,0]}