{"input":[[0.057542748749256134,0.13148708641529083,0.05366675555706024,0.63191157579422,0.12539184093475342],[0.05611085891723633,0.10184932500123978,0.07046417891979218,0.6816468834877014,0.0899287685751915],[0.008741269819438457,0.06654108315706253,0.054824721068143845,0.8482605218887329,0.02163243666291237],[0.056959424167871475,0.10633201152086258,0.12611891329288483,0.6438812613487244,0.06670833379030228],[0.01504313014447689,0.0628933534026146,0.055070050060749054,0.8419649600982666,0.025028511881828308]],"label":[0,0,0,1,0]}