{"input":"13626.jpg","scores":[[0.5057319402694702,0.1984301060438156,0.05104847997426987,0.0867033526301384,0.15808610618114471],[0.7790141105651855,0.10386418551206589,0.004367820918560028,0.010974136181175709,0.1017797514796257],[0.9195029735565186,0.04051031917333603,0.0034205259289592505,0.006027096416801214,0.030539143830537796],[0.3717500567436218,0.20523644983768463,0.09790331870317459,0.2718218266963959,0.05328834429383278],[0.6263092160224915,0.1029788926243782,0.012856191024184227,0.03580950200557709,0.22204621136188507],[0.6672078371047974,0.12766346335411072,0.03518640249967575,0.05331893265247345,0.1166233941912651]],"label":[1,0,0,0,0]}