{"input":[[0.13522684574127197,0.31585198640823364,0.28959769010543823,0.09388752281665802,0.16543596982955933],[0.09157504141330719,0.34056830406188965,0.291093111038208,0.1924724131822586,0.08429109305143356],[0.08103916794061661,0.5169060826301575,0.20650042593479156,0.10919032245874405,0.08636392652988434],[0.04660901799798012,0.5436365604400635,0.28096264600753784,0.05799487605690956,0.07079698145389557],[0.04452521726489067,0.5556004643440247,0.2150622010231018,0.08180952072143555,0.10300260037183762]],"label":[0,0,1,0,0]}