{"input":[[0.07507089525461197,0.15657207369804382,0.340721070766449,0.36253589391708374,0.0651000514626503],[0.034116994589567184,0.2544408440589905,0.39607176184654236,0.22890222072601318,0.08646830916404724],[0.017355747520923615,0.04875841364264488,0.5440757274627686,0.3604191541671753,0.02939099632203579],[0.006105657666921616,0.03963965177536011,0.30251896381378174,0.641812801361084,0.009922968223690987],[0.014482568949460983,0.03727499395608902,0.4285563826560974,0.500331461429596,0.019354676827788353]],"label":[0,0,1,0,0]}