{"input":[[0.03131990507245064,0.3022574186325073,0.15987859666347504,0.46846312284469604,0.03808106109499931],[0.01312674768269062,0.08311604708433151,0.19077235460281372,0.7044955492019653,0.00848936103284359],[0.10375778377056122,0.3151729106903076,0.11398013681173325,0.2500389516353607,0.21705017983913422],[0.06657740473747253,0.3238910734653473,0.19287900626659393,0.29819273948669434,0.1184597983956337],[0.009008915163576603,0.09282246232032776,0.24006158113479614,0.6440555453300476,0.014051446691155434]],"label":[0,0,1,0,0]}