{"input":[[0.04266028106212616,0.35658517479896545,0.17142640054225922,0.1935766488313675,0.23575149476528168],[0.0811358392238617,0.4703507125377655,0.21620792150497437,0.16782067716121674,0.0644848570227623],[0.08166154474020004,0.706091582775116,0.028487026691436768,0.02892574854195118,0.1548340767621994],[0.21406616270542145,0.48920685052871704,0.02480691857635975,0.012062621302902699,0.25985750555992126],[0.12657062709331512,0.680554211139679,0.063742496073246,0.04332051798701286,0.08581212908029556]],"label":[0,1,0,0,0]}