{"input":[[0.7647866010665894,0.03067990019917488,0.0004661687707994133,0.0023884952533990145,0.20167888700962067],[0.5259154438972473,0.022244347259402275,0.0003147383686155081,0.0010958305792883039,0.4504297077655792],[0.8698102235794067,0.04808955639600754,0.0010356113780289888,0.009588629007339478,0.07147600501775742],[0.9011862874031067,0.05479392036795616,0.0006221072981134057,0.0020507322624325752,0.041346944868564606],[0.7842316627502441,0.04535834491252899,0.0007391329854726791,0.004880260210484266,0.16479061543941498]],"label":[1,0,0,0,0]}