{"input":[[0.01600044034421444,0.052237216383218765,0.21811923384666443,0.6818119883537292,0.031831223517656326],[0.05119193717837334,0.11141087114810944,0.09577187150716782,0.49478834867477417,0.24683701992034912],[0.016895223408937454,0.12934085726737976,0.16263820230960846,0.6502585411071777,0.04086718335747719],[0.039349786937236786,0.10502949357032776,0.27595847845077515,0.4673072397708893,0.11235494166612625],[0.0152402613312006,0.08386772125959396,0.11902888864278793,0.7139002084732056,0.0679628923535347]],"label":[0,0,0,1,0]}