{"input":"13862.jpg","scores":[[0.04063953831791878,0.12413914501667023,0.13738377392292023,0.6438735723495483,0.05396401882171631],[0.04066713899374008,0.34299319982528687,0.1594248116016388,0.42147284746170044,0.03544200211763382],[0.09236655384302139,0.2447543889284134,0.11213203519582748,0.45547235012054443,0.09527464210987091],[0.06211797893047333,0.2047290802001953,0.12360767275094986,0.5593287348747253,0.0502164252102375],[0.0118957394734025,0.08665724098682404,0.110453762114048,0.6609059572219849,0.1300872415304184],[0.016773993149399757,0.2958552837371826,0.08641208708286285,0.5834304690361023,0.017528103664517403]],"label":[0,0,0,1,0]}