{"input":[[0.09840063005685806,0.25292345881462097,0.06117577105760574,0.4155513048171997,0.17194882035255432],[0.12084323912858963,0.24666357040405273,0.05577472597360611,0.4292397201061249,0.14747874438762665],[0.09996374696493149,0.09108325839042664,0.01636023074388504,0.14716503024101257,0.6454277038574219],[0.21488934755325317,0.15892738103866577,0.01661485992372036,0.09773585200309753,0.5118325352668762],[0.13585123419761658,0.27312108874320984,0.018926966935396194,0.41478171944618225,0.15731897950172424]],"label":[0,0,0,1,0]}