{"input":[[0.32747766375541687,0.3518935441970825,0.01696593128144741,0.005106507800519466,0.2985563576221466],[0.24572595953941345,0.16196291148662567,0.009097980335354805,0.0051834844052791595,0.5780296325683594],[0.3362996280193329,0.18328312039375305,0.008872240781784058,0.003692873287945986,0.46785205602645874],[0.3060758113861084,0.2413148581981659,0.01509573869407177,0.009896851144731045,0.42761674523353577],[0.5469452738761902,0.25932231545448303,0.006932403892278671,0.005409021396189928,0.18139097094535828]],"label":[1,0,0,0,0]}