{"input":[[0.02580137737095356,0.20151789486408234,0.5066564679145813,0.2542392313480377,0.011785028502345085],[0.02257542684674263,0.14676116406917572,0.4435906410217285,0.30426254868507385,0.08281020820140839],[0.0380416065454483,0.1806551069021225,0.3001748323440552,0.45237112045288086,0.028757350519299507],[0.009692778810858727,0.09715978801250458,0.3177798092365265,0.5586409568786621,0.0167266596108675],[0.022122297435998917,0.21035610139369965,0.3341672718524933,0.4089602828025818,0.024394052103161812]],"label":[0,0,1,0,0]}