{"input":[[0.053477659821510315,0.1395115703344345,0.26375868916511536,0.3473375141620636,0.19591456651687622],[0.04644191637635231,0.17540274560451508,0.30550017952919006,0.30786773562431335,0.1647874414920807],[0.04143819957971573,0.17967703938484192,0.4738709330558777,0.21776941418647766,0.08724440634250641],[0.04408625140786171,0.11075679957866669,0.38740241527557373,0.30141007900238037,0.1563444435596466],[0.009366405196487904,0.03910330310463905,0.370767205953598,0.5496540665626526,0.031108973547816277]],"label":[0,0,1,0,0]}