{"input":[[0.004904311150312424,0.023976346477866173,0.1902867555618286,0.7697411775588989,0.01109134592115879],[0.007318652234971523,0.029491370543837547,0.17582756280899048,0.7690911293029785,0.01827125996351242],[0.0032288709189742804,0.056649722158908844,0.13740383088588715,0.8006537556648254,0.0020638518035411835],[0.009614219889044762,0.0437183752655983,0.22030463814735413,0.71415114402771,0.01221163384616375],[0.00031147769186645746,0.006199248600751162,0.07183779776096344,0.9213298559188843,0.0003215646429453045]],"label":[0,0,0,1,0]}