{"input":[[0.2813693583011627,0.3888334035873413,0.027178866788744926,0.009540929459035397,0.29307740926742554],[0.43771877884864807,0.26339539885520935,0.031855735927820206,0.012616354040801525,0.25441375374794006],[0.4971453547477722,0.125332310795784,0.007609878666698933,0.006574796978384256,0.3633376657962799],[0.2149219661951065,0.3771458864212036,0.05946025997400284,0.043717581778764725,0.3047542870044708],[0.49298644065856934,0.3410467505455017,0.011906417086720467,0.018568215891718864,0.135492205619812]],"label":[1,0,0,0,0]}