{"input":[[0.0045539685525000095,0.011592799797654152,0.2780918478965759,0.6839576959609985,0.021803665906190872],[0.004879310727119446,0.018490293994545937,0.2704579830169678,0.6758423447608948,0.030330074951052666],[0.0009285539272241294,0.009770026430487633,0.11478392779827118,0.8682211637496948,0.006296343170106411],[0.005725670140236616,0.03548829257488251,0.2368701845407486,0.7070184946060181,0.014897380955517292],[0.0015925816260278225,0.005669453181326389,0.19194947183132172,0.7986066341400146,0.0021818119566887617]],"label":[0,0,1,0,0]}