{"input":[[0.044229235500097275,0.1024031788110733,0.14208093285560608,0.2772815227508545,0.43400517106056213],[0.013657525181770325,0.09378789365291595,0.18214644491672516,0.6078335642814636,0.10257452726364136],[0.05448229983448982,0.17367994785308838,0.14944404363632202,0.5788029432296753,0.04359084740281105],[0.02981254644691944,0.16724452376365662,0.2558153569698334,0.5070533156394958,0.040074244141578674],[0.014103061519563198,0.0957869440317154,0.1641792356967926,0.7002776861190796,0.025653155520558357]],"label":[0,0,1,0,0]}