{"input":[[0.033791810274124146,0.04912306368350983,0.0061061750166118145,0.01273959781974554,0.8982393741607666],[0.03719436749815941,0.043899692595005035,0.003859519260004163,0.00964514072984457,0.9054012894630432],[0.08546214550733566,0.046684060245752335,0.0031175240874290466,0.005591443739831448,0.8591448068618774],[0.026640664786100388,0.04102087765932083,0.0026117160450667143,0.004349930677562952,0.9253767728805542],[0.03284231945872307,0.02485603466629982,0.0019560351502150297,0.00432566087692976,0.9360199570655823]],"label":[0,0,0,0,1]}