{"input":"1408.jpg","scores":[[0.02181079424917698,0.07182808220386505,0.7861334681510925,0.09207631647586823,0.02815132588148117],[0.02065378986299038,0.06952616572380066,0.7199003100395203,0.13427060842514038,0.055649105459451675],[0.044881463050842285,0.12472745031118393,0.5586726069450378,0.07929972559213638,0.19241870939731598],[0.0031165427062660456,0.032452087849378586,0.9260887503623962,0.034907009452581406,0.003435669234022498],[0.026410570368170738,0.10563534498214722,0.7621009945869446,0.046983301639556885,0.05886971950531006],[0.01114150881767273,0.06119023635983467,0.8202864527702332,0.08690223097801208,0.02047957293689251]],"label":[0,0,1,0,0]}