{"input":[[0.03150516003370285,0.16405031085014343,0.158955916762352,0.5917434692382812,0.05374515801668167],[0.04170962795615196,0.1521543264389038,0.2469855099916458,0.4857028126716614,0.07344771921634674],[0.021207178011536598,0.16484878957271576,0.18397146463394165,0.5862694978713989,0.0437031164765358],[0.07068346440792084,0.22080323100090027,0.2817463278770447,0.34161415696144104,0.08515282720327377],[0.0075453780591487885,0.09239092469215393,0.3093246817588806,0.5837640762329102,0.0069749136455357075]],"label":[0,0,1,0,0]}