{"input":"14176.jpg","scores":[[0.06130191683769226,0.1545543372631073,0.15759079158306122,0.546113908290863,0.08043906837701797],[0.04375497251749039,0.0992928072810173,0.10413845628499985,0.709117591381073,0.04369616508483887],[0.049436043947935104,0.13304859399795532,0.12943173944950104,0.46111926436424255,0.2269643396139145],[0.044179517775774,0.5423625707626343,0.0562143474817276,0.2537197768688202,0.10352389514446259],[0.04560420289635658,0.4227979779243469,0.15550008416175842,0.2811846137046814,0.09491310268640518],[0.03148283436894417,0.4453323185443878,0.07031328231096268,0.4149755835533142,0.037896011024713516]],"label":[0,0,0,1,0]}