{"input":[[0.03861192986369133,0.3278210163116455,0.030752243474125862,0.1933867484331131,0.40942806005477905],[0.025407521054148674,0.4130895137786865,0.027919184416532516,0.3592568039894104,0.17432700097560883],[0.02088136412203312,0.3057308495044708,0.041947830468416214,0.5717584490776062,0.059681493788957596],[0.01336333341896534,0.2707107365131378,0.024092236533761024,0.6065053343772888,0.08532838523387909],[0.019294261932373047,0.47819840908050537,0.026964077726006508,0.38379421830177307,0.09174904972314835]],"label":[0,0,1,0,0]}