{"input":[[0.023913266137242317,0.07573879510164261,0.06415774673223495,0.4774855673313141,0.358704537153244],[0.02148309536278248,0.062056660652160645,0.07348675280809402,0.5709095597267151,0.2720639109611511],[0.0033554998226463795,0.04352402314543724,0.09003515541553497,0.8409043550491333,0.022180864587426186],[0.0059541440568864346,0.06031331792473793,0.11097726225852966,0.77915358543396,0.04360165074467659],[0.0006072412361390889,0.01377410814166069,0.05051479488611221,0.9314927458763123,0.003611090127378702]],"label":[0,0,0,1,0]}