{"input":[[0.2815667390823364,0.3518083095550537,0.026767099276185036,0.03142142668366432,0.30843639373779297],[0.20101799070835114,0.6031244397163391,0.02484809421002865,0.01837042160332203,0.15263904631137848],[0.2573787569999695,0.4642150402069092,0.021333789452910423,0.020120995119214058,0.23695145547389984],[0.24709802865982056,0.4514593780040741,0.05025196447968483,0.033197298645973206,0.2179933339357376],[0.46229612827301025,0.29921048879623413,0.00444401428103447,0.004486887250095606,0.22956255078315735]],"label":[0,1,0,0,0]}