{"input":"14376.jpg","scores":[[0.11461472511291504,0.2306295931339264,0.11466623842716217,0.27727338671684265,0.26281601190567017],[0.10768084228038788,0.35370558500289917,0.1426791548728943,0.31106868386268616,0.08486569672822952],[0.12797868251800537,0.3646986782550812,0.15506936609745026,0.2708970606327057,0.08135625720024109],[0.06088561564683914,0.5109906792640686,0.07250601053237915,0.2117120921611786,0.14390569925308228],[0.09975448995828629,0.33370742201805115,0.015833377838134766,0.02619464322924614,0.5245100259780884],[0.20433804392814636,0.5911237001419067,0.05366981029510498,0.10248542577028275,0.04838302731513977]],"label":[0,1,0,0,0]}