{"input":[[0.06358123570680618,0.5424708724021912,0.17666707932949066,0.11288891732692719,0.10439188033342361],[0.11086410284042358,0.5320580005645752,0.19045159220695496,0.09802155196666718,0.06860480457544327],[0.13101233541965485,0.5196623802185059,0.1900700032711029,0.06243014335632324,0.09682511538267136],[0.06756091862916946,0.528102695941925,0.2417249232530594,0.07989411056041718,0.08271738141775131],[0.1494138538837433,0.5173439979553223,0.17032545804977417,0.07649675011634827,0.0864199623465538]],"label":[0,1,0,0,0]}