{"input":[[0.00969350803643465,0.12860821187496185,0.20002123713493347,0.6564206480979919,0.0052564507350325584],[0.020728912204504013,0.15117166936397552,0.407993882894516,0.4020492732524872,0.01805627904832363],[0.01113995909690857,0.1340017318725586,0.23018266260623932,0.6174373030662537,0.007238364312797785],[0.0987316444516182,0.49250683188438416,0.2088586688041687,0.1664121001958847,0.03349076211452484],[0.004925291985273361,0.11481271684169769,0.2590102553367615,0.6195530891418457,0.001698624691925943]],"label":[0,0,0,1,0]}