{"input":[[0.07755047082901001,0.03943677619099617,0.006356016732752323,0.0226236991584301,0.8540330529212952],[0.07699191570281982,0.031001640483736992,0.0071062082424759865,0.018003365024924278,0.8668968677520752],[0.1217908188700676,0.048588961362838745,0.004913808777928352,0.01772819645702839,0.8069782257080078],[0.1161753311753273,0.038890156894922256,0.006496810354292393,0.024127623066306114,0.8143100738525391],[0.16759458184242249,0.04107901453971863,0.0025941659696400166,0.013385267928242683,0.7753469944000244]],"label":[0,0,0,0,1]}