{"input":[[0.14703629910945892,0.3114357888698578,0.011532513424754143,0.05398266017436981,0.47601279616355896],[0.0664067193865776,0.19122344255447388,0.0118916230276227,0.021135743707418442,0.7093425393104553],[0.2544092833995819,0.49494487047195435,0.004919331055134535,0.021944725885987282,0.22378167510032654],[0.04780128598213196,0.19266408681869507,0.011979092843830585,0.05637126415967941,0.6911842226982117],[0.16701753437519073,0.6709679961204529,0.005801905412226915,0.02166035585105419,0.13455219566822052]],"label":[0,1,0,0,0]}