{"input":"14468.jpg","scores":[[0.012500027194619179,0.032759130001068115,0.14356768131256104,0.78444904088974,0.02672412246465683],[0.01654578559100628,0.05030076205730438,0.11847043037414551,0.7310514450073242,0.08363155275583267],[0.019276458770036697,0.02972502075135708,0.09489601105451584,0.6520252823829651,0.20407724380493164],[0.016896948218345642,0.04901530593633652,0.07624266296625137,0.8307009339332581,0.0271441750228405],[0.004003431182354689,0.021608863025903702,0.1548921912908554,0.8114486932754517,0.008046829141676426],[0.00814168993383646,0.024679293856024742,0.1378108710050583,0.8095900416374207,0.019778119400143623]],"label":[0,0,0,1,0]}