{"input":[[0.035391151905059814,0.029522355645895004,0.0035792894195765257,0.016574254259467125,0.914932906627655],[0.03654590621590614,0.027855129912495613,0.0034808777272701263,0.01956740766763687,0.9125507473945618],[0.08258434385061264,0.04299143701791763,0.0034313227515667677,0.016626665368676186,0.8543661832809448],[0.06291693449020386,0.039836689829826355,0.0036447488237172365,0.01188652403652668,0.8817151784896851],[0.07248833775520325,0.06927257031202316,0.020021138712763786,0.10375560820102692,0.734462320804596]],"label":[0,0,0,0,1]}