{"input":[[0.0025666444562375546,0.024950843304395676,0.17913612723350525,0.7823096513748169,0.01103671733289957],[0.007075653411448002,0.0464116707444191,0.24792635440826416,0.6753081679344177,0.023278098553419113],[0.012010334990918636,0.050401899963617325,0.568235456943512,0.33939704298973083,0.029955221340060234],[0.003492377931252122,0.018545188009738922,0.8802541494369507,0.09214138239622116,0.005566914100199938],[0.003134233644232154,0.03827422112226486,0.4673663079738617,0.48474156856536865,0.006483701057732105]],"label":[0,0,0,1,0]}