{"input":"14546.jpg","scores":[[0.03216460347175598,0.06064840406179428,0.6775630116462708,0.18201006948947906,0.04761393368244171],[0.03886992484331131,0.07072120159864426,0.48764505982398987,0.29290005564689636,0.10986366122961044],[0.03257688507437706,0.06547289341688156,0.38511234521865845,0.37941470742225647,0.13742312788963318],[0.023002486675977707,0.16403208673000336,0.6530505418777466,0.11392490565776825,0.04598997160792351],[0.008512512780725956,0.11547201126813889,0.571906566619873,0.20055356621742249,0.10355540364980698],[0.0238190907984972,0.16243723034858704,0.5370547771453857,0.25817257165908813,0.0185164213180542]],"label":[0,0,1,0,0]}