{"input":"1457.jpg","scores":[[0.08329889178276062,0.3705006539821625,0.022007077932357788,0.16718149185180664,0.35701191425323486],[0.08570291846990585,0.6526740193367004,0.01596067100763321,0.1443229764699936,0.1013394296169281],[0.11514544486999512,0.2910532057285309,0.010873380117118359,0.12628784775733948,0.45664018392562866],[0.12465532124042511,0.24886760115623474,0.01901932992041111,0.07895198464393616,0.5285057425498962],[0.060328204184770584,0.3206419050693512,0.024026822298765182,0.17110581696033478,0.4238973557949066]],"label":[0,1,0,0,0]}