{"input":[[0.030266664922237396,0.5157027244567871,0.04351184889674187,0.34312018752098083,0.06739859282970428],[0.020718364045023918,0.559596598148346,0.08180588483810425,0.27666550874710083,0.06121358647942543],[0.03346215933561325,0.2744467556476593,0.07192609459161758,0.3633153438568115,0.25684961676597595],[0.04182117059826851,0.40612488985061646,0.10889369994401932,0.40766823291778564,0.035492006689310074],[0.008824842981994152,0.25991567969322205,0.07549069821834564,0.6310657858848572,0.024703023955225945]],"label":[0,0,0,1,0]}