{"input":[[0.4476499855518341,0.04160865768790245,0.0025841626338660717,0.015190117992460728,0.4929670989513397],[0.7784513235092163,0.06182701140642166,0.0029027354903519154,0.016771171241998672,0.14004772901535034],[0.4984131455421448,0.05818374454975128,0.002475299406796694,0.018737051635980606,0.4221908152103424],[0.5986272096633911,0.06335937231779099,0.0026471109595149755,0.016505388543009758,0.3188609182834625],[0.812384307384491,0.02942143939435482,0.0003951170656364411,0.002823217073455453,0.15497596561908722]],"label":[1,0,0,0,0]}