{"input":[[0.0398029163479805,0.1796785295009613,0.11272355169057846,0.4755781590938568,0.19221682846546173],[0.03219960257411003,0.1641959697008133,0.09331006556749344,0.560227632522583,0.15006668865680695],[0.10324165225028992,0.13289175927639008,0.05443178489804268,0.3128352165222168,0.39659956097602844],[0.07763570547103882,0.04904920980334282,0.026102902367711067,0.11355914175510406,0.7336530685424805],[0.016740601509809494,0.11441516131162643,0.11208108067512512,0.7217350602149963,0.03502815216779709]],"label":[0,0,0,1,0]}