{"input":"14688.jpg","scores":[[0.15191246569156647,0.37212052941322327,0.08437451720237732,0.14530281722545624,0.2462896704673767],[0.10000699758529663,0.4165293574333191,0.12557291984558105,0.0690774992108345,0.2888132631778717],[0.14735177159309387,0.250384658575058,0.03186984360218048,0.015045637264847755,0.5553481578826904],[0.3148897588253021,0.350565105676651,0.050588544458150864,0.13314476609230042,0.1508118212223053],[0.3362075388431549,0.30791783332824707,0.056144192814826965,0.14593203365802765,0.15379838645458221],[0.07118608057498932,0.4227065443992615,0.0554439015686512,0.07655056565999985,0.37411293387413025]],"label":[0,0,1,0,0]}