{"input":[[0.7011866569519043,0.07630612701177597,0.0018512581009417772,0.006642206571996212,0.21401377022266388],[0.31169241666793823,0.09129638969898224,0.0019114918541163206,0.007631740067154169,0.5874679684638977],[0.534207820892334,0.24872137606143951,0.010260164737701416,0.049722131341695786,0.1570884883403778],[0.6544561386108398,0.0851433053612709,0.003433321136981249,0.006893484387546778,0.25007373094558716],[0.71379554271698,0.15353727340698242,0.0010608722222968936,0.006537898443639278,0.12506847083568573]],"label":[1,0,0,0,0]}