{"input":"14807.jpg","scores":[[0.2646065354347229,0.10899459570646286,0.024903342127799988,0.06192432716488838,0.539571225643158],[0.03557617962360382,0.015669971704483032,0.00070712820161134,0.0014470340684056282,0.9465996623039246],[0.11815151572227478,0.07040669023990631,0.008094929158687592,0.007000247482210398,0.7963465452194214],[0.18840833008289337,0.09663420170545578,0.008286336436867714,0.02861045114696026,0.6780606508255005],[0.2053338587284088,0.02954973839223385,0.0042466274462640285,0.004741460084915161,0.7561283111572266],[0.1567455679178238,0.01852509379386902,0.0013124727411195636,0.00229476997628808,0.8211221098899841]],"label":[0,0,0,0,1]}