{"input":"14978.jpg","scores":[[0.007123616058379412,0.028922805562615395,0.01240591611713171,0.8977526426315308,0.05379503220319748],[0.06661689281463623,0.11715530604124069,0.017211714759469032,0.30866649746894836,0.49034956097602844],[0.10348624736070633,0.133151113986969,0.01663726568222046,0.38865214586257935,0.35807326436042786],[0.033034902065992355,0.09932908415794373,0.027889525517821312,0.5966331362724304,0.24311336874961853],[0.027435779571533203,0.07731513679027557,0.04503313824534416,0.6670507192611694,0.18316520750522614],[0.011619677767157555,0.026519784703850746,0.018271369859576225,0.8364704847335815,0.10711869597434998]],"label":[0,0,0,1,0]}