{"input":"1499.jpg","scores":[[0.4228421747684479,0.24622072279453278,0.04364670813083649,0.0906015932559967,0.19668875634670258],[0.853327751159668,0.11428660154342651,0.0009668496786616743,0.001390784396789968,0.030027996748685837],[0.8415220975875854,0.05655178055167198,0.00126531848218292,0.0022494313307106495,0.0984114333987236],[0.5646957159042358,0.30342501401901245,0.007762104272842407,0.011221696622669697,0.11289545893669128],[0.815257728099823,0.023541582748293877,0.0013996008783578873,0.0012466110056266189,0.15855452418327332],[0.6206499338150024,0.17544963955879211,0.004814226180315018,0.004807023331522942,0.19427913427352905]],"label":[1,0,0,0,0]}