{"input":[[0.014425894245505333,0.09434746950864792,0.06617777794599533,0.7267247438430786,0.09832404553890228],[0.05985945090651512,0.17480330169200897,0.0705585852265358,0.4550107419490814,0.2397678792476654],[0.036962080746889114,0.21550405025482178,0.02698618359863758,0.6893237233161926,0.03122391179203987],[0.007305596489459276,0.1356476992368698,0.039564840495586395,0.7862909436225891,0.031190944835543633],[0.017761752009391785,0.12950512766838074,0.025668228045105934,0.7926008701324463,0.034463971853256226]],"label":[0,0,0,1,0]}