{"input":[[0.029045887291431427,0.030318690463900566,0.3709314167499542,0.4719978868961334,0.09770616888999939],[0.007017443422228098,0.012116917409002781,0.2661838233470917,0.6820090413093567,0.03267283737659454],[0.004427284933626652,0.036766741424798965,0.44373780488967896,0.5030775666236877,0.011990553699433804],[0.0012702359817922115,0.007756127044558525,0.11553394049406052,0.8731641173362732,0.002275589620694518],[0.0015431904466822743,0.005732849705964327,0.2683679163455963,0.7193135619163513,0.0050424328073859215]],"label":[0,0,1,0,0]}