{"input":"15069.jpg","scores":[[0.4076747000217438,0.17797337472438812,0.126203253865242,0.12447280436754227,0.16367579996585846],[0.690960168838501,0.06614993512630463,0.019050240516662598,0.03306010365486145,0.19077955186367035],[0.516065776348114,0.024250969290733337,0.009515734389424324,0.007312416099011898,0.4428550899028778],[0.7799477577209473,0.08369245380163193,0.019222339615225792,0.06687771528959274,0.05025972053408623],[0.8815840482711792,0.02896508201956749,0.003986211493611336,0.007258399855345488,0.07820635288953781],[0.8031783699989319,0.017499415203928947,0.0012645188253372908,0.005153490696102381,0.17290419340133667]],"label":[1,0,0,0,0]}