{"input":"15074.jpg","scores":[[0.009742295369505882,0.07434769719839096,0.14232875406742096,0.7092949151992798,0.06428636610507965],[0.011339562013745308,0.044448066502809525,0.06432117521762848,0.5843073129653931,0.2955838739871979],[0.015262738801538944,0.10248082876205444,0.1183650866150856,0.48918870091438293,0.27470269799232483],[0.0005784659297205508,0.02088148705661297,0.09037550538778305,0.8812077641487122,0.006956780795007944],[0.011804875917732716,0.17057263851165771,0.17100633680820465,0.51382976770401,0.1327863484621048],[0.0030089030042290688,0.03625546768307686,0.09467662870883942,0.7706895470619202,0.09536948800086975]],"label":[0,0,0,1,0]}