{"input":"15149.jpg","scores":[[0.020585114136338234,0.04730617627501488,0.7114561200141907,0.19780324399471283,0.022849325090646744],[0.010938619263470173,0.050545863807201385,0.6991342902183533,0.2137768566608429,0.025604309514164925],[0.015290915966033936,0.05207907781004906,0.6812954545021057,0.2154238224029541,0.03591064363718033],[0.025665847584605217,0.09650085866451263,0.4677233099937439,0.38530921936035156,0.024800783023238182],[0.04164973646402359,0.09222498536109924,0.6342088580131531,0.21533939242362976,0.016576915979385376],[0.04191579669713974,0.12303613126277924,0.6893377900123596,0.12660282850265503,0.01910741999745369]],"label":[0,0,1,0,0]}