{"input":[[0.1886196732521057,0.07038544863462448,0.08349894732236862,0.2431940734386444,0.41430187225341797],[0.1540227234363556,0.10207855701446533,0.06735336035490036,0.26243001222610474,0.414115309715271],[0.005776154808700085,0.03876469284296036,0.05617893859744072,0.8831825852394104,0.016097646206617355],[0.06572853028774261,0.1588941216468811,0.08724906295537949,0.626386284828186,0.061741914600133896],[0.004945181310176849,0.03373764827847481,0.08303900808095932,0.8589008450508118,0.019377321004867554]],"label":[0,0,0,1,0]}