{"input":"15203.jpg","scores":[[0.017006419599056244,0.08575204759836197,0.5381043553352356,0.21937237679958344,0.13976475596427917],[0.020993459969758987,0.11430587619543076,0.6906251311302185,0.09509918838739395,0.07897625863552094],[0.0058224815875291824,0.04070890322327614,0.4156964123249054,0.49887892603874207,0.03889332339167595],[0.010222163051366806,0.06372737139463425,0.7883437275886536,0.02956267073750496,0.1081441268324852],[0.009917255491018295,0.05886770412325859,0.7815157771110535,0.03197155520319939,0.11772775650024414],[0.004963047336786985,0.03058570623397827,0.6850651502609253,0.039910346269607544,0.23947569727897644]],"label":[0,0,1,0,0]}