{"input":[[0.01448794361203909,0.266497403383255,0.528761625289917,0.1315503567457199,0.058702580630779266],[0.030943378806114197,0.30272990465164185,0.36910104751586914,0.14867061376571655,0.14855509996414185],[0.010042272508144379,0.4439504146575928,0.4576680660247803,0.07607506960630417,0.012264137156307697],[0.007316983304917812,0.22626937925815582,0.5402810573577881,0.20724672079086304,0.01888582669198513],[0.004332857206463814,0.16240201890468597,0.5923898220062256,0.23453861474990845,0.006336623337119818]],"label":[0,0,1,0,0]}