{"input":[[0.05690149962902069,0.2502134144306183,0.16016030311584473,0.2770156264305115,0.2557092010974884],[0.024393873289227486,0.08454068750143051,0.26575854420661926,0.38958147168159485,0.23572540283203125],[0.010965446010231972,0.10872399061918259,0.38400131464004517,0.4713814854621887,0.024927755817770958],[0.014629602432250977,0.14791230857372284,0.5007089972496033,0.31762680411338806,0.019122278317809105],[0.026127293705940247,0.12228551506996155,0.3147308826446533,0.47898900508880615,0.05786731466650963]],"label":[0,0,1,0,0]}