{"input":[[0.18523143231868744,0.4779748022556305,0.04692552238702774,0.020537178963422775,0.2693309783935547],[0.1467844396829605,0.3912762701511383,0.015340332873165607,0.005281803663820028,0.4413171112537384],[0.045186128467321396,0.5854808688163757,0.046398524194955826,0.019286980852484703,0.30364757776260376],[0.16540418565273285,0.332941472530365,0.09807812422513962,0.023804208263754845,0.37977197766304016],[0.12638452649116516,0.6037423014640808,0.028081603348255157,0.00830658059567213,0.23348498344421387]],"label":[0,1,0,0,0]}