{"input":[[0.06970079988241196,0.15549249947071075,0.05153835564851761,0.48447951674461365,0.23878876864910126],[0.023626871407032013,0.11271961778402328,0.05470627173781395,0.7416557669639587,0.06729141622781754],[0.038436900824308395,0.22940324246883392,0.05457639694213867,0.46979600191116333,0.20778745412826538],[0.03307187184691429,0.16826775670051575,0.058933112770318985,0.5575864911079407,0.18214082717895508],[0.015933096408843994,0.1176653802394867,0.05724695324897766,0.7599936127662659,0.049160998314619064]],"label":[0,1,0,0,0]}