{"input":[[0.0036065485328435898,0.012127149850130081,0.7467342615127563,0.22962109744548798,0.007910987362265587],[0.0065580750815570354,0.02339247614145279,0.8016736507415771,0.14381100237369537,0.024564828723669052],[0.012474998831748962,0.11221925169229507,0.5039415955543518,0.35899728536605835,0.012366796843707561],[0.0041257645934820175,0.06668855994939804,0.5518264770507812,0.36844080686569214,0.008918431587517262],[0.0008017688523977995,0.01101908553391695,0.5554710626602173,0.4318481981754303,0.0008598517160862684]],"label":[0,0,1,0,0]}