{"input":"15438.jpg","scores":[[0.12116827815771103,0.1625044047832489,0.3156835436820984,0.25043728947639465,0.15020641684532166],[0.08118486404418945,0.22780507802963257,0.31099021434783936,0.14081808924674988,0.23920178413391113],[0.07611273229122162,0.2160312980413437,0.3114748001098633,0.17015816271305084,0.22622305154800415],[0.04856710880994797,0.31293755769729614,0.22746330499649048,0.3149428367614746,0.0960891917347908],[0.07758937031030655,0.22984471917152405,0.2626954913139343,0.21049167215824127,0.21937869489192963],[0.215139240026474,0.2794523537158966,0.1943967342376709,0.07860085368156433,0.23241083323955536]],"label":[0,0,1,0,0]}