{"input":[[0.04765908047556877,0.27549678087234497,0.03664650395512581,0.07713519036769867,0.5630623698234558],[0.09640223532915115,0.3433610796928406,0.03958715498447418,0.033611051738262177,0.48703843355178833],[0.07165978103876114,0.5101723074913025,0.11088735610246658,0.10473278164863586,0.20254772901535034],[0.1034725159406662,0.6221399307250977,0.03383462876081467,0.026117172092199326,0.21443583071231842],[0.0866147056221962,0.41502007842063904,0.0247650146484375,0.012806776911020279,0.4607934355735779]],"label":[0,1,0,0,0]}