{"input":[[0.09311890602111816,0.2577023208141327,0.2582401633262634,0.1759224683046341,0.21501612663269043],[0.4311010241508484,0.30196070671081543,0.03581973537802696,0.04638265445828438,0.18473589420318604],[0.08226047456264496,0.2856791317462921,0.2049981951713562,0.2680319845676422,0.15903030335903168],[0.5326120853424072,0.27477845549583435,0.03839531168341637,0.048271749168634415,0.10594243556261063],[0.23718507587909698,0.2583109140396118,0.1373753845691681,0.3050478398799896,0.06208083778619766]],"label":[0,1,0,0,0]}