{"input":[[0.029062544927001,0.049097940325737,0.38360849022865295,0.4388721287250519,0.09935890138149261],[0.06281985342502594,0.0673270970582962,0.30812519788742065,0.513783872127533,0.04794398322701454],[0.05831515043973923,0.12258076667785645,0.41572946310043335,0.29121872782707214,0.112155981361866],[0.04029276594519615,0.07288762927055359,0.2956325113773346,0.5389021635055542,0.052284978330135345],[0.055534716695547104,0.0560450479388237,0.3637767434120178,0.4479309618473053,0.07671252638101578]],"label":[0,0,1,0,0]}