{"input":[[0.13249285519123077,0.02059416100382805,0.004857286345213652,0.011374199762940407,0.8306815028190613],[0.089742511510849,0.02885730192065239,0.003549267305061221,0.005633796099573374,0.8722171783447266],[0.09216457605361938,0.013501887209713459,0.0015068334760144353,0.002336585195735097,0.8904900550842285],[0.14240889251232147,0.021340418606996536,0.0017740263137966394,0.004262729547917843,0.8302139639854431],[0.18347574770450592,0.01325911097228527,0.0009053032845258713,0.001186524285003543,0.8011732697486877]],"label":[0,0,0,0,1]}