{"input":[[0.011381286196410656,0.0260534156113863,0.044839467853307724,0.7790648341178894,0.1386609971523285],[0.004421107936650515,0.022948894649744034,0.05792151764035225,0.8606777787208557,0.05403069034218788],[0.001805472420528531,0.027586910873651505,0.05070286989212036,0.9115022420883179,0.008402527309954166],[0.0073674386367201805,0.09973852336406708,0.05626993998885155,0.8101857304573059,0.026438383385539055],[0.00047343262122012675,0.008837285451591015,0.017645517364144325,0.9712312817573547,0.001812501228414476]],"label":[0,0,0,1,0]}