{"input":"15630.jpg","scores":[[0.1478956639766693,0.5210623741149902,0.03319248929619789,0.1521121859550476,0.14573736488819122],[0.11225071549415588,0.3941149115562439,0.05941678583621979,0.10207606852054596,0.33214154839515686],[0.07377240061759949,0.3475801944732666,0.2049819827079773,0.24341975152492523,0.13024568557739258],[0.07701655477285385,0.23048605024814606,0.04685568809509277,0.06779826432466507,0.5778434872627258],[0.10300616174936295,0.31699588894844055,0.07669853419065475,0.09879285097122192,0.40450653433799744],[0.06316569447517395,0.5065585970878601,0.14513099193572998,0.1487766057252884,0.13636811077594757]],"label":[0,1,0,0,0]}