{"input":[[0.03463548421859741,0.088140107691288,0.19631730020046234,0.5153892636299133,0.16551783680915833],[0.0566512867808342,0.14158998429775238,0.14037364721298218,0.44581592082977295,0.21556910872459412],[0.01737568899989128,0.16657201945781708,0.2674340307712555,0.5262637138366699,0.022354518994688988],[0.008746284060180187,0.05610378831624985,0.23710256814956665,0.6750182509422302,0.023029053583741188],[0.010416794568300247,0.05265866592526436,0.2075212001800537,0.7152940034866333,0.014109358191490173]],"label":[0,0,0,1,0]}