{"input":[[0.027450552210211754,0.05123632773756981,0.5023992657661438,0.31856778264045715,0.1003461629152298],[0.030580123886466026,0.07747199386358261,0.29507285356521606,0.38065221905708313,0.21622280776500702],[0.0021371219772845507,0.020178476348519325,0.38567450642585754,0.5856510400772095,0.006358833983540535],[0.006805673241615295,0.037186846137046814,0.2901538908481598,0.6454805135726929,0.02037305384874344],[0.004640811588615179,0.026750551536679268,0.4034181833267212,0.5501968264579773,0.014993644319474697]],"label":[0,0,1,0,0]}