{"input":[[0.004198173992335796,0.023197894915938377,0.14045360684394836,0.7852547764778137,0.046895552426576614],[0.011628489010035992,0.04974978044629097,0.31067660450935364,0.603059709072113,0.024885479360818863],[0.001173179131001234,0.016135521233081818,0.10958559811115265,0.8716003894805908,0.0015053836395964026],[0.00027686290559358895,0.003894311375916004,0.19244372844696045,0.8025755286216736,0.0008094916702248156],[0.00033024404547177255,0.0043339855037629604,0.1411343812942505,0.8536851406097412,0.0005162729066796601]],"label":[0,0,1,0,0]}