{"input":[[0.07609441876411438,0.35403960943222046,0.189148411154747,0.23198433220386505,0.14873318374156952],[0.09650598466396332,0.554864227771759,0.08930172771215439,0.12516430020332336,0.13416379690170288],[0.0563458688557148,0.4730381667613983,0.2063005268573761,0.104657381772995,0.15965810418128967],[0.049096718430519104,0.5430209040641785,0.20269924402236938,0.11567973345518112,0.08950334042310715],[0.09713505953550339,0.6899327039718628,0.03717032074928284,0.04953153431415558,0.1262303590774536]],"label":[0,0,1,0,0]}