{"input":[[0.03632308170199394,0.0732533410191536,0.4541427195072174,0.2897278964519501,0.1465529501438141],[0.016833489760756493,0.10315340012311935,0.4832157492637634,0.32470473647117615,0.07209271937608719],[0.0178876593708992,0.12592296302318573,0.41022825241088867,0.4323205053806305,0.013640611432492733],[0.018946878612041473,0.10792044550180435,0.5716159343719482,0.28633546829223633,0.015181237831711769],[0.0035851006396114826,0.052555397152900696,0.4928322434425354,0.44881874322891235,0.002208565827459097]],"label":[0,0,1,0,0]}