{"input":[[0.08265223354101181,0.12973466515541077,0.20942845940589905,0.490560382604599,0.08762426674365997],[0.26590803265571594,0.21056215465068817,0.11727989464998245,0.29161131381988525,0.11463849991559982],[0.3580491840839386,0.1833178848028183,0.15429304540157318,0.13339924812316895,0.17094077169895172],[0.2874372899532318,0.2705349922180176,0.23363755643367767,0.06589897722005844,0.1424911767244339],[0.13972170650959015,0.19402772188186646,0.23419256508350372,0.4023231267929077,0.029734840616583824]],"label":[0,0,1,0,0]}