{"input":[[0.07269369810819626,0.38709408044815063,0.11371789127588272,0.07769007235765457,0.3488042950630188],[0.024165630340576172,0.17216458916664124,0.30664491653442383,0.13280658423900604,0.3642182946205139],[0.06682924181222916,0.2684642970561981,0.16601376235485077,0.07420769333839417,0.42448508739471436],[0.04158380255103111,0.16335101425647736,0.4975859224796295,0.18384629487991333,0.11363303661346436],[0.05027567222714424,0.30164381861686707,0.3308199942111969,0.05407058075070381,0.26318997144699097]],"label":[0,0,1,0,0]}