{"input":"15824.jpg","scores":[[0.024231601506471634,0.04512448236346245,0.17620563507080078,0.7296140789985657,0.024824244901537895],[0.21349886059761047,0.18748760223388672,0.13279151916503906,0.17219413816928864,0.2940278649330139],[0.15182439982891083,0.0681936964392662,0.15185722708702087,0.5112867951393127,0.11683791875839233],[0.01875617355108261,0.03457799553871155,0.06464754790067673,0.8745203018188477,0.007497962564229965],[0.003487935056909919,0.01991868205368519,0.14245370030403137,0.8285920023918152,0.005547777283936739],[0.0013175738276913762,0.005464030895382166,0.060966458171606064,0.9311860203742981,0.0010658509563654661]],"label":[0,0,0,1,0]}