{"input":[[0.22123311460018158,0.571955144405365,0.05119340866804123,0.10526493191719055,0.05035339295864105],[0.32682159543037415,0.24767760932445526,0.07581176608800888,0.19963966310024261,0.15004931390285492],[0.42517441511154175,0.2398366928100586,0.021877910941839218,0.04036137834191322,0.27274957299232483],[0.21887603402137756,0.40038153529167175,0.08855225890874863,0.19791021943092346,0.09427999705076218],[0.4291885495185852,0.38715633749961853,0.038349222391843796,0.11442768573760986,0.030878182500600815]],"label":[0,1,0,0,0]}