{"input":[[0.032000500708818436,0.4531725347042084,0.03624904900789261,0.39383065700531006,0.08474729210138321],[0.025177285075187683,0.2782372534275055,0.07178869098424911,0.5314299464225769,0.09336677193641663],[0.0659080296754837,0.2987391948699951,0.021931221708655357,0.39198926091194153,0.22143226861953735],[0.08535721898078918,0.38035738468170166,0.039051663130521774,0.320232093334198,0.1750016212463379],[0.0037471011746674776,0.143271341919899,0.06770922243595123,0.7767255306243896,0.008546832948923111]],"label":[0,0,0,1,0]}