{"input":[[0.37726837396621704,0.3208673894405365,0.032840706408023834,0.10968907922506332,0.15933449566364288],[0.3898369371891022,0.5048484206199646,0.01470982190221548,0.033026330173015594,0.05757851526141167],[0.32544347643852234,0.30001041293144226,0.05275237560272217,0.10887376964092255,0.21291989088058472],[0.424001008272171,0.31055948138237,0.029826436191797256,0.0167021956294775,0.21891090273857117],[0.5471274256706238,0.22621412575244904,0.023249542340636253,0.018564287573099136,0.18484467267990112]],"label":[0,1,0,0,0]}