{"input":[[0.029487907886505127,0.017485717311501503,0.0027012524660676718,0.006924210581928492,0.9434009194374084],[0.045428503304719925,0.025987109169363976,0.005239814519882202,0.005202413536608219,0.9181421995162964],[0.017017602920532227,0.08297610282897949,0.024761943146586418,0.07084939628839493,0.8043949604034424],[0.022499902173876762,0.06672808527946472,0.014383623376488686,0.04486760124564171,0.8515207767486572],[0.014279251918196678,0.020142395049333572,0.0063940901309251785,0.015481330454349518,0.9437028765678406]],"label":[0,0,0,0,1]}