{"input":"15893.jpg","scores":[[0.0589914433658123,0.10819346457719803,0.16906754672527313,0.17836958169937134,0.4853779077529907],[0.07896207273006439,0.2950238585472107,0.17870253324508667,0.2013600766658783,0.24595148861408234],[0.06714662909507751,0.13772015273571014,0.5299407839775085,0.16557230055332184,0.09962013363838196],[0.050699442625045776,0.10136233270168304,0.40591034293174744,0.20801764726638794,0.2340102344751358],[0.04488682001829147,0.1095329150557518,0.40576186776161194,0.40522536635398865,0.03459307551383972]],"label":[0,0,1,0,0]}