{"input":[[0.06575112044811249,0.2365184873342514,0.09372981637716293,0.5114115476608276,0.09258905798196793],[0.05727513134479523,0.15281568467617035,0.07576794177293777,0.6519034504890442,0.06223778426647186],[0.0056744967587292194,0.03867750242352486,0.10301491618156433,0.8479629158973694,0.004670160356909037],[0.021934321150183678,0.11814479529857635,0.12638327479362488,0.7112141251564026,0.022323422133922577],[0.005731464829295874,0.05639221891760826,0.09327169507741928,0.8379479646682739,0.006656778044998646]],"label":[0,0,0,1,0]}