{"input":[[0.023162085562944412,0.14151275157928467,0.05060380697250366,0.5622780919075012,0.22244319319725037],[0.009020082652568817,0.051833175122737885,0.017848895862698555,0.7333481907844543,0.18794959783554077],[0.05274805426597595,0.12534289062023163,0.04963916912674904,0.6153988838195801,0.156871035695076],[0.15093368291854858,0.2189931422472,0.04048975184559822,0.3273761570453644,0.2622072398662567],[0.012956184335052967,0.08912575989961624,0.03606277331709862,0.8092795014381409,0.05257569998502731]],"label":[0,0,0,1,0]}