{"input":"16084.jpg","scores":[[0.09044641256332397,0.3950922191143036,0.18293161690235138,0.13446849584579468,0.19706131517887115],[0.04522306099534035,0.5227578282356262,0.08748550713062286,0.034696586430072784,0.30983707308769226],[0.06872068345546722,0.5090044736862183,0.11997352540493011,0.03896495699882507,0.2633363604545593],[0.03509044647216797,0.5105226039886475,0.12007145583629608,0.090786874294281,0.24352851510047913],[0.08992189913988113,0.44862720370292664,0.10544215142726898,0.021296381950378418,0.334712415933609],[0.03971721604466438,0.3589567542076111,0.22996880114078522,0.045261528342962265,0.3260957598686218]],"label":[0,0,1,0,0]}