{"input":[[0.2591930329799652,0.22851529717445374,0.0548148974776268,0.014343869872391224,0.4431329667568207],[0.45509812235832214,0.2625150978565216,0.017747854813933372,0.018501970916986465,0.24613693356513977],[0.2878623604774475,0.38096386194229126,0.059478987008333206,0.033527664840221405,0.23816707730293274],[0.5477949976921082,0.28580307960510254,0.029193701222538948,0.014341364614665508,0.12286688387393951],[0.5016288757324219,0.2636937201023102,0.026719676330685616,0.008494229055941105,0.19946345686912537]],"label":[0,1,0,0,0]}