{"input":"16177.jpg","scores":[[0.06514294445514679,0.2454652637243271,0.4237906038761139,0.22141587734222412,0.04418528825044632],[0.008572299964725971,0.2115022838115692,0.6553836464881897,0.11646226048469543,0.008079520426690578],[0.03072812594473362,0.23389087617397308,0.5232821106910706,0.18480907380580902,0.027289777994155884],[0.002814754145219922,0.06609775871038437,0.7979119420051575,0.13103674352169037,0.002138881478458643],[0.007559895049780607,0.21003955602645874,0.49292150139808655,0.28424304723739624,0.0052360896952450275],[0.006226411089301109,0.19871968030929565,0.6408327221870422,0.1455458402633667,0.008675395511090755]],"label":[0,0,1,0,0]}