{"input":[[0.9087991714477539,0.02260744571685791,0.0038360939361155033,0.008967138826847076,0.05579015985131264],[0.8912426233291626,0.01871039718389511,0.0013052597641944885,0.004817133769392967,0.08392465114593506],[0.8716632127761841,0.040799714624881744,0.005270628724247217,0.024912500753998756,0.05735395476222038],[0.8917615413665771,0.035284411162137985,0.0031883427873253822,0.009674128144979477,0.06009158119559288],[0.9898113012313843,0.003444133559241891,0.00015114006237126887,0.0008493780042044818,0.005744042340666056]],"label":[1,0,0,0,0]}