{"input":[[0.42198190093040466,0.025110526010394096,0.0010616211220622063,0.0036845714785158634,0.5481614470481873],[0.6295903325080872,0.012546319514513016,0.0003341881383676082,0.0005210149683989584,0.3570081293582916],[0.4121226966381073,0.017548033967614174,0.0006237185443751514,0.002700281562283635,0.5670052766799927],[0.4083535075187683,0.011902539990842342,0.0003314298519399017,0.0008411875460296869,0.5785713791847229],[0.6559025645256042,0.009294336661696434,0.0001851871784310788,0.0007564817788079381,0.33386147022247314]],"label":[1,0,0,0,0]}