{"input":[[0.013050315901637077,0.013843405060470104,0.002628531539812684,0.004943042062222958,0.9655346870422363],[0.026656558737158775,0.031185345724225044,0.006170201115310192,0.010444900020956993,0.9255430102348328],[0.01658562943339348,0.0208647008985281,0.004489815328270197,0.008031238801777363,0.9500285983085632],[0.023524781689047813,0.024405866861343384,0.004654861520975828,0.00810451153665781,0.9393099546432495],[0.011564720422029495,0.008436375297605991,0.0022843542974442244,0.0025035615544766188,0.9752110242843628]],"label":[0,0,0,0,1]}