{"input":[[0.0319790355861187,0.38457366824150085,0.09520681202411652,0.020557690411806107,0.46768277883529663],[0.03231753781437874,0.6189187169075012,0.12866033613681793,0.026726605370640755,0.19337677955627441],[0.021554550155997276,0.5100828409194946,0.053473733365535736,0.015525256283581257,0.39936357736587524],[0.022118911147117615,0.6433643698692322,0.07702706754207611,0.016213037073612213,0.2412765771150589],[0.012128644622862339,0.7642185688018799,0.1453266739845276,0.016226377338171005,0.06209973618388176]],"label":[0,1,0,0,0]}