{"input":[[0.3671807050704956,0.48012837767601013,0.03688959777355194,0.03187614679336548,0.08392518013715744],[0.05318019166588783,0.4981503486633301,0.24131429195404053,0.1782017946243286,0.02915341779589653],[0.10741188377141953,0.5852586030960083,0.1264813393354416,0.09762878715991974,0.08321934938430786],[0.08410798013210297,0.5066900849342346,0.16873759031295776,0.1378985196352005,0.10256588459014893],[0.10009390860795975,0.5425305366516113,0.20294201374053955,0.08742031455039978,0.0670131966471672]],"label":[0,0,1,0,0]}