{"input":[[0.038512397557497025,0.1042771264910698,0.054520707577466965,0.46003803610801697,0.34265175461769104],[0.020268741995096207,0.20503820478916168,0.08702243864536285,0.6274741888046265,0.060196470469236374],[0.040864694863557816,0.17786020040512085,0.05605229735374451,0.6820480823516846,0.04317482188344002],[0.05592315271496773,0.170864537358284,0.04461587965488434,0.5688084959983826,0.15978792309761047],[0.007939699105918407,0.06451340019702911,0.0481024831533432,0.8582336902618408,0.021210722625255585]],"label":[0,0,0,1,0]}