{"input":[[0.007339706644415855,0.027313251048326492,0.6646802425384521,0.2814182639122009,0.019248545169830322],[0.008768071420490742,0.04165588691830635,0.8338589668273926,0.09907513111829758,0.01664198935031891],[0.01520528830587864,0.19359463453292847,0.5321959257125854,0.2138504832983017,0.045153677463531494],[0.01459684781730175,0.15830381214618683,0.6051408648490906,0.20473885536193848,0.01721963658928871],[0.006090979557484388,0.05434313043951988,0.6093649864196777,0.320575088262558,0.009625774808228016]],"label":[0,0,1,0,0]}