{"input":[[0.030366649851202965,0.11351960152387619,0.5342319011688232,0.2904623746871948,0.031419456005096436],[0.030474677681922913,0.0807291567325592,0.4613582193851471,0.3446345031261444,0.08280352503061295],[0.0037436827551573515,0.0842602476477623,0.5261570811271667,0.37447410821914673,0.01136491633951664],[0.007426022551953793,0.062186043709516525,0.45965319871902466,0.46226364374160767,0.00847108755260706],[0.0029031680896878242,0.028613010421395302,0.5893454551696777,0.3769782483577728,0.002160067902877927]],"label":[0,0,1,0,0]}