{"input":[[0.03164174407720566,0.03414970636367798,0.6220923066139221,0.15705615282058716,0.1550600826740265],[0.03151172399520874,0.0429561622440815,0.3648674190044403,0.48972800374031067,0.0709366723895073],[0.009033708833158016,0.03732286021113396,0.47066131234169006,0.47920575737953186,0.003776316996663809],[0.009712041355669498,0.028956197202205658,0.6819444298744202,0.2675870358943939,0.011800249107182026],[0.01351702120155096,0.02373247966170311,0.7103043794631958,0.2402450293302536,0.012201140634715557]],"label":[0,0,1,0,0]}