{"input":"16587.jpg","scores":[[0.05666853487491608,0.12571218609809875,0.32043349742889404,0.39242541790008545,0.10476040095090866],[0.04818083718419075,0.2341885268688202,0.3469167947769165,0.3342020511627197,0.03651174530386925],[0.018889745697379112,0.10360328108072281,0.5525622963905334,0.30183038115501404,0.023114323616027832],[0.07045259326696396,0.13284100592136383,0.14647933840751648,0.25839176774024963,0.3918353319168091],[0.08109831809997559,0.30568811297416687,0.21496370434761047,0.2977880835533142,0.10046173632144928],[0.023932449519634247,0.11190282553434372,0.2308969646692276,0.6258067488670349,0.007460945751518011]],"label":[0,0,1,0,0]}