{"input":[[0.15795379877090454,0.1618243306875229,0.09235602617263794,0.4427551329135895,0.14511063694953918],[0.10059737414121628,0.14994174242019653,0.0908193439245224,0.5362498760223389,0.12239163368940353],[0.052549704909324646,0.14679646492004395,0.11715797334909439,0.6119059920310974,0.07158979773521423],[0.11370423436164856,0.17379096150398254,0.12743063271045685,0.43912747502326965,0.1459466964006424],[0.13384777307510376,0.15545108914375305,0.06996994465589523,0.5270869135856628,0.11364427953958511]],"label":[0,0,0,0,1]}