{"input":[[0.008994591422379017,0.034591544419527054,0.10725291818380356,0.8169811964035034,0.032179683446884155],[0.016375010833144188,0.10915155708789825,0.09709157794713974,0.753509521484375,0.023872340098023415],[0.006293255835771561,0.04181158170104027,0.12227186560630798,0.8216533064842224,0.007970031350851059],[0.01352697517722845,0.11190918833017349,0.10283945500850677,0.7632180452346802,0.008506350219249725],[0.0016299401177093387,0.022301651537418365,0.12635262310504913,0.8485075831413269,0.001208266126923263]],"label":[0,0,0,1,0]}