{"input":[[0.03820572420954704,0.2303917109966278,0.17515219748020172,0.5121592283248901,0.04409118741750717],[0.025137651711702347,0.1932010054588318,0.2437104880809784,0.507066011428833,0.03088478557765484],[0.0215906985104084,0.10137201845645905,0.570442259311676,0.2888632118701935,0.01773177832365036],[0.07899827510118484,0.23889458179473877,0.3433953523635864,0.29849517345428467,0.0402165912091732],[0.029995853081345558,0.1831606775522232,0.4370124638080597,0.33704331517219543,0.012787679210305214]],"label":[0,0,1,0,0]}