{"input":[[0.28162288665771484,0.20570354163646698,0.014970354735851288,0.14060361683368683,0.3570995330810547],[0.5880686044692993,0.12278106063604355,0.004575800616294146,0.03675093874335289,0.24782361090183258],[0.5250204801559448,0.12506602704524994,0.009115295484662056,0.13371379673480988,0.20708444714546204],[0.3584730923175812,0.06576188653707504,0.0044545456767082214,0.056951530277729034,0.5143589377403259],[0.7950601577758789,0.09180290251970291,0.001252905698493123,0.024280590936541557,0.08760350942611694]],"label":[1,0,0,0,0]}