{"input":[[0.02651023678481579,0.18037089705467224,0.0993012934923172,0.5477321743965149,0.1460854411125183],[0.07997383922338486,0.20477809011936188,0.09836399555206299,0.325699120759964,0.2911849617958069],[0.09758507460355759,0.2575083374977112,0.06631811708211899,0.2899157404899597,0.28867265582084656],[0.07744716852903366,0.2219058722257614,0.08185466378927231,0.44075536727905273,0.1780368685722351],[0.031378474086523056,0.17014232277870178,0.12353620678186417,0.5689923763275146,0.10595069080591202]],"label":[0,0,0,1,0]}