{"input":"16724.jpg","scores":[[0.3257678151130676,0.36534443497657776,0.03142739087343216,0.09281499683856964,0.18464529514312744],[0.33687081933021545,0.34354367852211,0.027188492938876152,0.08162957429885864,0.21076752245426178],[0.4821449816226959,0.2892930507659912,0.014360343106091022,0.02323910966515541,0.19096258282661438],[0.24190577864646912,0.37788769602775574,0.12284283339977264,0.20017290115356445,0.05719082057476044],[0.19597962498664856,0.3124731481075287,0.057806309312582016,0.19443045556545258,0.2393103688955307]],"label":[0,0,1,0,0]}