{"input":[[0.06053551658987999,0.28328344225883484,0.030157536268234253,0.01571708545088768,0.610306441783905],[0.09066066145896912,0.45464634895324707,0.03908935934305191,0.019907739013433456,0.3956957757472992],[0.0973714292049408,0.35602855682373047,0.01754685491323471,0.008401848375797272,0.5206513404846191],[0.0519317165017128,0.5823430418968201,0.16330844163894653,0.07745029032230377,0.12496651709079742],[0.04486970230937004,0.38199496269226074,0.062169916927814484,0.03318268805742264,0.477782666683197]],"label":[0,1,0,0,0]}