{"input":[[0.05434834212064743,0.009415511973202229,0.002744966186583042,0.005820988677442074,0.9276701807975769],[0.07214003056287766,0.013115723617374897,0.0034972410649061203,0.0073044151067733765,0.9039425849914551],[0.167616069316864,0.019039109349250793,0.0031586484983563423,0.008106195367872715,0.802079975605011],[0.3270452618598938,0.023020435124635696,0.0030190753750503063,0.007424216251820326,0.6394910216331482],[0.15999646484851837,0.020686741918325424,0.004337611608207226,0.009499285370111465,0.8054799437522888]],"label":[0,0,0,0,1]}