{"input":[[0.012930748052895069,0.3754850924015045,0.033465366810560226,0.562337338924408,0.01578141562640667],[0.014531205408275127,0.6034313440322876,0.03515370935201645,0.33222925662994385,0.014654434286057949],[0.03441324830055237,0.7587056159973145,0.03514494374394417,0.14818540215492249,0.023550787940621376],[0.022301457822322845,0.7636942267417908,0.018683869391679764,0.10294049978256226,0.09238001704216003],[0.012192177586257458,0.5282849669456482,0.027887912467122078,0.4129529595375061,0.018681928515434265]],"label":[0,1,0,0,0]}