{"input":"16850.jpg","scores":[[0.01334563922137022,0.03790295496582985,0.7397773265838623,0.1946953982114792,0.014278652146458626],[0.005098252557218075,0.03117446042597294,0.6979925036430359,0.2573282718658447,0.00840655155479908],[0.003930837381631136,0.018151946365833282,0.7921004295349121,0.17604856193065643,0.009768209420144558],[0.0024171422701328993,0.00697703193873167,0.9614595770835876,0.025083795189857483,0.004062467720359564],[0.0018058846471831203,0.005587079096585512,0.9701470136642456,0.021347586065530777,0.0011124598095193505],[0.004701938014477491,0.016797050833702087,0.867373526096344,0.10399078577756882,0.007136653643101454]],"label":[0,0,1,0,0]}