{"input":[[0.0607658252120018,0.21632356941699982,0.030864303931593895,0.42244842648506165,0.26959797739982605],[0.02465393953025341,0.16777634620666504,0.04719484969973564,0.6163986325263977,0.14397621154785156],[0.07404056936502457,0.3063488304615021,0.0561211071908474,0.36048731207847595,0.20300224423408508],[0.06059955060482025,0.17916786670684814,0.04830232262611389,0.2762850522994995,0.435645192861557],[0.02791074477136135,0.24647323787212372,0.04780751094222069,0.644616425037384,0.033192120492458344]],"label":[0,1,0,0,0]}