{"input":[[0.016837207600474358,0.1596307009458542,0.19976399838924408,0.5813741683959961,0.04239397868514061],[0.009866644628345966,0.06884347647428513,0.16058926284313202,0.7105546593666077,0.05014593154191971],[0.046200335025787354,0.13131454586982727,0.1426653414964676,0.623412549495697,0.056407250463962555],[0.05675371736288071,0.15584835410118103,0.13032010197639465,0.6033117175102234,0.05376605689525604],[0.0058801486156880856,0.06686358898878098,0.130413219332695,0.7851935029029846,0.011649497784674168]],"label":[0,0,0,1,0]}