{"input":[[0.021335544064641,0.06156708300113678,0.5064862966537476,0.37867072224617004,0.03194037824869156],[0.027188507840037346,0.07366747409105301,0.4500833749771118,0.34992340207099915,0.09913725405931473],[0.014114419929683208,0.04504358395934105,0.4584650993347168,0.4628993272781372,0.01947755739092827],[0.019994763657450676,0.0524442158639431,0.6609712839126587,0.2470586746931076,0.01953105442225933],[0.007658865302801132,0.027750009670853615,0.6206086874008179,0.3360868990421295,0.007895554415881634]],"label":[0,0,1,0,0]}