{"input":"16948.jpg","scores":[[0.01990588568150997,0.06664492934942245,0.5276270508766174,0.33233213424682617,0.05349001660943031],[0.002922751707956195,0.03767098858952522,0.5222601890563965,0.431283175945282,0.005862941965460777],[0.005308300256729126,0.07710150629281998,0.39663568139076233,0.49974608421325684,0.021208416670560837],[0.005813813768327236,0.03740283101797104,0.7700991034507751,0.1730392724275589,0.013645040802657604],[0.0021569242235273123,0.0164668969810009,0.8385186791419983,0.13753385841846466,0.005323664750903845],[0.00841907225549221,0.07322460412979126,0.7485833168029785,0.1593705713748932,0.010402519255876541]],"label":[0,0,1,0,0]}