{"input":[[0.38750338554382324,0.2895161509513855,0.01345420815050602,0.021113771945238113,0.288412481546402],[0.3016079366207123,0.20581568777561188,0.012584368698298931,0.018803482875227928,0.46118852496147156],[0.5479415655136108,0.12041076272726059,0.009936219081282616,0.010169007815420628,0.31154245138168335],[0.27028337121009827,0.3457396328449249,0.10317977517843246,0.09783023595809937,0.18296700716018677],[0.403173565864563,0.32424110174179077,0.007965168915688992,0.0130667919293046,0.25155338644981384]],"label":[0,0,1,0,0]}