{"input":[[0.09893354773521423,0.06537217646837234,0.18774807453155518,0.14412859082221985,0.503817617893219],[0.053253162652254105,0.07048609852790833,0.3129855990409851,0.45432525873184204,0.10894984751939774],[0.010791118256747723,0.061179693788290024,0.44083723425865173,0.47347190976142883,0.013719926588237286],[0.0023034613113850355,0.026331759989261627,0.4714827239513397,0.4936950206756592,0.0061869509518146515],[0.004365164320915937,0.026599286124110222,0.3915969431400299,0.5669251084327698,0.01051359623670578]],"label":[0,0,1,0,0]}