{"input":[[0.012471327558159828,0.30484405159950256,0.37925615906715393,0.27975744009017944,0.023670952767133713],[0.020388660952448845,0.21311423182487488,0.45977044105529785,0.26792243123054504,0.038804277777671814],[0.05117230862379074,0.2756770849227905,0.25513771176338196,0.29634690284729004,0.12166596949100494],[0.09489476680755615,0.4592662751674652,0.08861196041107178,0.07773173600435257,0.27949514985084534],[0.04030277207493782,0.4716736376285553,0.14747542142868042,0.12079810351133347,0.21974998712539673]],"label":[0,1,0,0,0]}