{"input":"17165.jpg","scores":[[0.03270938619971275,0.06886782497167587,0.06597188860177994,0.7756443619728088,0.05680656060576439],[0.037087712436914444,0.1539662629365921,0.06457334011793137,0.6301325559616089,0.11424016207456589],[0.03310529887676239,0.09291818737983704,0.04336545243859291,0.24819064140319824,0.5824204087257385],[0.0045397100038826466,0.03866143524646759,0.04958023503422737,0.8997091054916382,0.0075095114298164845],[0.014748631045222282,0.1042572483420372,0.0674157664179802,0.739108681678772,0.07446969300508499],[0.02528659626841545,0.07001770287752151,0.033875204622745514,0.46450525522232056,0.40631523728370667]],"label":[0,0,0,1,0]}