{"input":[[0.11420604586601257,0.11171296238899231,0.017843322828412056,0.2052001953125,0.5510374307632446],[0.15261982381343842,0.07118051499128342,0.0061143673956394196,0.05323556065559387,0.7168497443199158],[0.13311709463596344,0.12240467965602875,0.011352389119565487,0.06419045478105545,0.6689353585243225],[0.11525147408246994,0.11695857346057892,0.011255457065999508,0.06682629138231277,0.6897082328796387],[0.1484377682209015,0.164412721991539,0.035548388957977295,0.1636083424091339,0.4879927933216095]],"label":[0,0,0,0,1]}