{"input":[[0.002780529670417309,0.04017287865281105,0.8377628922462463,0.11321108788251877,0.006072505377233028],[0.0087754400447011,0.06706860661506653,0.8558908700942993,0.0527026429772377,0.01556241512298584],[0.01173795573413372,0.14439040422439575,0.6603551506996155,0.17711150646209717,0.006405034102499485],[0.019487708806991577,0.16407155990600586,0.739468514919281,0.06141969561576843,0.015552489086985588],[0.0072249979712069035,0.05515366792678833,0.8693151473999023,0.06611144542694092,0.0021947198547422886]],"label":[0,0,1,0,0]}