{"input":[[0.03616827353835106,0.19891025125980377,0.22102370858192444,0.4489069879055023,0.0949907973408699],[0.061503585427999496,0.3407374918460846,0.11068682372570038,0.21732443571090698,0.26974767446517944],[0.025556353852152824,0.1444016695022583,0.28015390038490295,0.5292075276374817,0.020680490881204605],[0.021527176722884178,0.2821892201900482,0.3078896701335907,0.3659103512763977,0.022483663633465767],[0.033021457493305206,0.32582521438598633,0.1933140754699707,0.4025477170944214,0.045291468501091]],"label":[0,1,0,0,0]}