{"input":"17338.jpg","scores":[[0.096296526491642,0.2338595986366272,0.1404983252286911,0.4065808951854706,0.12276461720466614],[0.08111586421728134,0.3799181580543518,0.13418327271938324,0.28332164883613586,0.12146100401878357],[0.15216580033302307,0.4815157353878021,0.10323014110326767,0.17014767229557037,0.0929405614733696],[0.08012992888689041,0.2507263422012329,0.13436169922351837,0.3848435878753662,0.14993852376937866],[0.014262430369853973,0.09019753336906433,0.2235560417175293,0.6474254727363586,0.024558551609516144],[0.011333794333040714,0.14635133743286133,0.23749743402004242,0.5786663889884949,0.026151079684495926]],"label":[0,0,0,1,0]}