{"input":[[0.037152744829654694,0.10903310775756836,0.4750225245952606,0.3333105146884918,0.04548107460141182],[0.2942853271961212,0.3822677433490753,0.1086212694644928,0.0925893783569336,0.12223626673221588],[0.02534005232155323,0.1063581332564354,0.09476836025714874,0.7413085103034973,0.03222484886646271],[0.03748524188995361,0.29853546619415283,0.15291224420070648,0.4645921587944031,0.046474870294332504],[0.08835730701684952,0.2621755003929138,0.13530676066875458,0.4687611758708954,0.045399259775877]],"label":[0,0,0,1,0]}