{"input":[[0.13800710439682007,0.39984363317489624,0.14084085822105408,0.2151944488286972,0.10611395537853241],[0.06418338418006897,0.18898995220661163,0.14750392735004425,0.5327975153923035,0.06652524322271347],[0.08277768641710281,0.5222833752632141,0.140410915017128,0.19227901101112366,0.062249016016721725],[0.03937548026442528,0.36003628373146057,0.22114595770835876,0.3033113181591034,0.07613087445497513],[0.004978323820978403,0.11649240553379059,0.35042431950569153,0.5233973264694214,0.004707613959908485]],"label":[0,0,1,0,0]}