{"input":[[0.02867266722023487,0.14243954420089722,0.3239337205886841,0.30986514687538147,0.19508886337280273],[0.043195754289627075,0.3803289830684662,0.2601352632045746,0.09541281312704086,0.22092726826667786],[0.059241991490125656,0.16351144015789032,0.3858019709587097,0.09748081117868423,0.29396387934684753],[0.023487120866775513,0.13550326228141785,0.43894055485725403,0.26368409395217896,0.13838492333889008],[0.04036840423941612,0.31905823945999146,0.3441294729709625,0.11220500618219376,0.18423892557621002]],"label":[0,0,1,0,0]}