{"input":"17513.jpg","scores":[[0.1252877116203308,0.46453678607940674,0.12199901789426804,0.1309143453836441,0.15726211667060852],[0.06700810045003891,0.48877450823783875,0.11055081337690353,0.10123541951179504,0.23243115842342377],[0.07822398096323013,0.549235463142395,0.07275199145078659,0.12062450498342514,0.1791640818119049],[0.11227057129144669,0.4724574089050293,0.02810506895184517,0.023605607450008392,0.36356133222579956],[0.14091576635837555,0.5128538608551025,0.06008527800440788,0.049610886722803116,0.2365342080593109],[0.05732763931155205,0.6586069464683533,0.09499209374189377,0.05315200239419937,0.13592129945755005]],"label":[0,1,0,0,0]}