{"input":[[0.06670434027910233,0.3286183476448059,0.27699485421180725,0.20532800257205963,0.12235436588525772],[0.06682562083005905,0.21697603166103363,0.2711636424064636,0.23393286764621735,0.21110190451145172],[0.14108318090438843,0.240686297416687,0.11636380106210709,0.06515023112297058,0.4367165267467499],[0.10260879248380661,0.10886173695325851,0.08668188005685806,0.09213955700397491,0.6097080707550049],[0.05172479525208473,0.2666800916194916,0.2794952094554901,0.35079434514045715,0.051305610686540604]],"label":[0,0,1,0,0]}