{"input":[[0.032013509422540665,0.13416573405265808,0.016622332856059074,0.6967615485191345,0.12043678760528564],[0.05563287064433098,0.06284789741039276,0.00994404312223196,0.47410842776298523,0.3974668085575104],[0.05953308194875717,0.2694035470485687,0.022793851792812347,0.49503418803215027,0.15323536098003387],[0.034568388015031815,0.18924106657505035,0.019414108246564865,0.6797804832458496,0.07699599862098694],[0.028939662501215935,0.1507227122783661,0.024472076445817947,0.6957597732543945,0.10010572522878647]],"label":[0,0,0,1,0]}