{"input":"17676.jpg","scores":[[0.016149194911122322,0.09225116670131683,0.1219187080860138,0.7249433398246765,0.044737521559000015],[0.008382796309888363,0.05795770511031151,0.09999778866767883,0.8085649013519287,0.02509678155183792],[0.03700907155871391,0.08863223344087601,0.12124687433242798,0.5546237230300903,0.19848810136318207],[0.003434960264712572,0.08804014325141907,0.052345480769872665,0.8429304957389832,0.013248970732092857],[0.001926735625602305,0.040178850293159485,0.07345443964004517,0.8744682669639587,0.009971694089472294],[0.00040364827145822346,0.019414635375142097,0.04325111582875252,0.9361715316772461,0.0007590886671096087]],"label":[0,0,0,1,0]}