{"input":[[0.09764500707387924,0.23833508789539337,0.09675535559654236,0.03744260594248772,0.5298219323158264],[0.0722145289182663,0.2617095112800598,0.20731960237026215,0.06730728596448898,0.3914491534233093],[0.20522136986255646,0.361910879611969,0.1559056043624878,0.03552190959453583,0.24144017696380615],[0.0800122320652008,0.23782481253147125,0.32023710012435913,0.21313554048538208,0.14879025518894196],[0.06565488874912262,0.4433186650276184,0.1748666614294052,0.06979359686374664,0.2463662475347519]],"label":[0,1,0,0,0]}