{"input":[[0.04841665178537369,0.21185970306396484,0.16816924512386322,0.12240764498710632,0.44914674758911133],[0.14126572012901306,0.17240355908870697,0.1076045036315918,0.07022342830896378,0.508502721786499],[0.03762385994195938,0.21712040901184082,0.19820967316627502,0.1731010526418686,0.3739449679851532],[0.04440239816904068,0.2437933087348938,0.20284821093082428,0.354937344789505,0.15401867032051086],[0.06617073714733124,0.22716638445854187,0.37986698746681213,0.16032159328460693,0.16647429764270782]],"label":[0,0,1,0,0]}