{"input":[[0.11645764112472534,0.3340110182762146,0.23818834125995636,0.15301695466041565,0.15832605957984924],[0.2884204685688019,0.37767648696899414,0.08710821717977524,0.05323793366551399,0.19355686008930206],[0.12199640274047852,0.1608172208070755,0.354856938123703,0.11662930250167847,0.2457001805305481],[0.09139619767665863,0.18444736301898956,0.38812193274497986,0.17860454320907593,0.15742993354797363],[0.12633317708969116,0.44722145795822144,0.209947407245636,0.08879051357507706,0.12770739197731018]],"label":[0,1,0,0,0]}