{"input":[[0.034721311181783676,0.06744828075170517,0.6100823283195496,0.2476087212562561,0.040139392018318176],[0.030637338757514954,0.08333933353424072,0.44460880756378174,0.3995591402053833,0.041855353862047195],[0.0021186096128076315,0.015740476548671722,0.13102410733699799,0.8476492166519165,0.003467501839622855],[0.0019090145360678434,0.020675117149949074,0.14927877485752106,0.8240280747413635,0.004109002184122801],[0.0033619278110563755,0.02977711334824562,0.37065479159355164,0.5939647555351257,0.0022414186969399452]],"label":[0,0,1,0,0]}