{"input":"17780.jpg","scores":[[0.011892712675035,0.028040796518325806,0.17066581547260284,0.7474783062934875,0.04192238301038742],[0.01605003885924816,0.041919201612472534,0.23124314844608307,0.6807291507720947,0.03005845844745636],[0.008516454137861729,0.16104933619499207,0.4294036030769348,0.39595678448677063,0.005073850508779287],[0.009105891920626163,0.13882459700107574,0.3185163140296936,0.5228116512298584,0.010741458274424076],[0.015611968003213406,0.11647837609052658,0.2747645080089569,0.5775405764579773,0.015604610554873943]],"label":[0,0,1,0,0]}