{"input":[[0.05678371340036392,0.12571536004543304,0.660705029964447,0.09822756052017212,0.058568332344293594],[0.023198312148451805,0.18882416188716888,0.49505189061164856,0.2819000482559204,0.011025498621165752],[0.03954486921429634,0.44070833921432495,0.20849324762821198,0.25472044944763184,0.05653304606676102],[0.026303697377443314,0.1639285385608673,0.28534209728240967,0.5059341192245483,0.018491612747311592],[0.015257691964507103,0.1897198110818863,0.3933269679546356,0.3925531804561615,0.009142247959971428]],"label":[0,0,1,0,0]}