{"input":[[0.05713701620697975,0.1160900741815567,0.18434059619903564,0.5797807574272156,0.06265159696340561],[0.323910653591156,0.2085046023130417,0.09047896414995193,0.23691566288471222,0.14019007980823517],[0.063540518283844,0.13556644320487976,0.2263072431087494,0.48022401332855225,0.0943617969751358],[0.015860412269830704,0.1027795597910881,0.37817490100860596,0.4770946800708771,0.026090487837791443],[0.29512280225753784,0.282962828874588,0.12251201272010803,0.2068694680929184,0.09253297746181488]],"label":[0,0,1,0,0]}