{"input":[[0.0029486261773854494,0.009453166276216507,0.47242388129234314,0.508309006690979,0.006865336559712887],[0.0020272850524634123,0.008008851669728756,0.718044102191925,0.27007922530174255,0.0018404860747978091],[0.0028037361335009336,0.010464763268828392,0.822424590587616,0.1568307876586914,0.0074760690331459045],[0.0011571177747100592,0.007052112836390734,0.9107272028923035,0.0791342481970787,0.0019293759251013398],[0.0009485405753366649,0.005395192187279463,0.7463582754135132,0.24602597951889038,0.0012719188816845417]],"label":[0,0,1,0,0]}