{"input":[[0.09130512923002243,0.29342198371887207,0.04674048349261284,0.017078498378396034,0.5514539480209351],[0.03835383430123329,0.41310548782348633,0.03627023100852966,0.013484561815857887,0.4987858831882477],[0.037784624844789505,0.4129828214645386,0.16204817593097687,0.05205043777823448,0.33513399958610535],[0.060834191739559174,0.29994478821754456,0.09684175252914429,0.0480489656329155,0.4943302273750305],[0.04089647904038429,0.7324301600456238,0.07425235211849213,0.01894347555935383,0.133477583527565]],"label":[0,1,0,0,0]}