{"input":[[0.02286786027252674,0.1261100471019745,0.3039783537387848,0.5122687816619873,0.03477493301033974],[0.026101060211658478,0.11086916923522949,0.2691691219806671,0.542911171913147,0.050949499011039734],[0.005976944230496883,0.07042669504880905,0.22298647463321686,0.6952797770500183,0.005330180283635855],[0.024545246735215187,0.11981090158224106,0.37956878542900085,0.45583924651145935,0.020235765725374222],[0.011768346652388573,0.09268917888402939,0.24676412343978882,0.638290524482727,0.010487832129001617]],"label":[0,0,0,1,0]}