{"input":[[0.009262848645448685,0.030077014118433,0.24294213950634003,0.6769723892211914,0.040745578706264496],[0.042895007878541946,0.11330729722976685,0.34296536445617676,0.467520534992218,0.0333118699491024],[0.29181015491485596,0.29501867294311523,0.20537565648555756,0.1867493987083435,0.02104612998664379],[0.32016023993492126,0.2600308060646057,0.21695050597190857,0.14613491296768188,0.056723546236753464],[0.07121048867702484,0.17108555138111115,0.21616902947425842,0.5269063711166382,0.014628570526838303]],"label":[0,0,1,0,0]}