{"input":[[0.1355927288532257,0.4403386116027832,0.059816207736730576,0.2888306975364685,0.07542181015014648],[0.04759593680500984,0.237341970205307,0.14837989211082458,0.5347053408622742,0.03197688236832619],[0.14593587815761566,0.26613670587539673,0.09545249491930008,0.4370042681694031,0.05547070875763893],[0.06653723865747452,0.24341003596782684,0.11674144864082336,0.5320814251899719,0.041229818016290665],[0.029280031099915504,0.23637866973876953,0.13061442971229553,0.5793221592903137,0.024404728785157204]],"label":[0,0,0,1,0]}