{"input":[[0.02903665602207184,0.018856115639209747,0.09265799820423126,0.7677522301673889,0.09169696271419525],[0.010142014361917973,0.01603098213672638,0.18058215081691742,0.7552220225334167,0.03802289813756943],[0.00036396810901351273,0.0062136598862707615,0.048372652381658554,0.9433901309967041,0.001659628702327609],[0.0008957880199886858,0.010177613236010075,0.038928333669900894,0.9479376077651978,0.002060643397271633],[0.0004283841699361801,0.00787718128412962,0.030370499938726425,0.9606640934944153,0.0006598502513952553]],"label":[0,0,0,1,0]}