{"input":"17941.jpg","scores":[[0.07832417637109756,0.14153946936130524,0.11550137400627136,0.6008173227310181,0.06381767988204956],[0.00547077925875783,0.059274815022945404,0.09775379300117493,0.8282655477523804,0.009235027246177197],[0.03098100610077381,0.17767244577407837,0.08264773339033127,0.6683749556541443,0.040323883295059204],[0.026732677593827248,0.1649743616580963,0.09505375474691391,0.6961540579795837,0.01708506979048252],[0.05832303687930107,0.18674281239509583,0.08829309046268463,0.6399664878845215,0.026674514636397362],[0.0034355849493294954,0.037350770086050034,0.05635906383395195,0.8966777920722961,0.006176776718348265]],"label":[0,0,0,1,0]}