{"input":[[0.014502311125397682,0.10002469271421432,0.1629376858472824,0.6873750686645508,0.03516020253300667],[0.010568265803158283,0.061639636754989624,0.23640604317188263,0.6668049097061157,0.024581121280789375],[0.016475873067975044,0.10321509838104248,0.29865536093711853,0.5584139227867126,0.023239824920892715],[0.01667702943086624,0.07936481386423111,0.30220574140548706,0.5825534462928772,0.019198933616280556],[0.0023440662771463394,0.014611332677304745,0.13638851046562195,0.8433482646942139,0.00330778444185853]],"label":[0,0,0,1,0]}