{"input":[[0.16690592467784882,0.19801737368106842,0.05289039388298988,0.20139794051647186,0.3807883858680725],[0.1568147838115692,0.16930045187473297,0.0793314203619957,0.20446805655956268,0.39008522033691406],[0.39797961711883545,0.1027117446064949,0.016035456210374832,0.023386944085359573,0.45988622307777405],[0.45670756697654724,0.1062050312757492,0.010517816059291363,0.012898433953523636,0.4136711359024048],[0.31279024481773376,0.09033739566802979,0.02140188217163086,0.0671033039689064,0.5083671808242798]],"label":[0,0,0,1,0]}