{"input":"17995.jpg","scores":[[0.009916072711348534,0.06451987475156784,0.11815623193979263,0.7679567933082581,0.039451032876968384],[0.04819684475660324,0.18905819952487946,0.06588617712259293,0.42099449038505554,0.27586424350738525],[0.01818694919347763,0.13364286720752716,0.21858371794223785,0.5859841704368591,0.043602317571640015],[0.007125622592866421,0.10713976621627808,0.10042956471443176,0.7682569026947021,0.017048116773366928],[0.004057280253618956,0.06450405716896057,0.09424228221178055,0.8012500405311584,0.035946350544691086],[0.004041917156428099,0.06830330193042755,0.06456726789474487,0.8364422917366028,0.02664513885974884]],"label":[0,0,0,1,0]}