{"input":[[0.11273665726184845,0.7328832149505615,0.04996431618928909,0.036770112812519073,0.06764564663171768],[0.10361706465482712,0.6781070232391357,0.04606914520263672,0.0669623538851738,0.10524442791938782],[0.09553852677345276,0.6866579651832581,0.020111292600631714,0.030574288219213486,0.1671179085969925],[0.1107272058725357,0.544619083404541,0.014723672531545162,0.03904997557401657,0.29088011384010315],[0.09717953950166702,0.6856346130371094,0.031539514660835266,0.05909077078104019,0.12655553221702576]],"label":[0,1,0,0,0]}