{"input":[[0.014851590618491173,0.05492407828569412,0.6682038903236389,0.11186783015727997,0.15015266835689545],[0.024262506514787674,0.17235811054706573,0.46084845066070557,0.1448371410369873,0.19769370555877686],[0.017828401178121567,0.09989851713180542,0.2529524564743042,0.5840277671813965,0.045292824506759644],[0.03550997003912926,0.21765480935573578,0.591998279094696,0.09150969237089157,0.06332721561193466],[0.013723618350923061,0.12206791341304779,0.6101607084274292,0.1955874264240265,0.058460310101509094]],"label":[0,0,1,0,0]}