{"input":"18060.jpg","scores":[[0.00699259527027607,0.02734765037894249,0.3553076684474945,0.5956751704216003,0.014677008613944054],[0.008497408591210842,0.023715918883681297,0.19632023572921753,0.7123017907142639,0.05916466936469078],[0.0037129155825823545,0.01567651331424713,0.10014442354440689,0.850541889667511,0.029924258589744568],[0.009774463251233101,0.05918478965759277,0.3235653042793274,0.5822452902793884,0.02523011341691017],[0.0026679334696382284,0.03253234922885895,0.3040110170841217,0.6566669344902039,0.004121793434023857],[0.0004466860555112362,0.007475695107132196,0.14166317880153656,0.8492581844329834,0.0011562699219211936]],"label":[0,0,0,1,0]}