{"input":[[0.006929102819412947,0.03819955140352249,0.19475115835666656,0.7448589205741882,0.01526134368032217],[0.018607690930366516,0.02152108959853649,0.2670842409133911,0.6656808853149414,0.027106110006570816],[0.001855978975072503,0.0072054252959787846,0.13657167553901672,0.8520857691764832,0.002281059743836522],[0.001516585354693234,0.020650899037718773,0.21913975477218628,0.7563192248344421,0.002373600145801902],[0.0027259255293756723,0.01573793962597847,0.210926353931427,0.7688984274864197,0.0017113897483795881]],"label":[0,0,0,1,0]}