{"input":[[0.032043009996414185,0.11192971467971802,0.2792778015136719,0.4770589768886566,0.0996905043721199],[0.01832469180226326,0.05545445904135704,0.24012534320354462,0.5594741702079773,0.1266213357448578],[0.009136275388300419,0.10381288081407547,0.5315227508544922,0.3310734033584595,0.024454720318317413],[0.035039834678173065,0.1851748824119568,0.2717580795288086,0.31404098868370056,0.19398616254329681],[0.008418329991400242,0.10643237829208374,0.36886027455329895,0.48413506150245667,0.032153934240341187]],"label":[0,0,1,0,0]}