{"input":"18208.jpg","scores":[[0.01389034278690815,0.033591389656066895,0.711516261100769,0.22236809134483337,0.018633967265486717],[0.011417900212109089,0.04208436980843544,0.4551629424095154,0.46172431111335754,0.029610538855195045],[0.01556958258152008,0.03822634369134903,0.6084869503974915,0.32515615224838257,0.012560897506773472],[0.0013328882632777095,0.015772592276334763,0.6887373924255371,0.29168349504470825,0.002473631175234914],[0.007610180415213108,0.02410503663122654,0.7211987376213074,0.23226819932460785,0.01481784600764513],[0.002115850802510977,0.013106772676110268,0.7021997570991516,0.27967074513435364,0.0029069765005260706]],"label":[0,0,1,0,0]}