{"input":[[0.013105859979987144,0.2314233034849167,0.6387526988983154,0.08141161501407623,0.03530651330947876],[0.02655329927802086,0.42503780126571655,0.4056810140609741,0.017238948494195938,0.12548890709877014],[0.016037387773394585,0.29479682445526123,0.5457425117492676,0.04990203306078911,0.09352134168148041],[0.010143598541617393,0.1597246378660202,0.7272299528121948,0.04958340525627136,0.05331839993596077],[0.010591341182589531,0.4326557219028473,0.4476870596408844,0.0546681210398674,0.05439770221710205]],"label":[0,0,1,0,0]}