{"input":[[0.014864718541502953,0.04237601161003113,0.7960647344589233,0.12635518610477448,0.02033929154276848],[0.041110560297966,0.09448087960481644,0.4726901948451996,0.3184792697429657,0.07323902100324631],[0.009015889838337898,0.07571154087781906,0.8244091272354126,0.08125172555446625,0.009611653164029121],[0.007785489782691002,0.06933671236038208,0.6791532039642334,0.2355228215456009,0.00820187944918871],[0.00584562961012125,0.04399570822715759,0.8135741949081421,0.13206049799919128,0.0045241257175803185]],"label":[0,0,1,0,0]}