{"input":"18331.jpg","scores":[[0.023441914469003677,0.13345573842525482,0.03719194978475571,0.7534708976745605,0.05243948847055435],[0.01055358536541462,0.16042561829090118,0.028299106284976006,0.7844524383544922,0.016269274055957794],[0.007200643420219421,0.15973785519599915,0.03466951847076416,0.7797180414199829,0.018673917278647423],[0.015339051373302937,0.20040947198867798,0.05013337358832359,0.691740095615387,0.042378075420856476],[0.0035492072347551584,0.08474905043840408,0.040143754333257675,0.8611485958099365,0.010409330017864704],[0.0016185163985937834,0.15253984928131104,0.020491011440753937,0.8223801255226135,0.0029705148190259933]],"label":[0,0,0,1,0]}