{"input":[[0.024979189038276672,0.07574386149644852,0.31071969866752625,0.36870133876800537,0.21985594928264618],[0.04115884751081467,0.08185931295156479,0.3544091284275055,0.3854295015335083,0.13714319467544556],[0.07339363545179367,0.07207059860229492,0.25327324867248535,0.1689298450946808,0.4323326349258423],[0.02925967052578926,0.0856262668967247,0.09220955520868301,0.06685023009777069,0.7260542511940002],[0.02343398705124855,0.06992840021848679,0.15279437601566315,0.32015931606292725,0.4336839020252228]],"label":[0,0,1,0,0]}