{"input":[[0.02634037658572197,0.2764206826686859,0.41180700063705444,0.27504605054855347,0.010385929606854916],[0.053049348294734955,0.29924389719963074,0.3919607996940613,0.23568999767303467,0.02005588822066784],[0.008867187425494194,0.1840907335281372,0.21412988007068634,0.5890669822692871,0.003845126135274768],[0.07929130643606186,0.5541449785232544,0.16611109673976898,0.16018667817115784,0.04026593267917633],[0.007130980491638184,0.15441007912158966,0.30045679211616516,0.5336263179779053,0.004375841468572617]],"label":[0,0,0,1,0]}