{"input":[[0.015093963593244553,0.036322955042123795,0.443813294172287,0.0402127243578434,0.4645569920539856],[0.005989321041852236,0.027693159878253937,0.7128521203994751,0.23311716318130493,0.020348237827420235],[0.023417653515934944,0.0666213259100914,0.5389729142189026,0.11966661363840103,0.2513215243816376],[0.0017868392169475555,0.012221933342516422,0.8531503677368164,0.12946681678295135,0.003374155843630433],[0.001975666033104062,0.013176565989851952,0.8070513606071472,0.1727655529975891,0.005030952859669924]],"label":[0,0,1,0,0]}