{"input":[[0.04398059844970703,0.2467261701822281,0.017613323405385017,0.12071102857589722,0.5709689259529114],[0.047346360981464386,0.3470936715602875,0.029822254553437233,0.2028287947177887,0.37290889024734497],[0.03579844534397125,0.5194592475891113,0.01838104985654354,0.15737223625183105,0.2689889967441559],[0.031190406531095505,0.6109893321990967,0.017697518691420555,0.23149174451828003,0.10863104462623596],[0.014346308074891567,0.3666592836380005,0.012630347162485123,0.11843196302652359,0.4879321753978729]],"label":[0,0,1,0,0]}