{"input":[[0.29070091247558594,0.19009268283843994,0.029070409014821053,0.05853671208024025,0.43159928917884827],[0.3101058006286621,0.17483334243297577,0.03544768691062927,0.028198113664984703,0.45141494274139404],[0.16581296920776367,0.2499319463968277,0.04673730209469795,0.04151490330696106,0.4960028827190399],[0.12834052741527557,0.24839627742767334,0.10986511409282684,0.056379687041044235,0.4570183753967285],[0.06961368769407272,0.15696312487125397,0.03643470257520676,0.023692069575190544,0.7132964730262756]],"label":[0,0,0,0,1]}