{"input":"1848.jpg","scores":[[0.09799595922231674,0.21568068861961365,0.1509818583726883,0.44604772329330444,0.08929380029439926],[0.47275322675704956,0.2639121413230896,0.023290686309337616,0.19283297657966614,0.04721106216311455],[0.09225013107061386,0.2243301272392273,0.15157786011695862,0.4824310839176178,0.04941078647971153],[0.38868704438209534,0.35273078083992004,0.02743293158710003,0.19412383437156677,0.037025392055511475],[0.21389728784561157,0.3092375099658966,0.04144909232854843,0.3969266414642334,0.03848946839570999],[0.1256881207227707,0.286855548620224,0.05365194007754326,0.48490291833877563,0.04890143498778343]],"label":[0,1,0,0,0]}