{"input":[[0.029631584882736206,0.2128337174654007,0.20922718942165375,0.3346535265445709,0.21365401148796082],[0.08270994573831558,0.13391929864883423,0.23066966235637665,0.096731036901474,0.45597004890441895],[0.12405160069465637,0.2604488432407379,0.19643573462963104,0.21246959269046783,0.20659418404102325],[0.09039273858070374,0.09208425879478455,0.10567576438188553,0.047282785177230835,0.6645644903182983],[0.06641418486833572,0.22467654943466187,0.3501634895801544,0.17214861512184143,0.18659716844558716]],"label":[0,0,1,0,0]}