{"input":[[0.027335133403539658,0.15432851016521454,0.6651098132133484,0.12595167756080627,0.027274874970316887],[0.02211969904601574,0.10743991285562515,0.663091242313385,0.17893721163272858,0.028411880135536194],[0.05851399526000023,0.16331438720226288,0.47325652837753296,0.26720404624938965,0.037711046636104584],[0.015460303984582424,0.04250693321228027,0.7710376977920532,0.15328148007392883,0.017713675275444984],[0.01631300151348114,0.04335196688771248,0.643873929977417,0.28981927037239075,0.006641840096563101]],"label":[0,0,1,0,0]}