{"input":"18599.jpg","scores":[[0.013297278434038162,0.05264107882976532,0.233054056763649,0.6882752776145935,0.012732306495308876],[0.0069870478473603725,0.03380872681736946,0.2405908703804016,0.6898722052574158,0.028741179034113884],[0.011330057866871357,0.07874268293380737,0.2926286458969116,0.607576847076416,0.009721840731799603],[0.04979769513010979,0.2802450656890869,0.10383099317550659,0.47107040882110596,0.09505578130483627],[0.008696847595274448,0.07291506975889206,0.39671552181243896,0.5120342373847961,0.009638301096856594],[0.0025062146596610546,0.02392047829926014,0.1223541870713234,0.8481734991073608,0.003045653458684683]],"label":[0,0,0,1,0]}