{"input":[[0.2688213288784027,0.35369592905044556,0.05089801177382469,0.06425517797470093,0.2623295485973358],[0.07130719721317291,0.46322381496429443,0.1125919446349144,0.12714768946170807,0.22572936117649078],[0.05299315229058266,0.6190232634544373,0.08785377442836761,0.16519565880298615,0.07493419945240021],[0.028354911133646965,0.5618113279342651,0.15065933763980865,0.18319575488567352,0.07597865164279938],[0.09835292398929596,0.5920820236206055,0.08244291692972183,0.16113193333148956,0.06599026173353195]],"label":[0,1,0,0,0]}