{"input":"18671.jpg","scores":[[0.04422226548194885,0.14769722521305084,0.1971036046743393,0.5522677302360535,0.05870923027396202],[0.027679704129695892,0.1989969164133072,0.2312105894088745,0.49063217639923096,0.051480624824762344],[0.014816658571362495,0.08002699911594391,0.17903155088424683,0.6739358901977539,0.052188847213983536],[0.10050467401742935,0.3533773422241211,0.1132187694311142,0.2709338665008545,0.1619652807712555],[0.01731964386999607,0.1497516930103302,0.21149423718452454,0.5959504842758179,0.025483977049589157],[0.01879844069480896,0.12598896026611328,0.11277519166469574,0.6880015134811401,0.0544358566403389]],"label":[0,0,0,1,0]}