{"input":[[0.0611145906150341,0.3975469470024109,0.02240767888724804,0.13950656354427338,0.37942421436309814],[0.05855799838900566,0.32848843932151794,0.021487705409526825,0.0700816884636879,0.5213842391967773],[0.039727602154016495,0.40455546975135803,0.03642654046416283,0.18038053810596466,0.33890992403030396],[0.032976388931274414,0.3049463927745819,0.056276239454746246,0.10821317881345749,0.49758780002593994],[0.008676794357597828,0.4101516604423523,0.05658266693353653,0.5108584761619568,0.013730417937040329]],"label":[0,0,0,1,0]}