{"input":[[0.14449772238731384,0.36747562885284424,0.04282532259821892,0.02931547537446022,0.4158859848976135],[0.47838422656059265,0.3395012319087982,0.02521151676774025,0.019706154242157936,0.137196883559227],[0.04180077835917473,0.6596587300300598,0.15516217052936554,0.05935157835483551,0.08402668684720993],[0.13550245761871338,0.43850794434547424,0.1645839363336563,0.0732860341668129,0.18811964988708496],[0.168491929769516,0.6131886839866638,0.04288656637072563,0.021008342504501343,0.1544245034456253]],"label":[0,1,0,0,0]}