{"input":[[0.19907203316688538,0.5931646823883057,0.050614386796951294,0.030138997361063957,0.12700991332530975],[0.15997445583343506,0.4984617531299591,0.12500202655792236,0.0288983304053545,0.18766340613365173],[0.1462283432483673,0.4523202180862427,0.1347327083349228,0.11613760143518448,0.15058112144470215],[0.16217580437660217,0.4173734188079834,0.03111499361693859,0.0514063835144043,0.3379293978214264],[0.39577972888946533,0.4997127056121826,0.03360847011208534,0.020302405580878258,0.05059664696455002]],"label":[0,1,0,0,0]}