{"input":[[0.023557301610708237,0.06689275056123734,0.48527273535728455,0.36239680647850037,0.061880387365818024],[0.021252784878015518,0.08396526426076889,0.5198119878768921,0.296280175447464,0.07868979871273041],[0.02574208751320839,0.14793644845485687,0.5200610160827637,0.28023821115493774,0.02602226473391056],[0.09904883056879044,0.1530977338552475,0.4633769392967224,0.2053876370191574,0.07908887416124344],[0.01589689403772354,0.05143212899565697,0.6374909281730652,0.2823147773742676,0.012865351513028145]],"label":[0,0,0,1,0]}