{"input":[[0.01035018265247345,0.02863863855600357,0.26049336791038513,0.6695003509521484,0.031017430126667023],[0.012376462109386921,0.022625232115387917,0.2835365831851959,0.6499407887458801,0.031520966440439224],[0.003707200288772583,0.021909508854150772,0.4881111681461334,0.4744375944137573,0.011834600009024143],[0.0028286376036703587,0.019605567678809166,0.47073909640312195,0.49791547656059265,0.008911234326660633],[0.002524233888834715,0.010986890643835068,0.31369006633758545,0.6689125895500183,0.003886213293299079]],"label":[0,0,1,0,0]}