{"input":[[0.029655922204256058,0.3072783350944519,0.19390051066875458,0.3043074309825897,0.16485783457756042],[0.018068304285407066,0.08217711746692657,0.2402513176202774,0.5899837017059326,0.06951954960823059],[0.025348925963044167,0.23765835165977478,0.16335801780223846,0.5275697112083435,0.04606495425105095],[0.012811850756406784,0.11506617069244385,0.22107483446598053,0.5888569355010986,0.06219017133116722],[0.006185455713421106,0.12804366648197174,0.21357576549053192,0.6425422430038452,0.009652864187955856]],"label":[0,0,0,1,0]}