{"input":"18980.jpg","scores":[[0.04249775782227516,0.14372873306274414,0.14770588278770447,0.641459584236145,0.024608107283711433],[0.05470665171742439,0.2283574789762497,0.1689186543226242,0.5077914595603943,0.04022575169801712],[0.0040639061480760574,0.05307134613394737,0.5920320749282837,0.34809255599975586,0.002740029012784362],[0.010354822501540184,0.10821516811847687,0.23568300902843475,0.633036196231842,0.012710761278867722],[0.012068764306604862,0.1064949557185173,0.22160983085632324,0.6484438180923462,0.011382599361240864],[0.001541254809126258,0.047997813671827316,0.18905062973499298,0.7602285146713257,0.0011817340273410082]],"label":[0,0,0,1,0]}