{"input":[[0.052462320774793625,0.42915263772010803,0.0771111398935318,0.07892636209726334,0.3623476028442383],[0.12586335837841034,0.3116610646247864,0.18675220012664795,0.08583264797925949,0.28989076614379883],[0.11176755279302597,0.40154871344566345,0.14436134696006775,0.18791861832141876,0.15440374612808228],[0.06778361648321152,0.28982993960380554,0.24488328397274017,0.178525909781456,0.21897725760936737],[0.030713826417922974,0.3107399046421051,0.2993033528327942,0.23645959794521332,0.12278332561254501]],"label":[0,0,1,0,0]}