{"input":[[0.21924227476119995,0.02727535367012024,0.0020515257492661476,0.0076782661490142345,0.7437525391578674],[0.24147877097129822,0.004494292661547661,0.00048679052270017564,0.0012838132679462433,0.7522563338279724],[0.08484917134046555,0.006987930275499821,0.0004307307244744152,0.0010831564432010055,0.9066490530967712],[0.10418559610843658,0.0089383190497756,0.00044024991802871227,0.0016800675075501204,0.8847557306289673],[0.21013788878917694,0.01139131560921669,0.000711122527718544,0.0013468018732964993,0.7764129042625427]],"label":[0,0,0,0,1]}