{"input":[[0.2789834439754486,0.03779631853103638,0.0015742819523438811,0.0019246665760874748,0.6797212362289429],[0.25661152601242065,0.01610192097723484,0.0013531894655898213,0.0009649256244301796,0.724968433380127],[0.8756116032600403,0.017152538523077965,0.0011919195530936122,0.001644318806938827,0.1043996661901474],[0.697504997253418,0.02862599678337574,0.002129385946318507,0.005328597500920296,0.26641106605529785],[0.7525782585144043,0.01082386914640665,0.00037145393434911966,0.0004410439287312329,0.23578549921512604]],"label":[1,0,0,0,0]}