{"input":[[0.10390126705169678,0.39476537704467773,0.05681706592440605,0.2975849509239197,0.14693132042884827],[0.11089099198579788,0.26137369871139526,0.047563835978507996,0.5136759877204895,0.06649544090032578],[0.1887768656015396,0.19999349117279053,0.06300056725740433,0.43466246128082275,0.11356665194034576],[0.20552179217338562,0.17211583256721497,0.0643652155995369,0.48246175050735474,0.0755353793501854],[0.12216121703386307,0.2515999376773834,0.054893653839826584,0.517246425151825,0.054098762571811676]],"label":[0,1,0,0,0]}