{"input":"1911.jpg","scores":[[0.13027025759220123,0.39980921149253845,0.06744411587715149,0.10722832381725311,0.2952480912208557],[0.0726257860660553,0.7548431158065796,0.024991746991872787,0.04664195701479912,0.1008973941206932],[0.10183145105838776,0.5721238255500793,0.04324813559651375,0.023208344355225563,0.2595881521701813],[0.036996349692344666,0.2666254937648773,0.02210734598338604,0.005959626752883196,0.6683111786842346],[0.2668995261192322,0.38943907618522644,0.08763637393712997,0.044426627457141876,0.21159836649894714],[0.09808840602636337,0.43633216619491577,0.04612249508500099,0.020963706076145172,0.3984931707382202]],"label":[0,1,0,0,0]}