{"input":[[0.253947377204895,0.20792780816555023,0.023430055007338524,0.03164566308259964,0.4830491244792938],[0.12448505312204361,0.23431137204170227,0.02065056748688221,0.0332627072930336,0.5872902870178223],[0.08485747873783112,0.1584165394306183,0.00555194029584527,0.008037524297833443,0.7431365251541138],[0.190571129322052,0.339680939912796,0.03140866011381149,0.055611707270145416,0.38272759318351746],[0.2010200470685959,0.26361438632011414,0.013755230233073235,0.03986743092536926,0.48174288868904114]],"label":[0,0,0,0,1]}