{"input":[[0.004840116016566753,0.030999571084976196,0.26643407344818115,0.6836100816726685,0.014116174541413784],[0.004406716208904982,0.017495622858405113,0.121893510222435,0.8447237610816956,0.011480355635285378],[0.01427587028592825,0.0741327628493309,0.4084763526916504,0.47739192843437195,0.025722969323396683],[0.004440646152943373,0.028363456949591637,0.44004544615745544,0.5216093063354492,0.0055411020293831825],[0.0020542368292808533,0.015553365461528301,0.32574427127838135,0.6545121073722839,0.002136009279638529]],"label":[0,0,1,0,0]}