{"input":[[0.17725233733654022,0.10202720016241074,0.03996013477444649,0.12616945803165436,0.5545909404754639],[0.07970438152551651,0.04882201924920082,0.016973350197076797,0.04167720302939415,0.8128229975700378],[0.3655320703983307,0.12482646107673645,0.0386710949242115,0.12714621424674988,0.343824177980423],[0.34045901894569397,0.06313034147024155,0.006616176571696997,0.031192634254693985,0.5586017966270447],[0.06086019054055214,0.03157135099172592,0.014654715545475483,0.07487812638282776,0.8180356621742249]],"label":[0,0,0,0,1]}