{"input":"19296.jpg","scores":[[0.158898264169693,0.3563586473464966,0.18846146762371063,0.24707840383052826,0.04920317232608795],[0.24719774723052979,0.46851277351379395,0.045237015932798386,0.14143940806388855,0.09761306643486023],[0.16300775110721588,0.4688446521759033,0.11318445950746536,0.1863843947649002,0.06857878714799881],[0.10214032977819443,0.3064972162246704,0.19788751006126404,0.3716970682144165,0.021777890622615814],[0.4701281785964966,0.33078110218048096,0.07808142900466919,0.04681547358632088,0.07419382035732269],[0.33019596338272095,0.379188597202301,0.10106939822435379,0.15561829507350922,0.03392767533659935]],"label":[0,1,0,0,0]}