{"input":[[0.10376846045255661,0.18428069353103638,0.055298928171396255,0.037740372121334076,0.6189115047454834],[0.06038319692015648,0.2371455878019333,0.11568500101566315,0.09926754236221313,0.4875186085700989],[0.12728190422058105,0.3491915762424469,0.20964527130126953,0.11603129655122757,0.19785001873970032],[0.0721634030342102,0.34962981939315796,0.09091392159461975,0.05575046315789223,0.43154236674308777],[0.08733707666397095,0.35614949464797974,0.1873627007007599,0.05873732641339302,0.3104133605957031]],"label":[0,0,1,0,0]}