{"input":"19385.jpg","scores":[[0.07789137214422226,0.2782222628593445,0.11163965612649918,0.489902526140213,0.04234423115849495],[0.4347096383571625,0.09675729274749756,0.0055177402682602406,0.017749018967151642,0.4452663064002991],[0.2571418583393097,0.177153080701828,0.030395349487662315,0.17174215614795685,0.363567590713501],[0.5634744167327881,0.13526445627212524,0.02192140743136406,0.08412878960371017,0.1952109932899475],[0.6054852604866028,0.15452277660369873,0.017979567870497704,0.057879555970430374,0.16413289308547974],[0.6430146098136902,0.10875417292118073,0.0021529572550207376,0.008859771303832531,0.2372184544801712]],"label":[1,0,0,0,0]}