{"input":[[0.01780698075890541,0.17845265567302704,0.12556946277618408,0.3755197823047638,0.30265113711357117],[0.009694784879684448,0.10762380063533783,0.24082882702350616,0.4535139799118042,0.18833866715431213],[0.06962846964597702,0.14911213517189026,0.1453762799501419,0.3188956379890442,0.3169874846935272],[0.024461185559630394,0.07556647807359695,0.18240949511528015,0.3446883261203766,0.37287455797195435],[0.003759467275813222,0.04635927081108093,0.2961311340332031,0.5916582345962524,0.0620918795466423]],"label":[0,0,1,0,0]}