{"input":[[0.01439554151147604,0.08924464881420135,0.43274930119514465,0.42031800746917725,0.04329253360629082],[0.00979750044643879,0.12052740901708603,0.45320114493370056,0.4052407145500183,0.011233211494982243],[0.03206118941307068,0.11568669974803925,0.21565888822078705,0.6062809228897095,0.03031226620078087],[0.024502573534846306,0.16186435520648956,0.38360336422920227,0.410226047039032,0.019803697243332863],[0.008122416213154793,0.09120580554008484,0.22216270864009857,0.6742600798606873,0.004249042831361294]],"label":[0,0,1,0,0]}