{"input":[[0.2712157070636749,0.45581549406051636,0.020253760740160942,0.03022860363125801,0.22248637676239014],[0.17349176108837128,0.39918798208236694,0.010932507924735546,0.008797578513622284,0.4075900614261627],[0.25224924087524414,0.46684807538986206,0.017472509294748306,0.017050879076123238,0.24637924134731293],[0.1348394900560379,0.5524927973747253,0.012756247073411942,0.014077034778892994,0.2858344316482544],[0.4509708881378174,0.34101417660713196,0.001986793242394924,0.0021502217277884483,0.20387792587280273]],"label":[0,1,0,0,0]}