{"input":[[0.014249114319682121,0.12081664055585861,0.3747590184211731,0.45435935258865356,0.03581581264734268],[0.062414757907390594,0.46035048365592957,0.08610504120588303,0.18212905526161194,0.2090005725622177],[0.00431364169344306,0.07251992076635361,0.3859242796897888,0.5206149220466614,0.016627265140414238],[0.008296385407447815,0.1445019245147705,0.24082694947719574,0.5659192204475403,0.040455568581819534],[0.005683563183993101,0.07921265810728073,0.25792887806892395,0.6064130067825317,0.05076196417212486]],"label":[0,0,1,0,0]}