{"input":[[0.008607009425759315,0.03987676650285721,0.28683075308799744,0.6431562900543213,0.0215291827917099],[0.001324235461652279,0.011446037329733372,0.3353208601474762,0.6447057127952576,0.007203235290944576],[0.0010007938835769892,0.013253791257739067,0.43710920214653015,0.545806884765625,0.0028293600771576166],[0.0019937322940677404,0.01224482525140047,0.6032528281211853,0.37438714504241943,0.008121456019580364],[0.00041644112206995487,0.005532451439648867,0.3458997905254364,0.6458568572998047,0.0022944400552660227]],"label":[0,0,1,0,0]}