{"input":[[0.005839806981384754,0.040689438581466675,0.7365646958351135,0.19402967393398285,0.022876368835568428],[0.009569662623107433,0.043148722499608994,0.7440369129180908,0.18615633249282837,0.017088299617171288],[0.0036173276603221893,0.053933534771203995,0.8144749999046326,0.11607252806425095,0.01190157514065504],[0.0009690735023468733,0.03577306121587753,0.7997846603393555,0.1545865535736084,0.008886652067303658],[0.00073424750007689,0.021202130243182182,0.9006246328353882,0.0765792652964592,0.0008597840205766261]],"label":[0,0,1,0,0]}