{"input":[[0.16461226344108582,0.6385453343391418,0.013756168074905872,0.08040744811296463,0.10267874598503113],[0.1049293801188469,0.31253111362457275,0.008157738484442234,0.02310590073466301,0.5512758493423462],[0.15467901527881622,0.47725337743759155,0.004768743645399809,0.012580317445099354,0.35071855783462524],[0.18650074303150177,0.5425812005996704,0.00341077265329659,0.012059888802468777,0.2554473280906677],[0.26274222135543823,0.5373778343200684,0.002117787953466177,0.01234917901456356,0.18541298806667328]],"label":[0,1,0,0,0]}