{"input":[[0.003037530230358243,0.037053920328617096,0.3869810700416565,0.5676872730255127,0.005240214057266712],[0.008349865674972534,0.10191620141267776,0.520896315574646,0.3301076591014862,0.038729943335056305],[0.007207725662738085,0.08244428783655167,0.18785490095615387,0.7124256491661072,0.010067532770335674],[0.0014824580866843462,0.033348653465509415,0.24624910950660706,0.7154203653335571,0.0034993954468518496],[0.001017397502437234,0.03296395391225815,0.1498696655035019,0.8149848580360413,0.001164072658866644]],"label":[0,0,0,1,0]}