{"input":[[0.1133430004119873,0.37525784969329834,0.05860467627644539,0.428824782371521,0.023969588801264763],[0.03994663432240486,0.12565886974334717,0.15367022156715393,0.6265861392021179,0.05413816496729851],[0.023139094933867455,0.14368464052677155,0.11164648085832596,0.6783197522163391,0.043210048228502274],[0.1321481466293335,0.19468702375888824,0.09217150509357452,0.4920271933078766,0.08896609395742416],[0.046746112406253815,0.14509567618370056,0.06223273277282715,0.7275351881980896,0.018390286713838577]],"label":[0,0,0,1,0]}