{"input":[[0.06705567240715027,0.48392927646636963,0.17310959100723267,0.17277741432189941,0.10312803834676743],[0.07298849523067474,0.7396827936172485,0.04205268621444702,0.10520879179239273,0.04006721451878548],[0.12825162708759308,0.41913288831710815,0.10403335094451904,0.14448808133602142,0.20409397780895233],[0.08653131872415543,0.45007792115211487,0.1606273502111435,0.190922349691391,0.11184114217758179],[0.07801831513643265,0.6962165832519531,0.08439456671476364,0.06271293014287949,0.07865756750106812]],"label":[0,0,1,0,0]}