{"input":[[0.2608846426010132,0.28000950813293457,0.009671016596257687,0.016824858263134956,0.4326099455356598],[0.27312949299812317,0.1189195066690445,0.00889627356082201,0.02695683017373085,0.5720979571342468],[0.3551051914691925,0.22722755372524261,0.023960549384355545,0.04749000817537308,0.34621667861938477],[0.26323971152305603,0.23810124397277832,0.020363803952932358,0.033881768584251404,0.4444134533405304],[0.3804563879966736,0.15613380074501038,0.0026532893534749746,0.006239468697458506,0.454517126083374]],"label":[0,0,1,0,0]}