{"input":[[0.07207974791526794,0.1031913235783577,0.1275043785572052,0.364244282245636,0.33298027515411377],[0.041389402002096176,0.10945195704698563,0.11942654103040695,0.24861358106136322,0.48111850023269653],[0.025080570951104164,0.10645706951618195,0.2664515972137451,0.5691129565238953,0.03289772942662239],[0.011094417423009872,0.09208925813436508,0.2296084761619568,0.606997013092041,0.060210805386304855],[0.023231377825140953,0.0956617146730423,0.3259753882884979,0.471207857131958,0.08392364531755447]],"label":[0,0,0,1,0]}