{"input":[[0.03242362290620804,0.12461882084608078,0.11377144604921341,0.6689832210540771,0.060202889144420624],[0.051751893013715744,0.25103142857551575,0.0796525776386261,0.5663148760795593,0.0512491837143898],[0.15762244164943695,0.25777775049209595,0.08633093535900116,0.3802567422389984,0.11801213771104813],[0.029425056651234627,0.10090124607086182,0.12003690749406815,0.7070116996765137,0.04262509569525719],[0.009527287445962429,0.05179993063211441,0.07646757364273071,0.8566655516624451,0.00553967384621501]],"label":[0,0,0,1,0]}