{"input":[[0.03140740096569061,0.30679312348365784,0.3304292559623718,0.29253944754600525,0.03883082792162895],[0.006569641642272472,0.09875766932964325,0.2642231583595276,0.6086773872375488,0.021772149950265884],[0.027207937091588974,0.3489367365837097,0.1937570720911026,0.3622739613056183,0.06782429665327072],[0.0653146356344223,0.36555227637290955,0.24966582655906677,0.21548354625701904,0.10398371517658234],[0.022325696423649788,0.3403649628162384,0.09506575018167496,0.5121487975120544,0.030094798654317856]],"label":[0,0,1,0,0]}