{"input":"19821.jpg","scores":[[0.06495124101638794,0.2532937526702881,0.0472370982170105,0.15497471392154694,0.4795432686805725],[0.061107996851205826,0.25182104110717773,0.02343592792749405,0.08505982160568237,0.5785751938819885],[0.07434835284948349,0.2169259786605835,0.02287461794912815,0.06397702544927597,0.6218740344047546],[0.0670064315199852,0.2601126730442047,0.02781173214316368,0.061288535594940186,0.5837806463241577],[0.08838993310928345,0.3100002110004425,0.03362732008099556,0.04792282357811928,0.5200597047805786],[0.06138947606086731,0.28485336899757385,0.02457701787352562,0.043172672390937805,0.5860074162483215]],"label":[0,1,0,0,0]}