{"input":[[0.04407704994082451,0.3133907616138458,0.2558451294898987,0.33034342527389526,0.05634365603327751],[0.07922522723674774,0.3717387318611145,0.18416891992092133,0.29642993211746216,0.0684371292591095],[0.044133495539426804,0.27643460035324097,0.14623038470745087,0.4657018482685089,0.06749970465898514],[0.09817865490913391,0.2959677278995514,0.11427825689315796,0.28499993681907654,0.2065754532814026],[0.014353225007653236,0.2751586139202118,0.16665130853652954,0.5168560743331909,0.026980821043252945]],"label":[0,0,1,0,0]}