{"input":[[0.08404192328453064,0.3134046792984009,0.25355473160743713,0.06831306219100952,0.28068554401397705],[0.0632443055510521,0.28468963503837585,0.3080776631832123,0.2836573123931885,0.060331061482429504],[0.057167112827301025,0.14577461779117584,0.18155094981193542,0.03594793379306793,0.5795594453811646],[0.02646643854677677,0.07419805228710175,0.05336838588118553,0.015804164111614227,0.8301629424095154],[0.032786253839731216,0.18885432183742523,0.463064044713974,0.07608304172754288,0.23921231925487518]],"label":[0,0,1,0,0]}