{"input":"19861.jpg","scores":[[0.08427823334932327,0.13204054534435272,0.21343111991882324,0.46950823068618774,0.10074182599782944],[0.03952530398964882,0.21605448424816132,0.17167448997497559,0.5102822780609131,0.06246344372630119],[0.04001504182815552,0.2714121639728546,0.15240301191806793,0.48156383633613586,0.054605890065431595],[0.01975676603615284,0.18035976588726044,0.13880130648612976,0.6407834887504578,0.02029869705438614],[0.01633973978459835,0.1925601214170456,0.18955937027931213,0.562782347202301,0.03875840827822685],[0.0031772830989211798,0.0468885600566864,0.47586721181869507,0.4654678702354431,0.008598982356488705]],"label":[0,0,0,1,0]}