{"input":"19894.jpg","scores":[[0.04017706960439682,0.15083101391792297,0.18594308197498322,0.5406361818313599,0.08241264522075653],[0.03453364968299866,0.2065575271844864,0.2454703450202942,0.4589453637599945,0.05449312925338745],[0.012395293451845646,0.12633317708969116,0.22360281646251678,0.62434983253479,0.01331893540918827],[0.036214083433151245,0.0812133178114891,0.18160901963710785,0.49094313383102417,0.21002042293548584],[0.06871496140956879,0.2745826244354248,0.09899702668190002,0.2458001673221588,0.31190523505210876],[0.05947499722242355,0.18973350524902344,0.24407702684402466,0.3516043722629547,0.1551102101802826]],"label":[0,0,0,1,0]}