{"input":[[0.11776302754878998,0.5924011468887329,0.11413955688476562,0.1245805025100708,0.05111568793654442],[0.08555258810520172,0.42279452085494995,0.18152333796024323,0.2394576519727707,0.07067184895277023],[0.02823840081691742,0.33084747195243835,0.33878520131111145,0.28538501262664795,0.016743946820497513],[0.06066910922527313,0.4394789934158325,0.2302418202161789,0.22677183151245117,0.04283823445439339],[0.0391179695725441,0.6263964176177979,0.14253893494606018,0.17745275795459747,0.014493991620838642]],"label":[0,0,1,0,0]}