{"input":[[0.03449338674545288,0.2425900399684906,0.08640136569738388,0.5442413687705994,0.09227384626865387],[0.03881921246647835,0.21705380082130432,0.18412861227989197,0.4880274832248688,0.0719708576798439],[0.3911662995815277,0.2779794931411743,0.026806361973285675,0.10443287342786789,0.19961488246917725],[0.2001902014017105,0.2223578244447708,0.08423756808042526,0.3020358383655548,0.1911785751581192],[0.22298456728458405,0.26635289192199707,0.0571882501244545,0.35314109921455383,0.10033318400382996]],"label":[0,0,1,0,0]}