{"input":[[0.15618793666362762,0.13754262030124664,0.019915511831641197,0.0163765586912632,0.6699773073196411],[0.09418341517448425,0.3098231852054596,0.02913123182952404,0.02675112895667553,0.5401110053062439],[0.055597417056560516,0.1483430713415146,0.048172805458307266,0.023114370182156563,0.7247723340988159],[0.05430695042014122,0.22559134662151337,0.02905016578733921,0.017734047025442123,0.6733174920082092],[0.1449020951986313,0.2410593032836914,0.03536155819892883,0.026712531223893166,0.5519644618034363]],"label":[0,0,0,0,1]}