{"input":"19932.jpg","scores":[[0.014060886576771736,0.05436545982956886,0.23632872104644775,0.6748594641685486,0.020385462790727615],[0.013087964616715908,0.08202280104160309,0.18926717340946198,0.6512293815612793,0.06439264118671417],[0.016482040286064148,0.06861472874879837,0.22721229493618011,0.6062679886817932,0.08142300695180893],[0.0027544847689568996,0.026610031723976135,0.1397397369146347,0.8202851414680481,0.01061058696359396],[0.0039042439311742783,0.03670915588736534,0.147620290517807,0.8003131747245789,0.011453159153461456],[0.0001078301647794433,0.0020011854358017445,0.05992363393306732,0.9375249743461609,0.0004423364298418164]],"label":[0,0,0,1,0]}