{"input":"19943.jpg","scores":[[0.018098408356308937,0.08941245824098587,0.2019910216331482,0.6645727753639221,0.025925226509571075],[0.019980963319540024,0.17965520918369293,0.12041692435741425,0.6130200028419495,0.066926971077919],[0.027859842404723167,0.08623050898313522,0.11764692515134811,0.6505786180496216,0.11768410354852676],[0.022416694089770317,0.2208264023065567,0.19987012445926666,0.4913032054901123,0.06558363139629364],[0.01885271817445755,0.1461239904165268,0.13314713537693024,0.652377188205719,0.04949893802404404],[0.0020825061947107315,0.020805196836590767,0.10283481329679489,0.8693883419036865,0.004889157600700855]],"label":[0,0,0,1,0]}