{"input":"19950.jpg","scores":[[0.07468193024396896,0.11657597869634628,0.09085068851709366,0.30857688188552856,0.40931451320648193],[0.03108745440840721,0.06417202949523926,0.031949251890182495,0.13137094676494598,0.7414202094078064],[0.0391712561249733,0.032892461866140366,0.015550490468740463,0.18474169075489044,0.7276440858840942],[0.02301260270178318,0.09917023032903671,0.22293472290039062,0.4155009388923645,0.23938147723674774],[0.023305537179112434,0.11976296454668045,0.15899667143821716,0.46899479627609253,0.22894003987312317],[0.008535360917448997,0.04452937841415405,0.15912790596485138,0.6151323318481445,0.1726750284433365]],"label":[0,0,1,0,0]}