{"input":"19954.jpg","scores":[[0.12958884239196777,0.4355250597000122,0.14768916368484497,0.20997774600982666,0.07721918821334839],[0.12367011606693268,0.49228769540786743,0.10558164119720459,0.06525970250368118,0.21320079267024994],[0.09993524104356766,0.3324674963951111,0.19094714522361755,0.2714989483356476,0.10515119880437851],[0.24538084864616394,0.37725329399108887,0.10016066581010818,0.1846459060907364,0.0925593227148056],[0.09130435436964035,0.34135010838508606,0.14108429849147797,0.33875972032546997,0.08750149607658386],[0.11069878935813904,0.34394603967666626,0.24001246690750122,0.23829995095729828,0.06704269349575043]],"label":[0,0,1,0,0]}