{"input":[[0.006944266613572836,0.05364030972123146,0.7067959308624268,0.2225014865398407,0.010118075646460056],[0.008785729296505451,0.031958647072315216,0.5849248766899109,0.36316007375717163,0.011170642450451851],[0.006822129711508751,0.07642331719398499,0.6733068823814392,0.23291096091270447,0.010536746121942997],[0.0060449992306530476,0.08872565627098083,0.5182919502258301,0.3806164264678955,0.006320946849882603],[0.0075034829787909985,0.06652391701936722,0.7157361507415771,0.20463919639587402,0.00559720816090703]],"label":[0,0,1,0,0]}