{"input":[[0.14450231194496155,0.23823070526123047,0.10075359791517258,0.3223908543586731,0.19412250816822052],[0.3143019676208496,0.23745691776275635,0.12151861935853958,0.17226359248161316,0.15445895493030548],[0.3527041971683502,0.12772628664970398,0.08265554904937744,0.16762810945510864,0.2692859172821045],[0.31593698263168335,0.11540849506855011,0.14020106196403503,0.18012197315692902,0.24833156168460846],[0.3208243250846863,0.14011108875274658,0.15565387904644012,0.2858567535877228,0.09755393862724304]],"label":[0,0,0,0,1]}