{"input":[[0.10202056169509888,0.3500526249408722,0.11661363393068314,0.27104437351226807,0.16026882827281952],[0.1004287526011467,0.5614754557609558,0.1145629957318306,0.1494220793247223,0.07411069422960281],[0.06227419152855873,0.49794939160346985,0.18726418912410736,0.21261467039585114,0.039897557348012924],[0.05494296923279762,0.6748018860816956,0.11047123372554779,0.13221435248851776,0.02756957709789276],[0.011922440491616726,0.600890040397644,0.09877227991819382,0.28058695793151855,0.007828298024833202]],"label":[0,1,0,0,0]}