{"input":"102440.jpg","scores":[[[0.45782554149627686,-0.36586377024650574,0.1966153383255005,0.3411187529563904,0.3703041672706604]],[[0.6182450652122498,-0.6613126993179321,0.20345620810985565,0.33632904291152954,0.5032824873924255]],[[0.47596991062164307,-0.3192533552646637,0.17694953083992004,0.32975634932518005,0.33657756447792053]],[[0.46802031993865967,-0.365937203168869,0.18471039831638336,0.34544631838798523,0.36776015162467957]]],"label":[0,1,0,0,0]}