{"input":"102786.jpg","scores":[[[0.5005514025688171,-0.5132840871810913,0.20877322554588318,0.35298195481300354,0.45097747445106506]],[[0.052450064569711685,0.37731415033340454,0.26431798934936523,0.12131738662719727,0.18460038304328918]],[[0.05377741530537605,0.379706472158432,0.25718069076538086,0.13506679236888885,0.17426855862140656]],[[0.42821958661079407,-0.7258915901184082,0.16910630464553833,0.5379316806793213,0.5906339883804321]]],"label":[0,1,0,0,0]}