{"input":"10781.jpg","scores":[[[0.08739252388477325,0.35801154375076294,0.2639654576778412,0.09147559106349945,0.19915491342544556]],[[-0.1642187237739563,0.16882319748401642,0.9880114197731018,-1.19558846950531,1.2029725313186646]],[[0.5696747899055481,-0.6226441860198975,0.20930905640125275,0.34031373262405396,0.5033466219902039]],[[0.07176612317562103,0.3535517454147339,0.29371926188468933,0.0430392250418663,0.23792369663715363]]],"label":[1,0,0,0,0]}