{"input":"14502.jpg","scores":[[[-0.16451415419578552,0.17316287755966187,0.9874188303947449,-1.1959130764007568,1.199845552444458]],[[-0.0112885981798172,0.25110703706741333,0.6289601922035217,-0.5839077234268188,0.7151290774345398]],[[0.06413436681032181,0.3711199164390564,0.2636123597621918,0.11256548017263412,0.1885678768157959]],[[0.06842076778411865,0.3681151866912842,0.26504307985305786,0.10582077503204346,0.19260016083717346]]],"label":[1,0,0,0,0]}