{"input":"1589.jpg","scores":[[[0.5633164644241333,-0.544852614402771,0.21389132738113403,0.33274614810943604,0.43489861488342285]],[[0.5445626974105835,-0.47887471318244934,0.231366366147995,0.2973157465457916,0.4056299328804016]],[[0.7503419518470764,-0.8159048557281494,0.2138170450925827,0.2681380808353424,0.5836077928543091]],[[0.4524613916873932,-0.321552038192749,0.18948297202587128,0.3321065902709961,0.3475010395050049]]],"label":[0,0,0,0,1]}