{"input":"16229.jpg","scores":[[[0.00791296735405922,0.1798701286315918,0.2735913395881653,0.3657614588737488,0.17286404967308044]],[[0.07508296519517899,0.35728421807289124,0.28118327260017395,0.06628955155611038,0.22016002237796783]],[[0.5052623152732849,-0.4857933223247528,0.2080131620168686,0.3459480404853821,0.42656975984573364]],[[0.05906800925731659,0.2849652171134949,0.4649188816547394,-0.30326101183891296,0.4943089485168457]]],"label":[0,1,0,0,0]}