{"input":"19446.jpg","scores":[[[0.04858749732375145,0.3797057271003723,0.263752281665802,0.1258828341960907,0.18207162618637085]],[[0.033872466534376144,0.38863375782966614,0.2620227336883545,0.14238479733467102,0.17308615148067474]],[[0.05445980280637741,0.3775823712348938,0.2611733376979828,0.12612484395503998,0.18065965175628662]],[[0.04636159911751747,0.3839791715145111,0.2568662762641907,0.14221087098121643,0.17058204114437103]]],"label":[0,0,0,1,0]}