{"input":"20985.jpg","scores":[[[0.04753386974334717,0.3818987309932709,0.2601085305213928,0.13441374897956848,0.17604508996009827]],[[0.05497215688228607,0.3704761862754822,0.26932570338249207,0.11382924020290375,0.19139669835567474]],[[0.059779416769742966,0.3744330108165741,0.26156172156333923,0.1206660345196724,0.1835598349571228]],[[0.0720532089471817,0.3674938976764679,0.26180416345596313,0.10941782593727112,0.18923094868659973]]],"label":[0,0,0,0,1]}