{"input":"23678.jpg","scores":[[[0.028199106454849243,0.10236125439405441,0.2541465163230896,0.406803160905838,0.20848996937274933]],[[0.051120396703481674,0.37297263741493225,0.2758224606513977,0.09846223145723343,0.20162232220172882]],[[0.4526013731956482,-0.2825298607349396,0.1739773154258728,0.3360072374343872,0.31994396448135376]],[[0.4624904990196228,-0.35011979937553406,0.1853279024362564,0.34637343883514404,0.3559280037879944]]],"label":[0,1,0,0,0]}