{"input":"24374.jpg","scores":[[[0.05383608490228653,0.3780456781387329,0.26091480255126953,0.1272096484899521,0.17999382317066193]],[[0.0740223303437233,0.3659180700778961,0.26296040415763855,0.10526611655950546,0.19183313846588135]],[[0.44580915570259094,-0.28693705797195435,0.18280088901519775,0.33355873823165894,0.3247683346271515]],[[0.5231207013130188,-0.5010448694229126,0.20766963064670563,0.3314802646636963,0.43877434730529785]]],"label":[0,1,0,0,0]}