{"input":"24602.jpg","scores":[[[0.45546093583106995,-0.3497236669063568,0.18667100369930267,0.34538885951042175,0.36220288276672363]],[[0.0673658549785614,0.300664484500885,0.3737771809101105,-0.08821078389883041,0.3464033007621765]],[[0.4354914426803589,-0.32606327533721924,0.18873243033885956,0.3480207622051239,0.3538186252117157]],[[0.6159327626228333,-0.6950688362121582,0.21234066784381866,0.32275813817977905,0.5440373420715332]]],"label":[0,0,1,0,0]}