{"input":"26862.jpg","scores":[[[0.8602632880210876,-0.906161367893219,0.20538894832134247,0.2553384602069855,0.5851706266403198]],[[0.08585771918296814,0.3464348614215851,0.2921682894229889,0.03392478823661804,0.24161431193351746]],[[0.040556568652391434,0.39461594820022583,0.2398483008146286,0.18287339806556702,0.142105832695961]],[[0.10265050083398819,0.33244994282722473,0.2835350036621094,0.05078018084168434,0.23058436810970306]]],"label":[1,0,0,0,0]}