{"input":"28610.jpg","scores":[[[0.08099985867738724,0.34061306715011597,0.31136050820350647,-0.0018704903777688742,0.26889702677726746]],[[0.10325171798467636,0.3025931119918823,0.3565595746040344,-0.1110147014260292,0.3486103117465973]],[[0.5215244889259338,-0.3409633934497833,0.15148182213306427,0.32865220308303833,0.3393048942089081]],[[0.4630032479763031,-0.3025567829608917,0.17790138721466064,0.3325361907482147,0.3291158676147461]]],"label":[0,0,1,0,0]}