{"input":"29616.jpg","scores":[[[0.06954728066921234,0.3445950150489807,0.31605833768844604,-0.00150734419003129,0.27130672335624695]],[[0.06097564846277237,0.3720846176147461,0.26542964577674866,0.11153151839971542,0.18997855484485626]],[[0.052465490996837616,0.38111042976379395,0.2555888593196869,0.13955220580101013,0.17128302156925201]],[[0.40397390723228455,-0.24081729352474213,0.15899492800235748,0.3989662528038025,0.2788822650909424]]],"label":[0,0,0,1,0]}