{"input":"30868.jpg","scores":[[[0.10572855919599533,0.337105393409729,0.28823667764663696,0.02474461868405342,0.244184672832489]],[[0.0640038251876831,0.36954382061958313,0.2673790156841278,0.10480868816375732,0.19426465034484863]],[[0.06829138100147247,0.369943231344223,0.2610212564468384,0.11434029042720795,0.18640387058258057]],[[0.05594540014863014,0.3762880861759186,0.26224422454833984,0.12258616834878922,0.18293608725070953]]],"label":[0,1,0,0,0]}