{"input":"33699.jpg","scores":[[[0.05204686149954796,0.3753376007080078,0.2692887485027313,0.11129486560821533,0.19203190505504608]],[[0.605085015296936,-0.6995547413825989,0.20775093138217926,0.32922837138175964,0.5574904680252075]],[[0.475089967250824,-0.37128496170043945,0.18033085763454437,0.3466414213180542,0.3692227303981781]],[[0.4303191602230072,-0.33804482221603394,0.2230907678604126,0.3277035653591156,0.35693129897117615]]],"label":[0,0,1,0,0]}