{"input":"34660.jpg","scores":[[[0.09514419734477997,0.32570841908454895,0.3272763788700104,-0.04747800901532173,0.2993490397930145]],[[0.06911111623048782,0.36298343539237976,0.2757825553417206,0.08279655128717422,0.2093263566493988]],[[0.6585044860839844,-0.7103443741798401,0.20589293539524078,0.3161010146141052,0.5298458933830261]],[[1.7006992101669312,-2.4383394718170166,0.0026053462643176317,0.4566335380077362,1.278401494026184]]],"label":[0,0,0,1,0]}