{"input":"44041.jpg","scores":[[[0.045242439955472946,0.38290491700172424,0.2607306241989136,0.13511782884597778,0.176004096865654]],[[0.05354359745979309,0.37773141264915466,0.26198917627334595,0.12522375583648682,0.18151210248470306]],[[0.04746844619512558,0.3820349872112274,0.2598818838596344,0.13494443893432617,0.1756702959537506]],[[0.05507976561784744,0.37767574191093445,0.26018524169921875,0.12764425575733185,0.17941497266292572]]],"label":[0,0,0,1,0]}