{"input":"4832.jpg","scores":[[[-0.16440661251544952,0.17158323526382446,0.9876344799995422,-1.1957948207855225,1.2009836435317993]],[[-1.9729610681533813,4.17011022567749,1.0189788341522217,-0.7790215015411377,-1.4371066093444824]],[[0.42549875378608704,-0.255637526512146,0.19998222589492798,0.3229423463344574,0.30721423029899597]],[[0.06822159886360168,0.30375632643699646,0.3555382788181305,-0.04364814609289169,0.3161320388317108]]],"label":[0,0,0,1,0]}