{"input":"50567.jpg","scores":[[[0.4753127694129944,-0.39330458641052246,0.18791978061199188,0.3471328914165497,0.3829391896724701]],[[2.639418840408325,-4.52335262298584,-0.31610697507858276,0.8830951452255249,2.316945791244507]],[[0.5756645202636719,-0.6144312620162964,0.2123878002166748,0.3258117735385895,0.5005670785903931]],[[0.5550349950790405,-0.5915634632110596,0.2004968672990799,0.34935101866722107,0.4866805672645569]]],"label":[0,1,0,0,0]}