{"input":"50875.jpg","scores":[[[0.08489403873682022,0.35850271582603455,0.26604774594306946,0.08930539339780807,0.20125006139278412]],[[0.06561072170734406,0.3703464865684509,0.2635335326194763,0.1114315539598465,0.18907761573791504]],[[0.09684041142463684,0.3548416197299957,0.25926539301872253,0.09301339089870453,0.1960391104221344]],[[0.06736605614423752,0.3697980046272278,0.2625513970851898,0.11194831877946854,0.18833623826503754]]],"label":[0,0,1,0,0]}