{"input":"51486.jpg","scores":[[[0.16229721903800964,0.3333786725997925,0.22459416091442108,0.108271025121212,0.17145884037017822]],[[0.7104835510253906,-0.6255717277526855,0.11501568555831909,0.3256189227104187,0.4744535982608795]],[[0.43098896741867065,-0.29815199971199036,0.20084181427955627,0.33230650424957275,0.3340146839618683]],[[0.5444141626358032,-0.4297502636909485,0.17642174661159515,0.31700265407562256,0.39191168546676636]]],"label":[0,0,0,1,0]}