{"input":"53498.jpg","scores":[[[0.5055575966835022,-0.5476382970809937,0.18877753615379333,0.41057825088500977,0.44272488355636597]],[[0.45307180285453796,-0.38280993700027466,0.1918841302394867,0.3556976616382599,0.3821563422679901]],[[0.07605613768100739,0.36824992299079895,0.2549915313720703,0.12014942616224289,0.18055292963981628]],[[0.07823000848293304,0.3548843264579773,0.27425530552864075,0.08395077288150787,0.20867952704429626]]],"label":[1,0,0,0,0]}