{"input":"58847.jpg","scores":[[[0.6233293414115906,-0.41495320200920105,0.2867213189601898,0.14089801907539368,0.364004522562027]],[[0.5417422652244568,-0.405391663312912,0.25922971963882446,0.2316645234823227,0.37275516986846924]],[[0.43371376395225525,-0.2929344177246094,0.20757581293582916,0.32201623916625977,0.3296285569667816]],[[0.016806965693831444,0.3111737072467804,0.34263691306114197,0.07118344306945801,0.258199006319046]]],"label":[0,0,0,0,1]}