{"input":"68812.jpg","scores":[[[0.05968726426362991,0.3725700378417969,0.2658699154853821,0.1117573231458664,0.19011545181274414]],[[0.063597172498703,0.3700907826423645,0.26663848757743835,0.10671369731426239,0.19295988976955414]],[[0.0781896710395813,0.36685752868652344,0.2554726004600525,0.11727426201105118,0.1822059154510498]],[[0.08821655064821243,0.3435082733631134,0.2957662045955658,0.024360056966543198,0.24814897775650024]]],"label":[0,1,0,0,0]}