{"input":"70224.jpg","scores":[[[0.4744923412799835,-0.3384574055671692,0.2261001318693161,0.28989720344543457,0.3479677736759186]],[[0.44937020540237427,-0.3593598008155823,0.1977660059928894,0.344775527715683,0.367448091506958]],[[0.057884395122528076,0.3959943354129791,0.2142472267150879,0.22129015624523163,0.11058386415243149]],[[0.35463762283325195,-0.20772922039031982,0.2198505401611328,0.3494182825088501,0.28382283449172974]]],"label":[0,0,0,1,0]}