{"input":"70774.jpg","scores":[[[0.49667230248451233,-0.44377195835113525,0.22418935596942902,0.329924613237381,0.39298567175865173]],[[0.44649574160575867,-0.29346561431884766,0.17963702976703644,0.3373529613018036,0.3299798369407654]],[[0.4481920301914215,-0.282264769077301,0.17637814581394196,0.3354204595088959,0.32227417826652527]],[[0.45111292600631714,-0.28881415724754333,0.1754266917705536,0.3363630473613739,0.3259115219116211]]],"label":[0,1,0,0,0]}