{"input":"71667.jpg","scores":[[[0.03308373689651489,0.3901781141757965,0.25949767231941223,0.14835160970687866,0.1688888669013977]],[[0.053619157522916794,0.3545030355453491,0.3144161105155945,0.01571435108780861,0.2617473304271698]],[[0.0620616152882576,0.3760923147201538,0.25476425886154175,0.132894366979599,0.1741875410079956]],[[0.4830654561519623,-0.3480507433414459,0.179531067609787,0.3352771997451782,0.35017699003219604]]],"label":[0,0,1,0,0]}