{"input":"72817.jpg","scores":[[[0.4666499197483063,-0.3700368404388428,0.20557816326618195,0.32852473855018616,0.3692839741706848]],[[0.4960125982761383,-0.430743008852005,0.20237882435321808,0.3297554850578308,0.4025960862636566]],[[0.4432130455970764,-0.33116674423217773,0.20382677018642426,0.3335902988910675,0.35053661465644836]],[[0.44938990473747253,-0.31738871335983276,0.19423039257526398,0.3305884599685669,0.34317997097969055]]],"label":[0,0,1,0,0]}