{"input":"75510.jpg","scores":[[[1.0658596754074097,-1.2979092597961426,0.11827154457569122,0.40399619936943054,0.70978182554245]],[[0.06862801313400269,0.3672019839286804,0.26683953404426575,0.10189085453748703,0.19543962180614471]],[[0.054250944405794144,0.3783889412879944,0.2595902383327484,0.12961702048778534,0.1781528741121292]],[[0.04297735542058945,0.38767844438552856,0.25274962186813354,0.15376892685890198,0.16282573342323303]]],"label":[1,0,0,0,0]}