{"input":"78182.jpg","scores":[[[0.045715171843767166,0.3831242024898529,0.2596278786659241,0.13700856268405914,0.17452412843704224]],[[0.06562371551990509,0.36228811740875244,0.2816968262195587,0.07351221144199371,0.21687914431095123]],[[0.4313419461250305,-0.45839619636535645,0.07114770263433456,0.5863032937049866,0.36960330605506897]],[[0.0591488853096962,0.37152644991874695,0.2689781188964844,0.10572552680969238,0.19462108612060547]]],"label":[0,0,0,0,1]}