{"input":"79256.jpg","scores":[[[0.4996221959590912,-0.46210747957229614,0.20789295434951782,0.33619049191474915,0.4184018075466156]],[[0.528434157371521,-0.5263055562973022,0.2144286036491394,0.33458036184310913,0.4488624632358551]],[[0.481363981962204,-0.41266098618507385,0.2046770602464676,0.3342845141887665,0.3923354744911194]],[[0.45093390345573425,-0.2790767252445221,0.17432089149951935,0.3355133533477783,0.31830859184265137]]],"label":[1,0,0,0,0]}