{"input":"83922.jpg","scores":[[[0.4816361367702484,-0.4156325161457062,0.22946800291538239,0.30948755145072937,0.3950408697128296]],[[0.07189169526100159,0.35655421018600464,0.28654947876930237,0.05794225260615349,0.22706231474876404]],[[0.5331966280937195,-0.5273399949073792,0.21066464483737946,0.33428990840911865,0.4491887390613556]],[[0.5530896186828613,-0.5615218281745911,0.22194510698318481,0.31523486971855164,0.4712521433830261]]],"label":[0,0,1,0,0]}