{"input":"85864.jpg","scores":[[[0.07060801237821579,0.3679752051830292,0.2625507116317749,0.10912097990512848,0.18974509835243225]],[[0.07152226567268372,0.3716570734977722,0.25291454792022705,0.12846973538398743,0.17543642222881317]],[[0.4521097242832184,-0.34149008989334106,0.24447141587734222,0.2960178852081299,0.3488910496234894]],[[0.5426087379455566,-0.2987300753593445,0.19038136303424835,0.2614780366420746,0.30426186323165894]]],"label":[1,0,0,0,0]}