{"input":"85896.jpg","scores":[[[0.1016182154417038,0.33880001306533813,0.2895078659057617,0.025703011080622673,0.2443709373474121]],[[0.9346166849136353,-1.1207870244979858,0.1963735669851303,0.23970159888267517,0.7500951290130615]],[[0.43895024061203003,-0.34140053391456604,0.18615522980690002,0.3620024025440216,0.354292631149292]],[[0.45546215772628784,-0.29342514276504517,0.17788836359977722,0.3366742432117462,0.3234004080295563]]],"label":[1,0,0,0,0]}