{"input":"86120.jpg","scores":[[[0.06186036393046379,0.36824268102645874,0.2729755640029907,0.09501054883003235,0.2019108086824417]],[[0.05079124495387077,0.37944602966308594,0.26156380772590637,0.1285230666399002,0.17967580258846283]],[[0.464146226644516,-0.34062495827674866,0.1850670427083969,0.33724120259284973,0.35417047142982483]],[[0.616508424282074,-0.3378380835056305,0.09314138442277908,0.3126342296600342,0.31555405259132385]]],"label":[0,0,0,1,0]}