{"input":"8970.jpg","scores":[[[-1.4936155080795288,5.7211527824401855,1.772130012512207,-2.7072651386260986,-2.2924020290374756]],[[0.05387526750564575,0.37739574909210205,0.26234546303749084,0.12418658286333084,0.18219690024852753]],[[0.05525835603475571,0.37734371423721313,0.26070278882980347,0.12640929222106934,0.18028585612773895]],[[-0.16457900404930115,0.17411601543426514,0.9872886538505554,-1.1959842443466187,1.1991585493087769]]],"label":[1,0,0,0,0]}