{"input":"89704.jpg","scores":[[[0.07369795441627502,0.36187857389450073,0.2724735140800476,0.08569703251123428,0.2062530368566513]],[[0.04909256100654602,0.3801979422569275,0.2620130479335785,0.12906965613365173,0.17962682247161865]],[[0.7859590649604797,-1.1351853609085083,0.12520697712898254,0.4668704569339752,0.7571489214897156]],[[0.07649436593055725,0.36901238560676575,0.25277820229530334,0.12437349557876587,0.1773415356874466]]],"label":[0,1,0,0,0]}