{"input":"89901.jpg","scores":[[[0.4429352581501007,-0.3193287253379822,0.19361451268196106,0.33699968457221985,0.3457792401313782]],[[0.07859170436859131,0.35952576994895935,0.2716580927371979,0.08311113715171814,0.20711323618888855]],[[0.05813845247030258,0.3762061595916748,0.2595881223678589,0.12622825801372528,0.17983901500701904]],[[0.06794308125972748,0.36845844984054565,0.2647955119609833,0.1067705824971199,0.1920323222875595]]],"label":[0,0,1,0,0]}