{"input":"90093.jpg","scores":[[[0.05614197626709938,0.3752152621746063,0.2643756866455078,0.11797431111335754,0.18629279732704163]],[[0.04887615144252777,0.3768773376941681,0.269709974527359,0.1132085993885994,0.19132791459560394]],[[0.04516113921999931,0.3840557038784027,0.25821253657341003,0.1404493749141693,0.17212122678756714]],[[0.05706978216767311,0.37692445516586304,0.2593526840209961,0.1276460736989975,0.17900702357292175]]],"label":[0,0,0,1,0]}