{"input":"94593.jpg","scores":[[[0.06298613548278809,0.3646079897880554,0.2798135578632355,0.07974322885274887,0.21284909546375275]],[[0.047166090458631516,0.37947914004325867,0.26607373356819153,0.12227658182382584,0.18500438332557678]],[[0.04822375997900963,0.3818471133708954,0.2593706250190735,0.13534750044345856,0.17521093785762787]],[[0.05752561241388321,0.3763214349746704,0.2601718604564667,0.12553103268146515,0.18045005202293396]]],"label":[0,0,0,1,0]}