{"input":"96415.jpg","scores":[[[0.45881393551826477,-0.3938845098018646,0.22922341525554657,0.3295065760612488,0.3763405680656433]],[[0.027979837730526924,0.10628056526184082,0.2534233331680298,0.4069141447544098,0.20540206134319305]],[[0.049553338438272476,0.3816032409667969,0.25823989510536194,0.1365460753440857,0.17405739426612854]],[[0.07286739349365234,0.3653099536895752,0.26579681038856506,0.1003541573882103,0.1956717073917389]]],"label":[0,0,0,1,0]}