{"input":"99541.jpg","scores":[[[0.028800174593925476,0.09161712974309921,0.2561289370059967,0.40649887919425964,0.21695493161678314]],[[0.049928583204746246,0.37695208191871643,0.2683165669441223,0.11517567932605743,0.18962709605693817]],[[-0.047627873718738556,0.3857821524143219,0.32873615622520447,0.25226134061813354,0.0808483213186264]],[[0.05142917111515999,0.37978410720825195,0.25999966263771057,0.13122926652431488,0.17755776643753052]]],"label":[0,1,0,0,0]}